OFF
8322 16640 0
0.000000 0.000000 5.000000
0.000000 0.000000 -5.000000
5.500000 0.000000 -5.000000
5.379332 0.264270 -5.000000
5.036292 0.496031 -5.000000
4.524518 0.671149 -5.000000
3.923141 0.780361 -5.000000
3.323303 0.832444 -5.000000
2.812773 0.853245 -5.000000
2.461366 0.880691 -5.000000
2.309699 0.956709 -5.000000
2.363191 1.117706 -5.000000
2.592266 1.385595 -5.000000
2.938557 1.761303 -5.000000
3.325878 2.222281 -5.000000
3.673891 2.724744 -5.000000
3.911943 3.210449 -5.000000
3.990629 3.616895 -5.000000
3.889087 3.889087 -5.000000
3.616895 3.990629 -5.000000
3.210449 3.911943 -5.000000
2.724744 3.673891 -5.000000
2.222281 3.325878 -5.000000
1.761303 2.938557 -5.000000
1.385595 2.592266 -5.000000
1.117706 2.363191 -5.000000
0.956709 2.309699 -5.000000
0.880691 2.461366 -5.000000
0.853245 2.812773 -5.000000
0.832444 3.323303 -5.000000
0.780361 3.923141 -5.000000
0.671149 4.524518 -5.000000
0.496031 5.036292 -5.000000
0.264270 5.379332 -5.000000
0.000000 5.500000 -5.000000
-0.264270 5.379332 -5.000000
-0.496031 5.036292 -5.000000
-0.671149 4.524518 -5.000000
-0.780361 3.923141 -5.000000
-0.832444 3.323303 -5.000000
-0.853245 2.812773 -5.000000
-0.880691 2.461366 -5.000000
-0.956709 2.309699 -5.000000
-1.117706 2.363191 -5.000000
-1.385595 2.592266 -5.000000
-1.761303 2.938557 -5.000000
-2.222281 3.325878 -5.000000
-2.724744 3.673891 -5.000000
-3.210449 3.911943 -5.000000
-3.616895 3.990629 -5.000000
-3.889087 3.889087 -5.000000
-3.990629 3.616895 -5.000000
-3.911943 3.210449 -5.000000
-3.673891 2.724744 -5.000000
-3.325878 2.222281 -5.000000
-2.938557 1.761303 -5.000000
-2.592266 1.385595 -5.000000
-2.363191 1.117706 -5.000000
-2.309699 0.956709 -5.000000
-2.461366 0.880691 -5.000000
-2.812773 0.853245 -5.000000
-3.323303 0.832444 -5.000000
-3.923141 0.780361 -5.000000
-4.524518 0.671149 -5.000000
-5.036292 0.496031 -5.000000
-5.379332 0.264270 -5.000000
-5.500000 0.000000 -5.000000
-5.379332 -0.264270 -5.000000
-5.036292 -0.496031 -5.000000
-4.524518 -0.671149 -5.000000
-3.923141 -0.780361 -5.000000
-3.323303 -0.832444 -5.000000
-2.812773 -0.853245 -5.000000
-2.461366 -0.880691 -5.000000
-2.309699 -0.956709 -5.000000
-2.363191 -1.117706 -5.000000
-2.592266 -1.385595 -5.000000
-2.938557 -1.761303 -5.000000
-3.325878 -2.222281 -5.000000
-3.673891 -2.724744 -5.000000
-3.911943 -3.210449 -5.000000
-3.990629 -3.616895 -5.000000
-3.889087 -3.889087 -5.000000
-3.616895 -3.990629 -5.000000
-3.210449 -3.911943 -5.000000
-2.724744 -3.673891 -5.000000
-2.222281 -3.325878 -5.000000
-1.761303 -2.938557 -5.000000
-1.385595 -2.592266 -5.000000
-1.117706 -2.363191 -5.000000
-0.956709 -2.309699 -5.000000
-0.880691 -2.461366 -5.000000
-0.853245 -2.812773 -5.000000
-0.832444 -3.323303 -5.000000
-0.780361 -3.923141 -5.000000
-0.671149 -4.524518 -5.000000
-0.496031 -5.036292 -5.000000
-0.264270 -5.379332 -5.000000
-0.000000 -5.500000 -5.000000
0.264270 -5.379332 -5.000000
0.496031 -5.036292 -5.000000
0.671149 -4.524518 -5.000000
0.780361 -3.923141 -5.000000
0.832444 -3.323303 -5.000000
0.853245 -2.812773 -5.000000
0.880691 -2.461366 -5.000000
0.956709 -2.309699 -5.000000
1.117706 -2.363191 -5.000000
1.385595 -2.592266 -5.000000
1.761303 -2.938557 -5.000000
2.222281 -3.325878 -5.000000
2.724744 -3.673891 -5.000000
3.210449 -3.911943 -5.000000
3.616895 -3.990629 -5.000000
3.889087 -3.889087 -5.000000
3.990629 -3.616895 -5.000000
3.911943 -3.210449 -5.000000
3.673891 -2.724744 -5.000000
3.325878 -2.222281 -5.000000
2.938557 -1.761303 -5.000000
2.592266 -1.385595 -5.000000
2.363191 -1.117706 -5.000000
2.309699 -0.956709 -5.000000
2.461366 -0.880691 -5.000000
2.812773 -0.853245 -5.000000
3.323303 -0.832444 -5.000000
3.923141 -0.780361 -5.000000
4.524518 -0.671149 -5.000000
5.036292 -0.496031 -5.000000
5.379332 -0.264270 -5.000000
5.500000 0.000000 -4.843750
5.379332 0.264270 -4.843750
5.036292 0.496031 -4.843750
4.524518 0.671149 -4.843750
3.923141 0.780361 -4.843750
3.323303 0.832444 -4.843750
2.812773 0.853245 -4.843750
2.461366 0.880691 -4.843750
2.309699 0.956709 -4.843750
2.363191 1.117706 -4.843750
2.592266 1.385595 -4.843750
2.938557 1.761303 -4.843750
3.325878 2.222281 -4.843750
3.673891 2.724744 -4.843750
3.911943 3.210449 -4.843750
3.990629 3.616895 -4.843750
3.889087 3.889087 -4.843750
3.616895 3.990629 -4.843750
3.210449 3.911943 -4.843750
2.724744 3.673891 -4.843750
2.222281 3.325878 -4.843750
1.761303 2.938557 -4.843750
1.385595 2.592266 -4.843750
1.117706 2.363191 -4.843750
0.956709 2.309699 -4.843750
0.880691 2.461366 -4.843750
0.853245 2.812773 -4.843750
0.832444 3.323303 -4.843750
0.780361 3.923141 -4.843750
0.671149 4.524518 -4.843750
0.496031 5.036292 -4.843750
0.264270 5.379332 -4.843750
0.000000 5.500000 -4.843750
-0.264270 5.379332 -4.843750
-0.496031 5.036292 -4.843750
-0.671149 4.524518 -4.843750
-0.780361 3.923141 -4.843750
-0.832444 3.323303 -4.843750
-0.853245 2.812773 -4.843750
-0.880691 2.461366 -4.843750
-0.956709 2.309699 -4.843750
-1.117706 2.363191 -4.843750
-1.385595 2.592266 -4.843750
-1.761303 2.938557 -4.843750
-2.222281 3.325878 -4.843750
-2.724744 3.673891 -4.843750
-3.210449 3.911943 -4.843750
-3.616895 3.990629 -4.843750
-3.889087 3.889087 -4.843750
-3.990629 3.616895 -4.843750
-3.911943 3.210449 -4.843750
-3.673891 2.724744 -4.843750
-3.325878 2.222281 -4.843750
-2.938557 1.761303 -4.843750
-2.592266 1.385595 -4.843750
-2.363191 1.117706 -4.843750
-2.309699 0.956709 -4.843750
-2.461366 0.880691 -4.843750
-2.812773 0.853245 -4.843750
-3.323303 0.832444 -4.843750
-3.923141 0.780361 -4.843750
-4.524518 0.671149 -4.843750
-5.036292 0.496031 -4.843750
-5.379332 0.264270 -4.843750
-5.500000 0.000000 -4.843750
-5.379332 -0.264270 -4.843750
-5.036292 -0.496031 -4.843750
-4.524518 -0.671149 -4.843750
-3.923141 -0.780361 -4.843750
-3.323303 -0.832444 -4.843750
-2.812773 -0.853245 -4.843750
-2.461366 -0.880691 -4.843750
-2.309699 -0.956709 -4.843750
-2.363191 -1.117706 -4.843750
-2.592266 -1.385595 -4.843750
-2.938557 -1.761303 -4.843750
-3.325878 -2.222281 -4.843750
-3.673891 -2.724744 -4.843750
-3.911943 -3.210449 -4.843750
-3.990629 -3.616895 -4.843750
-3.889087 -3.889087 -4.843750
-3.616895 -3.990629 -4.843750
-3.210449 -3.911943 -4.843750
-2.724744 -3.673891 -4.843750
-2.222281 -3.325878 -4.843750
-1.761303 -2.938557 -4.843750
-1.385595 -2.592266 -4.843750
-1.117706 -2.363191 -4.843750
-0.956709 -2.309699 -4.843750
-0.880691 -2.461366 -4.843750
-0.853245 -2.812773 -4.843750
-0.832444 -3.323303 -4.843750
-0.780361 -3.923141 -4.843750
-0.671149 -4.524518 -4.843750
-0.496031 -5.036292 -4.843750
-0.264270 -5.379332 -4.843750
-0.000000 -5.500000 -4.843750
0.264270 -5.379332 -4.843750
0.496031 -5.036292 -4.843750
0.671149 -4.524518 -4.843750
0.780361 -3.923141 -4.843750
0.832444 -3.323303 -4.843750
0.853245 -2.812773 -4.843750
0.880691 -2.461366 -4.843750
0.956709 -2.309699 -4.843750
1.117706 -2.363191 -4.843750
1.385595 -2.592266 -4.843750
1.761303 -2.938557 -4.843750
2.222281 -3.325878 -4.843750
2.724744 -3.673891 -4.843750
3.210449 -3.911943 -4.843750
3.616895 -3.990629 -4.843750
3.889087 -3.889087 -4.843750
3.990629 -3.616895 -4.843750
3.911943 -3.210449 -4.843750
3.673891 -2.724744 -4.843750
3.325878 -2.222281 -4.843750
2.938557 -1.761303 -4.843750
2.592266 -1.385595 -4.843750
2.363191 -1.117706 -4.843750
2.309699 -0.956709 -4.843750
2.461366 -0.880691 -4.843750
2.812773 -0.853245 -4.843750
3.323303 -0.832444 -4.843750
3.923141 -0.780361 -4.843750
4.524518 -0.671149 -4.843750
5.036292 -0.496031 -4.843750
5.379332 -0.264270 -4.843750
5.500000 0.000000 -4.687500
5.379332 0.264270 -4.687500
5.036292 0.496031 -4.687500
4.524518 0.671149 -4.687500
3.923141 0.780361 -4.687500
3.323303 0.832444 -4.687500
2.812773 0.853245 -4.687500
2.461366 0.880691 -4.687500
2.309699 0.956709 -4.687500
2.363191 1.117706 -4.687500
2.592266 1.385595 -4.687500
2.938557 1.761303 -4.687500
3.325878 2.222281 -4.687500
3.673891 2.724744 -4.687500
3.911943 3.210449 -4.687500
3.990629 3.616895 -4.687500
3.889087 3.889087 -4.687500
3.616895 3.990629 -4.687500
3.210449 3.911943 -4.687500
2.724744 3.673891 -4.687500
2.222281 3.325878 -4.687500
1.761303 2.938557 -4.687500
1.385595 2.592266 -4.687500
1.117706 2.363191 -4.687500
0.956709 2.309699 -4.687500
0.880691 2.461366 -4.687500
0.853245 2.812773 -4.687500
0.832444 3.323303 -4.687500
0.780361 3.923141 -4.687500
0.671149 4.524518 -4.687500
0.496031 5.036292 -4.687500
0.264270 5.379332 -4.687500
0.000000 5.500000 -4.687500
-0.264270 5.379332 -4.687500
-0.496031 5.036292 -4.687500
-0.671149 4.524518 -4.687500
-0.780361 3.923141 -4.687500
-0.832444 3.323303 -4.687500
-0.853245 2.812773 -4.687500
-0.880691 2.461366 -4.687500
-0.956709 2.309699 -4.687500
-1.117706 2.363191 -4.687500
-1.385595 2.592266 -4.687500
-1.761303 2.938557 -4.687500
-2.222281 3.325878 -4.687500
-2.724744 3.673891 -4.687500
-3.210449 3.911943 -4.687500
-3.616895 3.990629 -4.687500
-3.889087 3.889087 -4.687500
-3.990629 3.616895 -4.687500
-3.911943 3.210449 -4.687500
-3.673891 2.724744 -4.687500
-3.325878 2.222281 -4.687500
-2.938557 1.761303 -4.687500
-2.592266 1.385595 -4.687500
-2.363191 1.117706 -4.687500
-2.309699 0.956709 -4.687500
-2.461366 0.880691 -4.687500
-2.812773 0.853245 -4.687500
-3.323303 0.832444 -4.687500
-3.923141 0.780361 -4.687500
-4.524518 0.671149 -4.687500
-5.036292 0.496031 -4.687500
-5.379332 0.264270 -4.687500
-5.500000 0.000000 -4.687500
-5.379332 -0.264270 -4.687500
-5.036292 -0.496031 -4.687500
-4.524518 -0.671149 -4.687500
-3.923141 -0.780361 -4.687500
-3.323303 -0.832444 -4.687500
-2.812773 -0.853245 -4.687500
-2.461366 -0.880691 -4.687500
-2.309699 -0.956709 -4.687500
-2.363191 -1.117706 -4.687500
-2.592266 -1.385595 -4.687500
-2.938557 -1.761303 -4.687500
-3.325878 -2.222281 -4.687500
-3.673891 -2.724744 -4.687500
-3.911943 -3.210449 -4.687500
-3.990629 -3.616895 -4.687500
-3.889087 -3.889087 -4.687500
-3.616895 -3.990629 -4.687500
-3.210449 -3.911943 -4.687500
-2.724744 -3.673891 -4.687500
-2.222281 -3.325878 -4.687500
-1.761303 -2.938557 -4.687500
-1.385595 -2.592266 -4.687500
-1.117706 -2.363191 -4.687500
-0.956709 -2.309699 -4.687500
-0.880691 -2.461366 -4.687500
-0.853245 -2.812773 -4.687500
-0.832444 -3.323303 -4.687500
-0.780361 -3.923141 -4.687500
-0.671149 -4.524518 -4.687500
-0.496031 -5.036292 -4.687500
-0.264270 -5.379332 -4.687500
-0.000000 -5.500000 -4.687500
0.264270 -5.379332 -4.687500
0.496031 -5.036292 -4.687500
0.671149 -4.524518 -4.687500
0.780361 -3.923141 -4.687500
0.832444 -3.323303 -4.687500
0.853245 -2.812773 -4.687500
0.880691 -2.461366 -4.687500
0.956709 -2.309699 -4.687500
1.117706 -2.363191 -4.687500
1.385595 -2.592266 -4.687500
1.761303 -2.938557 -4.687500
2.222281 -3.325878 -4.687500
2.724744 -3.673891 -4.687500
3.210449 -3.911943 -4.687500
3.616895 -3.990629 -4.687500
3.889087 -3.889087 -4.687500
3.990629 -3.616895 -4.687500
3.911943 -3.210449 -4.687500
3.673891 -2.724744 -4.687500
3.325878 -2.222281 -4.687500
2.938557 -1.761303 -4.687500
2.592266 -1.385595 -4.687500
2.363191 -1.117706 -4.687500
2.309699 -0.956709 -4.687500
2.461366 -0.880691 -4.687500
2.812773 -0.853245 -4.687500
3.323303 -0.832444 -4.687500
3.923141 -0.780361 -4.687500
4.524518 -0.671149 -4.687500
5.036292 -0.496031 -4.687500
5.379332 -0.264270 -4.687500
5.500000 0.000000 -4.531250
5.379332 0.264270 -4.531250
5.036292 0.496031 -4.531250
4.524518 0.671149 -4.531250
3.923141 0.780361 -4.531250
3.323303 0.832444 -4.531250
2.812773 0.853245 -4.531250
2.461366 0.880691 -4.531250
2.309699 0.956709 -4.531250
2.363191 1.117706 -4.531250
2.592266 1.385595 -4.531250
2.938557 1.761303 -4.531250
3.325878 2.222281 -4.531250
3.673891 2.724744 -4.531250
3.911943 3.210449 -4.531250
3.990629 3.616895 -4.531250
3.889087 3.889087 -4.531250
3.616895 3.990629 -4.531250
3.210449 3.911943 -4.531250
2.724744 3.673891 -4.531250
2.222281 3.325878 -4.531250
1.761303 2.938557 -4.531250
1.385595 2.592266 -4.531250
1.117706 2.363191 -4.531250
0.956709 2.309699 -4.531250
0.880691 2.461366 -4.531250
0.853245 2.812773 -4.531250
0.832444 3.323303 -4.531250
0.780361 3.923141 -4.531250
0.671149 4.524518 -4.531250
0.496031 5.036292 -4.531250
0.264270 5.379332 -4.531250
0.000000 5.500000 -4.531250
-0.264270 5.379332 -4.531250
-0.496031 5.036292 -4.531250
-0.671149 4.524518 -4.531250
-0.780361 3.923141 -4.531250
-0.832444 3.323303 -4.531250
-0.853245 2.812773 -4.531250
-0.880691 2.461366 -4.531250
-0.956709 2.309699 -4.531250
-1.117706 2.363191 -4.531250
-1.385595 2.592266 -4.531250
-1.761303 2.938557 -4.531250
-2.222281 3.325878 -4.531250
-2.724744 3.673891 -4.531250
-3.210449 3.911943 -4.531250
-3.616895 3.990629 -4.531250
-3.889087 3.889087 -4.531250
-3.990629 3.616895 -4.531250
-3.911943 3.210449 -4.531250
-3.673891 2.724744 -4.531250
-3.325878 2.222281 -4.531250
-2.938557 1.761303 -4.531250
-2.592266 1.385595 -4.531250
-2.363191 1.117706 -4.531250
-2.309699 0.956709 -4.531250
-2.461366 0.880691 -4.531250
-2.812773 0.853245 -4.531250
-3.323303 0.832444 -4.531250
-3.923141 0.780361 -4.531250
-4.524518 0.671149 -4.531250
-5.036292 0.496031 -4.531250
-5.379332 0.264270 -4.531250
-5.500000 0.000000 -4.531250
-5.379332 -0.264270 -4.531250
-5.036292 -0.496031 -4.531250
-4.524518 -0.671149 -4.531250
-3.923141 -0.780361 -4.531250
-3.323303 -0.832444 -4.531250
-2.812773 -0.853245 -4.531250
-2.461366 -0.880691 -4.531250
-2.309699 -0.956709 -4.531250
-2.363191 -1.117706 -4.531250
-2.592266 -1.385595 -4.531250
-2.938557 -1.761303 -4.531250
-3.325878 -2.222281 -4.531250
-3.673891 -2.724744 -4.531250
-3.911943 -3.210449 -4.531250
-3.990629 -3.616895 -4.531250
-3.889087 -3.889087 -4.531250
-3.616895 -3.990629 -4.531250
-3.210449 -3.911943 -4.531250
-2.724744 -3.673891 -4.531250
-2.222281 -3.325878 -4.531250
-1.761303 -2.938557 -4.531250
-1.385595 -2.592266 -4.531250
-1.117706 -2.363191 -4.531250
-0.956709 -2.309699 -4.531250
-0.880691 -2.461366 -4.531250
-0.853245 -2.812773 -4.531250
-0.832444 -3.323303 -4.531250
-0.780361 -3.923141 -4.531250
-0.671149 -4.524518 -4.531250
-0.496031 -5.036292 -4.531250
-0.264270 -5.379332 -4.531250
-0.000000 -5.500000 -4.531250
0.264270 -5.379332 -4.531250
0.496031 -5.036292 -4.531250
0.671149 -4.524518 -4.531250
0.780361 -3.923141 -4.531250
0.832444 -3.323303 -4.531250
0.853245 -2.812773 -4.531250
0.880691 -2.461366 -4.531250
0.956709 -2.309699 -4.531250
1.117706 -2.363191 -4.531250
1.385595 -2.592266 -4.531250
1.761303 -2.938557 -4.531250
2.222281 -3.325878 -4.531250
2.724744 -3.673891 -4.531250
3.210449 -3.911943 -4.531250
3.616895 -3.990629 -4.531250
3.889087 -3.889087 -4.531250
3.990629 -3.616895 -4.531250
3.911943 -3.210449 -4.531250
3.673891 -2.724744 -4.531250
3.325878 -2.222281 -4.531250
2.938557 -1.761303 -4.531250
2.592266 -1.385595 -4.531250
2.363191 -1.117706 -4.531250
2.309699 -0.956709 -4.531250
2.461366 -0.880691 -4.531250
2.812773 -0.853245 -4.531250
3.323303 -0.832444 -4.531250
3.923141 -0.780361 -4.531250
4.524518 -0.671149 -4.531250
5.036292 -0.496031 -4.531250
5.379332 -0.264270 -4.531250
5.500000 0.000000 -4.375000
5.379332 0.264270 -4.375000
5.036292 0.496031 -4.375000
4.524518 0.671149 -4.375000
3.923141 0.780361 -4.375000
3.323303 0.832444 -4.375000
2.812773 0.853245 -4.375000
2.461366 0.880691 -4.375000
2.309699 0.956709 -4.375000
2.363191 1.117706 -4.375000
2.592266 1.385595 -4.375000
2.938557 1.761303 -4.375000
3.325878 2.222281 -4.375000
3.673891 2.724744 -4.375000
3.911943 3.210449 -4.375000
3.990629 3.616895 -4.375000
3.889087 3.889087 -4.375000
3.616895 3.990629 -4.375000
3.210449 3.911943 -4.375000
2.724744 3.673891 -4.375000
2.222281 3.325878 -4.375000
1.761303 2.938557 -4.375000
1.385595 2.592266 -4.375000
1.117706 2.363191 -4.375000
0.956709 2.309699 -4.375000
0.880691 2.461366 -4.375000
0.853245 2.812773 -4.375000
0.832444 3.323303 -4.375000
0.780361 3.923141 -4.375000
0.671149 4.524518 -4.375000
0.496031 5.036292 -4.375000
0.264270 5.379332 -4.375000
0.000000 5.500000 -4.375000
-0.264270 5.379332 -4.375000
-0.496031 5.036292 -4.375000
-0.671149 4.524518 -4.375000
-0.780361 3.923141 -4.375000
-0.832444 3.323303 -4.375000
-0.853245 2.812773 -4.375000
-0.880691 2.461366 -4.375000
-0.956709 2.309699 -4.375000
-1.117706 2.363191 -4.375000
-1.385595 2.592266 -4.375000
-1.761303 2.938557 -4.375000
-2.222281 3.325878 -4.375000
-2.724744 3.673891 -4.375000
-3.210449 3.911943 -4.375000
-3.616895 3.990629 -4.375000
-3.889087 3.889087 -4.375000
-3.990629 3.616895 -4.375000
-3.911943 3.210449 -4.375000
-3.673891 2.724744 -4.375000
-3.325878 2.222281 -4.375000
-2.938557 1.761303 -4.375000
-2.592266 1.385595 -4.375000
-2.363191 1.117706 -4.375000
-2.309699 0.956709 -4.375000
-2.461366 0.880691 -4.375000
-2.812773 0.853245 -4.375000
-3.323303 0.832444 -4.375000
-3.923141 0.780361 -4.375000
-4.524518 0.671149 -4.375000
-5.036292 0.496031 -4.375000
-5.379332 0.264270 -4.375000
-5.500000 0.000000 -4.375000
-5.379332 -0.264270 -4.375000
-5.036292 -0.496031 -4.375000
-4.524518 -0.671149 -4.375000
-3.923141 -0.780361 -4.375000
-3.323303 -0.832444 -4.375000
-2.812773 -0.853245 -4.375000
-2.461366 -0.880691 -4.375000
-2.309699 -0.956709 -4.375000
-2.363191 -1.117706 -4.375000
-2.592266 -1.385595 -4.375000
-2.938557 -1.761303 -4.375000
-3.325878 -2.222281 -4.375000
-3.673891 -2.724744 -4.375000
-3.911943 -3.210449 -4.375000
-3.990629 -3.616895 -4.375000
-3.889087 -3.889087 -4.375000
-3.616895 -3.990629 -4.375000
-3.210449 -3.911943 -4.375000
-2.724744 -3.673891 -4.375000
-2.222281 -3.325878 -4.375000
-1.761303 -2.938557 -4.375000
-1.385595 -2.592266 -4.375000
-1.117706 -2.363191 -4.375000
-0.956709 -2.309699 -4.375000
-0.880691 -2.461366 -4.375000
-0.853245 -2.812773 -4.375000
-0.832444 -3.323303 -4.375000
-0.780361 -3.923141 -4.375000
-0.671149 -4.524518 -4.375000
-0.496031 -5.036292 -4.375000
-0.264270 -5.379332 -4.375000
-0.000000 -5.500000 -4.375000
0.264270 -5.379332 -4.375000
0.496031 -5.036292 -4.375000
0.671149 -4.524518 -4.375000
0.780361 -3.923141 -4.375000
0.832444 -3.323303 -4.375000
0.853245 -2.812773 -4.375000
0.880691 -2.461366 -4.375000
0.956709 -2.309699 -4.375000
1.117706 -2.363191 -4.375000
1.385595 -2.592266 -4.375000
1.761303 -2.938557 -4.375000
2.222281 -3.325878 -4.375000
2.724744 -3.673891 -4.375000
3.210449 -3.911943 -4.375000
3.616895 -3.990629 -4.375000
3.889087 -3.889087 -4.375000
3.990629 -3.616895 -4.375000
3.911943 -3.210449 -4.375000
3.673891 -2.724744 -4.375000
3.325878 -2.222281 -4.375000
2.938557 -1.761303 -4.375000
2.592266 -1.385595 -4.375000
2.363191 -1.117706 -4.375000
2.309699 -0.956709 -4.375000
2.461366 -0.880691 -4.375000
2.812773 -0.853245 -4.375000
3.323303 -0.832444 -4.375000
3.923141 -0.780361 -4.375000
4.524518 -0.671149 -4.375000
5.036292 -0.496031 -4.375000
5.379332 -0.264270 -4.375000
5.500000 0.000000 -4.218750
5.379332 0.264270 -4.218750
5.036292 0.496031 -4.218750
4.524518 0.671149 -4.218750
3.923141 0.780361 -4.218750
3.323303 0.832444 -4.218750
2.812773 0.853245 -4.218750
2.461366 0.880691 -4.218750
2.309699 0.956709 -4.218750
2.363191 1.117706 -4.218750
2.592266 1.385595 -4.218750
2.938557 1.761303 -4.218750
3.325878 2.222281 -4.218750
3.673891 2.724744 -4.218750
3.911943 3.210449 -4.218750
3.990629 3.616895 -4.218750
3.889087 3.889087 -4.218750
3.616895 3.990629 -4.218750
3.210449 3.911943 -4.218750
2.724744 3.673891 -4.218750
2.222281 3.325878 -4.218750
1.761303 2.938557 -4.218750
1.385595 2.592266 -4.218750
1.117706 2.363191 -4.218750
0.956709 2.309699 -4.218750
0.880691 2.461366 -4.218750
0.853245 2.812773 -4.218750
0.832444 3.323303 -4.218750
0.780361 3.923141 -4.218750
0.671149 4.524518 -4.218750
0.496031 5.036292 -4.218750
0.264270 5.379332 -4.218750
0.000000 5.500000 -4.218750
-0.264270 5.379332 -4.218750
-0.496031 5.036292 -4.218750
-0.671149 4.524518 -4.218750
-0.780361 3.923141 -4.218750
-0.832444 3.323303 -4.218750
-0.853245 2.812773 -4.218750
-0.880691 2.461366 -4.218750
-0.956709 2.309699 -4.218750
-1.117706 2.363191 -4.218750
-1.385595 2.592266 -4.218750
-1.761303 2.938557 -4.218750
-2.222281 3.325878 -4.218750
-2.724744 3.673891 -4.218750
-3.210449 3.911943 -4.218750
-3.616895 3.990629 -4.218750
-3.889087 3.889087 -4.218750
-3.990629 3.616895 -4.218750
-3.911943 3.210449 -4.218750
-3.673891 2.724744 -4.218750
-3.325878 2.222281 -4.218750
-2.938557 1.761303 -4.218750
-2.592266 1.385595 -4.218750
-2.363191 1.117706 -4.218750
-2.309699 0.956709 -4.218750
-2.461366 0.880691 -4.218750
-2.812773 0.853245 -4.218750
-3.323303 0.832444 -4.218750
-3.923141 0.780361 -4.218750
-4.524518 0.671149 -4.218750
-5.036292 0.496031 -4.218750
-5.379332 0.264270 -4.218750
-5.500000 0.000000 -4.218750
-5.379332 -0.264270 -4.218750
-5.036292 -0.496031 -4.218750
-4.524518 -0.671149 -4.218750
-3.923141 -0.780361 -4.218750
-3.323303 -0.832444 -4.218750
-2.812773 -0.853245 -4.218750
-2.461366 -0.880691 -4.218750
-2.309699 -0.956709 -4.218750
-2.363191 -1.117706 -4.218750
-2.592266 -1.385595 -4.218750
-2.938557 -1.761303 -4.218750
-3.325878 -2.222281 -4.218750
-3.673891 -2.724744 -4.218750
-3.911943 -3.210449 -4.218750
-3.990629 -3.616895 -4.218750
-3.889087 -3.889087 -4.218750
-3.616895 -3.990629 -4.218750
-3.210449 -3.911943 -4.218750
-2.724744 -3.673891 -4.218750
-2.222281 -3.325878 -4.218750
-1.761303 -2.938557 -4.218750
-1.385595 -2.592266 -4.218750
-1.117706 -2.363191 -4.218750
-0.956709 -2.309699 -4.218750
-0.880691 -2.461366 -4.218750
-0.853245 -2.812773 -4.218750
-0.832444 -3.323303 -4.218750
-0.780361 -3.923141 -4.218750
-0.671149 -4.524518 -4.218750
-0.496031 -5.036292 -4.218750
-0.264270 -5.379332 -4.218750
-0.000000 -5.500000 -4.218750
0.264270 -5.379332 -4.218750
0.496031 -5.036292 -4.218750
0.671149 -4.524518 -4.218750
0.780361 -3.923141 -4.218750
0.832444 -3.323303 -4.218750
0.853245 -2.812773 -4.218750
0.880691 -2.461366 -4.218750
0.956709 -2.309699 -4.218750
1.117706 -2.363191 -4.218750
1.385595 -2.592266 -4.218750
1.761303 -2.938557 -4.218750
2.222281 -3.325878 -4.218750
2.724744 -3.673891 -4.218750
3.210449 -3.911943 -4.218750
3.616895 -3.990629 -4.218750
3.889087 -3.889087 -4.218750
3.990629 -3.616895 -4.218750
3.911943 -3.210449 -4.218750
3.673891 -2.724744 -4.218750
3.325878 -2.222281 -4.218750
2.938557 -1.761303 -4.218750
2.592266 -1.385595 -4.218750
2.363191 -1.117706 -4.218750
2.309699 -0.956709 -4.218750
2.461366 -0.880691 -4.218750
2.812773 -0.853245 -4.218750
3.323303 -0.832444 -4.218750
3.923141 -0.780361 -4.218750
4.524518 -0.671149 -4.218750
5.036292 -0.496031 -4.218750
5.379332 -0.264270 -4.218750
5.500000 0.000000 -4.062500
5.379332 0.264270 -4.062500
5.036292 0.496031 -4.062500
4.524518 0.671149 -4.062500
3.923141 0.780361 -4.062500
3.323303 0.832444 -4.062500
2.812773 0.853245 -4.062500
2.461366 0.880691 -4.062500
2.309699 0.956709 -4.062500
2.363191 1.117706 -4.062500
2.592266 1.385595 -4.062500
2.938557 1.761303 -4.062500
3.325878 2.222281 -4.062500
3.673891 2.724744 -4.062500
3.911943 3.210449 -4.062500
3.990629 3.616895 -4.062500
3.889087 3.889087 -4.062500
3.616895 3.990629 -4.062500
3.210449 3.911943 -4.062500
2.724744 3.673891 -4.062500
2.222281 3.325878 -4.062500
1.761303 2.938557 -4.062500
1.385595 2.592266 -4.062500
1.117706 2.363191 -4.062500
0.956709 2.309699 -4.062500
0.880691 2.461366 -4.062500
0.853245 2.812773 -4.062500
0.832444 3.323303 -4.062500
0.780361 3.923141 -4.062500
0.671149 4.524518 -4.062500
0.496031 5.036292 -4.062500
0.264270 5.379332 -4.062500
0.000000 5.500000 -4.062500
-0.264270 5.379332 -4.062500
-0.496031 5.036292 -4.062500
-0.671149 4.524518 -4.062500
-0.780361 3.923141 -4.062500
-0.832444 3.323303 -4.062500
-0.853245 2.812773 -4.062500
-0.880691 2.461366 -4.062500
-0.956709 2.309699 -4.062500
-1.117706 2.363191 -4.062500
-1.385595 2.592266 -4.062500
-1.761303 2.938557 -4.062500
-2.222281 3.325878 -4.062500
-2.724744 3.673891 -4.062500
-3.210449 3.911943 -4.062500
-3.616895 3.990629 -4.062500
-3.889087 3.889087 -4.062500
-3.990629 3.616895 -4.062500
-3.911943 3.210449 -4.062500
-3.673891 2.724744 -4.062500
-3.325878 2.222281 -4.062500
-2.938557 1.761303 -4.062500
-2.592266 1.385595 -4.062500
-2.363191 1.117706 -4.062500
-2.309699 0.956709 -4.062500
-2.461366 0.880691 -4.062500
-2.812773 0.853245 -4.062500
-3.323303 0.832444 -4.062500
-3.923141 0.780361 -4.062500
-4.524518 0.671149 -4.062500
-5.036292 0.496031 -4.062500
-5.379332 0.264270 -4.062500
-5.500000 0.000000 -4.062500
-5.379332 -0.264270 -4.062500
-5.036292 -0.496031 -4.062500
-4.524518 -0.671149 -4.062500
-3.923141 -0.780361 -4.062500
-3.323303 -0.832444 -4.062500
-2.812773 -0.853245 -4.062500
-2.461366 -0.880691 -4.062500
-2.309699 -0.956709 -4.062500
-2.363191 -1.117706 -4.062500
-2.592266 -1.385595 -4.062500
-2.938557 -1.761303 -4.062500
-3.325878 -2.222281 -4.062500
-3.673891 -2.724744 -4.062500
-3.911943 -3.210449 -4.062500
-3.990629 -3.616895 -4.062500
-3.889087 -3.889087 -4.062500
-3.616895 -3.990629 -4.062500
-3.210449 -3.911943 -4.062500
-2.724744 -3.673891 -4.062500
-2.222281 -3.325878 -4.062500
-1.761303 -2.938557 -4.062500
-1.385595 -2.592266 -4.062500
-1.117706 -2.363191 -4.062500
-0.956709 -2.309699 -4.062500
-0.880691 -2.461366 -4.062500
-0.853245 -2.812773 -4.062500
-0.832444 -3.323303 -4.062500
-0.780361 -3.923141 -4.062500
-0.671149 -4.524518 -4.062500
-0.496031 -5.036292 -4.062500
-0.264270 -5.379332 -4.062500
-0.000000 -5.500000 -4.062500
0.264270 -5.379332 -4.062500
0.496031 -5.036292 -4.062500
0.671149 -4.524518 -4.062500
0.780361 -3.923141 -4.062500
0.832444 -3.323303 -4.062500
0.853245 -2.812773 -4.062500
0.880691 -2.461366 -4.062500
0.956709 -2.309699 -4.062500
1.117706 -2.363191 -4.062500
1.385595 -2.592266 -4.062500
1.761303 -2.938557 -4.062500
2.222281 -3.325878 -4.062500
2.724744 -3.673891 -4.062500
3.210449 -3.911943 -4.062500
3.616895 -3.990629 -4.062500
3.889087 -3.889087 -4.062500
3.990629 -3.616895 -4.062500
3.911943 -3.210449 -4.062500
3.673891 -2.724744 -4.062500
3.325878 -2.222281 -4.062500
2.938557 -1.761303 -4.062500
2.592266 -1.385595 -4.062500
2.363191 -1.117706 -4.062500
2.309699 -0.956709 -4.062500
2.461366 -0.880691 -4.062500
2.812773 -0.853245 -4.062500
3.323303 -0.832444 -4.062500
3.923141 -0.780361 -4.062500
4.524518 -0.671149 -4.062500
5.036292 -0.496031 -4.062500
5.379332 -0.264270 -4.062500
5.500000 0.000000 -3.906250
5.379332 0.264270 -3.906250
5.036292 0.496031 -3.906250
4.524518 0.671149 -3.906250
3.923141 0.780361 -3.906250
3.323303 0.832444 -3.906250
2.812773 0.853245 -3.906250
2.461366 0.880691 -3.906250
2.309699 0.956709 -3.906250
2.363191 1.117706 -3.906250
2.592266 1.385595 -3.906250
2.938557 1.761303 -3.906250
3.325878 2.222281 -3.906250
3.673891 2.724744 -3.906250
3.911943 3.210449 -3.906250
3.990629 3.616895 -3.906250
3.889087 3.889087 -3.906250
3.616895 3.990629 -3.906250
3.210449 3.911943 -3.906250
2.724744 3.673891 -3.906250
2.222281 3.325878 -3.906250
1.761303 2.938557 -3.906250
1.385595 2.592266 -3.906250
1.117706 2.363191 -3.906250
0.956709 2.309699 -3.906250
0.880691 2.461366 -3.906250
0.853245 2.812773 -3.906250
0.832444 3.323303 -3.906250
0.780361 3.923141 -3.906250
0.671149 4.524518 -3.906250
0.496031 5.036292 -3.906250
0.264270 5.379332 -3.906250
0.000000 5.500000 -3.906250
-0.264270 5.379332 -3.906250
-0.496031 5.036292 -3.906250
-0.671149 4.524518 -3.906250
-0.780361 3.923141 -3.906250
-0.832444 3.323303 -3.906250
-0.853245 2.812773 -3.906250
-0.880691 2.461366 -3.906250
-0.956709 2.309699 -3.906250
-1.117706 2.363191 -3.906250
-1.385595 2.592266 -3.906250
-1.761303 2.938557 -3.906250
-2.222281 3.325878 -3.906250
-2.724744 3.673891 -3.906250
-3.210449 3.911943 -3.906250
-3.616895 3.990629 -3.906250
-3.889087 3.889087 -3.906250
-3.990629 3.616895 -3.906250
-3.911943 3.210449 -3.906250
-3.673891 2.724744 -3.906250
-3.325878 2.222281 -3.906250
-2.938557 1.761303 -3.906250
-2.592266 1.385595 -3.906250
-2.363191 1.117706 -3.906250
-2.309699 0.956709 -3.906250
-2.461366 0.880691 -3.906250
-2.812773 0.853245 -3.906250
-3.323303 0.832444 -3.906250
-3.923141 0.780361 -3.906250
-4.524518 0.671149 -3.906250
-5.036292 0.496031 -3.906250
-5.379332 0.264270 -3.906250
-5.500000 0.000000 -3.906250
-5.379332 -0.264270 -3.906250
-5.036292 -0.496031 -3.906250
-4.524518 -0.671149 -3.906250
-3.923141 -0.780361 -3.906250
-3.323303 -0.832444 -3.906250
-2.812773 -0.853245 -3.906250
-2.461366 -0.880691 -3.906250
-2.309699 -0.956709 -3.906250
-2.363191 -1.117706 -3.906250
-2.592266 -1.385595 -3.906250
-2.938557 -1.761303 -3.906250
-3.325878 -2.222281 -3.906250
-3.673891 -2.724744 -3.906250
-3.911943 -3.210449 -3.906250
-3.990629 -3.616895 -3.906250
-3.889087 -3.889087 -3.906250
-3.616895 -3.990629 -3.906250
-3.210449 -3.911943 -3.906250
-2.724744 -3.673891 -3.906250
-2.222281 -3.325878 -3.906250
-1.761303 -2.938557 -3.906250
-1.385595 -2.592266 -3.906250
-1.117706 -2.363191 -3.906250
-0.956709 -2.309699 -3.906250
-0.880691 -2.461366 -3.906250
-0.853245 -2.812773 -3.906250
-0.832444 -3.323303 -3.906250
-0.780361 -3.923141 -3.906250
-0.671149 -4.524518 -3.906250
-0.496031 -5.036292 -3.906250
-0.264270 -5.379332 -3.906250
-0.000000 -5.500000 -3.906250
0.264270 -5.379332 -3.906250
0.496031 -5.036292 -3.906250
0.671149 -4.524518 -3.906250
0.780361 -3.923141 -3.906250
0.832444 -3.323303 -3.906250
0.853245 -2.812773 -3.906250
0.880691 -2.461366 -3.906250
0.956709 -2.309699 -3.906250
1.117706 -2.363191 -3.906250
1.385595 -2.592266 -3.906250
1.761303 -2.938557 -3.906250
2.222281 -3.325878 -3.906250
2.724744 -3.673891 -3.906250
3.210449 -3.911943 -3.906250
3.616895 -3.990629 -3.906250
3.889087 -3.889087 -3.906250
3.990629 -3.616895 -3.906250
3.911943 -3.210449 -3.906250
3.673891 -2.724744 -3.906250
3.325878 -2.222281 -3.906250
2.938557 -1.761303 -3.906250
2.592266 -1.385595 -3.906250
2.363191 -1.117706 -3.906250
2.309699 -0.956709 -3.906250
2.461366 -0.880691 -3.906250
2.812773 -0.853245 -3.906250
3.323303 -0.832444 -3.906250
3.923141 -0.780361 -3.906250
4.524518 -0.671149 -3.906250
5.036292 -0.496031 -3.906250
5.379332 -0.264270 -3.906250
5.500000 0.000000 -3.750000
5.379332 0.264270 -3.750000
5.036292 0.496031 -3.750000
4.524518 0.671149 -3.750000
3.923141 0.780361 -3.750000
3.323303 0.832444 -3.750000
2.812773 0.853245 -3.750000
2.461366 0.880691 -3.750000
2.309699 0.956709 -3.750000
2.363191 1.117706 -3.750000
2.592266 1.385595 -3.750000
2.938557 1.761303 -3.750000
3.325878 2.222281 -3.750000
3.673891 2.724744 -3.750000
3.911943 3.210449 -3.750000
3.990629 3.616895 -3.750000
3.889087 3.889087 -3.750000
3.616895 3.990629 -3.750000
3.210449 3.911943 -3.750000
2.724744 3.673891 -3.750000
2.222281 3.325878 -3.750000
1.761303 2.938557 -3.750000
1.385595 2.592266 -3.750000
1.117706 2.363191 -3.750000
0.956709 2.309699 -3.750000
0.880691 2.461366 -3.750000
0.853245 2.812773 -3.750000
0.832444 3.323303 -3.750000
0.780361 3.923141 -3.750000
0.671149 4.524518 -3.750000
0.496031 5.036292 -3.750000
0.264270 5.379332 -3.750000
0.000000 5.500000 -3.750000
-0.264270 5.379332 -3.750000
-0.496031 5.036292 -3.750000
-0.671149 4.524518 -3.750000
-0.780361 3.923141 -3.750000
-0.832444 3.323303 -3.750000
-0.853245 2.812773 -3.750000
-0.880691 2.461366 -3.750000
-0.956709 2.309699 -3.750000
-1.117706 2.363191 -3.750000
-1.385595 2.592266 -3.750000
-1.761303 2.938557 -3.750000
-2.222281 3.325878 -3.750000
-2.724744 3.673891 -3.750000
-3.210449 3.911943 -3.750000
-3.616895 3.990629 -3.750000
-3.889087 3.889087 -3.750000
-3.990629 3.616895 -3.750000
-3.911943 3.210449 -3.750000
-3.673891 2.724744 -3.750000
-3.325878 2.222281 -3.750000
-2.938557 1.761303 -3.750000
-2.592266 1.385595 -3.750000
-2.363191 1.117706 -3.750000
-2.309699 0.956709 -3.750000
-2.461366 0.880691 -3.750000
-2.812773 0.853245 -3.750000
-3.323303 0.832444 -3.750000
-3.923141 0.780361 -3.750000
-4.524518 0.671149 -3.750000
-5.036292 0.496031 -3.750000
-5.379332 0.264270 -3.750000
-5.500000 0.000000 -3.750000
-5.379332 -0.264270 -3.750000
-5.036292 -0.496031 -3.750000
-4.524518 -0.671149 -3.750000
-3.923141 -0.780361 -3.750000
-3.323303 -0.832444 -3.750000
-2.812773 -0.853245 -3.750000
-2.461366 -0.880691 -3.750000
-2.309699 -0.956709 -3.750000
-2.363191 -1.117706 -3.750000
-2.592266 -1.385595 -3.750000
-2.938557 -1.761303 -3.750000
-3.325878 -2.222281 -3.750000
-3.673891 -2.724744 -3.750000
-3.911943 -3.210449 -3.750000
-3.990629 -3.616895 -3.750000
-3.889087 -3.889087 -3.750000
-3.616895 -3.990629 -3.750000
-3.210449 -3.911943 -3.750000
-2.724744 -3.673891 -3.750000
-2.222281 -3.325878 -3.750000
-1.761303 -2.938557 -3.750000
-1.385595 -2.592266 -3.750000
-1.117706 -2.363191 -3.750000
-0.956709 -2.309699 -3.750000
-0.880691 -2.461366 -3.750000
-0.853245 -2.812773 -3.750000
-0.832444 -3.323303 -3.750000
-0.780361 -3.923141 -3.750000
-0.671149 -4.524518 -3.750000
-0.496031 -5.036292 -3.750000
-0.264270 -5.379332 -3.750000
-0.000000 -5.500000 -3.750000
0.264270 -5.379332 -3.750000
0.496031 -5.036292 -3.750000
0.671149 -4.524518 -3.750000
0.780361 -3.923141 -3.750000
0.832444 -3.323303 -3.750000
0.853245 -2.812773 -3.750000
0.880691 -2.461366 -3.750000
0.956709 -2.309699 -3.750000
1.117706 -2.363191 -3.750000
1.385595 -2.592266 -3.750000
1.761303 -2.938557 -3.750000
2.222281 -3.325878 -3.750000
2.724744 -3.673891 -3.750000
3.210449 -3.911943 -3.750000
3.616895 -3.990629 -3.750000
3.889087 -3.889087 -3.750000
3.990629 -3.616895 -3.750000
3.911943 -3.210449 -3.750000
3.673891 -2.724744 -3.750000
3.325878 -2.222281 -3.750000
2.938557 -1.761303 -3.750000
2.592266 -1.385595 -3.750000
2.363191 -1.117706 -3.750000
2.309699 -0.956709 -3.750000
2.461366 -0.880691 -3.750000
2.812773 -0.853245 -3.750000
3.323303 -0.832444 -3.750000
3.923141 -0.780361 -3.750000
4.524518 -0.671149 -3.750000
5.036292 -0.496031 -3.750000
5.379332 -0.264270 -3.750000
5.500000 0.000000 -3.593750
5.379332 0.264270 -3.593750
5.036292 0.496031 -3.593750
4.524518 0.671149 -3.593750
3.923141 0.780361 -3.593750
3.323303 0.832444 -3.593750
2.812773 0.853245 -3.593750
2.461366 0.880691 -3.593750
2.309699 0.956709 -3.593750
2.363191 1.117706 -3.593750
2.592266 1.385595 -3.593750
2.938557 1.761303 -3.593750
3.325878 2.222281 -3.593750
3.673891 2.724744 -3.593750
3.911943 3.210449 -3.593750
3.990629 3.616895 -3.593750
3.889087 3.889087 -3.593750
3.616895 3.990629 -3.593750
3.210449 3.911943 -3.593750
2.724744 3.673891 -3.593750
2.222281 3.325878 -3.593750
1.761303 2.938557 -3.593750
1.385595 2.592266 -3.593750
1.117706 2.363191 -3.593750
0.956709 2.309699 -3.593750
0.880691 2.461366 -3.593750
0.853245 2.812773 -3.593750
0.832444 3.323303 -3.593750
0.780361 3.923141 -3.593750
0.671149 4.524518 -3.593750
0.496031 5.036292 -3.593750
0.264270 5.379332 -3.593750
0.000000 5.500000 -3.593750
-0.264270 5.379332 -3.593750
-0.496031 5.036292 -3.593750
-0.671149 4.524518 -3.593750
-0.780361 3.923141 -3.593750
-0.832444 3.323303 -3.593750
-0.853245 2.812773 -3.593750
-0.880691 2.461366 -3.593750
-0.956709 2.309699 -3.593750
-1.117706 2.363191 -3.593750
-1.385595 2.592266 -3.593750
-1.761303 2.938557 -3.593750
-2.222281 3.325878 -3.593750
-2.724744 3.673891 -3.593750
-3.210449 3.911943 -3.593750
-3.616895 3.990629 -3.593750
-3.889087 3.889087 -3.593750
-3.990629 3.616895 -3.593750
-3.911943 3.210449 -3.593750
-3.673891 2.724744 -3.593750
-3.325878 2.222281 -3.593750
-2.938557 1.761303 -3.593750
-2.592266 1.385595 -3.593750
-2.363191 1.117706 -3.593750
-2.309699 0.956709 -3.593750
-2.461366 0.880691 -3.593750
-2.812773 0.853245 -3.593750
-3.323303 0.832444 -3.593750
-3.923141 0.780361 -3.593750
-4.524518 0.671149 -3.593750
-5.036292 0.496031 -3.593750
-5.379332 0.264270 -3.593750
-5.500000 0.000000 -3.593750
-5.379332 -0.264270 -3.593750
-5.036292 -0.496031 -3.593750
-4.524518 -0.671149 -3.593750
-3.923141 -0.780361 -3.593750
-3.323303 -0.832444 -3.593750
-2.812773 -0.853245 -3.593750
-2.461366 -0.880691 -3.593750
-2.309699 -0.956709 -3.593750
-2.363191 -1.117706 -3.593750
-2.592266 -1.385595 -3.593750
-2.938557 -1.761303 -3.593750
-3.325878 -2.222281 -3.593750
-3.673891 -2.724744 -3.593750
-3.911943 -3.210449 -3.593750
-3.990629 -3.616895 -3.593750
-3.889087 -3.889087 -3.593750
-3.616895 -3.990629 -3.593750
-3.210449 -3.911943 -3.593750
-2.724744 -3.673891 -3.593750
-2.222281 -3.325878 -3.593750
-1.761303 -2.938557 -3.593750
-1.385595 -2.592266 -3.593750
-1.117706 -2.363191 -3.593750
-0.956709 -2.309699 -3.593750
-0.880691 -2.461366 -3.593750
-0.853245 -2.812773 -3.593750
-0.832444 -3.323303 -3.593750
-0.780361 -3.923141 -3.593750
-0.671149 -4.524518 -3.593750
-0.496031 -5.036292 -3.593750
-0.264270 -5.379332 -3.593750
-0.000000 -5.500000 -3.593750
0.264270 -5.379332 -3.593750
0.496031 -5.036292 -3.593750
0.671149 -4.524518 -3.593750
0.780361 -3.923141 -3.593750
0.832444 -3.323303 -3.593750
0.853245 -2.812773 -3.593750
0.880691 -2.461366 -3.593750
0.956709 -2.309699 -3.593750
1.117706 -2.363191 -3.593750
1.385595 -2.592266 -3.593750
1.761303 -2.938557 -3.593750
2.222281 -3.325878 -3.593750
2.724744 -3.673891 -3.593750
3.210449 -3.911943 -3.593750
3.616895 -3.990629 -3.593750
3.889087 -3.889087 -3.593750
3.990629 -3.616895 -3.593750
3.911943 -3.210449 -3.593750
3.673891 -2.724744 -3.593750
3.325878 -2.222281 -3.593750
2.938557 -1.761303 -3.593750
2.592266 -1.385595 -3.593750
2.363191 -1.117706 -3.593750
2.309699 -0.956709 -3.593750
2.461366 -0.880691 -3.593750
2.812773 -0.853245 -3.593750
3.323303 -0.832444 -3.593750
3.923141 -0.780361 -3.593750
4.524518 -0.671149 -3.593750
5.036292 -0.496031 -3.593750
5.379332 -0.264270 -3.593750
5.500000 0.000000 -3.437500
5.379332 0.264270 -3.437500
5.036292 0.496031 -3.437500
4.524518 0.671149 -3.437500
3.923141 0.780361 -3.437500
3.323303 0.832444 -3.437500
2.812773 0.853245 -3.437500
2.461366 0.880691 -3.437500
2.309699 0.956709 -3.437500
2.363191 1.117706 -3.437500
2.592266 1.385595 -3.437500
2.938557 1.761303 -3.437500
3.325878 2.222281 -3.437500
3.673891 2.724744 -3.437500
3.911943 3.210449 -3.437500
3.990629 3.616895 -3.437500
3.889087 3.889087 -3.437500
3.616895 3.990629 -3.437500
3.210449 3.911943 -3.437500
2.724744 3.673891 -3.437500
2.222281 3.325878 -3.437500
1.761303 2.938557 -3.437500
1.385595 2.592266 -3.437500
1.117706 2.363191 -3.437500
0.956709 2.309699 -3.437500
0.880691 2.461366 -3.437500
0.853245 2.812773 -3.437500
0.832444 3.323303 -3.437500
0.780361 3.923141 -3.437500
0.671149 4.524518 -3.437500
0.496031 5.036292 -3.437500
0.264270 5.379332 -3.437500
0.000000 5.500000 -3.437500
-0.264270 5.379332 -3.437500
-0.496031 5.036292 -3.437500
-0.671149 4.524518 -3.437500
-0.780361 3.923141 -3.437500
-0.832444 3.323303 -3.437500
-0.853245 2.812773 -3.437500
-0.880691 2.461366 -3.437500
-0.956709 2.309699 -3.437500
-1.117706 2.363191 -3.437500
-1.385595 2.592266 -3.437500
-1.761303 2.938557 -3.437500
-2.222281 3.325878 -3.437500
-2.724744 3.673891 -3.437500
-3.210449 3.911943 -3.437500
-3.616895 3.990629 -3.437500
-3.889087 3.889087 -3.437500
-3.990629 3.616895 -3.437500
-3.911943 3.210449 -3.437500
-3.673891 2.724744 -3.437500
-3.325878 2.222281 -3.437500
-2.938557 1.761303 -3.437500
-2.592266 1.385595 -3.437500
-2.363191 1.117706 -3.437500
-2.309699 0.956709 -3.437500
-2.461366 0.880691 -3.437500
-2.812773 0.853245 -3.437500
-3.323303 0.832444 -3.437500
-3.923141 0.780361 -3.437500
-4.524518 0.671149 -3.437500
-5.036292 0.496031 -3.437500
-5.379332 0.264270 -3.437500
-5.500000 0.000000 -3.437500
-5.379332 -0.264270 -3.437500
-5.036292 -0.496031 -3.437500
-4.524518 -0.671149 -3.437500
-3.923141 -0.780361 -3.437500
-3.323303 -0.832444 -3.437500
-2.812773 -0.853245 -3.437500
-2.461366 -0.880691 -3.437500
-2.309699 -0.956709 -3.437500
-2.363191 -1.117706 -3.437500
-2.592266 -1.385595 -3.437500
-2.938557 -1.761303 -3.437500
-3.325878 -2.222281 -3.437500
-3.673891 -2.724744 -3.437500
-3.911943 -3.210449 -3.437500
-3.990629 -3.616895 -3.437500
-3.889087 -3.889087 -3.437500
-3.616895 -3.990629 -3.437500
-3.210449 -3.911943 -3.437500
-2.724744 -3.673891 -3.437500
-2.222281 -3.325878 -3.437500
-1.761303 -2.938557 -3.437500
-1.385595 -2.592266 -3.437500
-1.117706 -2.363191 -3.437500
-0.956709 -2.309699 -3.437500
-0.880691 -2.461366 -3.437500
-0.853245 -2.812773 -3.437500
-0.832444 -3.323303 -3.437500
-0.780361 -3.923141 -3.437500
-0.671149 -4.524518 -3.437500
-0.496031 -5.036292 -3.437500
-0.264270 -5.379332 -3.437500
-0.000000 -5.500000 -3.437500
0.264270 -5.379332 -3.437500
0.496031 -5.036292 -3.437500
0.671149 -4.524518 -3.437500
0.780361 -3.923141 -3.437500
0.832444 -3.323303 -3.437500
0.853245 -2.812773 -3.437500
0.880691 -2.461366 -3.437500
0.956709 -2.309699 -3.437500
1.117706 -2.363191 -3.437500
1.385595 -2.592266 -3.437500
1.761303 -2.938557 -3.437500
2.222281 -3.325878 -3.437500
2.724744 -3.673891 -3.437500
3.210449 -3.911943 -3.437500
3.616895 -3.990629 -3.437500
3.889087 -3.889087 -3.437500
3.990629 -3.616895 -3.437500
3.911943 -3.210449 -3.437500
3.673891 -2.724744 -3.437500
3.325878 -2.222281 -3.437500
2.938557 -1.761303 -3.437500
2.592266 -1.385595 -3.437500
2.363191 -1.117706 -3.437500
2.309699 -0.956709 -3.437500
2.461366 -0.880691 -3.437500
2.812773 -0.853245 -3.437500
3.323303 -0.832444 -3.437500
3.923141 -0.780361 -3.437500
4.524518 -0.671149 -3.437500
5.036292 -0.496031 -3.437500
5.379332 -0.264270 -3.437500
5.500000 0.000000 -3.281250
5.379332 0.264270 -3.281250
5.036292 0.496031 -3.281250
4.524518 0.671149 -3.281250
3.923141 0.780361 -3.281250
3.323303 0.832444 -3.281250
2.812773 0.853245 -3.281250
2.461366 0.880691 -3.281250
2.309699 0.956709 -3.281250
2.363191 1.117706 -3.281250
2.592266 1.385595 -3.281250
2.938557 1.761303 -3.281250
3.325878 2.222281 -3.281250
3.673891 2.724744 -3.281250
3.911943 3.210449 -3.281250
3.990629 3.616895 -3.281250
3.889087 3.889087 -3.281250
3.616895 3.990629 -3.281250
3.210449 3.911943 -3.281250
2.724744 3.673891 -3.281250
2.222281 3.325878 -3.281250
1.761303 2.938557 -3.281250
1.385595 2.592266 -3.281250
1.117706 2.363191 -3.281250
0.956709 2.309699 -3.281250
0.880691 2.461366 -3.281250
0.853245 2.812773 -3.281250
0.832444 3.323303 -3.281250
0.780361 3.923141 -3.281250
0.671149 4.524518 -3.281250
0.496031 5.036292 -3.281250
0.264270 5.379332 -3.281250
0.000000 5.500000 -3.281250
-0.264270 5.379332 -3.281250
-0.496031 5.036292 -3.281250
-0.671149 4.524518 -3.281250
-0.780361 3.923141 -3.281250
-0.832444 3.323303 -3.281250
-0.853245 2.812773 -3.281250
-0.880691 2.461366 -3.281250
-0.956709 2.309699 -3.281250
-1.117706 2.363191 -3.281250
-1.385595 2.592266 -3.281250
-1.761303 2.938557 -3.281250
-2.222281 3.325878 -3.281250
-2.724744 3.673891 -3.281250
-3.210449 3.911943 -3.281250
-3.616895 3.990629 -3.281250
-3.889087 3.889087 -3.281250
-3.990629 3.616895 -3.281250
-3.911943 3.210449 -3.281250
-3.673891 2.724744 -3.281250
-3.325878 2.222281 -3.281250
-2.938557 1.761303 -3.281250
-2.592266 1.385595 -3.281250
-2.363191 1.117706 -3.281250
-2.309699 0.956709 -3.281250
-2.461366 0.880691 -3.281250
-2.812773 0.853245 -3.281250
-3.323303 0.832444 -3.281250
-3.923141 0.780361 -3.281250
-4.524518 0.671149 -3.281250
-5.036292 0.496031 -3.281250
-5.379332 0.264270 -3.281250
-5.500000 0.000000 -3.281250
-5.379332 -0.264270 -3.281250
-5.036292 -0.496031 -3.281250
-4.524518 -0.671149 -3.281250
-3.923141 -0.780361 -3.281250
-3.323303 -0.832444 -3.281250
-2.812773 -0.853245 -3.281250
-2.461366 -0.880691 -3.281250
-2.309699 -0.956709 -3.281250
-2.363191 -1.117706 -3.281250
-2.592266 -1.385595 -3.281250
-2.938557 -1.761303 -3.281250
-3.325878 -2.222281 -3.281250
-3.673891 -2.724744 -3.281250
-3.911943 -3.210449 -3.281250
-3.990629 -3.616895 -3.281250
-3.889087 -3.889087 -3.281250
-3.616895 -3.990629 -3.281250
-3.210449 -3.911943 -3.281250
-2.724744 -3.673891 -3.281250
-2.222281 -3.325878 -3.281250
-1.761303 -2.938557 -3.281250
-1.385595 -2.592266 -3.281250
-1.117706 -2.363191 -3.281250
-0.956709 -2.309699 -3.281250
-0.880691 -2.461366 -3.281250
-0.853245 -2.812773 -3.281250
-0.832444 -3.323303 -3.281250
-0.780361 -3.923141 -3.281250
-0.671149 -4.524518 -3.281250
-0.496031 -5.036292 -3.281250
-0.264270 -5.379332 -3.281250
-0.000000 -5.500000 -3.281250
0.264270 -5.379332 -3.281250
0.496031 -5.036292 -3.281250
0.671149 -4.524518 -3.281250
0.780361 -3.923141 -3.281250
0.832444 -3.323303 -3.281250
0.853245 -2.812773 -3.281250
0.880691 -2.461366 -3.281250
0.956709 -2.309699 -3.281250
1.117706 -2.363191 -3.281250
1.385595 -2.592266 -3.281250
1.761303 -2.938557 -3.281250
2.222281 -3.325878 -3.281250
2.724744 -3.673891 -3.281250
3.210449 -3.911943 -3.281250
3.616895 -3.990629 -3.281250
3.889087 -3.889087 -3.281250
3.990629 -3.616895 -3.281250
3.911943 -3.210449 -3.281250
3.673891 -2.724744 -3.281250
3.325878 -2.222281 -3.281250
2.938557 -1.761303 -3.281250
2.592266 -1.385595 -3.281250
2.363191 -1.117706 -3.281250
2.309699 -0.956709 -3.281250
2.461366 -0.880691 -3.281250
2.812773 -0.853245 -3.281250
3.323303 -0.832444 -3.281250
3.923141 -0.780361 -3.281250
4.524518 -0.671149 -3.281250
5.036292 -0.496031 -3.281250
5.379332 -0.264270 -3.281250
5.500000 0.000000 -3.125000
5.379332 0.264270 -3.125000
5.036292 0.496031 -3.125000
4.524518 0.671149 -3.125000
3.923141 0.780361 -3.125000
3.323303 0.832444 -3.125000
2.812773 0.853245 -3.125000
2.461366 0.880691 -3.125000
2.309699 0.956709 -3.125000
2.363191 1.117706 -3.125000
2.592266 1.385595 -3.125000
2.938557 1.761303 -3.125000
3.325878 2.222281 -3.125000
3.673891 2.724744 -3.125000
3.911943 3.210449 -3.125000
3.990629 3.616895 -3.125000
3.889087 3.889087 -3.125000
3.616895 3.990629 -3.125000
3.210449 3.911943 -3.125000
2.724744 3.673891 -3.125000
2.222281 3.325878 -3.125000
1.761303 2.938557 -3.125000
1.385595 2.592266 -3.125000
1.117706 2.363191 -3.125000
0.956709 2.309699 -3.125000
0.880691 2.461366 -3.125000
0.853245 2.812773 -3.125000
0.832444 3.323303 -3.125000
0.780361 3.923141 -3.125000
0.671149 4.524518 -3.125000
0.496031 5.036292 -3.125000
0.264270 5.379332 -3.125000
0.000000 5.500000 -3.125000
-0.264270 5.379332 -3.125000
-0.496031 5.036292 -3.125000
-0.671149 4.524518 -3.125000
-0.780361 3.923141 -3.125000
-0.832444 3.323303 -3.125000
-0.853245 2.812773 -3.125000
-0.880691 2.461366 -3.125000
-0.956709 2.309699 -3.125000
-1.117706 2.363191 -3.125000
-1.385595 2.592266 -3.125000
-1.761303 2.938557 -3.125000
-2.222281 3.325878 -3.125000
-2.724744 3.673891 -3.125000
-3.210449 3.911943 -3.125000
-3.616895 3.990629 -3.125000
-3.889087 3.889087 -3.125000
-3.990629 3.616895 -3.125000
-3.911943 3.210449 -3.125000
-3.673891 2.724744 -3.125000
-3.325878 2.222281 -3.125000
-2.938557 1.761303 -3.125000
-2.592266 1.385595 -3.125000
-2.363191 1.117706 -3.125000
-2.309699 0.956709 -3.125000
-2.461366 0.880691 -3.125000
-2.812773 0.853245 -3.125000
-3.323303 0.832444 -3.125000
-3.923141 0.780361 -3.125000
-4.524518 0.671149 -3.125000
-5.036292 0.496031 -3.125000
-5.379332 0.264270 -3.125000
-5.500000 0.000000 -3.125000
-5.379332 -0.264270 -3.125000
-5.036292 -0.496031 -3.125000
-4.524518 -0.671149 -3.125000
-3.923141 -0.780361 -3.125000
-3.323303 -0.832444 -3.125000
-2.812773 -0.853245 -3.125000
-2.461366 -0.880691 -3.125000
-2.309699 -0.956709 -3.125000
-2.363191 -1.117706 -3.125000
-2.592266 -1.385595 -3.125000
-2.938557 -1.761303 -3.125000
-3.325878 -2.222281 -3.125000
-3.673891 -2.724744 -3.125000
-3.911943 -3.210449 -3.125000
-3.990629 -3.616895 -3.125000
-3.889087 -3.889087 -3.125000
-3.616895 -3.990629 -3.125000
-3.210449 -3.911943 -3.125000
-2.724744 -3.673891 -3.125000
-2.222281 -3.325878 -3.125000
-1.761303 -2.938557 -3.125000
-1.385595 -2.592266 -3.125000
-1.117706 -2.363191 -3.125000
-0.956709 -2.309699 -3.125000
-0.880691 -2.461366 -3.125000
-0.853245 -2.812773 -3.125000
-0.832444 -3.323303 -3.125000
-0.780361 -3.923141 -3.125000
-0.671149 -4.524518 -3.125000
-0.496031 -5.036292 -3.125000
-0.264270 -5.379332 -3.125000
-0.000000 -5.500000 -3.125000
0.264270 -5.379332 -3.125000
0.496031 -5.036292 -3.125000
0.671149 -4.524518 -3.125000
0.780361 -3.923141 -3.125000
0.832444 -3.323303 -3.125000
0.853245 -2.812773 -3.125000
0.880691 -2.461366 -3.125000
0.956709 -2.309699 -3.125000
1.117706 -2.363191 -3.125000
1.385595 -2.592266 -3.125000
1.761303 -2.938557 -3.125000
2.222281 -3.325878 -3.125000
2.724744 -3.673891 -3.125000
3.210449 -3.911943 -3.125000
3.616895 -3.990629 -3.125000
3.889087 -3.889087 -3.125000
3.990629 -3.616895 -3.125000
3.911943 -3.210449 -3.125000
3.673891 -2.724744 -3.125000
3.325878 -2.222281 -3.125000
2.938557 -1.761303 -3.125000
2.592266 -1.385595 -3.125000
2.363191 -1.117706 -3.125000
2.309699 -0.956709 -3.125000
2.461366 -0.880691 -3.125000
2.812773 -0.853245 -3.125000
3.323303 -0.832444 -3.125000
3.923141 -0.780361 -3.125000
4.524518 -0.671149 -3.125000
5.036292 -0.496031 -3.125000
5.379332 -0.264270 -3.125000
5.500000 0.000000 -2.968750
5.379332 0.264270 -2.968750
5.036292 0.496031 -2.968750
4.524518 0.671149 -2.968750
3.923141 0.780361 -2.968750
3.323303 0.832444 -2.968750
2.812773 0.853245 -2.968750
2.461366 0.880691 -2.968750
2.309699 0.956709 -2.968750
2.363191 1.117706 -2.968750
2.592266 1.385595 -2.968750
2.938557 1.761303 -2.968750
3.325878 2.222281 -2.968750
3.673891 2.724744 -2.968750
3.911943 3.210449 -2.968750
3.990629 3.616895 -2.968750
3.889087 3.889087 -2.968750
3.616895 3.990629 -2.968750
3.210449 3.911943 -2.968750
2.724744 3.673891 -2.968750
2.222281 3.325878 -2.968750
1.761303 2.938557 -2.968750
1.385595 2.592266 -2.968750
1.117706 2.363191 -2.968750
0.956709 2.309699 -2.968750
0.880691 2.461366 -2.968750
0.853245 2.812773 -2.968750
0.832444 3.323303 -2.968750
0.780361 3.923141 -2.968750
0.671149 4.524518 -2.968750
0.496031 5.036292 -2.968750
0.264270 5.379332 -2.968750
0.000000 5.500000 -2.968750
-0.264270 5.379332 -2.968750
-0.496031 5.036292 -2.968750
-0.671149 4.524518 -2.968750
-0.780361 3.923141 -2.968750
-0.832444 3.323303 -2.968750
-0.853245 2.812773 -2.968750
-0.880691 2.461366 -2.968750
-0.956709 2.309699 -2.968750
-1.117706 2.363191 -2.968750
-1.385595 2.592266 -2.968750
-1.761303 2.938557 -2.968750
-2.222281 3.325878 -2.968750
-2.724744 3.673891 -2.968750
-3.210449 3.911943 -2.968750
-3.616895 3.990629 -2.968750
-3.889087 3.889087 -2.968750
-3.990629 3.616895 -2.968750
-3.911943 3.210449 -2.968750
-3.673891 2.724744 -2.968750
-3.325878 2.222281 -2.968750
-2.938557 1.761303 -2.968750
-2.592266 1.385595 -2.968750
-2.363191 1.117706 -2.968750
-2.309699 0.956709 -2.968750
-2.461366 0.880691 -2.968750
-2.812773 0.853245 -2.968750
-3.323303 0.832444 -2.968750
-3.923141 0.780361 -2.968750
-4.524518 0.671149 -2.968750
-5.036292 0.496031 -2.968750
-5.379332 0.264270 -2.968750
-5.500000 0.000000 -2.968750
-5.379332 -0.264270 -2.968750
-5.036292 -0.496031 -2.968750
-4.524518 -0.671149 -2.968750
-3.923141 -0.780361 -2.968750
-3.323303 -0.832444 -2.968750
-2.812773 -0.853245 -2.968750
-2.461366 -0.880691 -2.968750
-2.309699 -0.956709 -2.968750
-2.363191 -1.117706 -2.968750
-2.592266 -1.385595 -2.968750
-2.938557 -1.761303 -2.968750
-3.325878 -2.222281 -2.968750
-3.673891 -2.724744 -2.968750
-3.911943 -3.210449 -2.968750
-3.990629 -3.616895 -2.968750
-3.889087 -3.889087 -2.968750
-3.616895 -3.990629 -2.968750
-3.210449 -3.911943 -2.968750
-2.724744 -3.673891 -2.968750
-2.222281 -3.325878 -2.968750
-1.761303 -2.938557 -2.968750
-1.385595 -2.592266 -2.968750
-1.117706 -2.363191 -2.968750
-0.956709 -2.309699 -2.968750
-0.880691 -2.461366 -2.968750
-0.853245 -2.812773 -2.968750
-0.832444 -3.323303 -2.968750
-0.780361 -3.923141 -2.968750
-0.671149 -4.524518 -2.968750
-0.496031 -5.036292 -2.968750
-0.264270 -5.379332 -2.968750
-0.000000 -5.500000 -2.968750
0.264270 -5.379332 -2.968750
0.496031 -5.036292 -2.968750
0.671149 -4.524518 -2.968750
0.780361 -3.923141 -2.968750
0.832444 -3.323303 -2.968750
0.853245 -2.812773 -2.968750
0.880691 -2.461366 -2.968750
0.956709 -2.309699 -2.968750
1.117706 -2.363191 -2.968750
1.385595 -2.592266 -2.968750
1.761303 -2.938557 -2.968750
2.222281 -3.325878 -2.968750
2.724744 -3.673891 -2.968750
3.210449 -3.911943 -2.968750
3.616895 -3.990629 -2.968750
3.889087 -3.889087 -2.968750
3.990629 -3.616895 -2.968750
3.911943 -3.210449 -2.968750
3.673891 -2.724744 -2.968750
3.325878 -2.222281 -2.968750
2.938557 -1.761303 -2.968750
2.592266 -1.385595 -2.968750
2.363191 -1.117706 -2.968750
2.309699 -0.956709 -2.968750
2.461366 -0.880691 -2.968750
2.812773 -0.853245 -2.968750
3.323303 -0.832444 -2.968750
3.923141 -0.780361 -2.968750
4.524518 -0.671149 -2.968750
5.036292 -0.496031 -2.968750
5.379332 -0.264270 -2.968750
5.500000 0.000000 -2.812500
5.379332 0.264270 -2.812500
5.036292 0.496031 -2.812500
4.524518 0.671149 -2.812500
3.923141 0.780361 -2.812500
3.323303 0.832444 -2.812500
2.812773 0.853245 -2.812500
2.461366 0.880691 -2.812500
2.309699 0.956709 -2.812500
2.363191 1.117706 -2.812500
2.592266 1.385595 -2.812500
2.938557 1.761303 -2.812500
3.325878 2.222281 -2.812500
3.673891 2.724744 -2.812500
3.911943 3.210449 -2.812500
3.990629 3.616895 -2.812500
3.889087 3.889087 -2.812500
3.616895 3.990629 -2.812500
3.210449 3.911943 -2.812500
2.724744 3.673891 -2.812500
2.222281 3.325878 -2.812500
1.761303 2.938557 -2.812500
1.385595 2.592266 -2.812500
1.117706 2.363191 -2.812500
0.956709 2.309699 -2.812500
0.880691 2.461366 -2.812500
0.853245 2.812773 -2.812500
0.832444 3.323303 -2.812500
0.780361 3.923141 -2.812500
0.671149 4.524518 -2.812500
0.496031 5.036292 -2.812500
0.264270 5.379332 -2.812500
0.000000 5.500000 -2.812500
-0.264270 5.379332 -2.812500
-0.496031 5.036292 -2.812500
-0.671149 4.524518 -2.812500
-0.780361 3.923141 -2.812500
-0.832444 3.323303 -2.812500
-0.853245 2.812773 -2.812500
-0.880691 2.461366 -2.812500
-0.956709 2.309699 -2.812500
-1.117706 2.363191 -2.812500
-1.385595 2.592266 -2.812500
-1.761303 2.938557 -2.812500
-2.222281 3.325878 -2.812500
-2.724744 3.673891 -2.812500
-3.210449 3.911943 -2.812500
-3.616895 3.990629 -2.812500
-3.889087 3.889087 -2.812500
-3.990629 3.616895 -2.812500
-3.911943 3.210449 -2.812500
-3.673891 2.724744 -2.812500
-3.325878 2.222281 -2.812500
-2.938557 1.761303 -2.812500
-2.592266 1.385595 -2.812500
-2.363191 1.117706 -2.812500
-2.309699 0.956709 -2.812500
-2.461366 0.880691 -2.812500
-2.812773 0.853245 -2.812500
-3.323303 0.832444 -2.812500
-3.923141 0.780361 -2.812500
-4.524518 0.671149 -2.812500
-5.036292 0.496031 -2.812500
-5.379332 0.264270 -2.812500
-5.500000 0.000000 -2.812500
-5.379332 -0.264270 -2.812500
-5.036292 -0.496031 -2.812500
-4.524518 -0.671149 -2.812500
-3.923141 -0.780361 -2.812500
-3.323303 -0.832444 -2.812500
-2.812773 -0.853245 -2.812500
-2.461366 -0.880691 -2.812500
-2.309699 -0.956709 -2.812500
-2.363191 -1.117706 -2.812500
-2.592266 -1.385595 -2.812500
-2.938557 -1.761303 -2.812500
-3.325878 -2.222281 -2.812500
-3.673891 -2.724744 -2.812500
-3.911943 -3.210449 -2.812500
-3.990629 -3.616895 -2.812500
-3.889087 -3.889087 -2.812500
-3.616895 -3.990629 -2.812500
-3.210449 -3.911943 -2.812500
-2.724744 -3.673891 -2.812500
-2.222281 -3.325878 -2.812500
-1.761303 -2.938557 -2.812500
-1.385595 -2.592266 -2.812500
-1.117706 -2.363191 -2.812500
-0.956709 -2.309699 -2.812500
-0.880691 -2.461366 -2.812500
-0.853245 -2.812773 -2.812500
-0.832444 -3.323303 -2.812500
-0.780361 -3.923141 -2.812500
-0.671149 -4.524518 -2.812500
-0.496031 -5.036292 -2.812500
-0.264270 -5.379332 -2.812500
-0.000000 -5.500000 -2.812500
0.264270 -5.379332 -2.812500
0.496031 -5.036292 -2.812500
0.671149 -4.524518 -2.812500
0.780361 -3.923141 -2.812500
0.832444 -3.323303 -2.812500
0.853245 -2.812773 -2.812500
0.880691 -2.461366 -2.812500
0.956709 -2.309699 -2.812500
1.117706 -2.363191 -2.812500
1.385595 -2.592266 -2.812500
1.761303 -2.938557 -2.812500
2.222281 -3.325878 -2.812500
2.724744 -3.673891 -2.812500
3.210449 -3.911943 -2.812500
3.616895 -3.990629 -2.812500
3.889087 -3.889087 -2.812500
3.990629 -3.616895 -2.812500
3.911943 -3.210449 -2.812500
3.673891 -2.724744 -2.812500
3.325878 -2.222281 -2.812500
2.938557 -1.761303 -2.812500
2.592266 -1.385595 -2.812500
2.363191 -1.117706 -2.812500
2.309699 -0.956709 -2.812500
2.461366 -0.880691 -2.812500
2.812773 -0.853245 -2.812500
3.323303 -0.832444 -2.812500
3.923141 -0.780361 -2.812500
4.524518 -0.671149 -2.812500
5.036292 -0.496031 -2.812500
5.379332 -0.264270 -2.812500
5.500000 0.000000 -2.656250
5.379332 0.264270 -2.656250
5.036292 0.496031 -2.656250
4.524518 0.671149 -2.656250
3.923141 0.780361 -2.656250
3.323303 0.832444 -2.656250
2.812773 0.853245 -2.656250
2.461366 0.880691 -2.656250
2.309699 0.956709 -2.656250
2.363191 1.117706 -2.656250
2.592266 1.385595 -2.656250
2.938557 1.761303 -2.656250
3.325878 2.222281 -2.656250
3.673891 2.724744 -2.656250
3.911943 3.210449 -2.656250
3.990629 3.616895 -2.656250
3.889087 3.889087 -2.656250
3.616895 3.990629 -2.656250
3.210449 3.911943 -2.656250
2.724744 3.673891 -2.656250
2.222281 3.325878 -2.656250
1.761303 2.938557 -2.656250
1.385595 2.592266 -2.656250
1.117706 2.363191 -2.656250
0.956709 2.309699 -2.656250
0.880691 2.461366 -2.656250
0.853245 2.812773 -2.656250
0.832444 3.323303 -2.656250
0.780361 3.923141 -2.656250
0.671149 4.524518 -2.656250
0.496031 5.036292 -2.656250
0.264270 5.379332 -2.656250
0.000000 5.500000 -2.656250
-0.264270 5.379332 -2.656250
-0.496031 5.036292 -2.656250
-0.671149 4.524518 -2.656250
-0.780361 3.923141 -2.656250
-0.832444 3.323303 -2.656250
-0.853245 2.812773 -2.656250
-0.880691 2.461366 -2.656250
-0.956709 2.309699 -2.656250
-1.117706 2.363191 -2.656250
-1.385595 2.592266 -2.656250
-1.761303 2.938557 -2.656250
-2.222281 3.325878 -2.656250
-2.724744 3.673891 -2.656250
-3.210449 3.911943 -2.656250
-3.616895 3.990629 -2.656250
-3.889087 3.889087 -2.656250
-3.990629 3.616895 -2.656250
-3.911943 3.210449 -2.656250
-3.673891 2.724744 -2.656250
-3.325878 2.222281 -2.656250
-2.938557 1.761303 -2.656250
-2.592266 1.385595 -2.656250
-2.363191 1.117706 -2.656250
-2.309699 0.956709 -2.656250
-2.461366 0.880691 -2.656250
-2.812773 0.853245 -2.656250
-3.323303 0.832444 -2.656250
-3.923141 0.780361 -2.656250
-4.524518 0.671149 -2.656250
-5.036292 0.496031 -2.656250
-5.379332 0.264270 -2.656250
-5.500000 0.000000 -2.656250
-5.379332 -0.264270 -2.656250
-5.036292 -0.496031 -2.656250
-4.524518 -0.671149 -2.656250
-3.923141 -0.780361 -2.656250
-3.323303 -0.832444 -2.656250
-2.812773 -0.853245 -2.656250
-2.461366 -0.880691 -2.656250
-2.309699 -0.956709 -2.656250
-2.363191 -1.117706 -2.656250
-2.592266 -1.385595 -2.656250
-2.938557 -1.761303 -2.656250
-3.325878 -2.222281 -2.656250
-3.673891 -2.724744 -2.656250
-3.911943 -3.210449 -2.656250
-3.990629 -3.616895 -2.656250
-3.889087 -3.889087 -2.656250
-3.616895 -3.990629 -2.656250
-3.210449 -3.911943 -2.656250
-2.724744 -3.673891 -2.656250
-2.222281 -3.325878 -2.656250
-1.761303 -2.938557 -2.656250
-1.385595 -2.592266 -2.656250
-1.117706 -2.363191 -2.656250
-0.956709 -2.309699 -2.656250
-0.880691 -2.461366 -2.656250
-0.853245 -2.812773 -2.656250
-0.832444 -3.323303 -2.656250
-0.780361 -3.923141 -2.656250
-0.671149 -4.524518 -2.656250
-0.496031 -5.036292 -2.656250
-0.264270 -5.379332 -2.656250
-0.000000 -5.500000 -2.656250
0.264270 -5.379332 -2.656250
0.496031 -5.036292 -2.656250
0.671149 -4.524518 -2.656250
0.780361 -3.923141 -2.656250
0.832444 -3.323303 -2.656250
0.853245 -2.812773 -2.656250
0.880691 -2.461366 -2.656250
0.956709 -2.309699 -2.656250
1.117706 -2.363191 -2.656250
1.385595 -2.592266 -2.656250
1.761303 -2.938557 -2.656250
2.222281 -3.325878 -2.656250
2.724744 -3.673891 -2.656250
3.210449 -3.911943 -2.656250
3.616895 -3.990629 -2.656250
3.889087 -3.889087 -2.656250
3.990629 -3.616895 -2.656250
3.911943 -3.210449 -2.656250
3.673891 -2.724744 -2.656250
3.325878 -2.222281 -2.656250
2.938557 -1.761303 -2.656250
2.592266 -1.385595 -2.656250
2.363191 -1.117706 -2.656250
2.309699 -0.956709 -2.656250
2.461366 -0.880691 -2.656250
2.812773 -0.853245 -2.656250
3.323303 -0.832444 -2.656250
3.923141 -0.780361 -2.656250
4.524518 -0.671149 -2.656250
5.036292 -0.496031 -2.656250
5.379332 -0.264270 -2.656250
5.500000 0.000000 -2.500000
5.379332 0.264270 -2.500000
5.036292 0.496031 -2.500000
4.524518 0.671149 -2.500000
3.923141 0.780361 -2.500000
3.323303 0.832444 -2.500000
2.812773 0.853245 -2.500000
2.461366 0.880691 -2.500000
2.309699 0.956709 -2.500000
2.363191 1.117706 -2.500000
2.592266 1.385595 -2.500000
2.938557 1.761303 -2.500000
3.325878 2.222281 -2.500000
3.673891 2.724744 -2.500000
3.911943 3.210449 -2.500000
3.990629 3.616895 -2.500000
3.889087 3.889087 -2.500000
3.616895 3.990629 -2.500000
3.210449 3.911943 -2.500000
2.724744 3.673891 -2.500000
2.222281 3.325878 -2.500000
1.761303 2.938557 -2.500000
1.385595 2.592266 -2.500000
1.117706 2.363191 -2.500000
0.956709 2.309699 -2.500000
0.880691 2.461366 -2.500000
0.853245 2.812773 -2.500000
0.832444 3.323303 -2.500000
0.780361 3.923141 -2.500000
0.671149 4.524518 -2.500000
0.496031 5.036292 -2.500000
0.264270 5.379332 -2.500000
0.000000 5.500000 -2.500000
-0.264270 5.379332 -2.500000
-0.496031 5.036292 -2.500000
-0.671149 4.524518 -2.500000
-0.780361 3.923141 -2.500000
-0.832444 3.323303 -2.500000
-0.853245 2.812773 -2.500000
-0.880691 2.461366 -2.500000
-0.956709 2.309699 -2.500000
-1.117706 2.363191 -2.500000
-1.385595 2.592266 -2.500000
-1.761303 2.938557 -2.500000
-2.222281 3.325878 -2.500000
-2.724744 3.673891 -2.500000
-3.210449 3.911943 -2.500000
-3.616895 3.990629 -2.500000
-3.889087 3.889087 -2.500000
-3.990629 3.616895 -2.500000
-3.911943 3.210449 -2.500000
-3.673891 2.724744 -2.500000
-3.325878 2.222281 -2.500000
-2.938557 1.761303 -2.500000
-2.592266 1.385595 -2.500000
-2.363191 1.117706 -2.500000
-2.309699 0.956709 -2.500000
-2.461366 0.880691 -2.500000
-2.812773 0.853245 -2.500000
-3.323303 0.832444 -2.500000
-3.923141 0.780361 -2.500000
-4.524518 0.671149 -2.500000
-5.036292 0.496031 -2.500000
-5.379332 0.264270 -2.500000
-5.500000 0.000000 -2.500000
-5.379332 -0.264270 -2.500000
-5.036292 -0.496031 -2.500000
-4.524518 -0.671149 -2.500000
-3.923141 -0.780361 -2.500000
-3.323303 -0.832444 -2.500000
-2.812773 -0.853245 -2.500000
-2.461366 -0.880691 -2.500000
-2.309699 -0.956709 -2.500000
-2.363191 -1.117706 -2.500000
-2.592266 -1.385595 -2.500000
-2.938557 -1.761303 -2.500000
-3.325878 -2.222281 -2.500000
-3.673891 -2.724744 -2.500000
-3.911943 -3.210449 -2.500000
-3.990629 -3.616895 -2.500000
-3.889087 -3.889087 -2.500000
-3.616895 -3.990629 -2.500000
-3.210449 -3.911943 -2.500000
-2.724744 -3.673891 -2.500000
-2.222281 -3.325878 -2.500000
-1.761303 -2.938557 -2.500000
-1.385595 -2.592266 -2.500000
-1.117706 -2.363191 -2.500000
-0.956709 -2.309699 -2.500000
-0.880691 -2.461366 -2.500000
-0.853245 -2.812773 -2.500000
-0.832444 -3.323303 -2.500000
-0.780361 -3.923141 -2.500000
-0.671149 -4.524518 -2.500000
-0.496031 -5.036292 -2.500000
-0.264270 -5.379332 -2.500000
-0.000000 -5.500000 -2.500000
0.264270 -5.379332 -2.500000
0.496031 -5.036292 -2.500000
0.671149 -4.524518 -2.500000
0.780361 -3.923141 -2.500000
0.832444 -3.323303 -2.500000
0.853245 -2.812773 -2.500000
0.880691 -2.461366 -2.500000
0.956709 -2.309699 -2.500000
1.117706 -2.363191 -2.500000
1.385595 -2.592266 -2.500000
1.761303 -2.938557 -2.500000
2.222281 -3.325878 -2.500000
2.724744 -3.673891 -2.500000
3.210449 -3.911943 -2.500000
3.616895 -3.990629 -2.500000
3.889087 -3.889087 -2.500000
3.990629 -3.616895 -2.500000
3.911943 -3.210449 -2.500000
3.673891 -2.724744 -2.500000
3.325878 -2.222281 -2.500000
2.938557 -1.761303 -2.500000
2.592266 -1.385595 -2.500000
2.363191 -1.117706 -2.500000
2.309699 -0.956709 -2.500000
2.461366 -0.880691 -2.500000
2.812773 -0.853245 -2.500000
3.323303 -0.832444 -2.500000
3.923141 -0.780361 -2.500000
4.524518 -0.671149 -2.500000
5.036292 -0.496031 -2.500000
5.379332 -0.264270 -2.500000
5.500000 0.000000 -2.343750
5.379332 0.264270 -2.343750
5.036292 0.496031 -2.343750
4.524518 0.671149 -2.343750
3.923141 0.780361 -2.343750
3.323303 0.832444 -2.343750
2.812773 0.853245 -2.343750
2.461366 0.880691 -2.343750
2.309699 0.956709 -2.343750
2.363191 1.117706 -2.343750
2.592266 1.385595 -2.343750
2.938557 1.761303 -2.343750
3.325878 2.222281 -2.343750
3.673891 2.724744 -2.343750
3.911943 3.210449 -2.343750
3.990629 3.616895 -2.343750
3.889087 3.889087 -2.343750
3.616895 3.990629 -2.343750
3.210449 3.911943 -2.343750
2.724744 3.673891 -2.343750
2.222281 3.325878 -2.343750
1.761303 2.938557 -2.343750
1.385595 2.592266 -2.343750
1.117706 2.363191 -2.343750
0.956709 2.309699 -2.343750
0.880691 2.461366 -2.343750
0.853245 2.812773 -2.343750
0.832444 3.323303 -2.343750
0.780361 3.923141 -2.343750
0.671149 4.524518 -2.343750
0.496031 5.036292 -2.343750
0.264270 5.379332 -2.343750
0.000000 5.500000 -2.343750
-0.264270 5.379332 -2.343750
-0.496031 5.036292 -2.343750
-0.671149 4.524518 -2.343750
-0.780361 3.923141 -2.343750
-0.832444 3.323303 -2.343750
-0.853245 2.812773 -2.343750
-0.880691 2.461366 -2.343750
-0.956709 2.309699 -2.343750
-1.117706 2.363191 -2.343750
-1.385595 2.592266 -2.343750
-1.761303 2.938557 -2.343750
-2.222281 3.325878 -2.343750
-2.724744 3.673891 -2.343750
-3.210449 3.911943 -2.343750
-3.616895 3.990629 -2.343750
-3.889087 3.889087 -2.343750
-3.990629 3.616895 -2.343750
-3.911943 3.210449 -2.343750
-3.673891 2.724744 -2.343750
-3.325878 2.222281 -2.343750
-2.938557 1.761303 -2.343750
-2.592266 1.385595 -2.343750
-2.363191 1.117706 -2.343750
-2.309699 0.956709 -2.343750
-2.461366 0.880691 -2.343750
-2.812773 0.853245 -2.343750
-3.323303 0.832444 -2.343750
-3.923141 0.780361 -2.343750
-4.524518 0.671149 -2.343750
-5.036292 0.496031 -2.343750
-5.379332 0.264270 -2.343750
-5.500000 0.000000 -2.343750
-5.379332 -0.264270 -2.343750
-5.036292 -0.496031 -2.343750
-4.524518 -0.671149 -2.343750
-3.923141 -0.780361 -2.343750
-3.323303 -0.832444 -2.343750
-2.812773 -0.853245 -2.343750
-2.461366 -0.880691 -2.343750
-2.309699 -0.956709 -2.343750
-2.363191 -1.117706 -2.343750
-2.592266 -1.385595 -2.343750
-2.938557 -1.761303 -2.343750
-3.325878 -2.222281 -2.343750
-3.673891 -2.724744 -2.343750
-3.911943 -3.210449 -2.343750
-3.990629 -3.616895 -2.343750
-3.889087 -3.889087 -2.343750
-3.616895 -3.990629 -2.343750
-3.210449 -3.911943 -2.343750
-2.724744 -3.673891 -2.343750
-2.222281 -3.325878 -2.343750
-1.761303 -2.938557 -2.343750
-1.385595 -2.592266 -2.343750
-1.117706 -2.363191 -2.343750
-0.956709 -2.309699 -2.343750
-0.880691 -2.461366 -2.343750
-0.853245 -2.812773 -2.343750
-0.832444 -3.323303 -2.343750
-0.780361 -3.923141 -2.343750
-0.671149 -4.524518 -2.343750
-0.496031 -5.036292 -2.343750
-0.264270 -5.379332 -2.343750
-0.000000 -5.500000 -2.343750
0.264270 -5.379332 -2.343750
0.496031 -5.036292 -2.343750
0.671149 -4.524518 -2.343750
0.780361 -3.923141 -2.343750
0.832444 -3.323303 -2.343750
0.853245 -2.812773 -2.343750
0.880691 -2.461366 -2.343750
0.956709 -2.309699 -2.343750
1.117706 -2.363191 -2.343750
1.385595 -2.592266 -2.343750
1.761303 -2.938557 -2.343750
2.222281 -3.325878 -2.343750
2.724744 -3.673891 -2.343750
3.210449 -3.911943 -2.343750
3.616895 -3.990629 -2.343750
3.889087 -3.889087 -2.343750
3.990629 -3.616895 -2.343750
3.911943 -3.210449 -2.343750
3.673891 -2.724744 -2.343750
3.325878 -2.222281 -2.343750
2.938557 -1.761303 -2.343750
2.592266 -1.385595 -2.343750
2.363191 -1.117706 -2.343750
2.309699 -0.956709 -2.343750
2.461366 -0.880691 -2.343750
2.812773 -0.853245 -2.343750
3.323303 -0.832444 -2.343750
3.923141 -0.780361 -2.343750
4.524518 -0.671149 -2.343750
5.036292 -0.496031 -2.343750
5.379332 -0.264270 -2.343750
5.500000 0.000000 -2.187500
5.379332 0.264270 -2.187500
5.036292 0.496031 -2.187500
4.524518 0.671149 -2.187500
3.923141 0.780361 -2.187500
3.323303 0.832444 -2.187500
2.812773 0.853245 -2.187500
2.461366 0.880691 -2.187500
2.309699 0.956709 -2.187500
2.363191 1.117706 -2.187500
2.592266 1.385595 -2.187500
2.938557 1.761303 -2.187500
3.325878 2.222281 -2.187500
3.673891 2.724744 -2.187500
3.911943 3.210449 -2.187500
3.990629 3.616895 -2.187500
3.889087 3.889087 -2.187500
3.616895 3.990629 -2.187500
3.210449 3.911943 -2.187500
2.724744 3.673891 -2.187500
2.222281 3.325878 -2.187500
1.761303 2.938557 -2.187500
1.385595 2.592266 -2.187500
1.117706 2.363191 -2.187500
0.956709 2.309699 -2.187500
0.880691 2.461366 -2.187500
0.853245 2.812773 -2.187500
0.832444 3.323303 -2.187500
0.780361 3.923141 -2.187500
0.671149 4.524518 -2.187500
0.496031 5.036292 -2.187500
0.264270 5.379332 -2.187500
0.000000 5.500000 -2.187500
-0.264270 5.379332 -2.187500
-0.496031 5.036292 -2.187500
-0.671149 4.524518 -2.187500
-0.780361 3.923141 -2.187500
-0.832444 3.323303 -2.187500
-0.853245 2.812773 -2.187500
-0.880691 2.461366 -2.187500
-0.956709 2.309699 -2.187500
-1.117706 2.363191 -2.187500
-1.385595 2.592266 -2.187500
-1.761303 2.938557 -2.187500
-2.222281 3.325878 -2.187500
-2.724744 3.673891 -2.187500
-3.210449 3.911943 -2.187500
-3.616895 3.990629 -2.187500
-3.889087 3.889087 -2.187500
-3.990629 3.616895 -2.187500
-3.911943 3.210449 -2.187500
-3.673891 2.724744 -2.187500
-3.325878 2.222281 -2.187500
-2.938557 1.761303 -2.187500
-2.592266 1.385595 -2.187500
-2.363191 1.117706 -2.187500
-2.309699 0.956709 -2.187500
-2.461366 0.880691 -2.187500
-2.812773 0.853245 -2.187500
-3.323303 0.832444 -2.187500
-3.923141 0.780361 -2.187500
-4.524518 0.671149 -2.187500
-5.036292 0.496031 -2.187500
-5.379332 0.264270 -2.187500
-5.500000 0.000000 -2.187500
-5.379332 -0.264270 -2.187500
-5.036292 -0.496031 -2.187500
-4.524518 -0.671149 -2.187500
-3.923141 -0.780361 -2.187500
-3.323303 -0.832444 -2.187500
-2.812773 -0.853245 -2.187500
-2.461366 -0.880691 -2.187500
-2.309699 -0.956709 -2.187500
-2.363191 -1.117706 -2.187500
-2.592266 -1.385595 -2.187500
-2.938557 -1.761303 -2.187500
-3.325878 -2.222281 -2.187500
-3.673891 -2.724744 -2.187500
-3.911943 -3.210449 -2.187500
-3.990629 -3.616895 -2.187500
-3.889087 -3.889087 -2.187500
-3.616895 -3.990629 -2.187500
-3.210449 -3.911943 -2.187500
-2.724744 -3.673891 -2.187500
-2.222281 -3.325878 -2.187500
-1.761303 -2.938557 -2.187500
-1.385595 -2.592266 -2.187500
-1.117706 -2.363191 -2.187500
-0.956709 -2.309699 -2.187500
-0.880691 -2.461366 -2.187500
-0.853245 -2.812773 -2.187500
-0.832444 -3.323303 -2.187500
-0.780361 -3.923141 -2.187500
-0.671149 -4.524518 -2.187500
-0.496031 -5.036292 -2.187500
-0.264270 -5.379332 -2.187500
-0.000000 -5.500000 -2.187500
0.264270 -5.379332 -2.187500
0.496031 -5.036292 -2.187500
0.671149 -4.524518 -2.187500
0.780361 -3.923141 -2.187500
0.832444 -3.323303 -2.187500
0.853245 -2.812773 -2.187500
0.880691 -2.461366 -2.187500
0.956709 -2.309699 -2.187500
1.117706 -2.363191 -2.187500
1.385595 -2.592266 -2.187500
1.761303 -2.938557 -2.187500
2.222281 -3.325878 -2.187500
2.724744 -3.673891 -2.187500
3.210449 -3.911943 -2.187500
3.616895 -3.990629 -2.187500
3.889087 -3.889087 -2.187500
3.990629 -3.616895 -2.187500
3.911943 -3.210449 -2.187500
3.673891 -2.724744 -2.187500
3.325878 -2.222281 -2.187500
2.938557 -1.761303 -2.187500
2.592266 -1.385595 -2.187500
2.363191 -1.117706 -2.187500
2.309699 -0.956709 -2.187500
2.461366 -0.880691 -2.187500
2.812773 -0.853245 -2.187500
3.323303 -0.832444 -2.187500
3.923141 -0.780361 -2.187500
4.524518 -0.671149 -2.187500
5.036292 -0.496031 -2.187500
5.379332 -0.264270 -2.187500
5.500000 0.000000 -2.031250
5.379332 0.264270 -2.031250
5.036292 0.496031 -2.031250
4.524518 0.671149 -2.031250
3.923141 0.780361 -2.031250
3.323303 0.832444 -2.031250
2.812773 0.853245 -2.031250
2.461366 0.880691 -2.031250
2.309699 0.956709 -2.031250
2.363191 1.117706 -2.031250
2.592266 1.385595 -2.031250
2.938557 1.761303 -2.031250
3.325878 2.222281 -2.031250
3.673891 2.724744 -2.031250
3.911943 3.210449 -2.031250
3.990629 3.616895 -2.031250
3.889087 3.889087 -2.031250
3.616895 3.990629 -2.031250
3.210449 3.911943 -2.031250
2.724744 3.673891 -2.031250
2.222281 3.325878 -2.031250
1.761303 2.938557 -2.031250
1.385595 2.592266 -2.031250
1.117706 2.363191 -2.031250
0.956709 2.309699 -2.031250
0.880691 2.461366 -2.031250
0.853245 2.812773 -2.031250
0.832444 3.323303 -2.031250
0.780361 3.923141 -2.031250
0.671149 4.524518 -2.031250
0.496031 5.036292 -2.031250
0.264270 5.379332 -2.031250
0.000000 5.500000 -2.031250
-0.264270 5.379332 -2.031250
-0.496031 5.036292 -2.031250
-0.671149 4.524518 -2.031250
-0.780361 3.923141 -2.031250
-0.832444 3.323303 -2.031250
-0.853245 2.812773 -2.031250
-0.880691 2.461366 -2.031250
-0.956709 2.309699 -2.031250
-1.117706 2.363191 -2.031250
-1.385595 2.592266 -2.031250
-1.761303 2.938557 -2.031250
-2.222281 3.325878 -2.031250
-2.724744 3.673891 -2.031250
-3.210449 3.911943 -2.031250
-3.616895 3.990629 -2.031250
-3.889087 3.889087 -2.031250
-3.990629 3.616895 -2.031250
-3.911943 3.210449 -2.031250
-3.673891 2.724744 -2.031250
-3.325878 2.222281 -2.031250
-2.938557 1.761303 -2.031250
-2.592266 1.385595 -2.031250
-2.363191 1.117706 -2.031250
-2.309699 0.956709 -2.031250
-2.461366 0.880691 -2.031250
-2.812773 0.853245 -2.031250
-3.323303 0.832444 -2.031250
-3.923141 0.780361 -2.031250
-4.524518 0.671149 -2.031250
-5.036292 0.496031 -2.031250
-5.379332 0.264270 -2.031250
-5.500000 0.000000 -2.031250
-5.379332 -0.264270 -2.031250
-5.036292 -0.496031 -2.031250
-4.524518 -0.671149 -2.031250
-3.923141 -0.780361 -2.031250
-3.323303 -0.832444 -2.031250
-2.812773 -0.853245 -2.031250
-2.461366 -0.880691 -2.031250
-2.309699 -0.956709 -2.031250
-2.363191 -1.117706 -2.031250
-2.592266 -1.385595 -2.031250
-2.938557 -1.761303 -2.031250
-3.325878 -2.222281 -2.031250
-3.673891 -2.724744 -2.031250
-3.911943 -3.210449 -2.031250
-3.990629 -3.616895 -2.031250
-3.889087 -3.889087 -2.031250
-3.616895 -3.990629 -2.031250
-3.210449 -3.911943 -2.031250
-2.724744 -3.673891 -2.031250
-2.222281 -3.325878 -2.031250
-1.761303 -2.938557 -2.031250
-1.385595 -2.592266 -2.031250
-1.117706 -2.363191 -2.031250
-0.956709 -2.309699 -2.031250
-0.880691 -2.461366 -2.031250
-0.853245 -2.812773 -2.031250
-0.832444 -3.323303 -2.031250
-0.780361 -3.923141 -2.031250
-0.671149 -4.524518 -2.031250
-0.496031 -5.036292 -2.031250
-0.264270 -5.379332 -2.031250
-0.000000 -5.500000 -2.031250
0.264270 -5.379332 -2.031250
0.496031 -5.036292 -2.031250
0.671149 -4.524518 -2.031250
0.780361 -3.923141 -2.031250
0.832444 -3.323303 -2.031250
0.853245 -2.812773 -2.031250
0.880691 -2.461366 -2.031250
0.956709 -2.309699 -2.031250
1.117706 -2.363191 -2.031250
1.385595 -2.592266 -2.031250
1.761303 -2.938557 -2.031250
2.222281 -3.325878 -2.031250
2.724744 -3.673891 -2.031250
3.210449 -3.911943 -2.031250
3.616895 -3.990629 -2.031250
3.889087 -3.889087 -2.031250
3.990629 -3.616895 -2.031250
3.911943 -3.210449 -2.031250
3.673891 -2.724744 -2.031250
3.325878 -2.222281 -2.031250
2.938557 -1.761303 -2.031250
2.592266 -1.385595 -2.031250
2.363191 -1.117706 -2.031250
2.309699 -0.956709 -2.031250
2.461366 -0.880691 -2.031250
2.812773 -0.853245 -2.031250
3.323303 -0.832444 -2.031250
3.923141 -0.780361 -2.031250
4.524518 -0.671149 -2.031250
5.036292 -0.496031 -2.031250
5.379332 -0.264270 -2.031250
5.500000 0.000000 -1.875000
5.379332 0.264270 -1.875000
5.036292 0.496031 -1.875000
4.524518 0.671149 -1.875000
3.923141 0.780361 -1.875000
3.323303 0.832444 -1.875000
2.812773 0.853245 -1.875000
2.461366 0.880691 -1.875000
2.309699 0.956709 -1.875000
2.363191 1.117706 -1.875000
2.592266 1.385595 -1.875000
2.938557 1.761303 -1.875000
3.325878 2.222281 -1.875000
3.673891 2.724744 -1.875000
3.911943 3.210449 -1.875000
3.990629 3.616895 -1.875000
3.889087 3.889087 -1.875000
3.616895 3.990629 -1.875000
3.210449 3.911943 -1.875000
2.724744 3.673891 -1.875000
2.222281 3.325878 -1.875000
1.761303 2.938557 -1.875000
1.385595 2.592266 -1.875000
1.117706 2.363191 -1.875000
0.956709 2.309699 -1.875000
0.880691 2.461366 -1.875000
0.853245 2.812773 -1.875000
0.832444 3.323303 -1.875000
0.780361 3.923141 -1.875000
0.671149 4.524518 -1.875000
0.496031 5.036292 -1.875000
0.264270 5.379332 -1.875000
0.000000 5.500000 -1.875000
-0.264270 5.379332 -1.875000
-0.496031 5.036292 -1.875000
-0.671149 4.524518 -1.875000
-0.780361 3.923141 -1.875000
-0.832444 3.323303 -1.875000
-0.853245 2.812773 -1.875000
-0.880691 2.461366 -1.875000
-0.956709 2.309699 -1.875000
-1.117706 2.363191 -1.875000
-1.385595 2.592266 -1.875000
-1.761303 2.938557 -1.875000
-2.222281 3.325878 -1.875000
-2.724744 3.673891 -1.875000
-3.210449 3.911943 -1.875000
-3.616895 3.990629 -1.875000
-3.889087 3.889087 -1.875000
-3.990629 3.616895 -1.875000
-3.911943 3.210449 -1.875000
-3.673891 2.724744 -1.875000
-3.325878 2.222281 -1.875000
-2.938557 1.761303 -1.875000
-2.592266 1.385595 -1.875000
-2.363191 1.117706 -1.875000
-2.309699 0.956709 -1.875000
-2.461366 0.880691 -1.875000
-2.812773 0.853245 -1.875000
-3.323303 0.832444 -1.875000
-3.923141 0.780361 -1.875000
-4.524518 0.671149 -1.875000
-5.036292 0.496031 -1.875000
-5.379332 0.264270 -1.875000
-5.500000 0.000000 -1.875000
-5.379332 -0.264270 -1.875000
-5.036292 -0.496031 -1.875000
-4.524518 -0.671149 -1.875000
-3.923141 -0.780361 -1.875000
-3.323303 -0.832444 -1.875000
-2.812773 -0.853245 -1.875000
-2.461366 -0.880691 -1.875000
-2.309699 -0.956709 -1.875000
-2.363191 -1.117706 -1.875000
-2.592266 -1.385595 -1.875000
-2.938557 -1.761303 -1.875000
-3.325878 -2.222281 -1.875000
-3.673891 -2.724744 -1.875000
-3.911943 -3.210449 -1.875000
-3.990629 -3.616895 -1.875000
-3.889087 -3.889087 -1.875000
-3.616895 -3.990629 -1.875000
-3.210449 -3.911943 -1.875000
-2.724744 -3.673891 -1.875000
-2.222281 -3.325878 -1.875000
-1.761303 -2.938557 -1.875000
-1.385595 -2.592266 -1.875000
-1.117706 -2.363191 -1.875000
-0.956709 -2.309699 -1.875000
-0.880691 -2.461366 -1.875000
-0.853245 -2.812773 -1.875000
-0.832444 -3.323303 -1.875000
-0.780361 -3.923141 -1.875000
-0.671149 -4.524518 -1.875000
-0.496031 -5.036292 -1.875000
-0.264270 -5.379332 -1.875000
-0.000000 -5.500000 -1.875000
0.264270 -5.379332 -1.875000
0.496031 -5.036292 -1.875000
0.671149 -4.524518 -1.875000
0.780361 -3.923141 -1.875000
0.832444 -3.323303 -1.875000
0.853245 -2.812773 -1.875000
0.880691 -2.461366 -1.875000
0.956709 -2.309699 -1.875000
1.117706 -2.363191 -1.875000
1.385595 -2.592266 -1.875000
1.761303 -2.938557 -1.875000
2.222281 -3.325878 -1.875000
2.724744 -3.673891 -1.875000
3.210449 -3.911943 -1.875000
3.616895 -3.990629 -1.875000
3.889087 -3.889087 -1.875000
3.990629 -3.616895 -1.875000
3.911943 -3.210449 -1.875000
3.673891 -2.724744 -1.875000
3.325878 -2.222281 -1.875000
2.938557 -1.761303 -1.875000
2.592266 -1.385595 -1.875000
2.363191 -1.117706 -1.875000
2.309699 -0.956709 -1.875000
2.461366 -0.880691 -1.875000
2.812773 -0.853245 -1.875000
3.323303 -0.832444 -1.875000
3.923141 -0.780361 -1.875000
4.524518 -0.671149 -1.875000
5.036292 -0.496031 -1.875000
5.379332 -0.264270 -1.875000
5.500000 0.000000 -1.718750
5.379332 0.264270 -1.718750
5.036292 0.496031 -1.718750
4.524518 0.671149 -1.718750
3.923141 0.780361 -1.718750
3.323303 0.832444 -1.718750
2.812773 0.853245 -1.718750
2.461366 0.880691 -1.718750
2.309699 0.956709 -1.718750
2.363191 1.117706 -1.718750
2.592266 1.385595 -1.718750
2.938557 1.761303 -1.718750
3.325878 2.222281 -1.718750
3.673891 2.724744 -1.718750
3.911943 3.210449 -1.718750
3.990629 3.616895 -1.718750
3.889087 3.889087 -1.718750
3.616895 3.990629 -1.718750
3.210449 3.911943 -1.718750
2.724744 3.673891 -1.718750
2.222281 3.325878 -1.718750
1.761303 2.938557 -1.718750
1.385595 2.592266 -1.718750
1.117706 2.363191 -1.718750
0.956709 2.309699 -1.718750
0.880691 2.461366 -1.718750
0.853245 2.812773 -1.718750
0.832444 3.323303 -1.718750
0.780361 3.923141 -1.718750
0.671149 4.524518 -1.718750
0.496031 5.036292 -1.718750
0.264270 5.379332 -1.718750
0.000000 5.500000 -1.718750
-0.264270 5.379332 -1.718750
-0.496031 5.036292 -1.718750
-0.671149 4.524518 -1.718750
-0.780361 3.923141 -1.718750
-0.832444 3.323303 -1.718750
-0.853245 2.812773 -1.718750
-0.880691 2.461366 -1.718750
-0.956709 2.309699 -1.718750
-1.117706 2.363191 -1.718750
-1.385595 2.592266 -1.718750
-1.761303 2.938557 -1.718750
-2.222281 3.325878 -1.718750
-2.724744 3.673891 -1.718750
-3.210449 3.911943 -1.718750
-3.616895 3.990629 -1.718750
-3.889087 3.889087 -1.718750
-3.990629 3.616895 -1.718750
-3.911943 3.210449 -1.718750
-3.673891 2.724744 -1.718750
-3.325878 2.222281 -1.718750
-2.938557 1.761303 -1.718750
-2.592266 1.385595 -1.718750
-2.363191 1.117706 -1.718750
-2.309699 0.956709 -1.718750
-2.461366 0.880691 -1.718750
-2.812773 0.853245 -1.718750
-3.323303 0.832444 -1.718750
-3.923141 0.780361 -1.718750
-4.524518 0.671149 -1.718750
-5.036292 0.496031 -1.718750
-5.379332 0.264270 -1.718750
-5.500000 0.000000 -1.718750
-5.379332 -0.264270 -1.718750
-5.036292 -0.496031 -1.718750
-4.524518 -0.671149 -1.718750
-3.923141 -0.780361 -1.718750
-3.323303 -0.832444 -1.718750
-2.812773 -0.853245 -1.718750
-2.461366 -0.880691 -1.718750
-2.309699 -0.956709 -1.718750
-2.363191 -1.117706 -1.718750
-2.592266 -1.385595 -1.718750
-2.938557 -1.761303 -1.718750
-3.325878 -2.222281 -1.718750
-3.673891 -2.724744 -1.718750
-3.911943 -3.210449 -1.718750
-3.990629 -3.616895 -1.718750
-3.889087 -3.889087 -1.718750
-3.616895 -3.990629 -1.718750
-3.210449 -3.911943 -1.718750
-2.724744 -3.673891 -1.718750
-2.222281 -3.325878 -1.718750
-1.761303 -2.938557 -1.718750
-1.385595 -2.592266 -1.718750
-1.117706 -2.363191 -1.718750
-0.956709 -2.309699 -1.718750
-0.880691 -2.461366 -1.718750
-0.853245 -2.812773 -1.718750
-0.832444 -3.323303 -1.718750
-0.780361 -3.923141 -1.718750
-0.671149 -4.524518 -1.718750
-0.496031 -5.036292 -1.718750
-0.264270 -5.379332 -1.718750
-0.000000 -5.500000 -1.718750
0.264270 -5.379332 -1.718750
0.496031 -5.036292 -1.718750
0.671149 -4.524518 -1.718750
0.780361 -3.923141 -1.718750
0.832444 -3.323303 -1.718750
0.853245 -2.812773 -1.718750
0.880691 -2.461366 -1.718750
0.956709 -2.309699 -1.718750
1.117706 -2.363191 -1.718750
1.385595 -2.592266 -1.718750
1.761303 -2.938557 -1.718750
2.222281 -3.325878 -1.718750
2.724744 -3.673891 -1.718750
3.210449 -3.911943 -1.718750
3.616895 -3.990629 -1.718750
3.889087 -3.889087 -1.718750
3.990629 -3.616895 -1.718750
3.911943 -3.210449 -1.718750
3.673891 -2.724744 -1.718750
3.325878 -2.222281 -1.718750
2.938557 -1.761303 -1.718750
2.592266 -1.385595 -1.718750
2.363191 -1.117706 -1.718750
2.309699 -0.956709 -1.718750
2.461366 -0.880691 -1.718750
2.812773 -0.853245 -1.718750
3.323303 -0.832444 -1.718750
3.923141 -0.780361 -1.718750
4.524518 -0.671149 -1.718750
5.036292 -0.496031 -1.718750
5.379332 -0.264270 -1.718750
5.500000 0.000000 -1.562500
5.379332 0.264270 -1.562500
5.036292 0.496031 -1.562500
4.524518 0.671149 -1.562500
3.923141 0.780361 -1.562500
3.323303 0.832444 -1.562500
2.812773 0.853245 -1.562500
2.461366 0.880691 -1.562500
2.309699 0.956709 -1.562500
2.363191 1.117706 -1.562500
2.592266 1.385595 -1.562500
2.938557 1.761303 -1.562500
3.325878 2.222281 -1.562500
3.673891 2.724744 -1.562500
3.911943 3.210449 -1.562500
3.990629 3.616895 -1.562500
3.889087 3.889087 -1.562500
3.616895 3.990629 -1.562500
3.210449 3.911943 -1.562500
2.724744 3.673891 -1.562500
2.222281 3.325878 -1.562500
1.761303 2.938557 -1.562500
1.385595 2.592266 -1.562500
1.117706 2.363191 -1.562500
0.956709 2.309699 -1.562500
0.880691 2.461366 -1.562500
0.853245 2.812773 -1.562500
0.832444 3.323303 -1.562500
0.780361 3.923141 -1.562500
0.671149 4.524518 -1.562500
0.496031 5.036292 -1.562500
0.264270 5.379332 -1.562500
0.000000 5.500000 -1.562500
-0.264270 5.379332 -1.562500
-0.496031 5.036292 -1.562500
-0.671149 4.524518 -1.562500
-0.780361 3.923141 -1.562500
-0.832444 3.323303 -1.562500
-0.853245 2.812773 -1.562500
-0.880691 2.461366 -1.562500
-0.956709 2.309699 -1.562500
-1.117706 2.363191 -1.562500
-1.385595 2.592266 -1.562500
-1.761303 2.938557 -1.562500
-2.222281 3.325878 -1.562500
-2.724744 3.673891 -1.562500
-3.210449 3.911943 -1.562500
-3.616895 3.990629 -1.562500
-3.889087 3.889087 -1.562500
-3.990629 3.616895 -1.562500
-3.911943 3.210449 -1.562500
-3.673891 2.724744 -1.562500
-3.325878 2.222281 -1.562500
-2.938557 1.761303 -1.562500
-2.592266 1.385595 -1.562500
-2.363191 1.117706 -1.562500
-2.309699 0.956709 -1.562500
-2.461366 0.880691 -1.562500
-2.812773 0.853245 -1.562500
-3.323303 0.832444 -1.562500
-3.923141 0.780361 -1.562500
-4.524518 0.671149 -1.562500
-5.036292 0.496031 -1.562500
-5.379332 0.264270 -1.562500
-5.500000 0.000000 -1.562500
-5.379332 -0.264270 -1.562500
-5.036292 -0.496031 -1.562500
-4.524518 -0.671149 -1.562500
-3.923141 -0.780361 -1.562500
-3.323303 -0.832444 -1.562500
-2.812773 -0.853245 -1.562500
-2.461366 -0.880691 -1.562500
-2.309699 -0.956709 -1.562500
-2.363191 -1.117706 -1.562500
-2.592266 -1.385595 -1.562500
-2.938557 -1.761303 -1.562500
-3.325878 -2.222281 -1.562500
-3.673891 -2.724744 -1.562500
-3.911943 -3.210449 -1.562500
-3.990629 -3.616895 -1.562500
-3.889087 -3.889087 -1.562500
-3.616895 -3.990629 -1.562500
-3.210449 -3.911943 -1.562500
-2.724744 -3.673891 -1.562500
-2.222281 -3.325878 -1.562500
-1.761303 -2.938557 -1.562500
-1.385595 -2.592266 -1.562500
-1.117706 -2.363191 -1.562500
-0.956709 -2.309699 -1.562500
-0.880691 -2.461366 -1.562500
-0.853245 -2.812773 -1.562500
-0.832444 -3.323303 -1.562500
-0.780361 -3.923141 -1.562500
-0.671149 -4.524518 -1.562500
-0.496031 -5.036292 -1.562500
-0.264270 -5.379332 -1.562500
-0.000000 -5.500000 -1.562500
0.264270 -5.379332 -1.562500
0.496031 -5.036292 -1.562500
0.671149 -4.524518 -1.562500
0.780361 -3.923141 -1.562500
0.832444 -3.323303 -1.562500
0.853245 -2.812773 -1.562500
0.880691 -2.461366 -1.562500
0.956709 -2.309699 -1.562500
1.117706 -2.363191 -1.562500
1.385595 -2.592266 -1.562500
1.761303 -2.938557 -1.562500
2.222281 -3.325878 -1.562500
2.724744 -3.673891 -1.562500
3.210449 -3.911943 -1.562500
3.616895 -3.990629 -1.562500
3.889087 -3.889087 -1.562500
3.990629 -3.616895 -1.562500
3.911943 -3.210449 -1.562500
3.673891 -2.724744 -1.562500
3.325878 -2.222281 -1.562500
2.938557 -1.761303 -1.562500
2.592266 -1.385595 -1.562500
2.363191 -1.117706 -1.562500
2.309699 -0.956709 -1.562500
2.461366 -0.880691 -1.562500
2.812773 -0.853245 -1.562500
3.323303 -0.832444 -1.562500
3.923141 -0.780361 -1.562500
4.524518 -0.671149 -1.562500
5.036292 -0.496031 -1.562500
5.379332 -0.264270 -1.562500
5.500000 0.000000 -1.406250
5.379332 0.264270 -1.406250
5.036292 0.496031 -1.406250
4.524518 0.671149 -1.406250
3.923141 0.780361 -1.406250
3.323303 0.832444 -1.406250
2.812773 0.853245 -1.406250
2.461366 0.880691 -1.406250
2.309699 0.956709 -1.406250
2.363191 1.117706 -1.406250
2.592266 1.385595 -1.406250
2.938557 1.761303 -1.406250
3.325878 2.222281 -1.406250
3.673891 2.724744 -1.406250
3.911943 3.210449 -1.406250
3.990629 3.616895 -1.406250
3.889087 3.889087 -1.406250
3.616895 3.990629 -1.406250
3.210449 3.911943 -1.406250
2.724744 3.673891 -1.406250
2.222281 3.325878 -1.406250
1.761303 2.938557 -1.406250
1.385595 2.592266 -1.406250
1.117706 2.363191 -1.406250
0.956709 2.309699 -1.406250
0.880691 2.461366 -1.406250
0.853245 2.812773 -1.406250
0.832444 3.323303 -1.406250
0.780361 3.923141 -1.406250
0.671149 4.524518 -1.406250
0.496031 5.036292 -1.406250
0.264270 5.379332 -1.406250
0.000000 5.500000 -1.406250
-0.264270 5.379332 -1.406250
-0.496031 5.036292 -1.406250
-0.671149 4.524518 -1.406250
-0.780361 3.923141 -1.406250
-0.832444 3.323303 -1.406250
-0.853245 2.812773 -1.406250
-0.880691 2.461366 -1.406250
-0.956709 2.309699 -1.406250
-1.117706 2.363191 -1.406250
-1.385595 2.592266 -1.406250
-1.761303 2.938557 -1.406250
-2.222281 3.325878 -1.406250
-2.724744 3.673891 -1.406250
-3.210449 3.911943 -1.406250
-3.616895 3.990629 -1.406250
-3.889087 3.889087 -1.406250
-3.990629 3.616895 -1.406250
-3.911943 3.210449 -1.406250
-3.673891 2.724744 -1.406250
-3.325878 2.222281 -1.406250
-2.938557 1.761303 -1.406250
-2.592266 1.385595 -1.406250
-2.363191 1.117706 -1.406250
-2.309699 0.956709 -1.406250
-2.461366 0.880691 -1.406250
-2.812773 0.853245 -1.406250
-3.323303 0.832444 -1.406250
-3.923141 0.780361 -1.406250
-4.524518 0.671149 -1.406250
-5.036292 0.496031 -1.406250
-5.379332 0.264270 -1.406250
-5.500000 0.000000 -1.406250
-5.379332 -0.264270 -1.406250
-5.036292 -0.496031 -1.406250
-4.524518 -0.671149 -1.406250
-3.923141 -0.780361 -1.406250
-3.323303 -0.832444 -1.406250
-2.812773 -0.853245 -1.406250
-2.461366 -0.880691 -1.406250
-2.309699 -0.956709 -1.406250
-2.363191 -1.117706 -1.406250
-2.592266 -1.385595 -1.406250
-2.938557 -1.761303 -1.406250
-3.325878 -2.222281 -1.406250
-3.673891 -2.724744 -1.406250
-3.911943 -3.210449 -1.406250
-3.990629 -3.616895 -1.406250
-3.889087 -3.889087 -1.406250
-3.616895 -3.990629 -1.406250
-3.210449 -3.911943 -1.406250
-2.724744 -3.673891 -1.406250
-2.222281 -3.325878 -1.406250
-1.761303 -2.938557 -1.406250
-1.385595 -2.592266 -1.406250
-1.117706 -2.363191 -1.406250
-0.956709 -2.309699 -1.406250
-0.880691 -2.461366 -1.406250
-0.853245 -2.812773 -1.406250
-0.832444 -3.323303 -1.406250
-0.780361 -3.923141 -1.406250
-0.671149 -4.524518 -1.406250
-0.496031 -5.036292 -1.406250
-0.264270 -5.379332 -1.406250
-0.000000 -5.500000 -1.406250
0.264270 -5.379332 -1.406250
0.496031 -5.036292 -1.406250
0.671149 -4.524518 -1.406250
0.780361 -3.923141 -1.406250
0.832444 -3.323303 -1.406250
0.853245 -2.812773 -1.406250
0.880691 -2.461366 -1.406250
0.956709 -2.309699 -1.406250
1.117706 -2.363191 -1.406250
1.385595 -2.592266 -1.406250
1.761303 -2.938557 -1.406250
2.222281 -3.325878 -1.406250
2.724744 -3.673891 -1.406250
3.210449 -3.911943 -1.406250
3.616895 -3.990629 -1.406250
3.889087 -3.889087 -1.406250
3.990629 -3.616895 -1.406250
3.911943 -3.210449 -1.406250
3.673891 -2.724744 -1.406250
3.325878 -2.222281 -1.406250
2.938557 -1.761303 -1.406250
2.592266 -1.385595 -1.406250
2.363191 -1.117706 -1.406250
2.309699 -0.956709 -1.406250
2.461366 -0.880691 -1.406250
2.812773 -0.853245 -1.406250
3.323303 -0.832444 -1.406250
3.923141 -0.780361 -1.406250
4.524518 -0.671149 -1.406250
5.036292 -0.496031 -1.406250
5.379332 -0.264270 -1.406250
5.500000 0.000000 -1.250000
5.379332 0.264270 -1.250000
5.036292 0.496031 -1.250000
4.524518 0.671149 -1.250000
3.923141 0.780361 -1.250000
3.323303 0.832444 -1.250000
2.812773 0.853245 -1.250000
2.461366 0.880691 -1.250000
2.309699 0.956709 -1.250000
2.363191 1.117706 -1.250000
2.592266 1.385595 -1.250000
2.938557 1.761303 -1.250000
3.325878 2.222281 -1.250000
3.673891 2.724744 -1.250000
3.911943 3.210449 -1.250000
3.990629 3.616895 -1.250000
3.889087 3.889087 -1.250000
3.616895 3.990629 -1.250000
3.210449 3.911943 -1.250000
2.724744 3.673891 -1.250000
2.222281 3.325878 -1.250000
1.761303 2.938557 -1.250000
1.385595 2.592266 -1.250000
1.117706 2.363191 -1.250000
0.956709 2.309699 -1.250000
0.880691 2.461366 -1.250000
0.853245 2.812773 -1.250000
0.832444 3.323303 -1.250000
0.780361 3.923141 -1.250000
0.671149 4.524518 -1.250000
0.496031 5.036292 -1.250000
0.264270 5.379332 -1.250000
0.000000 5.500000 -1.250000
-0.264270 5.379332 -1.250000
-0.496031 5.036292 -1.250000
-0.671149 4.524518 -1.250000
-0.780361 3.923141 -1.250000
-0.832444 3.323303 -1.250000
-0.853245 2.812773 -1.250000
-0.880691 2.461366 -1.250000
-0.956709 2.309699 -1.250000
-1.117706 2.363191 -1.250000
-1.385595 2.592266 -1.250000
-1.761303 2.938557 -1.250000
-2.222281 3.325878 -1.250000
-2.724744 3.673891 -1.250000
-3.210449 3.911943 -1.250000
-3.616895 3.990629 -1.250000
-3.889087 3.889087 -1.250000
-3.990629 3.616895 -1.250000
-3.911943 3.210449 -1.250000
-3.673891 2.724744 -1.250000
-3.325878 2.222281 -1.250000
-2.938557 1.761303 -1.250000
-2.592266 1.385595 -1.250000
-2.363191 1.117706 -1.250000
-2.309699 0.956709 -1.250000
-2.461366 0.880691 -1.250000
-2.812773 0.853245 -1.250000
-3.323303 0.832444 -1.250000
-3.923141 0.780361 -1.250000
-4.524518 0.671149 -1.250000
-5.036292 0.496031 -1.250000
-5.379332 0.264270 -1.250000
-5.500000 0.000000 -1.250000
-5.379332 -0.264270 -1.250000
-5.036292 -0.496031 -1.250000
-4.524518 -0.671149 -1.250000
-3.923141 -0.780361 -1.250000
-3.323303 -0.832444 -1.250000
-2.812773 -0.853245 -1.250000
-2.461366 -0.880691 -1.250000
-2.309699 -0.956709 -1.250000
-2.363191 -1.117706 -1.250000
-2.592266 -1.385595 -1.250000
-2.938557 -1.761303 -1.250000
-3.325878 -2.222281 -1.250000
-3.673891 -2.724744 -1.250000
-3.911943 -3.210449 -1.250000
-3.990629 -3.616895 -1.250000
-3.889087 -3.889087 -1.250000
-3.616895 -3.990629 -1.250000
-3.210449 -3.911943 -1.250000
-2.724744 -3.673891 -1.250000
-2.222281 -3.325878 -1.250000
-1.761303 -2.938557 -1.250000
-1.385595 -2.592266 -1.250000
-1.117706 -2.363191 -1.250000
-0.956709 -2.309699 -1.250000
-0.880691 -2.461366 -1.250000
-0.853245 -2.812773 -1.250000
-0.832444 -3.323303 -1.250000
-0.780361 -3.923141 -1.250000
-0.671149 -4.524518 -1.250000
-0.496031 -5.036292 -1.250000
-0.264270 -5.379332 -1.250000
-0.000000 -5.500000 -1.250000
0.264270 -5.379332 -1.250000
0.496031 -5.036292 -1.250000
0.671149 -4.524518 -1.250000
0.780361 -3.923141 -1.250000
0.832444 -3.323303 -1.250000
0.853245 -2.812773 -1.250000
0.880691 -2.461366 -1.250000
0.956709 -2.309699 -1.250000
1.117706 -2.363191 -1.250000
1.385595 -2.592266 -1.250000
1.761303 -2.938557 -1.250000
2.222281 -3.325878 -1.250000
2.724744 -3.673891 -1.250000
3.210449 -3.911943 -1.250000
3.616895 -3.990629 -1.250000
3.889087 -3.889087 -1.250000
3.990629 -3.616895 -1.250000
3.911943 -3.210449 -1.250000
3.673891 -2.724744 -1.250000
3.325878 -2.222281 -1.250000
2.938557 -1.761303 -1.250000
2.592266 -1.385595 -1.250000
2.363191 -1.117706 -1.250000
2.309699 -0.956709 -1.250000
2.461366 -0.880691 -1.250000
2.812773 -0.853245 -1.250000
3.323303 -0.832444 -1.250000
3.923141 -0.780361 -1.250000
4.524518 -0.671149 -1.250000
5.036292 -0.496031 -1.250000
5.379332 -0.264270 -1.250000
5.500000 0.000000 -1.093750
5.379332 0.264270 -1.093750
5.036292 0.496031 -1.093750
4.524518 0.671149 -1.093750
3.923141 0.780361 -1.093750
3.323303 0.832444 -1.093750
2.812773 0.853245 -1.093750
2.461366 0.880691 -1.093750
2.309699 0.956709 -1.093750
2.363191 1.117706 -1.093750
2.592266 1.385595 -1.093750
2.938557 1.761303 -1.093750
3.325878 2.222281 -1.093750
3.673891 2.724744 -1.093750
3.911943 3.210449 -1.093750
3.990629 3.616895 -1.093750
3.889087 3.889087 -1.093750
3.616895 3.990629 -1.093750
3.210449 3.911943 -1.093750
2.724744 3.673891 -1.093750
2.222281 3.325878 -1.093750
1.761303 2.938557 -1.093750
1.385595 2.592266 -1.093750
1.117706 2.363191 -1.093750
0.956709 2.309699 -1.093750
0.880691 2.461366 -1.093750
0.853245 2.812773 -1.093750
0.832444 3.323303 -1.093750
0.780361 3.923141 -1.093750
0.671149 4.524518 -1.093750
0.496031 5.036292 -1.093750
0.264270 5.379332 -1.093750
0.000000 5.500000 -1.093750
-0.264270 5.379332 -1.093750
-0.496031 5.036292 -1.093750
-0.671149 4.524518 -1.093750
-0.780361 3.923141 -1.093750
-0.832444 3.323303 -1.093750
-0.853245 2.812773 -1.093750
-0.880691 2.461366 -1.093750
-0.956709 2.309699 -1.093750
-1.117706 2.363191 -1.093750
-1.385595 2.592266 -1.093750
-1.761303 2.938557 -1.093750
-2.222281 3.325878 -1.093750
-2.724744 3.673891 -1.093750
-3.210449 3.911943 -1.093750
-3.616895 3.990629 -1.093750
-3.889087 3.889087 -1.093750
-3.990629 3.616895 -1.093750
-3.911943 3.210449 -1.093750
-3.673891 2.724744 -1.093750
-3.325878 2.222281 -1.093750
-2.938557 1.761303 -1.093750
-2.592266 1.385595 -1.093750
-2.363191 1.117706 -1.093750
-2.309699 0.956709 -1.093750
-2.461366 0.880691 -1.093750
-2.812773 0.853245 -1.093750
-3.323303 0.832444 -1.093750
-3.923141 0.780361 -1.093750
-4.524518 0.671149 -1.093750
-5.036292 0.496031 -1.093750
-5.379332 0.264270 -1.093750
-5.500000 0.000000 -1.093750
-5.379332 -0.264270 -1.093750
-5.036292 -0.496031 -1.093750
-4.524518 -0.671149 -1.093750
-3.923141 -0.780361 -1.093750
-3.323303 -0.832444 -1.093750
-2.812773 -0.853245 -1.093750
-2.461366 -0.880691 -1.093750
-2.309699 -0.956709 -1.093750
-2.363191 -1.117706 -1.093750
-2.592266 -1.385595 -1.093750
-2.938557 -1.761303 -1.093750
-3.325878 -2.222281 -1.093750
-3.673891 -2.724744 -1.093750
-3.911943 -3.210449 -1.093750
-3.990629 -3.616895 -1.093750
-3.889087 -3.889087 -1.093750
-3.616895 -3.990629 -1.093750
-3.210449 -3.911943 -1.093750
-2.724744 -3.673891 -1.093750
-2.222281 -3.325878 -1.093750
-1.761303 -2.938557 -1.093750
-1.385595 -2.592266 -1.093750
-1.117706 -2.363191 -1.093750
-0.956709 -2.309699 -1.093750
-0.880691 -2.461366 -1.093750
-0.853245 -2.812773 -1.093750
-0.832444 -3.323303 -1.093750
-0.780361 -3.923141 -1.093750
-0.671149 -4.524518 -1.093750
-0.496031 -5.036292 -1.093750
-0.264270 -5.379332 -1.093750
-0.000000 -5.500000 -1.093750
0.264270 -5.379332 -1.093750
0.496031 -5.036292 -1.093750
0.671149 -4.524518 -1.093750
0.780361 -3.923141 -1.093750
0.832444 -3.323303 -1.093750
0.853245 -2.812773 -1.093750
0.880691 -2.461366 -1.093750
0.956709 -2.309699 -1.093750
1.117706 -2.363191 -1.093750
1.385595 -2.592266 -1.093750
1.761303 -2.938557 -1.093750
2.222281 -3.325878 -1.093750
2.724744 -3.673891 -1.093750
3.210449 -3.911943 -1.093750
3.616895 -3.990629 -1.093750
3.889087 -3.889087 -1.093750
3.990629 -3.616895 -1.093750
3.911943 -3.210449 -1.093750
3.673891 -2.724744 -1.093750
3.325878 -2.222281 -1.093750
2.938557 -1.761303 -1.093750
2.592266 -1.385595 -1.093750
2.363191 -1.117706 -1.093750
2.309699 -0.956709 -1.093750
2.461366 -0.880691 -1.093750
2.812773 -0.853245 -1.093750
3.323303 -0.832444 -1.093750
3.923141 -0.780361 -1.093750
4.524518 -0.671149 -1.093750
5.036292 -0.496031 -1.093750
5.379332 -0.264270 -1.093750
5.500000 0.000000 -0.937500
5.379332 0.264270 -0.937500
5.036292 0.496031 -0.937500
4.524518 0.671149 -0.937500
3.923141 0.780361 -0.937500
3.323303 0.832444 -0.937500
2.812773 0.853245 -0.937500
2.461366 0.880691 -0.937500
2.309699 0.956709 -0.937500
2.363191 1.117706 -0.937500
2.592266 1.385595 -0.937500
2.938557 1.761303 -0.937500
3.325878 2.222281 -0.937500
3.673891 2.724744 -0.937500
3.911943 3.210449 -0.937500
3.990629 3.616895 -0.937500
3.889087 3.889087 -0.937500
3.616895 3.990629 -0.937500
3.210449 3.911943 -0.937500
2.724744 3.673891 -0.937500
2.222281 3.325878 -0.937500
1.761303 2.938557 -0.937500
1.385595 2.592266 -0.937500
1.117706 2.363191 -0.937500
0.956709 2.309699 -0.937500
0.880691 2.461366 -0.937500
0.853245 2.812773 -0.937500
0.832444 3.323303 -0.937500
0.780361 3.923141 -0.937500
0.671149 4.524518 -0.937500
0.496031 5.036292 -0.937500
0.264270 5.379332 -0.937500
0.000000 5.500000 -0.937500
-0.264270 5.379332 -0.937500
-0.496031 5.036292 -0.937500
-0.671149 4.524518 -0.937500
-0.780361 3.923141 -0.937500
-0.832444 3.323303 -0.937500
-0.853245 2.812773 -0.937500
-0.880691 2.461366 -0.937500
-0.956709 2.309699 -0.937500
-1.117706 2.363191 -0.937500
-1.385595 2.592266 -0.937500
-1.761303 2.938557 -0.937500
-2.222281 3.325878 -0.937500
-2.724744 3.673891 -0.937500
-3.210449 3.911943 -0.937500
-3.616895 3.990629 -0.937500
-3.889087 3.889087 -0.937500
-3.990629 3.616895 -0.937500
-3.911943 3.210449 -0.937500
-3.673891 2.724744 -0.937500
-3.325878 2.222281 -0.937500
-2.938557 1.761303 -0.937500
-2.592266 1.385595 -0.937500
-2.363191 1.117706 -0.937500
-2.309699 0.956709 -0.937500
-2.461366 0.880691 -0.937500
-2.812773 0.853245 -0.937500
-3.323303 0.832444 -0.937500
-3.923141 0.780361 -0.937500
-4.524518 0.671149 -0.937500
-5.036292 0.496031 -0.937500
-5.379332 0.264270 -0.937500
-5.500000 0.000000 -0.937500
-5.379332 -0.264270 -0.937500
-5.036292 -0.496031 -0.937500
-4.524518 -0.671149 -0.937500
-3.923141 -0.780361 -0.937500
-3.323303 -0.832444 -0.937500
-2.812773 -0.853245 -0.937500
-2.461366 -0.880691 -0.937500
-2.309699 -0.956709 -0.937500
-2.363191 -1.117706 -0.937500
-2.592266 -1.385595 -0.937500
-2.938557 -1.761303 -0.937500
-3.325878 -2.222281 -0.937500
-3.673891 -2.724744 -0.937500
-3.911943 -3.210449 -0.937500
-3.990629 -3.616895 -0.937500
-3.889087 -3.889087 -0.937500
-3.616895 -3.990629 -0.937500
-3.210449 -3.911943 -0.937500
-2.724744 -3.673891 -0.937500
-2.222281 -3.325878 -0.937500
-1.761303 -2.938557 -0.937500
-1.385595 -2.592266 -0.937500
-1.117706 -2.363191 -0.937500
-0.956709 -2.309699 -0.937500
-0.880691 -2.461366 -0.937500
-0.853245 -2.812773 -0.937500
-0.832444 -3.323303 -0.937500
-0.780361 -3.923141 -0.937500
-0.671149 -4.524518 -0.937500
-0.496031 -5.036292 -0.937500
-0.264270 -5.379332 -0.937500
-0.000000 -5.500000 -0.937500
0.264270 -5.379332 -0.937500
0.496031 -5.036292 -0.937500
0.671149 -4.524518 -0.937500
0.780361 -3.923141 -0.937500
0.832444 -3.323303 -0.937500
0.853245 -2.812773 -0.937500
0.880691 -2.461366 -0.937500
0.956709 -2.309699 -0.937500
1.117706 -2.363191 -0.937500
1.385595 -2.592266 -0.937500
1.761303 -2.938557 -0.937500
2.222281 -3.325878 -0.937500
2.724744 -3.673891 -0.937500
3.210449 -3.911943 -0.937500
3.616895 -3.990629 -0.937500
3.889087 -3.889087 -0.937500
3.990629 -3.616895 -0.937500
3.911943 -3.210449 -0.937500
3.673891 -2.724744 -0.937500
3.325878 -2.222281 -0.937500
2.938557 -1.761303 -0.937500
2.592266 -1.385595 -0.937500
2.363191 -1.117706 -0.937500
2.309699 -0.956709 -0.937500
2.461366 -0.880691 -0.937500
2.812773 -0.853245 -0.937500
3.323303 -0.832444 -0.937500
3.923141 -0.780361 -0.937500
4.524518 -0.671149 -0.937500
5.036292 -0.496031 -0.937500
5.379332 -0.264270 -0.937500
5.500000 0.000000 -0.781250
5.379332 0.264270 -0.781250
5.036292 0.496031 -0.781250
4.524518 0.671149 -0.781250
3.923141 0.780361 -0.781250
3.323303 0.832444 -0.781250
2.812773 0.853245 -0.781250
2.461366 0.880691 -0.781250
2.309699 0.956709 -0.781250
2.363191 1.117706 -0.781250
2.592266 1.385595 -0.781250
2.938557 1.761303 -0.781250
3.325878 2.222281 -0.781250
3.673891 2.724744 -0.781250
3.911943 3.210449 -0.781250
3.990629 3.616895 -0.781250
3.889087 3.889087 -0.781250
3.616895 3.990629 -0.781250
3.210449 3.911943 -0.781250
2.724744 3.673891 -0.781250
2.222281 3.325878 -0.781250
1.761303 2.938557 -0.781250
1.385595 2.592266 -0.781250
1.117706 2.363191 -0.781250
0.956709 2.309699 -0.781250
0.880691 2.461366 -0.781250
0.853245 2.812773 -0.781250
0.832444 3.323303 -0.781250
0.780361 3.923141 -0.781250
0.671149 4.524518 -0.781250
0.496031 5.036292 -0.781250
0.264270 5.379332 -0.781250
0.000000 5.500000 -0.781250
-0.264270 5.379332 -0.781250
-0.496031 5.036292 -0.781250
-0.671149 4.524518 -0.781250
-0.780361 3.923141 -0.781250
-0.832444 3.323303 -0.781250
-0.853245 2.812773 -0.781250
-0.880691 2.461366 -0.781250
-0.956709 2.309699 -0.781250
-1.117706 2.363191 -0.781250
-1.385595 2.592266 -0.781250
-1.761303 2.938557 -0.781250
-2.222281 3.325878 -0.781250
-2.724744 3.673891 -0.781250
-3.210449 3.911943 -0.781250
-3.616895 3.990629 -0.781250
-3.889087 3.889087 -0.781250
-3.990629 3.616895 -0.781250
-3.911943 3.210449 -0.781250
-3.673891 2.724744 -0.781250
-3.325878 2.222281 -0.781250
-2.938557 1.761303 -0.781250
-2.592266 1.385595 -0.781250
-2.363191 1.117706 -0.781250
-2.309699 0.956709 -0.781250
-2.461366 0.880691 -0.781250
-2.812773 0.853245 -0.781250
-3.323303 0.832444 -0.781250
-3.923141 0.780361 -0.781250
-4.524518 0.671149 -0.781250
-5.036292 0.496031 -0.781250
-5.379332 0.264270 -0.781250
-5.500000 0.000000 -0.781250
-5.379332 -0.264270 -0.781250
-5.036292 -0.496031 -0.781250
-4.524518 -0.671149 -0.781250
-3.923141 -0.780361 -0.781250
-3.323303 -0.832444 -0.781250
-2.812773 -0.853245 -0.781250
-2.461366 -0.880691 -0.781250
-2.309699 -0.956709 -0.781250
-2.363191 -1.117706 -0.781250
-2.592266 -1.385595 -0.781250
-2.938557 -1.761303 -0.781250
-3.325878 -2.222281 -0.781250
-3.673891 -2.724744 -0.781250
-3.911943 -3.210449 -0.781250
-3.990629 -3.616895 -0.781250
-3.889087 -3.889087 -0.781250
-3.616895 -3.990629 -0.781250
-3.210449 -3.911943 -0.781250
-2.724744 -3.673891 -0.781250
-2.222281 -3.325878 -0.781250
-1.761303 -2.938557 -0.781250
-1.385595 -2.592266 -0.781250
-1.117706 -2.363191 -0.781250
-0.956709 -2.309699 -0.781250
-0.880691 -2.461366 -0.781250
-0.853245 -2.812773 -0.781250
-0.832444 -3.323303 -0.781250
-0.780361 -3.923141 -0.781250
-0.671149 -4.524518 -0.781250
-0.496031 -5.036292 -0.781250
-0.264270 -5.379332 -0.781250
-0.000000 -5.500000 -0.781250
0.264270 -5.379332 -0.781250
0.496031 -5.036292 -0.781250
0.671149 -4.524518 -0.781250
0.780361 -3.923141 -0.781250
0.832444 -3.323303 -0.781250
0.853245 -2.812773 -0.781250
0.880691 -2.461366 -0.781250
0.956709 -2.309699 -0.781250
1.117706 -2.363191 -0.781250
1.385595 -2.592266 -0.781250
1.761303 -2.938557 -0.781250
2.222281 -3.325878 -0.781250
2.724744 -3.673891 -0.781250
3.210449 -3.911943 -0.781250
3.616895 -3.990629 -0.781250
3.889087 -3.889087 -0.781250
3.990629 -3.616895 -0.781250
3.911943 -3.210449 -0.781250
3.673891 -2.724744 -0.781250
3.325878 -2.222281 -0.781250
2.938557 -1.761303 -0.781250
2.592266 -1.385595 -0.781250
2.363191 -1.117706 -0.781250
2.309699 -0.956709 -0.781250
2.461366 -0.880691 -0.781250
2.812773 -0.853245 -0.781250
3.323303 -0.832444 -0.781250
3.923141 -0.780361 -0.781250
4.524518 -0.671149 -0.781250
5.036292 -0.496031 -0.781250
5.379332 -0.264270 -0.781250
5.500000 0.000000 -0.625000
5.379332 0.264270 -0.625000
5.036292 0.496031 -0.625000
4.524518 0.671149 -0.625000
3.923141 0.780361 -0.625000
3.323303 0.832444 -0.625000
2.812773 0.853245 -0.625000
2.461366 0.880691 -0.625000
2.309699 0.956709 -0.625000
2.363191 1.117706 -0.625000
2.592266 1.385595 -0.625000
2.938557 1.761303 -0.625000
3.325878 2.222281 -0.625000
3.673891 2.724744 -0.625000
3.911943 3.210449 -0.625000
3.990629 3.616895 -0.625000
3.889087 3.889087 -0.625000
3.616895 3.990629 -0.625000
3.210449 3.911943 -0.625000
2.724744 3.673891 -0.625000
2.222281 3.325878 -0.625000
1.761303 2.938557 -0.625000
1.385595 2.592266 -0.625000
1.117706 2.363191 -0.625000
0.956709 2.309699 -0.625000
0.880691 2.461366 -0.625000
0.853245 2.812773 -0.625000
0.832444 3.323303 -0.625000
0.780361 3.923141 -0.625000
0.671149 4.524518 -0.625000
0.496031 5.036292 -0.625000
0.264270 5.379332 -0.625000
0.000000 5.500000 -0.625000
-0.264270 5.379332 -0.625000
-0.496031 5.036292 -0.625000
-0.671149 4.524518 -0.625000
-0.780361 3.923141 -0.625000
-0.832444 3.323303 -0.625000
-0.853245 2.812773 -0.625000
-0.880691 2.461366 -0.625000
-0.956709 2.309699 -0.625000
-1.117706 2.363191 -0.625000
-1.385595 2.592266 -0.625000
-1.761303 2.938557 -0.625000
-2.222281 3.325878 -0.625000
-2.724744 3.673891 -0.625000
-3.210449 3.911943 -0.625000
-3.616895 3.990629 -0.625000
-3.889087 3.889087 -0.625000
-3.990629 3.616895 -0.625000
-3.911943 3.210449 -0.625000
-3.673891 2.724744 -0.625000
-3.325878 2.222281 -0.625000
-2.938557 1.761303 -0.625000
-2.592266 1.385595 -0.625000
-2.363191 1.117706 -0.625000
-2.309699 0.956709 -0.625000
-2.461366 0.880691 -0.625000
-2.812773 0.853245 -0.625000
-3.323303 0.832444 -0.625000
-3.923141 0.780361 -0.625000
-4.524518 0.671149 -0.625000
-5.036292 0.496031 -0.625000
-5.379332 0.264270 -0.625000
-5.500000 0.000000 -0.625000
-5.379332 -0.264270 -0.625000
-5.036292 -0.496031 -0.625000
-4.524518 -0.671149 -0.625000
-3.923141 -0.780361 -0.625000
-3.323303 -0.832444 -0.625000
-2.812773 -0.853245 -0.625000
-2.461366 -0.880691 -0.625000
-2.309699 -0.956709 -0.625000
-2.363191 -1.117706 -0.625000
-2.592266 -1.385595 -0.625000
-2.938557 -1.761303 -0.625000
-3.325878 -2.222281 -0.625000
-3.673891 -2.724744 -0.625000
-3.911943 -3.210449 -0.625000
-3.990629 -3.616895 -0.625000
-3.889087 -3.889087 -0.625000
-3.616895 -3.990629 -0.625000
-3.210449 -3.911943 -0.625000
-2.724744 -3.673891 -0.625000
-2.222281 -3.325878 -0.625000
-1.761303 -2.938557 -0.625000
-1.385595 -2.592266 -0.625000
-1.117706 -2.363191 -0.625000
-0.956709 -2.309699 -0.625000
-0.880691 -2.461366 -0.625000
-0.853245 -2.812773 -0.625000
-0.832444 -3.323303 -0.625000
-0.780361 -3.923141 -0.625000
-0.671149 -4.524518 -0.625000
-0.496031 -5.036292 -0.625000
-0.264270 -5.379332 -0.625000
-0.000000 -5.500000 -0.625000
0.264270 -5.379332 -0.625000
0.496031 -5.036292 -0.625000
0.671149 -4.524518 -0.625000
0.780361 -3.923141 -0.625000
0.832444 -3.323303 -0.625000
0.853245 -2.812773 -0.625000
0.880691 -2.461366 -0.625000
0.956709 -2.309699 -0.625000
1.117706 -2.363191 -0.625000
1.385595 -2.592266 -0.625000
1.761303 -2.938557 -0.625000
2.222281 -3.325878 -0.625000
2.724744 -3.673891 -0.625000
3.210449 -3.911943 -0.625000
3.616895 -3.990629 -0.625000
3.889087 -3.889087 -0.625000
3.990629 -3.616895 -0.625000
3.911943 -3.210449 -0.625000
3.673891 -2.724744 -0.625000
3.325878 -2.222281 -0.625000
2.938557 -1.761303 -0.625000
2.592266 -1.385595 -0.625000
2.363191 -1.117706 -0.625000
2.309699 -0.956709 -0.625000
2.461366 -0.880691 -0.625000
2.812773 -0.853245 -0.625000
3.323303 -0.832444 -0.625000
3.923141 -0.780361 -0.625000
4.524518 -0.671149 -0.625000
5.036292 -0.496031 -0.625000
5.379332 -0.264270 -0.625000
5.500000 0.000000 -0.468750
5.379332 0.264270 -0.468750
5.036292 0.496031 -0.468750
4.524518 0.671149 -0.468750
3.923141 0.780361 -0.468750
3.323303 0.832444 -0.468750
2.812773 0.853245 -0.468750
2.461366 0.880691 -0.468750
2.309699 0.956709 -0.468750
2.363191 1.117706 -0.468750
2.592266 1.385595 -0.468750
2.938557 1.761303 -0.468750
3.325878 2.222281 -0.468750
3.673891 2.724744 -0.468750
3.911943 3.210449 -0.468750
3.990629 3.616895 -0.468750
3.889087 3.889087 -0.468750
3.616895 3.990629 -0.468750
3.210449 3.911943 -0.468750
2.724744 3.673891 -0.468750
2.222281 3.325878 -0.468750
1.761303 2.938557 -0.468750
1.385595 2.592266 -0.468750
1.117706 2.363191 -0.468750
0.956709 2.309699 -0.468750
0.880691 2.461366 -0.468750
0.853245 2.812773 -0.468750
0.832444 3.323303 -0.468750
0.780361 3.923141 -0.468750
0.671149 4.524518 -0.468750
0.496031 5.036292 -0.468750
0.264270 5.379332 -0.468750
0.000000 5.500000 -0.468750
-0.264270 5.379332 -0.468750
-0.496031 5.036292 -0.468750
-0.671149 4.524518 -0.468750
-0.780361 3.923141 -0.468750
-0.832444 3.323303 -0.468750
-0.853245 2.812773 -0.468750
-0.880691 2.461366 -0.468750
-0.956709 2.309699 -0.468750
-1.117706 2.363191 -0.468750
-1.385595 2.592266 -0.468750
-1.761303 2.938557 -0.468750
-2.222281 3.325878 -0.468750
-2.724744 3.673891 -0.468750
-3.210449 3.911943 -0.468750
-3.616895 3.990629 -0.468750
-3.889087 3.889087 -0.468750
-3.990629 3.616895 -0.468750
-3.911943 3.210449 -0.468750
-3.673891 2.724744 -0.468750
-3.325878 2.222281 -0.468750
-2.938557 1.761303 -0.468750
-2.592266 1.385595 -0.468750
-2.363191 1.117706 -0.468750
-2.309699 0.956709 -0.468750
-2.461366 0.880691 -0.468750
-2.812773 0.853245 -0.468750
-3.323303 0.832444 -0.468750
-3.923141 0.780361 -0.468750
-4.524518 0.671149 -0.468750
-5.036292 0.496031 -0.468750
-5.379332 0.264270 -0.468750
-5.500000 0.000000 -0.468750
-5.379332 -0.264270 -0.468750
-5.036292 -0.496031 -0.468750
-4.524518 -0.671149 -0.468750
-3.923141 -0.780361 -0.468750
-3.323303 -0.832444 -0.468750
-2.812773 -0.853245 -0.468750
-2.461366 -0.880691 -0.468750
-2.309699 -0.956709 -0.468750
-2.363191 -1.117706 -0.468750
-2.592266 -1.385595 -0.468750
-2.938557 -1.761303 -0.468750
-3.325878 -2.222281 -0.468750
-3.673891 -2.724744 -0.468750
-3.911943 -3.210449 -0.468750
-3.990629 -3.616895 -0.468750
-3.889087 -3.889087 -0.468750
-3.616895 -3.990629 -0.468750
-3.210449 -3.911943 -0.468750
-2.724744 -3.673891 -0.468750
-2.222281 -3.325878 -0.468750
-1.761303 -2.938557 -0.468750
-1.385595 -2.592266 -0.468750
-1.117706 -2.363191 -0.468750
-0.956709 -2.309699 -0.468750
-0.880691 -2.461366 -0.468750
-0.853245 -2.812773 -0.468750
-0.832444 -3.323303 -0.468750
-0.780361 -3.923141 -0.468750
-0.671149 -4.524518 -0.468750
-0.496031 -5.036292 -0.468750
-0.264270 -5.379332 -0.468750
-0.000000 -5.500000 -0.468750
0.264270 -5.379332 -0.468750
0.496031 -5.036292 -0.468750
0.671149 -4.524518 -0.468750
0.780361 -3.923141 -0.468750
0.832444 -3.323303 -0.468750
0.853245 -2.812773 -0.468750
0.880691 -2.461366 -0.468750
0.956709 -2.309699 -0.468750
1.117706 -2.363191 -0.468750
1.385595 -2.592266 -0.468750
1.761303 -2.938557 -0.468750
2.222281 -3.325878 -0.468750
2.724744 -3.673891 -0.468750
3.210449 -3.911943 -0.468750
3.616895 -3.990629 -0.468750
3.889087 -3.889087 -0.468750
3.990629 -3.616895 -0.468750
3.911943 -3.210449 -0.468750
3.673891 -2.724744 -0.468750
3.325878 -2.222281 -0.468750
2.938557 -1.761303 -0.468750
2.592266 -1.385595 -0.468750
2.363191 -1.117706 -0.468750
2.309699 -0.956709 -0.468750
2.461366 -0.880691 -0.468750
2.812773 -0.853245 -0.468750
3.323303 -0.832444 -0.468750
3.923141 -0.780361 -0.468750
4.524518 -0.671149 -0.468750
5.036292 -0.496031 -0.468750
5.379332 -0.264270 -0.468750
5.500000 0.000000 -0.312500
5.379332 0.264270 -0.312500
5.036292 0.496031 -0.312500
4.524518 0.671149 -0.312500
3.923141 0.780361 -0.312500
3.323303 0.832444 -0.312500
2.812773 0.853245 -0.312500
2.461366 0.880691 -0.312500
2.309699 0.956709 -0.312500
2.363191 1.117706 -0.312500
2.592266 1.385595 -0.312500
2.938557 1.761303 -0.312500
3.325878 2.222281 -0.312500
3.673891 2.724744 -0.312500
3.911943 3.210449 -0.312500
3.990629 3.616895 -0.312500
3.889087 3.889087 -0.312500
3.616895 3.990629 -0.312500
3.210449 3.911943 -0.312500
2.724744 3.673891 -0.312500
2.222281 3.325878 -0.312500
1.761303 2.938557 -0.312500
1.385595 2.592266 -0.312500
1.117706 2.363191 -0.312500
0.956709 2.309699 -0.312500
0.880691 2.461366 -0.312500
0.853245 2.812773 -0.312500
0.832444 3.323303 -0.312500
0.780361 3.923141 -0.312500
0.671149 4.524518 -0.312500
0.496031 5.036292 -0.312500
0.264270 5.379332 -0.312500
0.000000 5.500000 -0.312500
-0.264270 5.379332 -0.312500
-0.496031 5.036292 -0.312500
-0.671149 4.524518 -0.312500
-0.780361 3.923141 -0.312500
-0.832444 3.323303 -0.312500
-0.853245 2.812773 -0.312500
-0.880691 2.461366 -0.312500
-0.956709 2.309699 -0.312500
-1.117706 2.363191 -0.312500
-1.385595 2.592266 -0.312500
-1.761303 2.938557 -0.312500
-2.222281 3.325878 -0.312500
-2.724744 3.673891 -0.312500
-3.210449 3.911943 -0.312500
-3.616895 3.990629 -0.312500
-3.889087 3.889087 -0.312500
-3.990629 3.616895 -0.312500
-3.911943 3.210449 -0.312500
-3.673891 2.724744 -0.312500
-3.325878 2.222281 -0.312500
-2.938557 1.761303 -0.312500
-2.592266 1.385595 -0.312500
-2.363191 1.117706 -0.312500
-2.309699 0.956709 -0.312500
-2.461366 0.880691 -0.312500
-2.812773 0.853245 -0.312500
-3.323303 0.832444 -0.312500
-3.923141 0.780361 -0.312500
-4.524518 0.671149 -0.312500
-5.036292 0.496031 -0.312500
-5.379332 0.264270 -0.312500
-5.500000 0.000000 -0.312500
-5.379332 -0.264270 -0.312500
-5.036292 -0.496031 -0.312500
-4.524518 -0.671149 -0.312500
-3.923141 -0.780361 -0.312500
-3.323303 -0.832444 -0.312500
-2.812773 -0.853245 -0.312500
-2.461366 -0.880691 -0.312500
-2.309699 -0.956709 -0.312500
-2.363191 -1.117706 -0.312500
-2.592266 -1.385595 -0.312500
-2.938557 -1.761303 -0.312500
-3.325878 -2.222281 -0.312500
-3.673891 -2.724744 -0.312500
-3.911943 -3.210449 -0.312500
-3.990629 -3.616895 -0.312500
-3.889087 -3.889087 -0.312500
-3.616895 -3.990629 -0.312500
-3.210449 -3.911943 -0.312500
-2.724744 -3.673891 -0.312500
-2.222281 -3.325878 -0.312500
-1.761303 -2.938557 -0.312500
-1.385595 -2.592266 -0.312500
-1.117706 -2.363191 -0.312500
-0.956709 -2.309699 -0.312500
-0.880691 -2.461366 -0.312500
-0.853245 -2.812773 -0.312500
-0.832444 -3.323303 -0.312500
-0.780361 -3.923141 -0.312500
-0.671149 -4.524518 -0.312500
-0.496031 -5.036292 -0.312500
-0.264270 -5.379332 -0.312500
-0.000000 -5.500000 -0.312500
0.264270 -5.379332 -0.312500
0.496031 -5.036292 -0.312500
0.671149 -4.524518 -0.312500
0.780361 -3.923141 -0.312500
0.832444 -3.323303 -0.312500
0.853245 -2.812773 -0.312500
0.880691 -2.461366 -0.312500
0.956709 -2.309699 -0.312500
1.117706 -2.363191 -0.312500
1.385595 -2.592266 -0.312500
1.761303 -2.938557 -0.312500
2.222281 -3.325878 -0.312500
2.724744 -3.673891 -0.312500
3.210449 -3.911943 -0.312500
3.616895 -3.990629 -0.312500
3.889087 -3.889087 -0.312500
3.990629 -3.616895 -0.312500
3.911943 -3.210449 -0.312500
3.673891 -2.724744 -0.312500
3.325878 -2.222281 -0.312500
2.938557 -1.761303 -0.312500
2.592266 -1.385595 -0.312500
2.363191 -1.117706 -0.312500
2.309699 -0.956709 -0.312500
2.461366 -0.880691 -0.312500
2.812773 -0.853245 -0.312500
3.323303 -0.832444 -0.312500
3.923141 -0.780361 -0.312500
4.524518 -0.671149 -0.312500
5.036292 -0.496031 -0.312500
5.379332 -0.264270 -0.312500
5.500000 0.000000 -0.156250
5.379332 0.264270 -0.156250
5.036292 0.496031 -0.156250
4.524518 0.671149 -0.156250
3.923141 0.780361 -0.156250
3.323303 0.832444 -0.156250
2.812773 0.853245 -0.156250
2.461366 0.880691 -0.156250
2.309699 0.956709 -0.156250
2.363191 1.117706 -0.156250
2.592266 1.385595 -0.156250
2.938557 1.761303 -0.156250
3.325878 2.222281 -0.156250
3.673891 2.724744 -0.156250
3.911943 3.210449 -0.156250
3.990629 3.616895 -0.156250
3.889087 3.889087 -0.156250
3.616895 3.990629 -0.156250
3.210449 3.911943 -0.156250
2.724744 3.673891 -0.156250
2.222281 3.325878 -0.156250
1.761303 2.938557 -0.156250
1.385595 2.592266 -0.156250
1.117706 2.363191 -0.156250
0.956709 2.309699 -0.156250
0.880691 2.461366 -0.156250
0.853245 2.812773 -0.156250
0.832444 3.323303 -0.156250
0.780361 3.923141 -0.156250
0.671149 4.524518 -0.156250
0.496031 5.036292 -0.156250
0.264270 5.379332 -0.156250
0.000000 5.500000 -0.156250
-0.264270 5.379332 -0.156250
-0.496031 5.036292 -0.156250
-0.671149 4.524518 -0.156250
-0.780361 3.923141 -0.156250
-0.832444 3.323303 -0.156250
-0.853245 2.812773 -0.156250
-0.880691 2.461366 -0.156250
-0.956709 2.309699 -0.156250
-1.117706 2.363191 -0.156250
-1.385595 2.592266 -0.156250
-1.761303 2.938557 -0.156250
-2.222281 3.325878 -0.156250
-2.724744 3.673891 -0.156250
-3.210449 3.911943 -0.156250
-3.616895 3.990629 -0.156250
-3.889087 3.889087 -0.156250
-3.990629 3.616895 -0.156250
-3.911943 3.210449 -0.156250
-3.673891 2.724744 -0.156250
-3.325878 2.222281 -0.156250
-2.938557 1.761303 -0.156250
-2.592266 1.385595 -0.156250
-2.363191 1.117706 -0.156250
-2.309699 0.956709 -0.156250
-2.461366 0.880691 -0.156250
-2.812773 0.853245 -0.156250
-3.323303 0.832444 -0.156250
-3.923141 0.780361 -0.156250
-4.524518 0.671149 -0.156250
-5.036292 0.496031 -0.156250
-5.379332 0.264270 -0.156250
-5.500000 0.000000 -0.156250
-5.379332 -0.264270 -0.156250
-5.036292 -0.496031 -0.156250
-4.524518 -0.671149 -0.156250
-3.923141 -0.780361 -0.156250
-3.323303 -0.832444 -0.156250
-2.812773 -0.853245 -0.156250
-2.461366 -0.880691 -0.156250
-2.309699 -0.956709 -0.156250
-2.363191 -1.117706 -0.156250
-2.592266 -1.385595 -0.156250
-2.938557 -1.761303 -0.156250
-3.325878 -2.222281 -0.156250
-3.673891 -2.724744 -0.156250
-3.911943 -3.210449 -0.156250
-3.990629 -3.616895 -0.156250
-3.889087 -3.889087 -0.156250
-3.616895 -3.990629 -0.156250
-3.210449 -3.911943 -0.156250
-2.724744 -3.673891 -0.156250
-2.222281 -3.325878 -0.156250
-1.761303 -2.938557 -0.156250
-1.385595 -2.592266 -0.156250
-1.117706 -2.363191 -0.156250
-0.956709 -2.309699 -0.156250
-0.880691 -2.461366 -0.156250
-0.853245 -2.812773 -0.156250
-0.832444 -3.323303 -0.156250
-0.780361 -3.923141 -0.156250
-0.671149 -4.524518 -0.156250
-0.496031 -5.036292 -0.156250
-0.264270 -5.379332 -0.156250
-0.000000 -5.500000 -0.156250
0.264270 -5.379332 -0.156250
0.496031 -5.036292 -0.156250
0.671149 -4.524518 -0.156250
0.780361 -3.923141 -0.156250
0.832444 -3.323303 -0.156250
0.853245 -2.812773 -0.156250
0.880691 -2.461366 -0.156250
0.956709 -2.309699 -0.156250
1.117706 -2.363191 -0.156250
1.385595 -2.592266 -0.156250
1.761303 -2.938557 -0.156250
2.222281 -3.325878 -0.156250
2.724744 -3.673891 -0.156250
3.210449 -3.911943 -0.156250
3.616895 -3.990629 -0.156250
3.889087 -3.889087 -0.156250
3.990629 -3.616895 -0.156250
3.911943 -3.210449 -0.156250
3.673891 -2.724744 -0.156250
3.325878 -2.222281 -0.156250
2.938557 -1.761303 -0.156250
2.592266 -1.385595 -0.156250
2.363191 -1.117706 -0.156250
2.309699 -0.956709 -0.156250
2.461366 -0.880691 -0.156250
2.812773 -0.853245 -0.156250
3.323303 -0.832444 -0.156250
3.923141 -0.780361 -0.156250
4.524518 -0.671149 -0.156250
5.036292 -0.496031 -0.156250
5.379332 -0.264270 -0.156250
5.500000 0.000000 0.000000
5.379332 0.264270 0.000000
5.036292 0.496031 0.000000
4.524518 0.671149 0.000000
3.923141 0.780361 0.000000
3.323303 0.832444 0.000000
2.812773 0.853245 0.000000
2.461366 0.880691 0.000000
2.309699 0.956709 0.000000
2.363191 1.117706 0.000000
2.592266 1.385595 0.000000
2.938557 1.761303 0.000000
3.325878 2.222281 0.000000
3.673891 2.724744 0.000000
3.911943 3.210449 0.000000
3.990629 3.616895 0.000000
3.889087 3.889087 0.000000
3.616895 3.990629 0.000000
3.210449 3.911943 0.000000
2.724744 3.673891 0.000000
2.222281 3.325878 0.000000
1.761303 2.938557 0.000000
1.385595 2.592266 0.000000
1.117706 2.363191 0.000000
0.956709 2.309699 0.000000
0.880691 2.461366 0.000000
0.853245 2.812773 0.000000
0.832444 3.323303 0.000000
0.780361 3.923141 0.000000
0.671149 4.524518 0.000000
0.496031 5.036292 0.000000
0.264270 5.379332 0.000000
0.000000 5.500000 0.000000
-0.264270 5.379332 0.000000
-0.496031 5.036292 0.000000
-0.671149 4.524518 0.000000
-0.780361 3.923141 0.000000
-0.832444 3.323303 0.000000
-0.853245 2.812773 0.000000
-0.880691 2.461366 0.000000
-0.956709 2.309699 0.000000
-1.117706 2.363191 0.000000
-1.385595 2.592266 0.000000
-1.761303 2.938557 0.000000
-2.222281 3.325878 0.000000
-2.724744 3.673891 0.000000
-3.210449 3.911943 0.000000
-3.616895 3.990629 0.000000
-3.889087 3.889087 0.000000
-3.990629 3.616895 0.000000
-3.911943 3.210449 0.000000
-3.673891 2.724744 0.000000
-3.325878 2.222281 0.000000
-2.938557 1.761303 0.000000
-2.592266 1.385595 0.000000
-2.363191 1.117706 0.000000
-2.309699 0.956709 0.000000
-2.461366 0.880691 0.000000
-2.812773 0.853245 0.000000
-3.323303 0.832444 0.000000
-3.923141 0.780361 0.000000
-4.524518 0.671149 0.000000
-5.036292 0.496031 0.000000
-5.379332 0.264270 0.000000
-5.500000 0.000000 0.000000
-5.379332 -0.264270 0.000000
-5.036292 -0.496031 0.000000
-4.524518 -0.671149 0.000000
-3.923141 -0.780361 0.000000
-3.323303 -0.832444 0.000000
-2.812773 -0.853245 0.000000
-2.461366 -0.880691 0.000000
-2.309699 -0.956709 0.000000
-2.363191 -1.117706 0.000000
-2.592266 -1.385595 0.000000
-2.938557 -1.761303 0.000000
-3.325878 -2.222281 0.000000
-3.673891 -2.724744 0.000000
-3.911943 -3.210449 0.000000
-3.990629 -3.616895 0.000000
-3.889087 -3.889087 0.000000
-3.616895 -3.990629 0.000000
-3.210449 -3.911943 0.000000
-2.724744 -3.673891 0.000000
-2.222281 -3.325878 0.000000
-1.761303 -2.938557 0.000000
-1.385595 -2.592266 0.000000
-1.117706 -2.363191 0.000000
-0.956709 -2.309699 0.000000
-0.880691 -2.461366 0.000000
-0.853245 -2.812773 0.000000
-0.832444 -3.323303 0.000000
-0.780361 -3.923141 0.000000
-0.671149 -4.524518 0.000000
-0.496031 -5.036292 0.000000
-0.264270 -5.379332 0.000000
-0.000000 -5.500000 0.000000
0.264270 -5.379332 0.000000
0.496031 -5.036292 0.000000
0.671149 -4.524518 0.000000
0.780361 -3.923141 0.000000
0.832444 -3.323303 0.000000
0.853245 -2.812773 0.000000
0.880691 -2.461366 0.000000
0.956709 -2.309699 0.000000
1.117706 -2.363191 0.000000
1.385595 -2.592266 0.000000
1.761303 -2.938557 0.000000
2.222281 -3.325878 0.000000
2.724744 -3.673891 0.000000
3.210449 -3.911943 0.000000
3.616895 -3.990629 0.000000
3.889087 -3.889087 0.000000
3.990629 -3.616895 0.000000
3.911943 -3.210449 0.000000
3.673891 -2.724744 0.000000
3.325878 -2.222281 0.000000
2.938557 -1.761303 0.000000
2.592266 -1.385595 0.000000
2.363191 -1.117706 0.000000
2.309699 -0.956709 0.000000
2.461366 -0.880691 0.000000
2.812773 -0.853245 0.000000
3.323303 -0.832444 0.000000
3.923141 -0.780361 0.000000
4.524518 -0.671149 0.000000
5.036292 -0.496031 0.000000
5.379332 -0.264270 0.000000
5.500000 0.000000 0.156250
5.379332 0.264270 0.156250
5.036292 0.496031 0.156250
4.524518 0.671149 0.156250
3.923141 0.780361 0.156250
3.323303 0.832444 0.156250
2.812773 0.853245 0.156250
2.461366 0.880691 0.156250
2.309699 0.956709 0.156250
2.363191 1.117706 0.156250
2.592266 1.385595 0.156250
2.938557 1.761303 0.156250
3.325878 2.222281 0.156250
3.673891 2.724744 0.156250
3.911943 3.210449 0.156250
3.990629 3.616895 0.156250
3.889087 3.889087 0.156250
3.616895 3.990629 0.156250
3.210449 3.911943 0.156250
2.724744 3.673891 0.156250
2.222281 3.325878 0.156250
1.761303 2.938557 0.156250
1.385595 2.592266 0.156250
1.117706 2.363191 0.156250
0.956709 2.309699 0.156250
0.880691 2.461366 0.156250
0.853245 2.812773 0.156250
0.832444 3.323303 0.156250
0.780361 3.923141 0.156250
0.671149 4.524518 0.156250
0.496031 5.036292 0.156250
0.264270 5.379332 0.156250
0.000000 5.500000 0.156250
-0.264270 5.379332 0.156250
-0.496031 5.036292 0.156250
-0.671149 4.524518 0.156250
-0.780361 3.923141 0.156250
-0.832444 3.323303 0.156250
-0.853245 2.812773 0.156250
-0.880691 2.461366 0.156250
-0.956709 2.309699 0.156250
-1.117706 2.363191 0.156250
-1.385595 2.592266 0.156250
-1.761303 2.938557 0.156250
-2.222281 3.325878 0.156250
-2.724744 3.673891 0.156250
-3.210449 3.911943 0.156250
-3.616895 3.990629 0.156250
-3.889087 3.889087 0.156250
-3.990629 3.616895 0.156250
-3.911943 3.210449 0.156250
-3.673891 2.724744 0.156250
-3.325878 2.222281 0.156250
-2.938557 1.761303 0.156250
-2.592266 1.385595 0.156250
-2.363191 1.117706 0.156250
-2.309699 0.956709 0.156250
-2.461366 0.880691 0.156250
-2.812773 0.853245 0.156250
-3.323303 0.832444 0.156250
-3.923141 0.780361 0.156250
-4.524518 0.671149 0.156250
-5.036292 0.496031 0.156250
-5.379332 0.264270 0.156250
-5.500000 0.000000 0.156250
-5.379332 -0.264270 0.156250
-5.036292 -0.496031 0.156250
-4.524518 -0.671149 0.156250
-3.923141 -0.780361 0.156250
-3.323303 -0.832444 0.156250
-2.812773 -0.853245 0.156250
-2.461366 -0.880691 0.156250
-2.309699 -0.956709 0.156250
-2.363191 -1.117706 0.156250
-2.592266 -1.385595 0.156250
-2.938557 -1.761303 0.156250
-3.325878 -2.222281 0.156250
-3.673891 -2.724744 0.156250
-3.911943 -3.210449 0.156250
-3.990629 -3.616895 0.156250
-3.889087 -3.889087 0.156250
-3.616895 -3.990629 0.156250
-3.210449 -3.911943 0.156250
-2.724744 -3.673891 0.156250
-2.222281 -3.325878 0.156250
-1.761303 -2.938557 0.156250
-1.385595 -2.592266 0.156250
-1.117706 -2.363191 0.156250
-0.956709 -2.309699 0.156250
-0.880691 -2.461366 0.156250
-0.853245 -2.812773 0.156250
-0.832444 -3.323303 0.156250
-0.780361 -3.923141 0.156250
-0.671149 -4.524518 0.156250
-0.496031 -5.036292 0.156250
-0.264270 -5.379332 0.156250
-0.000000 -5.500000 0.156250
0.264270 -5.379332 0.156250
0.496031 -5.036292 0.156250
0.671149 -4.524518 0.156250
0.780361 -3.923141 0.156250
0.832444 -3.323303 0.156250
0.853245 -2.812773 0.156250
0.880691 -2.461366 0.156250
0.956709 -2.309699 0.156250
1.117706 -2.363191 0.156250
1.385595 -2.592266 0.156250
1.761303 -2.938557 0.156250
2.222281 -3.325878 0.156250
2.724744 -3.673891 0.156250
3.210449 -3.911943 0.156250
3.616895 -3.990629 0.156250
3.889087 -3.889087 0.156250
3.990629 -3.616895 0.156250
3.911943 -3.210449 0.156250
3.673891 -2.724744 0.156250
3.325878 -2.222281 0.156250
2.938557 -1.761303 0.156250
2.592266 -1.385595 0.156250
2.363191 -1.117706 0.156250
2.309699 -0.956709 0.156250
2.461366 -0.880691 0.156250
2.812773 -0.853245 0.156250
3.323303 -0.832444 0.156250
3.923141 -0.780361 0.156250
4.524518 -0.671149 0.156250
5.036292 -0.496031 0.156250
5.379332 -0.264270 0.156250
5.500000 0.000000 0.312500
5.379332 0.264270 0.312500
5.036292 0.496031 0.312500
4.524518 0.671149 0.312500
3.923141 0.780361 0.312500
3.323303 0.832444 0.312500
2.812773 0.853245 0.312500
2.461366 0.880691 0.312500
2.309699 0.956709 0.312500
2.363191 1.117706 0.312500
2.592266 1.385595 0.312500
2.938557 1.761303 0.312500
3.325878 2.222281 0.312500
3.673891 2.724744 0.312500
3.911943 3.210449 0.312500
3.990629 3.616895 0.312500
3.889087 3.889087 0.312500
3.616895 3.990629 0.312500
3.210449 3.911943 0.312500
2.724744 3.673891 0.312500
2.222281 3.325878 0.312500
1.761303 2.938557 0.312500
1.385595 2.592266 0.312500
1.117706 2.363191 0.312500
0.956709 2.309699 0.312500
0.880691 2.461366 0.312500
0.853245 2.812773 0.312500
0.832444 3.323303 0.312500
0.780361 3.923141 0.312500
0.671149 4.524518 0.312500
0.496031 5.036292 0.312500
0.264270 5.379332 0.312500
0.000000 5.500000 0.312500
-0.264270 5.379332 0.312500
-0.496031 5.036292 0.312500
-0.671149 4.524518 0.312500
-0.780361 3.923141 0.312500
-0.832444 3.323303 0.312500
-0.853245 2.812773 0.312500
-0.880691 2.461366 0.312500
-0.956709 2.309699 0.312500
-1.117706 2.363191 0.312500
-1.385595 2.592266 0.312500
-1.761303 2.938557 0.312500
-2.222281 3.325878 0.312500
-2.724744 3.673891 0.312500
-3.210449 3.911943 0.312500
-3.616895 3.990629 0.312500
-3.889087 3.889087 0.312500
-3.990629 3.616895 0.312500
-3.911943 3.210449 0.312500
-3.673891 2.724744 0.312500
-3.325878 2.222281 0.312500
-2.938557 1.761303 0.312500
-2.592266 1.385595 0.312500
-2.363191 1.117706 0.312500
-2.309699 0.956709 0.312500
-2.461366 0.880691 0.312500
-2.812773 0.853245 0.312500
-3.323303 0.832444 0.312500
-3.923141 0.780361 0.312500
-4.524518 0.671149 0.312500
-5.036292 0.496031 0.312500
-5.379332 0.264270 0.312500
-5.500000 0.000000 0.312500
-5.379332 -0.264270 0.312500
-5.036292 -0.496031 0.312500
-4.524518 -0.671149 0.312500
-3.923141 -0.780361 0.312500
-3.323303 -0.832444 0.312500
-2.812773 -0.853245 0.312500
-2.461366 -0.880691 0.312500
-2.309699 -0.956709 0.312500
-2.363191 -1.117706 0.312500
-2.592266 -1.385595 0.312500
-2.938557 -1.761303 0.312500
-3.325878 -2.222281 0.312500
-3.673891 -2.724744 0.312500
-3.911943 -3.210449 0.312500
-3.990629 -3.616895 0.312500
-3.889087 -3.889087 0.312500
-3.616895 -3.990629 0.312500
-3.210449 -3.911943 0.312500
-2.724744 -3.673891 0.312500
-2.222281 -3.325878 0.312500
-1.761303 -2.938557 0.312500
-1.385595 -2.592266 0.312500
-1.117706 -2.363191 0.312500
-0.956709 -2.309699 0.312500
-0.880691 -2.461366 0.312500
-0.853245 -2.812773 0.312500
-0.832444 -3.323303 0.312500
-0.780361 -3.923141 0.312500
-0.671149 -4.524518 0.312500
-0.496031 -5.036292 0.312500
-0.264270 -5.379332 0.312500
-0.000000 -5.500000 0.312500
0.264270 -5.379332 0.312500
0.496031 -5.036292 0.312500
0.671149 -4.524518 0.312500
0.780361 -3.923141 0.312500
0.832444 -3.323303 0.312500
0.853245 -2.812773 0.312500
0.880691 -2.461366 0.312500
0.956709 -2.309699 0.312500
1.117706 -2.363191 0.312500
1.385595 -2.592266 0.312500
1.761303 -2.938557 0.312500
2.222281 -3.325878 0.312500
2.724744 -3.673891 0.312500
3.210449 -3.911943 0.312500
3.616895 -3.990629 0.312500
3.889087 -3.889087 0.312500
3.990629 -3.616895 0.312500
3.911943 -3.210449 0.312500
3.673891 -2.724744 0.312500
3.325878 -2.222281 0.312500
2.938557 -1.761303 0.312500
2.592266 -1.385595 0.312500
2.363191 -1.117706 0.312500
2.309699 -0.956709 0.312500
2.461366 -0.880691 0.312500
2.812773 -0.853245 0.312500
3.323303 -0.832444 0.312500
3.923141 -0.780361 0.312500
4.524518 -0.671149 0.312500
5.036292 -0.496031 0.312500
5.379332 -0.264270 0.312500
5.500000 0.000000 0.468750
5.379332 0.264270 0.468750
5.036292 0.496031 0.468750
4.524518 0.671149 0.468750
3.923141 0.780361 0.468750
3.323303 0.832444 0.468750
2.812773 0.853245 0.468750
2.461366 0.880691 0.468750
2.309699 0.956709 0.468750
2.363191 1.117706 0.468750
2.592266 1.385595 0.468750
2.938557 1.761303 0.468750
3.325878 2.222281 0.468750
3.673891 2.724744 0.468750
3.911943 3.210449 0.468750
3.990629 3.616895 0.468750
3.889087 3.889087 0.468750
3.616895 3.990629 0.468750
3.210449 3.911943 0.468750
2.724744 3.673891 0.468750
2.222281 3.325878 0.468750
1.761303 2.938557 0.468750
1.385595 2.592266 0.468750
1.117706 2.363191 0.468750
0.956709 2.309699 0.468750
0.880691 2.461366 0.468750
0.853245 2.812773 0.468750
0.832444 3.323303 0.468750
0.780361 3.923141 0.468750
0.671149 4.524518 0.468750
0.496031 5.036292 0.468750
0.264270 5.379332 0.468750
0.000000 5.500000 0.468750
-0.264270 5.379332 0.468750
-0.496031 5.036292 0.468750
-0.671149 4.524518 0.468750
-0.780361 3.923141 0.468750
-0.832444 3.323303 0.468750
-0.853245 2.812773 0.468750
-0.880691 2.461366 0.468750
-0.956709 2.309699 0.468750
-1.117706 2.363191 0.468750
-1.385595 2.592266 0.468750
-1.761303 2.938557 0.468750
-2.222281 3.325878 0.468750
-2.724744 3.673891 0.468750
-3.210449 3.911943 0.468750
-3.616895 3.990629 0.468750
-3.889087 3.889087 0.468750
-3.990629 3.616895 0.468750
-3.911943 3.210449 0.468750
-3.673891 2.724744 0.468750
-3.325878 2.222281 0.468750
-2.938557 1.761303 0.468750
-2.592266 1.385595 0.468750
-2.363191 1.117706 0.468750
-2.309699 0.956709 0.468750
-2.461366 0.880691 0.468750
-2.812773 0.853245 0.468750
-3.323303 0.832444 0.468750
-3.923141 0.780361 0.468750
-4.524518 0.671149 0.468750
-5.036292 0.496031 0.468750
-5.379332 0.264270 0.468750
-5.500000 0.000000 0.468750
-5.379332 -0.264270 0.468750
-5.036292 -0.496031 0.468750
-4.524518 -0.671149 0.468750
-3.923141 -0.780361 0.468750
-3.323303 -0.832444 0.468750
-2.812773 -0.853245 0.468750
-2.461366 -0.880691 0.468750
-2.309699 -0.956709 0.468750
-2.363191 -1.117706 0.468750
-2.592266 -1.385595 0.468750
-2.938557 -1.761303 0.468750
-3.325878 -2.222281 0.468750
-3.673891 -2.724744 0.468750
-3.911943 -3.210449 0.468750
-3.990629 -3.616895 0.468750
-3.889087 -3.889087 0.468750
-3.616895 -3.990629 0.468750
-3.210449 -3.911943 0.468750
-2.724744 -3.673891 0.468750
-2.222281 -3.325878 0.468750
-1.761303 -2.938557 0.468750
-1.385595 -2.592266 0.468750
-1.117706 -2.363191 0.468750
-0.956709 -2.309699 0.468750
-0.880691 -2.461366 0.468750
-0.853245 -2.812773 0.468750
-0.832444 -3.323303 0.468750
-0.780361 -3.923141 0.468750
-0.671149 -4.524518 0.468750
-0.496031 -5.036292 0.468750
-0.264270 -5.379332 0.468750
-0.000000 -5.500000 0.468750
0.264270 -5.379332 0.468750
0.496031 -5.036292 0.468750
0.671149 -4.524518 0.468750
0.780361 -3.923141 0.468750
0.832444 -3.323303 0.468750
0.853245 -2.812773 0.468750
0.880691 -2.461366 0.468750
0.956709 -2.309699 0.468750
1.117706 -2.363191 0.468750
1.385595 -2.592266 0.468750
1.761303 -2.938557 0.468750
2.222281 -3.325878 0.468750
2.724744 -3.673891 0.468750
3.210449 -3.911943 0.468750
3.616895 -3.990629 0.468750
3.889087 -3.889087 0.468750
3.990629 -3.616895 0.468750
3.911943 -3.210449 0.468750
3.673891 -2.724744 0.468750
3.325878 -2.222281 0.468750
2.938557 -1.761303 0.468750
2.592266 -1.385595 0.468750
2.363191 -1.117706 0.468750
2.309699 -0.956709 0.468750
2.461366 -0.880691 0.468750
2.812773 -0.853245 0.468750
3.323303 -0.832444 0.468750
3.923141 -0.780361 0.468750
4.524518 -0.671149 0.468750
5.036292 -0.496031 0.468750
5.379332 -0.264270 0.468750
5.500000 0.000000 0.625000
5.379332 0.264270 0.625000
5.036292 0.496031 0.625000
4.524518 0.671149 0.625000
3.923141 0.780361 0.625000
3.323303 0.832444 0.625000
2.812773 0.853245 0.625000
2.461366 0.880691 0.625000
2.309699 0.956709 0.625000
2.363191 1.117706 0.625000
2.592266 1.385595 0.625000
2.938557 1.761303 0.625000
3.325878 2.222281 0.625000
3.673891 2.724744 0.625000
3.911943 3.210449 0.625000
3.990629 3.616895 0.625000
3.889087 3.889087 0.625000
3.616895 3.990629 0.625000
3.210449 3.911943 0.625000
2.724744 3.673891 0.625000
2.222281 3.325878 0.625000
1.761303 2.938557 0.625000
1.385595 2.592266 0.625000
1.117706 2.363191 0.625000
0.956709 2.309699 0.625000
0.880691 2.461366 0.625000
0.853245 2.812773 0.625000
0.832444 3.323303 0.625000
0.780361 3.923141 0.625000
0.671149 4.524518 0.625000
0.496031 5.036292 0.625000
0.264270 5.379332 0.625000
0.000000 5.500000 0.625000
-0.264270 5.379332 0.625000
-0.496031 5.036292 0.625000
-0.671149 4.524518 0.625000
-0.780361 3.923141 0.625000
-0.832444 3.323303 0.625000
-0.853245 2.812773 0.625000
-0.880691 2.461366 0.625000
-0.956709 2.309699 0.625000
-1.117706 2.363191 0.625000
-1.385595 2.592266 0.625000
-1.761303 2.938557 0.625000
-2.222281 3.325878 0.625000
-2.724744 3.673891 0.625000
-3.210449 3.911943 0.625000
-3.616895 3.990629 0.625000
-3.889087 3.889087 0.625000
-3.990629 3.616895 0.625000
-3.911943 3.210449 0.625000
-3.673891 2.724744 0.625000
-3.325878 2.222281 0.625000
-2.938557 1.761303 0.625000
-2.592266 1.385595 0.625000
-2.363191 1.117706 0.625000
-2.309699 0.956709 0.625000
-2.461366 0.880691 0.625000
-2.812773 0.853245 0.625000
-3.323303 0.832444 0.625000
-3.923141 0.780361 0.625000
-4.524518 0.671149 0.625000
-5.036292 0.496031 0.625000
-5.379332 0.264270 0.625000
-5.500000 0.000000 0.625000
-5.379332 -0.264270 0.625000
-5.036292 -0.496031 0.625000
-4.524518 -0.671149 0.625000
-3.923141 -0.780361 0.625000
-3.323303 -0.832444 0.625000
-2.812773 -0.853245 0.625000
-2.461366 -0.880691 0.625000
-2.309699 -0.956709 0.625000
-2.363191 -1.117706 0.625000
-2.592266 -1.385595 0.625000
-2.938557 -1.761303 0.625000
-3.325878 -2.222281 0.625000
-3.673891 -2.724744 0.625000
-3.911943 -3.210449 0.625000
-3.990629 -3.616895 0.625000
-3.889087 -3.889087 0.625000
-3.616895 -3.990629 0.625000
-3.210449 -3.911943 0.625000
-2.724744 -3.673891 0.625000
-2.222281 -3.325878 0.625000
-1.761303 -2.938557 0.625000
-1.385595 -2.592266 0.625000
-1.117706 -2.363191 0.625000
-0.956709 -2.309699 0.625000
-0.880691 -2.461366 0.625000
-0.853245 -2.812773 0.625000
-0.832444 -3.323303 0.625000
-0.780361 -3.923141 0.625000
-0.671149 -4.524518 0.625000
-0.496031 -5.036292 0.625000
-0.264270 -5.379332 0.625000
-0.000000 -5.500000 0.625000
0.264270 -5.379332 0.625000
0.496031 -5.036292 0.625000
0.671149 -4.524518 0.625000
0.780361 -3.923141 0.625000
0.832444 -3.323303 0.625000
0.853245 -2.812773 0.625000
0.880691 -2.461366 0.625000
0.956709 -2.309699 0.625000
1.117706 -2.363191 0.625000
1.385595 -2.592266 0.625000
1.761303 -2.938557 0.625000
2.222281 -3.325878 0.625000
2.724744 -3.673891 0.625000
3.210449 -3.911943 0.625000
3.616895 -3.990629 0.625000
3.889087 -3.889087 0.625000
3.990629 -3.616895 0.625000
3.911943 -3.210449 0.625000
3.673891 -2.724744 0.625000
3.325878 -2.222281 0.625000
2.938557 -1.761303 0.625000
2.592266 -1.385595 0.625000
2.363191 -1.117706 0.625000
2.309699 -0.956709 0.625000
2.461366 -0.880691 0.625000
2.812773 -0.853245 0.625000
3.323303 -0.832444 0.625000
3.923141 -0.780361 0.625000
4.524518 -0.671149 0.625000
5.036292 -0.496031 0.625000
5.379332 -0.264270 0.625000
5.500000 0.000000 0.781250
5.379332 0.264270 0.781250
5.036292 0.496031 0.781250
4.524518 0.671149 0.781250
3.923141 0.780361 0.781250
3.323303 0.832444 0.781250
2.812773 0.853245 0.781250
2.461366 0.880691 0.781250
2.309699 0.956709 0.781250
2.363191 1.117706 0.781250
2.592266 1.385595 0.781250
2.938557 1.761303 0.781250
3.325878 2.222281 0.781250
3.673891 2.724744 0.781250
3.911943 3.210449 0.781250
3.990629 3.616895 0.781250
3.889087 3.889087 0.781250
3.616895 3.990629 0.781250
3.210449 3.911943 0.781250
2.724744 3.673891 0.781250
2.222281 3.325878 0.781250
1.761303 2.938557 0.781250
1.385595 2.592266 0.781250
1.117706 2.363191 0.781250
0.956709 2.309699 0.781250
0.880691 2.461366 0.781250
0.853245 2.812773 0.781250
0.832444 3.323303 0.781250
0.780361 3.923141 0.781250
0.671149 4.524518 0.781250
0.496031 5.036292 0.781250
0.264270 5.379332 0.781250
0.000000 5.500000 0.781250
-0.264270 5.379332 0.781250
-0.496031 5.036292 0.781250
-0.671149 4.524518 0.781250
-0.780361 3.923141 0.781250
-0.832444 3.323303 0.781250
-0.853245 2.812773 0.781250
-0.880691 2.461366 0.781250
-0.956709 2.309699 0.781250
-1.117706 2.363191 0.781250
-1.385595 2.592266 0.781250
-1.761303 2.938557 0.781250
-2.222281 3.325878 0.781250
-2.724744 3.673891 0.781250
-3.210449 3.911943 0.781250
-3.616895 3.990629 0.781250
-3.889087 3.889087 0.781250
-3.990629 3.616895 0.781250
-3.911943 3.210449 0.781250
-3.673891 2.724744 0.781250
-3.325878 2.222281 0.781250
-2.938557 1.761303 0.781250
-2.592266 1.385595 0.781250
-2.363191 1.117706 0.781250
-2.309699 0.956709 0.781250
-2.461366 0.880691 0.781250
-2.812773 0.853245 0.781250
-3.323303 0.832444 0.781250
-3.923141 0.780361 0.781250
-4.524518 0.671149 0.781250
-5.036292 0.496031 0.781250
-5.379332 0.264270 0.781250
-5.500000 0.000000 0.781250
-5.379332 -0.264270 0.781250
-5.036292 -0.496031 0.781250
-4.524518 -0.671149 0.781250
-3.923141 -0.780361 0.781250
-3.323303 -0.832444 0.781250
-2.812773 -0.853245 0.781250
-2.461366 -0.880691 0.781250
-2.309699 -0.956709 0.781250
-2.363191 -1.117706 0.781250
-2.592266 -1.385595 0.781250
-2.938557 -1.761303 0.781250
-3.325878 -2.222281 0.781250
-3.673891 -2.724744 0.781250
-3.911943 -3.210449 0.781250
-3.990629 -3.616895 0.781250
-3.889087 -3.889087 0.781250
-3.616895 -3.990629 0.781250
-3.210449 -3.911943 0.781250
-2.724744 -3.673891 0.781250
-2.222281 -3.325878 0.781250
-1.761303 -2.938557 0.781250
-1.385595 -2.592266 0.781250
-1.117706 -2.363191 0.781250
-0.956709 -2.309699 0.781250
-0.880691 -2.461366 0.781250
-0.853245 -2.812773 0.781250
-0.832444 -3.323303 0.781250
-0.780361 -3.923141 0.781250
-0.671149 -4.524518 0.781250
-0.496031 -5.036292 0.781250
-0.264270 -5.379332 0.781250
-0.000000 -5.500000 0.781250
0.264270 -5.379332 0.781250
0.496031 -5.036292 0.781250
0.671149 -4.524518 0.781250
0.780361 -3.923141 0.781250
0.832444 -3.323303 0.781250
0.853245 -2.812773 0.781250
0.880691 -2.461366 0.781250
0.956709 -2.309699 0.781250
1.117706 -2.363191 0.781250
1.385595 -2.592266 0.781250
1.761303 -2.938557 0.781250
2.222281 -3.325878 0.781250
2.724744 -3.673891 0.781250
3.210449 -3.911943 0.781250
3.616895 -3.990629 0.781250
3.889087 -3.889087 0.781250
3.990629 -3.616895 0.781250
3.911943 -3.210449 0.781250
3.673891 -2.724744 0.781250
3.325878 -2.222281 0.781250
2.938557 -1.761303 0.781250
2.592266 -1.385595 0.781250
2.363191 -1.117706 0.781250
2.309699 -0.956709 0.781250
2.461366 -0.880691 0.781250
2.812773 -0.853245 0.781250
3.323303 -0.832444 0.781250
3.923141 -0.780361 0.781250
4.524518 -0.671149 0.781250
5.036292 -0.496031 0.781250
5.379332 -0.264270 0.781250
5.500000 0.000000 0.937500
5.379332 0.264270 0.937500
5.036292 0.496031 0.937500
4.524518 0.671149 0.937500
3.923141 0.780361 0.937500
3.323303 0.832444 0.937500
2.812773 0.853245 0.937500
2.461366 0.880691 0.937500
2.309699 0.956709 0.937500
2.363191 1.117706 0.937500
2.592266 1.385595 0.937500
2.938557 1.761303 0.937500
3.325878 2.222281 0.937500
3.673891 2.724744 0.937500
3.911943 3.210449 0.937500
3.990629 3.616895 0.937500
3.889087 3.889087 0.937500
3.616895 3.990629 0.937500
3.210449 3.911943 0.937500
2.724744 3.673891 0.937500
2.222281 3.325878 0.937500
1.761303 2.938557 0.937500
1.385595 2.592266 0.937500
1.117706 2.363191 0.937500
0.956709 2.309699 0.937500
0.880691 2.461366 0.937500
0.853245 2.812773 0.937500
0.832444 3.323303 0.937500
0.780361 3.923141 0.937500
0.671149 4.524518 0.937500
0.496031 5.036292 0.937500
0.264270 5.379332 0.937500
0.000000 5.500000 0.937500
-0.264270 5.379332 0.937500
-0.496031 5.036292 0.937500
-0.671149 4.524518 0.937500
-0.780361 3.923141 0.937500
-0.832444 3.323303 0.937500
-0.853245 2.812773 0.937500
-0.880691 2.461366 0.937500
-0.956709 2.309699 0.937500
-1.117706 2.363191 0.937500
-1.385595 2.592266 0.937500
-1.761303 2.938557 0.937500
-2.222281 3.325878 0.937500
-2.724744 3.673891 0.937500
-3.210449 3.911943 0.937500
-3.616895 3.990629 0.937500
-3.889087 3.889087 0.937500
-3.990629 3.616895 0.937500
-3.911943 3.210449 0.937500
-3.673891 2.724744 0.937500
-3.325878 2.222281 0.937500
-2.938557 1.761303 0.937500
-2.592266 1.385595 0.937500
-2.363191 1.117706 0.937500
-2.309699 0.956709 0.937500
-2.461366 0.880691 0.937500
-2.812773 0.853245 0.937500
-3.323303 0.832444 0.937500
-3.923141 0.780361 0.937500
-4.524518 0.671149 0.937500
-5.036292 0.496031 0.937500
-5.379332 0.264270 0.937500
-5.500000 0.000000 0.937500
-5.379332 -0.264270 0.937500
-5.036292 -0.496031 0.937500
-4.524518 -0.671149 0.937500
-3.923141 -0.780361 0.937500
-3.323303 -0.832444 0.937500
-2.812773 -0.853245 0.937500
-2.461366 -0.880691 0.937500
-2.309699 -0.956709 0.937500
-2.363191 -1.117706 0.937500
-2.592266 -1.385595 0.937500
-2.938557 -1.761303 0.937500
-3.325878 -2.222281 0.937500
-3.673891 -2.724744 0.937500
-3.911943 -3.210449 0.937500
-3.990629 -3.616895 0.937500
-3.889087 -3.889087 0.937500
-3.616895 -3.990629 0.937500
-3.210449 -3.911943 0.937500
-2.724744 -3.673891 0.937500
-2.222281 -3.325878 0.937500
-1.761303 -2.938557 0.937500
-1.385595 -2.592266 0.937500
-1.117706 -2.363191 0.937500
-0.956709 -2.309699 0.937500
-0.880691 -2.461366 0.937500
-0.853245 -2.812773 0.937500
-0.832444 -3.323303 0.937500
-0.780361 -3.923141 0.937500
-0.671149 -4.524518 0.937500
-0.496031 -5.036292 0.937500
-0.264270 -5.379332 0.937500
-0.000000 -5.500000 0.937500
0.264270 -5.379332 0.937500
0.496031 -5.036292 0.937500
0.671149 -4.524518 0.937500
0.780361 -3.923141 0.937500
0.832444 -3.323303 0.937500
0.853245 -2.812773 0.937500
0.880691 -2.461366 0.937500
0.956709 -2.309699 0.937500
1.117706 -2.363191 0.937500
1.385595 -2.592266 0.937500
1.761303 -2.938557 0.937500
2.222281 -3.325878 0.937500
2.724744 -3.673891 0.937500
3.210449 -3.911943 0.937500
3.616895 -3.990629 0.937500
3.889087 -3.889087 0.937500
3.990629 -3.616895 0.937500
3.911943 -3.210449 0.937500
3.673891 -2.724744 0.937500
3.325878 -2.222281 0.937500
2.938557 -1.761303 0.937500
2.592266 -1.385595 0.937500
2.363191 -1.117706 0.937500
2.309699 -0.956709 0.937500
2.461366 -0.880691 0.937500
2.812773 -0.853245 0.937500
3.323303 -0.832444 0.937500
3.923141 -0.780361 0.937500
4.524518 -0.671149 0.937500
5.036292 -0.496031 0.937500
5.379332 -0.264270 0.937500
5.500000 0.000000 1.093750
5.379332 0.264270 1.093750
5.036292 0.496031 1.093750
4.524518 0.671149 1.093750
3.923141 0.780361 1.093750
3.323303 0.832444 1.093750
2.812773 0.853245 1.093750
2.461366 0.880691 1.093750
2.309699 0.956709 1.093750
2.363191 1.117706 1.093750
2.592266 1.385595 1.093750
2.938557 1.761303 1.093750
3.325878 2.222281 1.093750
3.673891 2.724744 1.093750
3.911943 3.210449 1.093750
3.990629 3.616895 1.093750
3.889087 3.889087 1.093750
3.616895 3.990629 1.093750
3.210449 3.911943 1.093750
2.724744 3.673891 1.093750
2.222281 3.325878 1.093750
1.761303 2.938557 1.093750
1.385595 2.592266 1.093750
1.117706 2.363191 1.093750
0.956709 2.309699 1.093750
0.880691 2.461366 1.093750
0.853245 2.812773 1.093750
0.832444 3.323303 1.093750
0.780361 3.923141 1.093750
0.671149 4.524518 1.093750
0.496031 5.036292 1.093750
0.264270 5.379332 1.093750
0.000000 5.500000 1.093750
-0.264270 5.379332 1.093750
-0.496031 5.036292 1.093750
-0.671149 4.524518 1.093750
-0.780361 3.923141 1.093750
-0.832444 3.323303 1.093750
-0.853245 2.812773 1.093750
-0.880691 2.461366 1.093750
-0.956709 2.309699 1.093750
-1.117706 2.363191 1.093750
-1.385595 2.592266 1.093750
-1.761303 2.938557 1.093750
-2.222281 3.325878 1.093750
-2.724744 3.673891 1.093750
-3.210449 3.911943 1.093750
-3.616895 3.990629 1.093750
-3.889087 3.889087 1.093750
-3.990629 3.616895 1.093750
-3.911943 3.210449 1.093750
-3.673891 2.724744 1.093750
-3.325878 2.222281 1.093750
-2.938557 1.761303 1.093750
-2.592266 1.385595 1.093750
-2.363191 1.117706 1.093750
-2.309699 0.956709 1.093750
-2.461366 0.880691 1.093750
-2.812773 0.853245 1.093750
-3.323303 0.832444 1.093750
-3.923141 0.780361 1.093750
-4.524518 0.671149 1.093750
-5.036292 0.496031 1.093750
-5.379332 0.264270 1.093750
-5.500000 0.000000 1.093750
-5.379332 -0.264270 1.093750
-5.036292 -0.496031 1.093750
-4.524518 -0.671149 1.093750
-3.923141 -0.780361 1.093750
-3.323303 -0.832444 1.093750
-2.812773 -0.853245 1.093750
-2.461366 -0.880691 1.093750
-2.309699 -0.956709 1.093750
-2.363191 -1.117706 1.093750
-2.592266 -1.385595 1.093750
-2.938557 -1.761303 1.093750
-3.325878 -2.222281 1.093750
-3.673891 -2.724744 1.093750
-3.911943 -3.210449 1.093750
-3.990629 -3.616895 1.093750
-3.889087 -3.889087 1.093750
-3.616895 -3.990629 1.093750
-3.210449 -3.911943 1.093750
-2.724744 -3.673891 1.093750
-2.222281 -3.325878 1.093750
-1.761303 -2.938557 1.093750
-1.385595 -2.592266 1.093750
-1.117706 -2.363191 1.093750
-0.956709 -2.309699 1.093750
-0.880691 -2.461366 1.093750
-0.853245 -2.812773 1.093750
-0.832444 -3.323303 1.093750
-0.780361 -3.923141 1.093750
-0.671149 -4.524518 1.093750
-0.496031 -5.036292 1.093750
-0.264270 -5.379332 1.093750
-0.000000 -5.500000 1.093750
0.264270 -5.379332 1.093750
0.496031 -5.036292 1.093750
0.671149 -4.524518 1.093750
0.780361 -3.923141 1.093750
0.832444 -3.323303 1.093750
0.853245 -2.812773 1.093750
0.880691 -2.461366 1.093750
0.956709 -2.309699 1.093750
1.117706 -2.363191 1.093750
1.385595 -2.592266 1.093750
1.761303 -2.938557 1.093750
2.222281 -3.325878 1.093750
2.724744 -3.673891 1.093750
3.210449 -3.911943 1.093750
3.616895 -3.990629 1.093750
3.889087 -3.889087 1.093750
3.990629 -3.616895 1.093750
3.911943 -3.210449 1.093750
3.673891 -2.724744 1.093750
3.325878 -2.222281 1.093750
2.938557 -1.761303 1.093750
2.592266 -1.385595 1.093750
2.363191 -1.117706 1.093750
2.309699 -0.956709 1.093750
2.461366 -0.880691 1.093750
2.812773 -0.853245 1.093750
3.323303 -0.832444 1.093750
3.923141 -0.780361 1.093750
4.524518 -0.671149 1.093750
5.036292 -0.496031 1.093750
5.379332 -0.264270 1.093750
5.500000 0.000000 1.250000
5.379332 0.264270 1.250000
5.036292 0.496031 1.250000
4.524518 0.671149 1.250000
3.923141 0.780361 1.250000
3.323303 0.832444 1.250000
2.812773 0.853245 1.250000
2.461366 0.880691 1.250000
2.309699 0.956709 1.250000
2.363191 1.117706 1.250000
2.592266 1.385595 1.250000
2.938557 1.761303 1.250000
3.325878 2.222281 1.250000
3.673891 2.724744 1.250000
3.911943 3.210449 1.250000
3.990629 3.616895 1.250000
3.889087 3.889087 1.250000
3.616895 3.990629 1.250000
3.210449 3.911943 1.250000
2.724744 3.673891 1.250000
2.222281 3.325878 1.250000
1.761303 2.938557 1.250000
1.385595 2.592266 1.250000
1.117706 2.363191 1.250000
0.956709 2.309699 1.250000
0.880691 2.461366 1.250000
0.853245 2.812773 1.250000
0.832444 3.323303 1.250000
0.780361 3.923141 1.250000
0.671149 4.524518 1.250000
0.496031 5.036292 1.250000
0.264270 5.379332 1.250000
0.000000 5.500000 1.250000
-0.264270 5.379332 1.250000
-0.496031 5.036292 1.250000
-0.671149 4.524518 1.250000
-0.780361 3.923141 1.250000
-0.832444 3.323303 1.250000
-0.853245 2.812773 1.250000
-0.880691 2.461366 1.250000
-0.956709 2.309699 1.250000
-1.117706 2.363191 1.250000
-1.385595 2.592266 1.250000
-1.761303 2.938557 1.250000
-2.222281 3.325878 1.250000
-2.724744 3.673891 1.250000
-3.210449 3.911943 1.250000
-3.616895 3.990629 1.250000
-3.889087 3.889087 1.250000
-3.990629 3.616895 1.250000
-3.911943 3.210449 1.250000
-3.673891 2.724744 1.250000
-3.325878 2.222281 1.250000
-2.938557 1.761303 1.250000
-2.592266 1.385595 1.250000
-2.363191 1.117706 1.250000
-2.309699 0.956709 1.250000
-2.461366 0.880691 1.250000
-2.812773 0.853245 1.250000
-3.323303 0.832444 1.250000
-3.923141 0.780361 1.250000
-4.524518 0.671149 1.250000
-5.036292 0.496031 1.250000
-5.379332 0.264270 1.250000
-5.500000 0.000000 1.250000
-5.379332 -0.264270 1.250000
-5.036292 -0.496031 1.250000
-4.524518 -0.671149 1.250000
-3.923141 -0.780361 1.250000
-3.323303 -0.832444 1.250000
-2.812773 -0.853245 1.250000
-2.461366 -0.880691 1.250000
-2.309699 -0.956709 1.250000
-2.363191 -1.117706 1.250000
-2.592266 -1.385595 1.250000
-2.938557 -1.761303 1.250000
-3.325878 -2.222281 1.250000
-3.673891 -2.724744 1.250000
-3.911943 -3.210449 1.250000
-3.990629 -3.616895 1.250000
-3.889087 -3.889087 1.250000
-3.616895 -3.990629 1.250000
-3.210449 -3.911943 1.250000
-2.724744 -3.673891 1.250000
-2.222281 -3.325878 1.250000
-1.761303 -2.938557 1.250000
-1.385595 -2.592266 1.250000
-1.117706 -2.363191 1.250000
-0.956709 -2.309699 1.250000
-0.880691 -2.461366 1.250000
-0.853245 -2.812773 1.250000
-0.832444 -3.323303 1.250000
-0.780361 -3.923141 1.250000
-0.671149 -4.524518 1.250000
-0.496031 -5.036292 1.250000
-0.264270 -5.379332 1.250000
-0.000000 -5.500000 1.250000
0.264270 -5.379332 1.250000
0.496031 -5.036292 1.250000
0.671149 -4.524518 1.250000
0.780361 -3.923141 1.250000
0.832444 -3.323303 1.250000
0.853245 -2.812773 1.250000
0.880691 -2.461366 1.250000
0.956709 -2.309699 1.250000
1.117706 -2.363191 1.250000
1.385595 -2.592266 1.250000
1.761303 -2.938557 1.250000
2.222281 -3.325878 1.250000
2.724744 -3.673891 1.250000
3.210449 -3.911943 1.250000
3.616895 -3.990629 1.250000
3.889087 -3.889087 1.250000
3.990629 -3.616895 1.250000
3.911943 -3.210449 1.250000
3.673891 -2.724744 1.250000
3.325878 -2.222281 1.250000
2.938557 -1.761303 1.250000
2.592266 -1.385595 1.250000
2.363191 -1.117706 1.250000
2.309699 -0.956709 1.250000
2.461366 -0.880691 1.250000
2.812773 -0.853245 1.250000
3.323303 -0.832444 1.250000
3.923141 -0.780361 1.250000
4.524518 -0.671149 1.250000
5.036292 -0.496031 1.250000
5.379332 -0.264270 1.250000
5.500000 0.000000 1.406250
5.379332 0.264270 1.406250
5.036292 0.496031 1.406250
4.524518 0.671149 1.406250
3.923141 0.780361 1.406250
3.323303 0.832444 1.406250
2.812773 0.853245 1.406250
2.461366 0.880691 1.406250
2.309699 0.956709 1.406250
2.363191 1.117706 1.406250
2.592266 1.385595 1.406250
2.938557 1.761303 1.406250
3.325878 2.222281 1.406250
3.673891 2.724744 1.406250
3.911943 3.210449 1.406250
3.990629 3.616895 1.406250
3.889087 3.889087 1.406250
3.616895 3.990629 1.406250
3.210449 3.911943 1.406250
2.724744 3.673891 1.406250
2.222281 3.325878 1.406250
1.761303 2.938557 1.406250
1.385595 2.592266 1.406250
1.117706 2.363191 1.406250
0.956709 2.309699 1.406250
0.880691 2.461366 1.406250
0.853245 2.812773 1.406250
0.832444 3.323303 1.406250
0.780361 3.923141 1.406250
0.671149 4.524518 1.406250
0.496031 5.036292 1.406250
0.264270 5.379332 1.406250
0.000000 5.500000 1.406250
-0.264270 5.379332 1.406250
-0.496031 5.036292 1.406250
-0.671149 4.524518 1.406250
-0.780361 3.923141 1.406250
-0.832444 3.323303 1.406250
-0.853245 2.812773 1.406250
-0.880691 2.461366 1.406250
-0.956709 2.309699 1.406250
-1.117706 2.363191 1.406250
-1.385595 2.592266 1.406250
-1.761303 2.938557 1.406250
-2.222281 3.325878 1.406250
-2.724744 3.673891 1.406250
-3.210449 3.911943 1.406250
-3.616895 3.990629 1.406250
-3.889087 3.889087 1.406250
-3.990629 3.616895 1.406250
-3.911943 3.210449 1.406250
-3.673891 2.724744 1.406250
-3.325878 2.222281 1.406250
-2.938557 1.761303 1.406250
-2.592266 1.385595 1.406250
-2.363191 1.117706 1.406250
-2.309699 0.956709 1.406250
-2.461366 0.880691 1.406250
-2.812773 0.853245 1.406250
-3.323303 0.832444 1.406250
-3.923141 0.780361 1.406250
-4.524518 0.671149 1.406250
-5.036292 0.496031 1.406250
-5.379332 0.264270 1.406250
-5.500000 0.000000 1.406250
-5.379332 -0.264270 1.406250
-5.036292 -0.496031 1.406250
-4.524518 -0.671149 1.406250
-3.923141 -0.780361 1.406250
-3.323303 -0.832444 1.406250
-2.812773 -0.853245 1.406250
-2.461366 -0.880691 1.406250
-2.309699 -0.956709 1.406250
-2.363191 -1.117706 1.406250
-2.592266 -1.385595 1.406250
-2.938557 -1.761303 1.406250
-3.325878 -2.222281 1.406250
-3.673891 -2.724744 1.406250
-3.911943 -3.210449 1.406250
-3.990629 -3.616895 1.406250
-3.889087 -3.889087 1.406250
-3.616895 -3.990629 1.406250
-3.210449 -3.911943 1.406250
-2.724744 -3.673891 1.406250
-2.222281 -3.325878 1.406250
-1.761303 -2.938557 1.406250
-1.385595 -2.592266 1.406250
-1.117706 -2.363191 1.406250
-0.956709 -2.309699 1.406250
-0.880691 -2.461366 1.406250
-0.853245 -2.812773 1.406250
-0.832444 -3.323303 1.406250
-0.780361 -3.923141 1.406250
-0.671149 -4.524518 1.406250
-0.496031 -5.036292 1.406250
-0.264270 -5.379332 1.406250
-0.000000 -5.500000 1.406250
0.264270 -5.379332 1.406250
0.496031 -5.036292 1.406250
0.671149 -4.524518 1.406250
0.780361 -3.923141 1.406250
0.832444 -3.323303 1.406250
0.853245 -2.812773 1.406250
0.880691 -2.461366 1.406250
0.956709 -2.309699 1.406250
1.117706 -2.363191 1.406250
1.385595 -2.592266 1.406250
1.761303 -2.938557 1.406250
2.222281 -3.325878 1.406250
2.724744 -3.673891 1.406250
3.210449 -3.911943 1.406250
3.616895 -3.990629 1.406250
3.889087 -3.889087 1.406250
3.990629 -3.616895 1.406250
3.911943 -3.210449 1.406250
3.673891 -2.724744 1.406250
3.325878 -2.222281 1.406250
2.938557 -1.761303 1.406250
2.592266 -1.385595 1.406250
2.363191 -1.117706 1.406250
2.309699 -0.956709 1.406250
2.461366 -0.880691 1.406250
2.812773 -0.853245 1.406250
3.323303 -0.832444 1.406250
3.923141 -0.780361 1.406250
4.524518 -0.671149 1.406250
5.036292 -0.496031 1.406250
5.379332 -0.264270 1.406250
5.500000 0.000000 1.562500
5.379332 0.264270 1.562500
5.036292 0.496031 1.562500
4.524518 0.671149 1.562500
3.923141 0.780361 1.562500
3.323303 0.832444 1.562500
2.812773 0.853245 1.562500
2.461366 0.880691 1.562500
2.309699 0.956709 1.562500
2.363191 1.117706 1.562500
2.592266 1.385595 1.562500
2.938557 1.761303 1.562500
3.325878 2.222281 1.562500
3.673891 2.724744 1.562500
3.911943 3.210449 1.562500
3.990629 3.616895 1.562500
3.889087 3.889087 1.562500
3.616895 3.990629 1.562500
3.210449 3.911943 1.562500
2.724744 3.673891 1.562500
2.222281 3.325878 1.562500
1.761303 2.938557 1.562500
1.385595 2.592266 1.562500
1.117706 2.363191 1.562500
0.956709 2.309699 1.562500
0.880691 2.461366 1.562500
0.853245 2.812773 1.562500
0.832444 3.323303 1.562500
0.780361 3.923141 1.562500
0.671149 4.524518 1.562500
0.496031 5.036292 1.562500
0.264270 5.379332 1.562500
0.000000 5.500000 1.562500
-0.264270 5.379332 1.562500
-0.496031 5.036292 1.562500
-0.671149 4.524518 1.562500
-0.780361 3.923141 1.562500
-0.832444 3.323303 1.562500
-0.853245 2.812773 1.562500
-0.880691 2.461366 1.562500
-0.956709 2.309699 1.562500
-1.117706 2.363191 1.562500
-1.385595 2.592266 1.562500
-1.761303 2.938557 1.562500
-2.222281 3.325878 1.562500
-2.724744 3.673891 1.562500
-3.210449 3.911943 1.562500
-3.616895 3.990629 1.562500
-3.889087 3.889087 1.562500
-3.990629 3.616895 1.562500
-3.911943 3.210449 1.562500
-3.673891 2.724744 1.562500
-3.325878 2.222281 1.562500
-2.938557 1.761303 1.562500
-2.592266 1.385595 1.562500
-2.363191 1.117706 1.562500
-2.309699 0.956709 1.562500
-2.461366 0.880691 1.562500
-2.812773 0.853245 1.562500
-3.323303 0.832444 1.562500
-3.923141 0.780361 1.562500
-4.524518 0.671149 1.562500
-5.036292 0.496031 1.562500
-5.379332 0.264270 1.562500
-5.500000 0.000000 1.562500
-5.379332 -0.264270 1.562500
-5.036292 -0.496031 1.562500
-4.524518 -0.671149 1.562500
-3.923141 -0.780361 1.562500
-3.323303 -0.832444 1.562500
-2.812773 -0.853245 1.562500
-2.461366 -0.880691 1.562500
-2.309699 -0.956709 1.562500
-2.363191 -1.117706 1.562500
-2.592266 -1.385595 1.562500
-2.938557 -1.761303 1.562500
-3.325878 -2.222281 1.562500
-3.673891 -2.724744 1.562500
-3.911943 -3.210449 1.562500
-3.990629 -3.616895 1.562500
-3.889087 -3.889087 1.562500
-3.616895 -3.990629 1.562500
-3.210449 -3.911943 1.562500
-2.724744 -3.673891 1.562500
-2.222281 -3.325878 1.562500
-1.761303 -2.938557 1.562500
-1.385595 -2.592266 1.562500
-1.117706 -2.363191 1.562500
-0.956709 -2.309699 1.562500
-0.880691 -2.461366 1.562500
-0.853245 -2.812773 1.562500
-0.832444 -3.323303 1.562500
-0.780361 -3.923141 1.562500
-0.671149 -4.524518 1.562500
-0.496031 -5.036292 1.562500
-0.264270 -5.379332 1.562500
-0.000000 -5.500000 1.562500
0.264270 -5.379332 1.562500
0.496031 -5.036292 1.562500
0.671149 -4.524518 1.562500
0.780361 -3.923141 1.562500
0.832444 -3.323303 1.562500
0.853245 -2.812773 1.562500
0.880691 -2.461366 1.562500
0.956709 -2.309699 1.562500
1.117706 -2.363191 1.562500
1.385595 -2.592266 1.562500
1.761303 -2.938557 1.562500
2.222281 -3.325878 1.562500
2.724744 -3.673891 1.562500
3.210449 -3.911943 1.562500
3.616895 -3.990629 1.562500
3.889087 -3.889087 1.562500
3.990629 -3.616895 1.562500
3.911943 -3.210449 1.562500
3.673891 -2.724744 1.562500
3.325878 -2.222281 1.562500
2.938557 -1.761303 1.562500
2.592266 -1.385595 1.562500
2.363191 -1.117706 1.562500
2.309699 -0.956709 1.562500
2.461366 -0.880691 1.562500
2.812773 -0.853245 1.562500
3.323303 -0.832444 1.562500
3.923141 -0.780361 1.562500
4.524518 -0.671149 1.562500
5.036292 -0.496031 1.562500
5.379332 -0.264270 1.562500
5.500000 0.000000 1.718750
5.379332 0.264270 1.718750
5.036292 0.496031 1.718750
4.524518 0.671149 1.718750
3.923141 0.780361 1.718750
3.323303 0.832444 1.718750
2.812773 0.853245 1.718750
2.461366 0.880691 1.718750
2.309699 0.956709 1.718750
2.363191 1.117706 1.718750
2.592266 1.385595 1.718750
2.938557 1.761303 1.718750
3.325878 2.222281 1.718750
3.673891 2.724744 1.718750
3.911943 3.210449 1.718750
3.990629 3.616895 1.718750
3.889087 3.889087 1.718750
3.616895 3.990629 1.718750
3.210449 3.911943 1.718750
2.724744 3.673891 1.718750
2.222281 3.325878 1.718750
1.761303 2.938557 1.718750
1.385595 2.592266 1.718750
1.117706 2.363191 1.718750
0.956709 2.309699 1.718750
0.880691 2.461366 1.718750
0.853245 2.812773 1.718750
0.832444 3.323303 1.718750
0.780361 3.923141 1.718750
0.671149 4.524518 1.718750
0.496031 5.036292 1.718750
0.264270 5.379332 1.718750
0.000000 5.500000 1.718750
-0.264270 5.379332 1.718750
-0.496031 5.036292 1.718750
-0.671149 4.524518 1.718750
-0.780361 3.923141 1.718750
-0.832444 3.323303 1.718750
-0.853245 2.812773 1.718750
-0.880691 2.461366 1.718750
-0.956709 2.309699 1.718750
-1.117706 2.363191 1.718750
-1.385595 2.592266 1.718750
-1.761303 2.938557 1.718750
-2.222281 3.325878 1.718750
-2.724744 3.673891 1.718750
-3.210449 3.911943 1.718750
-3.616895 3.990629 1.718750
-3.889087 3.889087 1.718750
-3.990629 3.616895 1.718750
-3.911943 3.210449 1.718750
-3.673891 2.724744 1.718750
-3.325878 2.222281 1.718750
-2.938557 1.761303 1.718750
-2.592266 1.385595 1.718750
-2.363191 1.117706 1.718750
-2.309699 0.956709 1.718750
-2.461366 0.880691 1.718750
-2.812773 0.853245 1.718750
-3.323303 0.832444 1.718750
-3.923141 0.780361 1.718750
-4.524518 0.671149 1.718750
-5.036292 0.496031 1.718750
-5.379332 0.264270 1.718750
-5.500000 0.000000 1.718750
-5.379332 -0.264270 1.718750
-5.036292 -0.496031 1.718750
-4.524518 -0.671149 1.718750
-3.923141 -0.780361 1.718750
-3.323303 -0.832444 1.718750
-2.812773 -0.853245 1.718750
-2.461366 -0.880691 1.718750
-2.309699 -0.956709 1.718750
-2.363191 -1.117706 1.718750
-2.592266 -1.385595 1.718750
-2.938557 -1.761303 1.718750
-3.325878 -2.222281 1.718750
-3.673891 -2.724744 1.718750
-3.911943 -3.210449 1.718750
-3.990629 -3.616895 1.718750
-3.889087 -3.889087 1.718750
-3.616895 -3.990629 1.718750
-3.210449 -3.911943 1.718750
-2.724744 -3.673891 1.718750
-2.222281 -3.325878 1.718750
-1.761303 -2.938557 1.718750
-1.385595 -2.592266 1.718750
-1.117706 -2.363191 1.718750
-0.956709 -2.309699 1.718750
-0.880691 -2.461366 1.718750
-0.853245 -2.812773 1.718750
-0.832444 -3.323303 1.718750
-0.780361 -3.923141 1.718750
-0.671149 -4.524518 1.718750
-0.496031 -5.036292 1.718750
-0.264270 -5.379332 1.718750
-0.000000 -5.500000 1.718750
0.264270 -5.379332 1.718750
0.496031 -5.036292 1.718750
0.671149 -4.524518 1.718750
0.780361 -3.923141 1.718750
0.832444 -3.323303 1.718750
0.853245 -2.812773 1.718750
0.880691 -2.461366 1.718750
0.956709 -2.309699 1.718750
1.117706 -2.363191 1.718750
1.385595 -2.592266 1.718750
1.761303 -2.938557 1.718750
2.222281 -3.325878 1.718750
2.724744 -3.673891 1.718750
3.210449 -3.911943 1.718750
3.616895 -3.990629 1.718750
3.889087 -3.889087 1.718750
3.990629 -3.616895 1.718750
3.911943 -3.210449 1.718750
3.673891 -2.724744 1.718750
3.325878 -2.222281 1.718750
2.938557 -1.761303 1.718750
2.592266 -1.385595 1.718750
2.363191 -1.117706 1.718750
2.309699 -0.956709 1.718750
2.461366 -0.880691 1.718750
2.812773 -0.853245 1.718750
3.323303 -0.832444 1.718750
3.923141 -0.780361 1.718750
4.524518 -0.671149 1.718750
5.036292 -0.496031 1.718750
5.379332 -0.264270 1.718750
5.500000 0.000000 1.875000
5.379332 0.264270 1.875000
5.036292 0.496031 1.875000
4.524518 0.671149 1.875000
3.923141 0.780361 1.875000
3.323303 0.832444 1.875000
2.812773 0.853245 1.875000
2.461366 0.880691 1.875000
2.309699 0.956709 1.875000
2.363191 1.117706 1.875000
2.592266 1.385595 1.875000
2.938557 1.761303 1.875000
3.325878 2.222281 1.875000
3.673891 2.724744 1.875000
3.911943 3.210449 1.875000
3.990629 3.616895 1.875000
3.889087 3.889087 1.875000
3.616895 3.990629 1.875000
3.210449 3.911943 1.875000
2.724744 3.673891 1.875000
2.222281 3.325878 1.875000
1.761303 2.938557 1.875000
1.385595 2.592266 1.875000
1.117706 2.363191 1.875000
0.956709 2.309699 1.875000
0.880691 2.461366 1.875000
0.853245 2.812773 1.875000
0.832444 3.323303 1.875000
0.780361 3.923141 1.875000
0.671149 4.524518 1.875000
0.496031 5.036292 1.875000
0.264270 5.379332 1.875000
0.000000 5.500000 1.875000
-0.264270 5.379332 1.875000
-0.496031 5.036292 1.875000
-0.671149 4.524518 1.875000
-0.780361 3.923141 1.875000
-0.832444 3.323303 1.875000
-0.853245 2.812773 1.875000
-0.880691 2.461366 1.875000
-0.956709 2.309699 1.875000
-1.117706 2.363191 1.875000
-1.385595 2.592266 1.875000
-1.761303 2.938557 1.875000
-2.222281 3.325878 1.875000
-2.724744 3.673891 1.875000
-3.210449 3.911943 1.875000
-3.616895 3.990629 1.875000
-3.889087 3.889087 1.875000
-3.990629 3.616895 1.875000
-3.911943 3.210449 1.875000
-3.673891 2.724744 1.875000
-3.325878 2.222281 1.875000
-2.938557 1.761303 1.875000
-2.592266 1.385595 1.875000
-2.363191 1.117706 1.875000
-2.309699 0.956709 1.875000
-2.461366 0.880691 1.875000
-2.812773 0.853245 1.875000
-3.323303 0.832444 1.875000
-3.923141 0.780361 1.875000
-4.524518 0.671149 1.875000
-5.036292 0.496031 1.875000
-5.379332 0.264270 1.875000
-5.500000 0.000000 1.875000
-5.379332 -0.264270 1.875000
-5.036292 -0.496031 1.875000
-4.524518 -0.671149 1.875000
-3.923141 -0.780361 1.875000
-3.323303 -0.832444 1.875000
-2.812773 -0.853245 1.875000
-2.461366 -0.880691 1.875000
-2.309699 -0.956709 1.875000
-2.363191 -1.117706 1.875000
-2.592266 -1.385595 1.875000
-2.938557 -1.761303 1.875000
-3.325878 -2.222281 1.875000
-3.673891 -2.724744 1.875000
-3.911943 -3.210449 1.875000
-3.990629 -3.616895 1.875000
-3.889087 -3.889087 1.875000
-3.616895 -3.990629 1.875000
-3.210449 -3.911943 1.875000
-2.724744 -3.673891 1.875000
-2.222281 -3.325878 1.875000
-1.761303 -2.938557 1.875000
-1.385595 -2.592266 1.875000
-1.117706 -2.363191 1.875000
-0.956709 -2.309699 1.875000
-0.880691 -2.461366 1.875000
-0.853245 -2.812773 1.875000
-0.832444 -3.323303 1.875000
-0.780361 -3.923141 1.875000
-0.671149 -4.524518 1.875000
-0.496031 -5.036292 1.875000
-0.264270 -5.379332 1.875000
-0.000000 -5.500000 1.875000
0.264270 -5.379332 1.875000
0.496031 -5.036292 1.875000
0.671149 -4.524518 1.875000
0.780361 -3.923141 1.875000
0.832444 -3.323303 1.875000
0.853245 -2.812773 1.875000
0.880691 -2.461366 1.875000
0.956709 -2.309699 1.875000
1.117706 -2.363191 1.875000
1.385595 -2.592266 1.875000
1.761303 -2.938557 1.875000
2.222281 -3.325878 1.875000
2.724744 -3.673891 1.875000
3.210449 -3.911943 1.875000
3.616895 -3.990629 1.875000
3.889087 -3.889087 1.875000
3.990629 -3.616895 1.875000
3.911943 -3.210449 1.875000
3.673891 -2.724744 1.875000
3.325878 -2.222281 1.875000
2.938557 -1.761303 1.875000
2.592266 -1.385595 1.875000
2.363191 -1.117706 1.875000
2.309699 -0.956709 1.875000
2.461366 -0.880691 1.875000
2.812773 -0.853245 1.875000
3.323303 -0.832444 1.875000
3.923141 -0.780361 1.875000
4.524518 -0.671149 1.875000
5.036292 -0.496031 1.875000
5.379332 -0.264270 1.875000
5.500000 0.000000 2.031250
5.379332 0.264270 2.031250
5.036292 0.496031 2.031250
4.524518 0.671149 2.031250
3.923141 0.780361 2.031250
3.323303 0.832444 2.031250
2.812773 0.853245 2.031250
2.461366 0.880691 2.031250
2.309699 0.956709 2.031250
2.363191 1.117706 2.031250
2.592266 1.385595 2.031250
2.938557 1.761303 2.031250
3.325878 2.222281 2.031250
3.673891 2.724744 2.031250
3.911943 3.210449 2.031250
3.990629 3.616895 2.031250
3.889087 3.889087 2.031250
3.616895 3.990629 2.031250
3.210449 3.911943 2.031250
2.724744 3.673891 2.031250
2.222281 3.325878 2.031250
1.761303 2.938557 2.031250
1.385595 2.592266 2.031250
1.117706 2.363191 2.031250
0.956709 2.309699 2.031250
0.880691 2.461366 2.031250
0.853245 2.812773 2.031250
0.832444 3.323303 2.031250
0.780361 3.923141 2.031250
0.671149 4.524518 2.031250
0.496031 5.036292 2.031250
0.264270 5.379332 2.031250
0.000000 5.500000 2.031250
-0.264270 5.379332 2.031250
-0.496031 5.036292 2.031250
-0.671149 4.524518 2.031250
-0.780361 3.923141 2.031250
-0.832444 3.323303 2.031250
-0.853245 2.812773 2.031250
-0.880691 2.461366 2.031250
-0.956709 2.309699 2.031250
-1.117706 2.363191 2.031250
-1.385595 2.592266 2.031250
-1.761303 2.938557 2.031250
-2.222281 3.325878 2.031250
-2.724744 3.673891 2.031250
-3.210449 3.911943 2.031250
-3.616895 3.990629 2.031250
-3.889087 3.889087 2.031250
-3.990629 3.616895 2.031250
-3.911943 3.210449 2.031250
-3.673891 2.724744 2.031250
-3.325878 2.222281 2.031250
-2.938557 1.761303 2.031250
-2.592266 1.385595 2.031250
-2.363191 1.117706 2.031250
-2.309699 0.956709 2.031250
-2.461366 0.880691 2.031250
-2.812773 0.853245 2.031250
-3.323303 0.832444 2.031250
-3.923141 0.780361 2.031250
-4.524518 0.671149 2.031250
-5.036292 0.496031 2.031250
-5.379332 0.264270 2.031250
-5.500000 0.000000 2.031250
-5.379332 -0.264270 2.031250
-5.036292 -0.496031 2.031250
-4.524518 -0.671149 2.031250
-3.923141 -0.780361 2.031250
-3.323303 -0.832444 2.031250
-2.812773 -0.853245 2.031250
-2.461366 -0.880691 2.031250
-2.309699 -0.956709 2.031250
-2.363191 -1.117706 2.031250
-2.592266 -1.385595 2.031250
-2.938557 -1.761303 2.031250
-3.325878 -2.222281 2.031250
-3.673891 -2.724744 2.031250
-3.911943 -3.210449 2.031250
-3.990629 -3.616895 2.031250
-3.889087 -3.889087 2.031250
-3.616895 -3.990629 2.031250
-3.210449 -3.911943 2.031250
-2.724744 -3.673891 2.031250
-2.222281 -3.325878 2.031250
-1.761303 -2.938557 2.031250
-1.385595 -2.592266 2.031250
-1.117706 -2.363191 2.031250
-0.956709 -2.309699 2.031250
-0.880691 -2.461366 2.031250
-0.853245 -2.812773 2.031250
-0.832444 -3.323303 2.031250
-0.780361 -3.923141 2.031250
-0.671149 -4.524518 2.031250
-0.496031 -5.036292 2.031250
-0.264270 -5.379332 2.031250
-0.000000 -5.500000 2.031250
0.264270 -5.379332 2.031250
0.496031 -5.036292 2.031250
0.671149 -4.524518 2.031250
0.780361 -3.923141 2.031250
0.832444 -3.323303 2.031250
0.853245 -2.812773 2.031250
0.880691 -2.461366 2.031250
0.956709 -2.309699 2.031250
1.117706 -2.363191 2.031250
1.385595 -2.592266 2.031250
1.761303 -2.938557 2.031250
2.222281 -3.325878 2.031250
2.724744 -3.673891 2.031250
3.210449 -3.911943 2.031250
3.616895 -3.990629 2.031250
3.889087 -3.889087 2.031250
3.990629 -3.616895 2.031250
3.911943 -3.210449 2.031250
3.673891 -2.724744 2.031250
3.325878 -2.222281 2.031250
2.938557 -1.761303 2.031250
2.592266 -1.385595 2.031250
2.363191 -1.117706 2.031250
2.309699 -0.956709 2.031250
2.461366 -0.880691 2.031250
2.812773 -0.853245 2.031250
3.323303 -0.832444 2.031250
3.923141 -0.780361 2.031250
4.524518 -0.671149 2.031250
5.036292 -0.496031 2.031250
5.379332 -0.264270 2.031250
5.500000 0.000000 2.187500
5.379332 0.264270 2.187500
5.036292 0.496031 2.187500
4.524518 0.671149 2.187500
3.923141 0.780361 2.187500
3.323303 0.832444 2.187500
2.812773 0.853245 2.187500
2.461366 0.880691 2.187500
2.309699 0.956709 2.187500
2.363191 1.117706 2.187500
2.592266 1.385595 2.187500
2.938557 1.761303 2.187500
3.325878 2.222281 2.187500
3.673891 2.724744 2.187500
3.911943 3.210449 2.187500
3.990629 3.616895 2.187500
3.889087 3.889087 2.187500
3.616895 3.990629 2.187500
3.210449 3.911943 2.187500
2.724744 3.673891 2.187500
2.222281 3.325878 2.187500
1.761303 2.938557 2.187500
1.385595 2.592266 2.187500
1.117706 2.363191 2.187500
0.956709 2.309699 2.187500
0.880691 2.461366 2.187500
0.853245 2.812773 2.187500
0.832444 3.323303 2.187500
0.780361 3.923141 2.187500
0.671149 4.524518 2.187500
0.496031 5.036292 2.187500
0.264270 5.379332 2.187500
0.000000 5.500000 2.187500
-0.264270 5.379332 2.187500
-0.496031 5.036292 2.187500
-0.671149 4.524518 2.187500
-0.780361 3.923141 2.187500
-0.832444 3.323303 2.187500
-0.853245 2.812773 2.187500
-0.880691 2.461366 2.187500
-0.956709 2.309699 2.187500
-1.117706 2.363191 2.187500
-1.385595 2.592266 2.187500
-1.761303 2.938557 2.187500
-2.222281 3.325878 2.187500
-2.724744 3.673891 2.187500
-3.210449 3.911943 2.187500
-3.616895 3.990629 2.187500
-3.889087 3.889087 2.187500
-3.990629 3.616895 2.187500
-3.911943 3.210449 2.187500
-3.673891 2.724744 2.187500
-3.325878 2.222281 2.187500
-2.938557 1.761303 2.187500
-2.592266 1.385595 2.187500
-2.363191 1.117706 2.187500
-2.309699 0.956709 2.187500
-2.461366 0.880691 2.187500
-2.812773 0.853245 2.187500
-3.323303 0.832444 2.187500
-3.923141 0.780361 2.187500
-4.524518 0.671149 2.187500
-5.036292 0.496031 2.187500
-5.379332 0.264270 2.187500
-5.500000 0.000000 2.187500
-5.379332 -0.264270 2.187500
-5.036292 -0.496031 2.187500
-4.524518 -0.671149 2.187500
-3.923141 -0.780361 2.187500
-3.323303 -0.832444 2.187500
-2.812773 -0.853245 2.187500
-2.461366 -0.880691 2.187500
-2.309699 -0.956709 2.187500
-2.363191 -1.117706 2.187500
-2.592266 -1.385595 2.187500
-2.938557 -1.761303 2.187500
-3.325878 -2.222281 2.187500
-3.673891 -2.724744 2.187500
-3.911943 -3.210449 2.187500
-3.990629 -3.616895 2.187500
-3.889087 -3.889087 2.187500
-3.616895 -3.990629 2.187500
-3.210449 -3.911943 2.187500
-2.724744 -3.673891 2.187500
-2.222281 -3.325878 2.187500
-1.761303 -2.938557 2.187500
-1.385595 -2.592266 2.187500
-1.117706 -2.363191 2.187500
-0.956709 -2.309699 2.187500
-0.880691 -2.461366 2.187500
-0.853245 -2.812773 2.187500
-0.832444 -3.323303 2.187500
-0.780361 -3.923141 2.187500
-0.671149 -4.524518 2.187500
-0.496031 -5.036292 2.187500
-0.264270 -5.379332 2.187500
-0.000000 -5.500000 2.187500
0.264270 -5.379332 2.187500
0.496031 -5.036292 2.187500
0.671149 -4.524518 2.187500
0.780361 -3.923141 2.187500
0.832444 -3.323303 2.187500
0.853245 -2.812773 2.187500
0.880691 -2.461366 2.187500
0.956709 -2.309699 2.187500
1.117706 -2.363191 2.187500
1.385595 -2.592266 2.187500
1.761303 -2.938557 2.187500
2.222281 -3.325878 2.187500
2.724744 -3.673891 2.187500
3.210449 -3.911943 2.187500
3.616895 -3.990629 2.187500
3.889087 -3.889087 2.187500
3.990629 -3.616895 2.187500
3.911943 -3.210449 2.187500
3.673891 -2.724744 2.187500
3.325878 -2.222281 2.187500
2.938557 -1.761303 2.187500
2.592266 -1.385595 2.187500
2.363191 -1.117706 2.187500
2.309699 -0.956709 2.187500
2.461366 -0.880691 2.187500
2.812773 -0.853245 2.187500
3.323303 -0.832444 2.187500
3.923141 -0.780361 2.187500
4.524518 -0.671149 2.187500
5.036292 -0.496031 2.187500
5.379332 -0.264270 2.187500
5.500000 0.000000 2.343750
5.379332 0.264270 2.343750
5.036292 0.496031 2.343750
4.524518 0.671149 2.343750
3.923141 0.780361 2.343750
3.323303 0.832444 2.343750
2.812773 0.853245 2.343750
2.461366 0.880691 2.343750
2.309699 0.956709 2.343750
2.363191 1.117706 2.343750
2.592266 1.385595 2.343750
2.938557 1.761303 2.343750
3.325878 2.222281 2.343750
3.673891 2.724744 2.343750
3.911943 3.210449 2.343750
3.990629 3.616895 2.343750
3.889087 3.889087 2.343750
3.616895 3.990629 2.343750
3.210449 3.911943 2.343750
2.724744 3.673891 2.343750
2.222281 3.325878 2.343750
1.761303 2.938557 2.343750
1.385595 2.592266 2.343750
1.117706 2.363191 2.343750
0.956709 2.309699 2.343750
0.880691 2.461366 2.343750
0.853245 2.812773 2.343750
0.832444 3.323303 2.343750
0.780361 3.923141 2.343750
0.671149 4.524518 2.343750
0.496031 5.036292 2.343750
0.264270 5.379332 2.343750
0.000000 5.500000 2.343750
-0.264270 5.379332 2.343750
-0.496031 5.036292 2.343750
-0.671149 4.524518 2.343750
-0.780361 3.923141 2.343750
-0.832444 3.323303 2.343750
-0.853245 2.812773 2.343750
-0.880691 2.461366 2.343750
-0.956709 2.309699 2.343750
-1.117706 2.363191 2.343750
-1.385595 2.592266 2.343750
-1.761303 2.938557 2.343750
-2.222281 3.325878 2.343750
-2.724744 3.673891 2.343750
-3.210449 3.911943 2.343750
-3.616895 3.990629 2.343750
-3.889087 3.889087 2.343750
-3.990629 3.616895 2.343750
-3.911943 3.210449 2.343750
-3.673891 2.724744 2.343750
-3.325878 2.222281 2.343750
-2.938557 1.761303 2.343750
-2.592266 1.385595 2.343750
-2.363191 1.117706 2.343750
-2.309699 0.956709 2.343750
-2.461366 0.880691 2.343750
-2.812773 0.853245 2.343750
-3.323303 0.832444 2.343750
-3.923141 0.780361 2.343750
-4.524518 0.671149 2.343750
-5.036292 0.496031 2.343750
-5.379332 0.264270 2.343750
-5.500000 0.000000 2.343750
-5.379332 -0.264270 2.343750
-5.036292 -0.496031 2.343750
-4.524518 -0.671149 2.343750
-3.923141 -0.780361 2.343750
-3.323303 -0.832444 2.343750
-2.812773 -0.853245 2.343750
-2.461366 -0.880691 2.343750
-2.309699 -0.956709 2.343750
-2.363191 -1.117706 2.343750
-2.592266 -1.385595 2.343750
-2.938557 -1.761303 2.343750
-3.325878 -2.222281 2.343750
-3.673891 -2.724744 2.343750
-3.911943 -3.210449 2.343750
-3.990629 -3.616895 2.343750
-3.889087 -3.889087 2.343750
-3.616895 -3.990629 2.343750
-3.210449 -3.911943 2.343750
-2.724744 -3.673891 2.343750
-2.222281 -3.325878 2.343750
-1.761303 -2.938557 2.343750
-1.385595 -2.592266 2.343750
-1.117706 -2.363191 2.343750
-0.956709 -2.309699 2.343750
-0.880691 -2.461366 2.343750
-0.853245 -2.812773 2.343750
-0.832444 -3.323303 2.343750
-0.780361 -3.923141 2.343750
-0.671149 -4.524518 2.343750
-0.496031 -5.036292 2.343750
-0.264270 -5.379332 2.343750
-0.000000 -5.500000 2.343750
0.264270 -5.379332 2.343750
0.496031 -5.036292 2.343750
0.671149 -4.524518 2.343750
0.780361 -3.923141 2.343750
0.832444 -3.323303 2.343750
0.853245 -2.812773 2.343750
0.880691 -2.461366 2.343750
0.956709 -2.309699 2.343750
1.117706 -2.363191 2.343750
1.385595 -2.592266 2.343750
1.761303 -2.938557 2.343750
2.222281 -3.325878 2.343750
2.724744 -3.673891 2.343750
3.210449 -3.911943 2.343750
3.616895 -3.990629 2.343750
3.889087 -3.889087 2.343750
3.990629 -3.616895 2.343750
3.911943 -3.210449 2.343750
3.673891 -2.724744 2.343750
3.325878 -2.222281 2.343750
2.938557 -1.761303 2.343750
2.592266 -1.385595 2.343750
2.363191 -1.117706 2.343750
2.309699 -0.956709 2.343750
2.461366 -0.880691 2.343750
2.812773 -0.853245 2.343750
3.323303 -0.832444 2.343750
3.923141 -0.780361 2.343750
4.524518 -0.671149 2.343750
5.036292 -0.496031 2.343750
5.379332 -0.264270 2.343750
5.500000 0.000000 2.500000
5.379332 0.264270 2.500000
5.036292 0.496031 2.500000
4.524518 0.671149 2.500000
3.923141 0.780361 2.500000
3.323303 0.832444 2.500000
2.812773 0.853245 2.500000
2.461366 0.880691 2.500000
2.309699 0.956709 2.500000
2.363191 1.117706 2.500000
2.592266 1.385595 2.500000
2.938557 1.761303 2.500000
3.325878 2.222281 2.500000
3.673891 2.724744 2.500000
3.911943 3.210449 2.500000
3.990629 3.616895 2.500000
3.889087 3.889087 2.500000
3.616895 3.990629 2.500000
3.210449 3.911943 2.500000
2.724744 3.673891 2.500000
2.222281 3.325878 2.500000
1.761303 2.938557 2.500000
1.385595 2.592266 2.500000
1.117706 2.363191 2.500000
0.956709 2.309699 2.500000
0.880691 2.461366 2.500000
0.853245 2.812773 2.500000
0.832444 3.323303 2.500000
0.780361 3.923141 2.500000
0.671149 4.524518 2.500000
0.496031 5.036292 2.500000
0.264270 5.379332 2.500000
0.000000 5.500000 2.500000
-0.264270 5.379332 2.500000
-0.496031 5.036292 2.500000
-0.671149 4.524518 2.500000
-0.780361 3.923141 2.500000
-0.832444 3.323303 2.500000
-0.853245 2.812773 2.500000
-0.880691 2.461366 2.500000
-0.956709 2.309699 2.500000
-1.117706 2.363191 2.500000
-1.385595 2.592266 2.500000
-1.761303 2.938557 2.500000
-2.222281 3.325878 2.500000
-2.724744 3.673891 2.500000
-3.210449 3.911943 2.500000
-3.616895 3.990629 2.500000
-3.889087 3.889087 2.500000
-3.990629 3.616895 2.500000
-3.911943 3.210449 2.500000
-3.673891 2.724744 2.500000
-3.325878 2.222281 2.500000
-2.938557 1.761303 2.500000
-2.592266 1.385595 2.500000
-2.363191 1.117706 2.500000
-2.309699 0.956709 2.500000
-2.461366 0.880691 2.500000
-2.812773 0.853245 2.500000
-3.323303 0.832444 2.500000
-3.923141 0.780361 2.500000
-4.524518 0.671149 2.500000
-5.036292 0.496031 2.500000
-5.379332 0.264270 2.500000
-5.500000 0.000000 2.500000
-5.379332 -0.264270 2.500000
-5.036292 -0.496031 2.500000
-4.524518 -0.671149 2.500000
-3.923141 -0.780361 2.500000
-3.323303 -0.832444 2.500000
-2.812773 -0.853245 2.500000
-2.461366 -0.880691 2.500000
-2.309699 -0.956709 2.500000
-2.363191 -1.117706 2.500000
-2.592266 -1.385595 2.500000
-2.938557 -1.761303 2.500000
-3.325878 -2.222281 2.500000
-3.673891 -2.724744 2.500000
-3.911943 -3.210449 2.500000
-3.990629 -3.616895 2.500000
-3.889087 -3.889087 2.500000
-3.616895 -3.990629 2.500000
-3.210449 -3.911943 2.500000
-2.724744 -3.673891 2.500000
-2.222281 -3.325878 2.500000
-1.761303 -2.938557 2.500000
-1.385595 -2.592266 2.500000
-1.117706 -2.363191 2.500000
-0.956709 -2.309699 2.500000
-0.880691 -2.461366 2.500000
-0.853245 -2.812773 2.500000
-0.832444 -3.323303 2.500000
-0.780361 -3.923141 2.500000
-0.671149 -4.524518 2.500000
-0.496031 -5.036292 2.500000
-0.264270 -5.379332 2.500000
-0.000000 -5.500000 2.500000
0.264270 -5.379332 2.500000
0.496031 -5.036292 2.500000
0.671149 -4.524518 2.500000
0.780361 -3.923141 2.500000
0.832444 -3.323303 2.500000
0.853245 -2.812773 2.500000
0.880691 -2.461366 2.500000
0.956709 -2.309699 2.500000
1.117706 -2.363191 2.500000
1.385595 -2.592266 2.500000
1.761303 -2.938557 2.500000
2.222281 -3.325878 2.500000
2.724744 -3.673891 2.500000
3.210449 -3.911943 2.500000
3.616895 -3.990629 2.500000
3.889087 -3.889087 2.500000
3.990629 -3.616895 2.500000
3.911943 -3.210449 2.500000
3.673891 -2.724744 2.500000
3.325878 -2.222281 2.500000
2.938557 -1.761303 2.500000
2.592266 -1.385595 2.500000
2.363191 -1.117706 2.500000
2.309699 -0.956709 2.500000
2.461366 -0.880691 2.500000
2.812773 -0.853245 2.500000
3.323303 -0.832444 2.500000
3.923141 -0.780361 2.500000
4.524518 -0.671149 2.500000
5.036292 -0.496031 2.500000
5.379332 -0.264270 2.500000
5.500000 0.000000 2.656250
5.379332 0.264270 2.656250
5.036292 0.496031 2.656250
4.524518 0.671149 2.656250
3.923141 0.780361 2.656250
3.323303 0.832444 2.656250
2.812773 0.853245 2.656250
2.461366 0.880691 2.656250
2.309699 0.956709 2.656250
2.363191 1.117706 2.656250
2.592266 1.385595 2.656250
2.938557 1.761303 2.656250
3.325878 2.222281 2.656250
3.673891 2.724744 2.656250
3.911943 3.210449 2.656250
3.990629 3.616895 2.656250
3.889087 3.889087 2.656250
3.616895 3.990629 2.656250
3.210449 3.911943 2.656250
2.724744 3.673891 2.656250
2.222281 3.325878 2.656250
1.761303 2.938557 2.656250
1.385595 2.592266 2.656250
1.117706 2.363191 2.656250
0.956709 2.309699 2.656250
0.880691 2.461366 2.656250
0.853245 2.812773 2.656250
0.832444 3.323303 2.656250
0.780361 3.923141 2.656250
0.671149 4.524518 2.656250
0.496031 5.036292 2.656250
0.264270 5.379332 2.656250
0.000000 5.500000 2.656250
-0.264270 5.379332 2.656250
-0.496031 5.036292 2.656250
-0.671149 4.524518 2.656250
-0.780361 3.923141 2.656250
-0.832444 3.323303 2.656250
-0.853245 2.812773 2.656250
-0.880691 2.461366 2.656250
-0.956709 2.309699 2.656250
-1.117706 2.363191 2.656250
-1.385595 2.592266 2.656250
-1.761303 2.938557 2.656250
-2.222281 3.325878 2.656250
-2.724744 3.673891 2.656250
-3.210449 3.911943 2.656250
-3.616895 3.990629 2.656250
-3.889087 3.889087 2.656250
-3.990629 3.616895 2.656250
-3.911943 3.210449 2.656250
-3.673891 2.724744 2.656250
-3.325878 2.222281 2.656250
-2.938557 1.761303 2.656250
-2.592266 1.385595 2.656250
-2.363191 1.117706 2.656250
-2.309699 0.956709 2.656250
-2.461366 0.880691 2.656250
-2.812773 0.853245 2.656250
-3.323303 0.832444 2.656250
-3.923141 0.780361 2.656250
-4.524518 0.671149 2.656250
-5.036292 0.496031 2.656250
-5.379332 0.264270 2.656250
-5.500000 0.000000 2.656250
-5.379332 -0.264270 2.656250
-5.036292 -0.496031 2.656250
-4.524518 -0.671149 2.656250
-3.923141 -0.780361 2.656250
-3.323303 -0.832444 2.656250
-2.812773 -0.853245 2.656250
-2.461366 -0.880691 2.656250
-2.309699 -0.956709 2.656250
-2.363191 -1.117706 2.656250
-2.592266 -1.385595 2.656250
-2.938557 -1.761303 2.656250
-3.325878 -2.222281 2.656250
-3.673891 -2.724744 2.656250
-3.911943 -3.210449 2.656250
-3.990629 -3.616895 2.656250
-3.889087 -3.889087 2.656250
-3.616895 -3.990629 2.656250
-3.210449 -3.911943 2.656250
-2.724744 -3.673891 2.656250
-2.222281 -3.325878 2.656250
-1.761303 -2.938557 2.656250
-1.385595 -2.592266 2.656250
-1.117706 -2.363191 2.656250
-0.956709 -2.309699 2.656250
-0.880691 -2.461366 2.656250
-0.853245 -2.812773 2.656250
-0.832444 -3.323303 2.656250
-0.780361 -3.923141 2.656250
-0.671149 -4.524518 2.656250
-0.496031 -5.036292 2.656250
-0.264270 -5.379332 2.656250
-0.000000 -5.500000 2.656250
0.264270 -5.379332 2.656250
0.496031 -5.036292 2.656250
0.671149 -4.524518 2.656250
0.780361 -3.923141 2.656250
0.832444 -3.323303 2.656250
0.853245 -2.812773 2.656250
0.880691 -2.461366 2.656250
0.956709 -2.309699 2.656250
1.117706 -2.363191 2.656250
1.385595 -2.592266 2.656250
1.761303 -2.938557 2.656250
2.222281 -3.325878 2.656250
2.724744 -3.673891 2.656250
3.210449 -3.911943 2.656250
3.616895 -3.990629 2.656250
3.889087 -3.889087 2.656250
3.990629 -3.616895 2.656250
3.911943 -3.210449 2.656250
3.673891 -2.724744 2.656250
3.325878 -2.222281 2.656250
2.938557 -1.761303 2.656250
2.592266 -1.385595 2.656250
2.363191 -1.117706 2.656250
2.309699 -0.956709 2.656250
2.461366 -0.880691 2.656250
2.812773 -0.853245 2.656250
3.323303 -0.832444 2.656250
3.923141 -0.780361 2.656250
4.524518 -0.671149 2.656250
5.036292 -0.496031 2.656250
5.379332 -0.264270 2.656250
5.500000 0.000000 2.812500
5.379332 0.264270 2.812500
5.036292 0.496031 2.812500
4.524518 0.671149 2.812500
3.923141 0.780361 2.812500
3.323303 0.832444 2.812500
2.812773 0.853245 2.812500
2.461366 0.880691 2.812500
2.309699 0.956709 2.812500
2.363191 1.117706 2.812500
2.592266 1.385595 2.812500
2.938557 1.761303 2.812500
3.325878 2.222281 2.812500
3.673891 2.724744 2.812500
3.911943 3.210449 2.812500
3.990629 3.616895 2.812500
3.889087 3.889087 2.812500
3.616895 3.990629 2.812500
3.210449 3.911943 2.812500
2.724744 3.673891 2.812500
2.222281 3.325878 2.812500
1.761303 2.938557 2.812500
1.385595 2.592266 2.812500
1.117706 2.363191 2.812500
0.956709 2.309699 2.812500
0.880691 2.461366 2.812500
0.853245 2.812773 2.812500
0.832444 3.323303 2.812500
0.780361 3.923141 2.812500
0.671149 4.524518 2.812500
0.496031 5.036292 2.812500
0.264270 5.379332 2.812500
0.000000 5.500000 2.812500
-0.264270 5.379332 2.812500
-0.496031 5.036292 2.812500
-0.671149 4.524518 2.812500
-0.780361 3.923141 2.812500
-0.832444 3.323303 2.812500
-0.853245 2.812773 2.812500
-0.880691 2.461366 2.812500
-0.956709 2.309699 2.812500
-1.117706 2.363191 2.812500
-1.385595 2.592266 2.812500
-1.761303 2.938557 2.812500
-2.222281 3.325878 2.812500
-2.724744 3.673891 2.812500
-3.210449 3.911943 2.812500
-3.616895 3.990629 2.812500
-3.889087 3.889087 2.812500
-3.990629 3.616895 2.812500
-3.911943 3.210449 2.812500
-3.673891 2.724744 2.812500
-3.325878 2.222281 2.812500
-2.938557 1.761303 2.812500
-2.592266 1.385595 2.812500
-2.363191 1.117706 2.812500
-2.309699 0.956709 2.812500
-2.461366 0.880691 2.812500
-2.812773 0.853245 2.812500
-3.323303 0.832444 2.812500
-3.923141 0.780361 2.812500
-4.524518 0.671149 2.812500
-5.036292 0.496031 2.812500
-5.379332 0.264270 2.812500
-5.500000 0.000000 2.812500
-5.379332 -0.264270 2.812500
-5.036292 -0.496031 2.812500
-4.524518 -0.671149 2.812500
-3.923141 -0.780361 2.812500
-3.323303 -0.832444 2.812500
-2.812773 -0.853245 2.812500
-2.461366 -0.880691 2.812500
-2.309699 -0.956709 2.812500
-2.363191 -1.117706 2.812500
-2.592266 -1.385595 2.812500
-2.938557 -1.761303 2.812500
-3.325878 -2.222281 2.812500
-3.673891 -2.724744 2.812500
-3.911943 -3.210449 2.812500
-3.990629 -3.616895 2.812500
-3.889087 -3.889087 2.812500
-3.616895 -3.990629 2.812500
-3.210449 -3.911943 2.812500
-2.724744 -3.673891 2.812500
-2.222281 -3.325878 2.812500
-1.761303 -2.938557 2.812500
-1.385595 -2.592266 2.812500
-1.117706 -2.363191 2.812500
-0.956709 -2.309699 2.812500
-0.880691 -2.461366 2.812500
-0.853245 -2.812773 2.812500
-0.832444 -3.323303 2.812500
-0.780361 -3.923141 2.812500
-0.671149 -4.524518 2.812500
-0.496031 -5.036292 2.812500
-0.264270 -5.379332 2.812500
-0.000000 -5.500000 2.812500
0.264270 -5.379332 2.812500
0.496031 -5.036292 2.812500
0.671149 -4.524518 2.812500
0.780361 -3.923141 2.812500
0.832444 -3.323303 2.812500
0.853245 -2.812773 2.812500
0.880691 -2.461366 2.812500
0.956709 -2.309699 2.812500
1.117706 -2.363191 2.812500
1.385595 -2.592266 2.812500
1.761303 -2.938557 2.812500
2.222281 -3.325878 2.812500
2.724744 -3.673891 2.812500
3.210449 -3.911943 2.812500
3.616895 -3.990629 2.812500
3.889087 -3.889087 2.812500
3.990629 -3.616895 2.812500
3.911943 -3.210449 2.812500
3.673891 -2.724744 2.812500
3.325878 -2.222281 2.812500
2.938557 -1.761303 2.812500
2.592266 -1.385595 2.812500
2.363191 -1.117706 2.812500
2.309699 -0.956709 2.812500
2.461366 -0.880691 2.812500
2.812773 -0.853245 2.812500
3.323303 -0.832444 2.812500
3.923141 -0.780361 2.812500
4.524518 -0.671149 2.812500
5.036292 -0.496031 2.812500
5.379332 -0.264270 2.812500
5.500000 0.000000 2.968750
5.379332 0.264270 2.968750
5.036292 0.496031 2.968750
4.524518 0.671149 2.968750
3.923141 0.780361 2.968750
3.323303 0.832444 2.968750
2.812773 0.853245 2.968750
2.461366 0.880691 2.968750
2.309699 0.956709 2.968750
2.363191 1.117706 2.968750
2.592266 1.385595 2.968750
2.938557 1.761303 2.968750
3.325878 2.222281 2.968750
3.673891 2.724744 2.968750
3.911943 3.210449 2.968750
3.990629 3.616895 2.968750
3.889087 3.889087 2.968750
3.616895 3.990629 2.968750
3.210449 3.911943 2.968750
2.724744 3.673891 2.968750
2.222281 3.325878 2.968750
1.761303 2.938557 2.968750
1.385595 2.592266 2.968750
1.117706 2.363191 2.968750
0.956709 2.309699 2.968750
0.880691 2.461366 2.968750
0.853245 2.812773 2.968750
0.832444 3.323303 2.968750
0.780361 3.923141 2.968750
0.671149 4.524518 2.968750
0.496031 5.036292 2.968750
0.264270 5.379332 2.968750
0.000000 5.500000 2.968750
-0.264270 5.379332 2.968750
-0.496031 5.036292 2.968750
-0.671149 4.524518 2.968750
-0.780361 3.923141 2.968750
-0.832444 3.323303 2.968750
-0.853245 2.812773 2.968750
-0.880691 2.461366 2.968750
-0.956709 2.309699 2.968750
-1.117706 2.363191 2.968750
-1.385595 2.592266 2.968750
-1.761303 2.938557 2.968750
-2.222281 3.325878 2.968750
-2.724744 3.673891 2.968750
-3.210449 3.911943 2.968750
-3.616895 3.990629 2.968750
-3.889087 3.889087 2.968750
-3.990629 3.616895 2.968750
-3.911943 3.210449 2.968750
-3.673891 2.724744 2.968750
-3.325878 2.222281 2.968750
-2.938557 1.761303 2.968750
-2.592266 1.385595 2.968750
-2.363191 1.117706 2.968750
-2.309699 0.956709 2.968750
-2.461366 0.880691 2.968750
-2.812773 0.853245 2.968750
-3.323303 0.832444 2.968750
-3.923141 0.780361 2.968750
-4.524518 0.671149 2.968750
-5.036292 0.496031 2.968750
-5.379332 0.264270 2.968750
-5.500000 0.000000 2.968750
-5.379332 -0.264270 2.968750
-5.036292 -0.496031 2.968750
-4.524518 -0.671149 2.968750
-3.923141 -0.780361 2.968750
-3.323303 -0.832444 2.968750
-2.812773 -0.853245 2.968750
-2.461366 -0.880691 2.968750
-2.309699 -0.956709 2.968750
-2.363191 -1.117706 2.968750
-2.592266 -1.385595 2.968750
-2.938557 -1.761303 2.968750
-3.325878 -2.222281 2.968750
-3.673891 -2.724744 2.968750
-3.911943 -3.210449 2.968750
-3.990629 -3.616895 2.968750
-3.889087 -3.889087 2.968750
-3.616895 -3.990629 2.968750
-3.210449 -3.911943 2.968750
-2.724744 -3.673891 2.968750
-2.222281 -3.325878 2.968750
-1.761303 -2.938557 2.968750
-1.385595 -2.592266 2.968750
-1.117706 -2.363191 2.968750
-0.956709 -2.309699 2.968750
-0.880691 -2.461366 2.968750
-0.853245 -2.812773 2.968750
-0.832444 -3.323303 2.968750
-0.780361 -3.923141 2.968750
-0.671149 -4.524518 2.968750
-0.496031 -5.036292 2.968750
-0.264270 -5.379332 2.968750
-0.000000 -5.500000 2.968750
0.264270 -5.379332 2.968750
0.496031 -5.036292 2.968750
0.671149 -4.524518 2.968750
0.780361 -3.923141 2.968750
0.832444 -3.323303 2.968750
0.853245 -2.812773 2.968750
0.880691 -2.461366 2.968750
0.956709 -2.309699 2.968750
1.117706 -2.363191 2.968750
1.385595 -2.592266 2.968750
1.761303 -2.938557 2.968750
2.222281 -3.325878 2.968750
2.724744 -3.673891 2.968750
3.210449 -3.911943 2.968750
3.616895 -3.990629 2.968750
3.889087 -3.889087 2.968750
3.990629 -3.616895 2.968750
3.911943 -3.210449 2.968750
3.673891 -2.724744 2.968750
3.325878 -2.222281 2.968750
2.938557 -1.761303 2.968750
2.592266 -1.385595 2.968750
2.363191 -1.117706 2.968750
2.309699 -0.956709 2.968750
2.461366 -0.880691 2.968750
2.812773 -0.853245 2.968750
3.323303 -0.832444 2.968750
3.923141 -0.780361 2.968750
4.524518 -0.671149 2.968750
5.036292 -0.496031 2.968750
5.379332 -0.264270 2.968750
5.500000 0.000000 3.125000
5.379332 0.264270 3.125000
5.036292 0.496031 3.125000
4.524518 0.671149 3.125000
3.923141 0.780361 3.125000
3.323303 0.832444 3.125000
2.812773 0.853245 3.125000
2.461366 0.880691 3.125000
2.309699 0.956709 3.125000
2.363191 1.117706 3.125000
2.592266 1.385595 3.125000
2.938557 1.761303 3.125000
3.325878 2.222281 3.125000
3.673891 2.724744 3.125000
3.911943 3.210449 3.125000
3.990629 3.616895 3.125000
3.889087 3.889087 3.125000
3.616895 3.990629 3.125000
3.210449 3.911943 3.125000
2.724744 3.673891 3.125000
2.222281 3.325878 3.125000
1.761303 2.938557 3.125000
1.385595 2.592266 3.125000
1.117706 2.363191 3.125000
0.956709 2.309699 3.125000
0.880691 2.461366 3.125000
0.853245 2.812773 3.125000
0.832444 3.323303 3.125000
0.780361 3.923141 3.125000
0.671149 4.524518 3.125000
0.496031 5.036292 3.125000
0.264270 5.379332 3.125000
0.000000 5.500000 3.125000
-0.264270 5.379332 3.125000
-0.496031 5.036292 3.125000
-0.671149 4.524518 3.125000
-0.780361 3.923141 3.125000
-0.832444 3.323303 3.125000
-0.853245 2.812773 3.125000
-0.880691 2.461366 3.125000
-0.956709 2.309699 3.125000
-1.117706 2.363191 3.125000
-1.385595 2.592266 3.125000
-1.761303 2.938557 3.125000
-2.222281 3.325878 3.125000
-2.724744 3.673891 3.125000
-3.210449 3.911943 3.125000
-3.616895 3.990629 3.125000
-3.889087 3.889087 3.125000
-3.990629 3.616895 3.125000
-3.911943 3.210449 3.125000
-3.673891 2.724744 3.125000
-3.325878 2.222281 3.125000
-2.938557 1.761303 3.125000
-2.592266 1.385595 3.125000
-2.363191 1.117706 3.125000
-2.309699 0.956709 3.125000
-2.461366 0.880691 3.125000
-2.812773 0.853245 3.125000
-3.323303 0.832444 3.125000
-3.923141 0.780361 3.125000
-4.524518 0.671149 3.125000
-5.036292 0.496031 3.125000
-5.379332 0.264270 3.125000
-5.500000 0.000000 3.125000
-5.379332 -0.264270 3.125000
-5.036292 -0.496031 3.125000
-4.524518 -0.671149 3.125000
-3.923141 -0.780361 3.125000
-3.323303 -0.832444 3.125000
-2.812773 -0.853245 3.125000
-2.461366 -0.880691 3.125000
-2.309699 -0.956709 3.125000
-2.363191 -1.117706 3.125000
-2.592266 -1.385595 3.125000
-2.938557 -1.761303 3.125000
-3.325878 -2.222281 3.125000
-3.673891 -2.724744 3.125000
-3.911943 -3.210449 3.125000
-3.990629 -3.616895 3.125000
-3.889087 -3.889087 3.125000
-3.616895 -3.990629 3.125000
-3.210449 -3.911943 3.125000
-2.724744 -3.673891 3.125000
-2.222281 -3.325878 3.125000
-1.761303 -2.938557 3.125000
-1.385595 -2.592266 3.125000
-1.117706 -2.363191 3.125000
-0.956709 -2.309699 3.125000
-0.880691 -2.461366 3.125000
-0.853245 -2.812773 3.125000
-0.832444 -3.323303 3.125000
-0.780361 -3.923141 3.125000
-0.671149 -4.524518 3.125000
-0.496031 -5.036292 3.125000
-0.264270 -5.379332 3.125000
-0.000000 -5.500000 3.125000
0.264270 -5.379332 3.125000
0.496031 -5.036292 3.125000
0.671149 -4.524518 3.125000
0.780361 -3.923141 3.125000
0.832444 -3.323303 3.125000
0.853245 -2.812773 3.125000
0.880691 -2.461366 3.125000
0.956709 -2.309699 3.125000
1.117706 -2.363191 3.125000
1.385595 -2.592266 3.125000
1.761303 -2.938557 3.125000
2.222281 -3.325878 3.125000
2.724744 -3.673891 3.125000
3.210449 -3.911943 3.125000
3.616895 -3.990629 3.125000
3.889087 -3.889087 3.125000
3.990629 -3.616895 3.125000
3.911943 -3.210449 3.125000
3.673891 -2.724744 3.125000
3.325878 -2.222281 3.125000
2.938557 -1.761303 3.125000
2.592266 -1.385595 3.125000
2.363191 -1.117706 3.125000
2.309699 -0.956709 3.125000
2.461366 -0.880691 3.125000
2.812773 -0.853245 3.125000
3.323303 -0.832444 3.125000
3.923141 -0.780361 3.125000
4.524518 -0.671149 3.125000
5.036292 -0.496031 3.125000
5.379332 -0.264270 3.125000
5.500000 0.000000 3.281250
5.379332 0.264270 3.281250
5.036292 0.496031 3.281250
4.524518 0.671149 3.281250
3.923141 0.780361 3.281250
3.323303 0.832444 3.281250
2.812773 0.853245 3.281250
2.461366 0.880691 3.281250
2.309699 0.956709 3.281250
2.363191 1.117706 3.281250
2.592266 1.385595 3.281250
2.938557 1.761303 3.281250
3.325878 2.222281 3.281250
3.673891 2.724744 3.281250
3.911943 3.210449 3.281250
3.990629 3.616895 3.281250
3.889087 3.889087 3.281250
3.616895 3.990629 3.281250
3.210449 3.911943 3.281250
2.724744 3.673891 3.281250
2.222281 3.325878 3.281250
1.761303 2.938557 3.281250
1.385595 2.592266 3.281250
1.117706 2.363191 3.281250
0.956709 2.309699 3.281250
0.880691 2.461366 3.281250
0.853245 2.812773 3.281250
0.832444 3.323303 3.281250
0.780361 3.923141 3.281250
0.671149 4.524518 3.281250
0.496031 5.036292 3.281250
0.264270 5.379332 3.281250
0.000000 5.500000 3.281250
-0.264270 5.379332 3.281250
-0.496031 5.036292 3.281250
-0.671149 4.524518 3.281250
-0.780361 3.923141 3.281250
-0.832444 3.323303 3.281250
-0.853245 2.812773 3.281250
-0.880691 2.461366 3.281250
-0.956709 2.309699 3.281250
-1.117706 2.363191 3.281250
-1.385595 2.592266 3.281250
-1.761303 2.938557 3.281250
-2.222281 3.325878 3.281250
-2.724744 3.673891 3.281250
-3.210449 3.911943 3.281250
-3.616895 3.990629 3.281250
-3.889087 3.889087 3.281250
-3.990629 3.616895 3.281250
-3.911943 3.210449 3.281250
-3.673891 2.724744 3.281250
-3.325878 2.222281 3.281250
-2.938557 1.761303 3.281250
-2.592266 1.385595 3.281250
-2.363191 1.117706 3.281250
-2.309699 0.956709 3.281250
-2.461366 0.880691 3.281250
-2.812773 0.853245 3.281250
-3.323303 0.832444 3.281250
-3.923141 0.780361 3.281250
-4.524518 0.671149 3.281250
-5.036292 0.496031 3.281250
-5.379332 0.264270 3.281250
-5.500000 0.000000 3.281250
-5.379332 -0.264270 3.281250
-5.036292 -0.496031 3.281250
-4.524518 -0.671149 3.281250
-3.923141 -0.780361 3.281250
-3.323303 -0.832444 3.281250
-2.812773 -0.853245 3.281250
-2.461366 -0.880691 3.281250
-2.309699 -0.956709 3.281250
-2.363191 -1.117706 3.281250
-2.592266 -1.385595 3.281250
-2.938557 -1.761303 3.281250
-3.325878 -2.222281 3.281250
-3.673891 -2.724744 3.281250
-3.911943 -3.210449 3.281250
-3.990629 -3.616895 3.281250
-3.889087 -3.889087 3.281250
-3.616895 -3.990629 3.281250
-3.210449 -3.911943 3.281250
-2.724744 -3.673891 3.281250
-2.222281 -3.325878 3.281250
-1.761303 -2.938557 3.281250
-1.385595 -2.592266 3.281250
-1.117706 -2.363191 3.281250
-0.956709 -2.309699 3.281250
-0.880691 -2.461366 3.281250
-0.853245 -2.812773 3.281250
-0.832444 -3.323303 3.281250
-0.780361 -3.923141 3.281250
-0.671149 -4.524518 3.281250
-0.496031 -5.036292 3.281250
-0.264270 -5.379332 3.281250
-0.000000 -5.500000 3.281250
0.264270 -5.379332 3.281250
0.496031 -5.036292 3.281250
0.671149 -4.524518 3.281250
0.780361 -3.923141 3.281250
0.832444 -3.323303 3.281250
0.853245 -2.812773 3.281250
0.880691 -2.461366 3.281250
0.956709 -2.309699 3.281250
1.117706 -2.363191 3.281250
1.385595 -2.592266 3.281250
1.761303 -2.938557 3.281250
2.222281 -3.325878 3.281250
2.724744 -3.673891 3.281250
3.210449 -3.911943 3.281250
3.616895 -3.990629 3.281250
3.889087 -3.889087 3.281250
3.990629 -3.616895 3.281250
3.911943 -3.210449 3.281250
3.673891 -2.724744 3.281250
3.325878 -2.222281 3.281250
2.938557 -1.761303 3.281250
2.592266 -1.385595 3.281250
2.363191 -1.117706 3.281250
2.309699 -0.956709 3.281250
2.461366 -0.880691 3.281250
2.812773 -0.853245 3.281250
3.323303 -0.832444 3.281250
3.923141 -0.780361 3.281250
4.524518 -0.671149 3.281250
5.036292 -0.496031 3.281250
5.379332 -0.264270 3.281250
5.500000 0.000000 3.437500
5.379332 0.264270 3.437500
5.036292 0.496031 3.437500
4.524518 0.671149 3.437500
3.923141 0.780361 3.437500
3.323303 0.832444 3.437500
2.812773 0.853245 3.437500
2.461366 0.880691 3.437500
2.309699 0.956709 3.437500
2.363191 1.117706 3.437500
2.592266 1.385595 3.437500
2.938557 1.761303 3.437500
3.325878 2.222281 3.437500
3.673891 2.724744 3.437500
3.911943 3.210449 3.437500
3.990629 3.616895 3.437500
3.889087 3.889087 3.437500
3.616895 3.990629 3.437500
3.210449 3.911943 3.437500
2.724744 3.673891 3.437500
2.222281 3.325878 3.437500
1.761303 2.938557 3.437500
1.385595 2.592266 3.437500
1.117706 2.363191 3.437500
0.956709 2.309699 3.437500
0.880691 2.461366 3.437500
0.853245 2.812773 3.437500
0.832444 3.323303 3.437500
0.780361 3.923141 3.437500
0.671149 4.524518 3.437500
0.496031 5.036292 3.437500
0.264270 5.379332 3.437500
0.000000 5.500000 3.437500
-0.264270 5.379332 3.437500
-0.496031 5.036292 3.437500
-0.671149 4.524518 3.437500
-0.780361 3.923141 3.437500
-0.832444 3.323303 3.437500
-0.853245 2.812773 3.437500
-0.880691 2.461366 3.437500
-0.956709 2.309699 3.437500
-1.117706 2.363191 3.437500
-1.385595 2.592266 3.437500
-1.761303 2.938557 3.437500
-2.222281 3.325878 3.437500
-2.724744 3.673891 3.437500
-3.210449 3.911943 3.437500
-3.616895 3.990629 3.437500
-3.889087 3.889087 3.437500
-3.990629 3.616895 3.437500
-3.911943 3.210449 3.437500
-3.673891 2.724744 3.437500
-3.325878 2.222281 3.437500
-2.938557 1.761303 3.437500
-2.592266 1.385595 3.437500
-2.363191 1.117706 3.437500
-2.309699 0.956709 3.437500
-2.461366 0.880691 3.437500
-2.812773 0.853245 3.437500
-3.323303 0.832444 3.437500
-3.923141 0.780361 3.437500
-4.524518 0.671149 3.437500
-5.036292 0.496031 3.437500
-5.379332 0.264270 3.437500
-5.500000 0.000000 3.437500
-5.379332 -0.264270 3.437500
-5.036292 -0.496031 3.437500
-4.524518 -0.671149 3.437500
-3.923141 -0.780361 3.437500
-3.323303 -0.832444 3.437500
-2.812773 -0.853245 3.437500
-2.461366 -0.880691 3.437500
-2.309699 -0.956709 3.437500
-2.363191 -1.117706 3.437500
-2.592266 -1.385595 3.437500
-2.938557 -1.761303 3.437500
-3.325878 -2.222281 3.437500
-3.673891 -2.724744 3.437500
-3.911943 -3.210449 3.437500
-3.990629 -3.616895 3.437500
-3.889087 -3.889087 3.437500
-3.616895 -3.990629 3.437500
-3.210449 -3.911943 3.437500
-2.724744 -3.673891 3.437500
-2.222281 -3.325878 3.437500
-1.761303 -2.938557 3.437500
-1.385595 -2.592266 3.437500
-1.117706 -2.363191 3.437500
-0.956709 -2.309699 3.437500
-0.880691 -2.461366 3.437500
-0.853245 -2.812773 3.437500
-0.832444 -3.323303 3.437500
-0.780361 -3.923141 3.437500
-0.671149 -4.524518 3.437500
-0.496031 -5.036292 3.437500
-0.264270 -5.379332 3.437500
-0.000000 -5.500000 3.437500
0.264270 -5.379332 3.437500
0.496031 -5.036292 3.437500
0.671149 -4.524518 3.437500
0.780361 -3.923141 3.437500
0.832444 -3.323303 3.437500
0.853245 -2.812773 3.437500
0.880691 -2.461366 3.437500
0.956709 -2.309699 3.437500
1.117706 -2.363191 3.437500
1.385595 -2.592266 3.437500
1.761303 -2.938557 3.437500
2.222281 -3.325878 3.437500
2.724744 -3.673891 3.437500
3.210449 -3.911943 3.437500
3.616895 -3.990629 3.437500
3.889087 -3.889087 3.437500
3.990629 -3.616895 3.437500
3.911943 -3.210449 3.437500
3.673891 -2.724744 3.437500
3.325878 -2.222281 3.437500
2.938557 -1.761303 3.437500
2.592266 -1.385595 3.437500
2.363191 -1.117706 3.437500
2.309699 -0.956709 3.437500
2.461366 -0.880691 3.437500
2.812773 -0.853245 3.437500
3.323303 -0.832444 3.437500
3.923141 -0.780361 3.437500
4.524518 -0.671149 3.437500
5.036292 -0.496031 3.437500
5.379332 -0.264270 3.437500
5.500000 0.000000 3.593750
5.379332 0.264270 3.593750
5.036292 0.496031 3.593750
4.524518 0.671149 3.593750
3.923141 0.780361 3.593750
3.323303 0.832444 3.593750
2.812773 0.853245 3.593750
2.461366 0.880691 3.593750
2.309699 0.956709 3.593750
2.363191 1.117706 3.593750
2.592266 1.385595 3.593750
2.938557 1.761303 3.593750
3.325878 2.222281 3.593750
3.673891 2.724744 3.593750
3.911943 3.210449 3.593750
3.990629 3.616895 3.593750
3.889087 3.889087 3.593750
3.616895 3.990629 3.593750
3.210449 3.911943 3.593750
2.724744 3.673891 3.593750
2.222281 3.325878 3.593750
1.761303 2.938557 3.593750
1.385595 2.592266 3.593750
1.117706 2.363191 3.593750
0.956709 2.309699 3.593750
0.880691 2.461366 3.593750
0.853245 2.812773 3.593750
0.832444 3.323303 3.593750
0.780361 3.923141 3.593750
0.671149 4.524518 3.593750
0.496031 5.036292 3.593750
0.264270 5.379332 3.593750
0.000000 5.500000 3.593750
-0.264270 5.379332 3.593750
-0.496031 5.036292 3.593750
-0.671149 4.524518 3.593750
-0.780361 3.923141 3.593750
-0.832444 3.323303 3.593750
-0.853245 2.812773 3.593750
-0.880691 2.461366 3.593750
-0.956709 2.309699 3.593750
-1.117706 2.363191 3.593750
-1.385595 2.592266 3.593750
-1.761303 2.938557 3.593750
-2.222281 3.325878 3.593750
-2.724744 3.673891 3.593750
-3.210449 3.911943 3.593750
-3.616895 3.990629 3.593750
-3.889087 3.889087 3.593750
-3.990629 3.616895 3.593750
-3.911943 3.210449 3.593750
-3.673891 2.724744 3.593750
-3.325878 2.222281 3.593750
-2.938557 1.761303 3.593750
-2.592266 1.385595 3.593750
-2.363191 1.117706 3.593750
-2.309699 0.956709 3.593750
-2.461366 0.880691 3.593750
-2.812773 0.853245 3.593750
-3.323303 0.832444 3.593750
-3.923141 0.780361 3.593750
-4.524518 0.671149 3.593750
-5.036292 0.496031 3.593750
-5.379332 0.264270 3.593750
-5.500000 0.000000 3.593750
-5.379332 -0.264270 3.593750
-5.036292 -0.496031 3.593750
-4.524518 -0.671149 3.593750
-3.923141 -0.780361 3.593750
-3.323303 -0.832444 3.593750
-2.812773 -0.853245 3.593750
-2.461366 -0.880691 3.593750
-2.309699 -0.956709 3.593750
-2.363191 -1.117706 3.593750
-2.592266 -1.385595 3.593750
-2.938557 -1.761303 3.593750
-3.325878 -2.222281 3.593750
-3.673891 -2.724744 3.593750
-3.911943 -3.210449 3.593750
-3.990629 -3.616895 3.593750
-3.889087 -3.889087 3.593750
-3.616895 -3.990629 3.593750
-3.210449 -3.911943 3.593750
-2.724744 -3.673891 3.593750
-2.222281 -3.325878 3.593750
-1.761303 -2.938557 3.593750
-1.385595 -2.592266 3.593750
-1.117706 -2.363191 3.593750
-0.956709 -2.309699 3.593750
-0.880691 -2.461366 3.593750
-0.853245 -2.812773 3.593750
-0.832444 -3.323303 3.593750
-0.780361 -3.923141 3.593750
-0.671149 -4.524518 3.593750
-0.496031 -5.036292 3.593750
-0.264270 -5.379332 3.593750
-0.000000 -5.500000 3.593750
0.264270 -5.379332 3.593750
0.496031 -5.036292 3.593750
0.671149 -4.524518 3.593750
0.780361 -3.923141 3.593750
0.832444 -3.323303 3.593750
0.853245 -2.812773 3.593750
0.880691 -2.461366 3.593750
0.956709 -2.309699 3.593750
1.117706 -2.363191 3.593750
1.385595 -2.592266 3.593750
1.761303 -2.938557 3.593750
2.222281 -3.325878 3.593750
2.724744 -3.673891 3.593750
3.210449 -3.911943 3.593750
3.616895 -3.990629 3.593750
3.889087 -3.889087 3.593750
3.990629 -3.616895 3.593750
3.911943 -3.210449 3.593750
3.673891 -2.724744 3.593750
3.325878 -2.222281 3.593750
2.938557 -1.761303 3.593750
2.592266 -1.385595 3.593750
2.363191 -1.117706 3.593750
2.309699 -0.956709 3.593750
2.461366 -0.880691 3.593750
2.812773 -0.853245 3.593750
3.323303 -0.832444 3.593750
3.923141 -0.780361 3.593750
4.524518 -0.671149 3.593750
5.036292 -0.496031 3.593750
5.379332 -0.264270 3.593750
5.500000 0.000000 3.750000
5.379332 0.264270 3.750000
5.036292 0.496031 3.750000
4.524518 0.671149 3.750000
3.923141 0.780361 3.750000
3.323303 0.832444 3.750000
2.812773 0.853245 3.750000
2.461366 0.880691 3.750000
2.309699 0.956709 3.750000
2.363191 1.117706 3.750000
2.592266 1.385595 3.750000
2.938557 1.761303 3.750000
3.325878 2.222281 3.750000
3.673891 2.724744 3.750000
3.911943 3.210449 3.750000
3.990629 3.616895 3.750000
3.889087 3.889087 3.750000
3.616895 3.990629 3.750000
3.210449 3.911943 3.750000
2.724744 3.673891 3.750000
2.222281 3.325878 3.750000
1.761303 2.938557 3.750000
1.385595 2.592266 3.750000
1.117706 2.363191 3.750000
0.956709 2.309699 3.750000
0.880691 2.461366 3.750000
0.853245 2.812773 3.750000
0.832444 3.323303 3.750000
0.780361 3.923141 3.750000
0.671149 4.524518 3.750000
0.496031 5.036292 3.750000
0.264270 5.379332 3.750000
0.000000 5.500000 3.750000
-0.264270 5.379332 3.750000
-0.496031 5.036292 3.750000
-0.671149 4.524518 3.750000
-0.780361 3.923141 3.750000
-0.832444 3.323303 3.750000
-0.853245 2.812773 3.750000
-0.880691 2.461366 3.750000
-0.956709 2.309699 3.750000
-1.117706 2.363191 3.750000
-1.385595 2.592266 3.750000
-1.761303 2.938557 3.750000
-2.222281 3.325878 3.750000
-2.724744 3.673891 3.750000
-3.210449 3.911943 3.750000
-3.616895 3.990629 3.750000
-3.889087 3.889087 3.750000
-3.990629 3.616895 3.750000
-3.911943 3.210449 3.750000
-3.673891 2.724744 3.750000
-3.325878 2.222281 3.750000
-2.938557 1.761303 3.750000
-2.592266 1.385595 3.750000
-2.363191 1.117706 3.750000
-2.309699 0.956709 3.750000
-2.461366 0.880691 3.750000
-2.812773 0.853245 3.750000
-3.323303 0.832444 3.750000
-3.923141 0.780361 3.750000
-4.524518 0.671149 3.750000
-5.036292 0.496031 3.750000
-5.379332 0.264270 3.750000
-5.500000 0.000000 3.750000
-5.379332 -0.264270 3.750000
-5.036292 -0.496031 3.750000
-4.524518 -0.671149 3.750000
-3.923141 -0.780361 3.750000
-3.323303 -0.832444 3.750000
-2.812773 -0.853245 3.750000
-2.461366 -0.880691 3.750000
-2.309699 -0.956709 3.750000
-2.363191 -1.117706 3.750000
-2.592266 -1.385595 3.750000
-2.938557 -1.761303 3.750000
-3.325878 -2.222281 3.750000
-3.673891 -2.724744 3.750000
-3.911943 -3.210449 3.750000
-3.990629 -3.616895 3.750000
-3.889087 -3.889087 3.750000
-3.616895 -3.990629 3.750000
-3.210449 -3.911943 3.750000
-2.724744 -3.673891 3.750000
-2.222281 -3.325878 3.750000
-1.761303 -2.938557 3.750000
-1.385595 -2.592266 3.750000
-1.117706 -2.363191 3.750000
-0.956709 -2.309699 3.750000
-0.880691 -2.461366 3.750000
-0.853245 -2.812773 3.750000
-0.832444 -3.323303 3.750000
-0.780361 -3.923141 3.750000
-0.671149 -4.524518 3.750000
-0.496031 -5.036292 3.750000
-0.264270 -5.379332 3.750000
-0.000000 -5.500000 3.750000
0.264270 -5.379332 3.750000
0.496031 -5.036292 3.750000
0.671149 -4.524518 3.750000
0.780361 -3.923141 3.750000
0.832444 -3.323303 3.750000
0.853245 -2.812773 3.750000
0.880691 -2.461366 3.750000
0.956709 -2.309699 3.750000
1.117706 -2.363191 3.750000
1.385595 -2.592266 3.750000
1.761303 -2.938557 3.750000
2.222281 -3.325878 3.750000
2.724744 -3.673891 3.750000
3.210449 -3.911943 3.750000
3.616895 -3.990629 3.750000
3.889087 -3.889087 3.750000
3.990629 -3.616895 3.750000
3.911943 -3.210449 3.750000
3.673891 -2.724744 3.750000
3.325878 -2.222281 3.750000
2.938557 -1.761303 3.750000
2.592266 -1.385595 3.750000
2.363191 -1.117706 3.750000
2.309699 -0.956709 3.750000
2.461366 -0.880691 3.750000
2.812773 -0.853245 3.750000
3.323303 -0.832444 3.750000
3.923141 -0.780361 3.750000
4.524518 -0.671149 3.750000
5.036292 -0.496031 3.750000
5.379332 -0.264270 3.750000
5.500000 0.000000 3.906250
5.379332 0.264270 3.906250
5.036292 0.496031 3.906250
4.524518 0.671149 3.906250
3.923141 0.780361 3.906250
3.323303 0.832444 3.906250
2.812773 0.853245 3.906250
2.461366 0.880691 3.906250
2.309699 0.956709 3.906250
2.363191 1.117706 3.906250
2.592266 1.385595 3.906250
2.938557 1.761303 3.906250
3.325878 2.222281 3.906250
3.673891 2.724744 3.906250
3.911943 3.210449 3.906250
3.990629 3.616895 3.906250
3.889087 3.889087 3.906250
3.616895 3.990629 3.906250
3.210449 3.911943 3.906250
2.724744 3.673891 3.906250
2.222281 3.325878 3.906250
1.761303 2.938557 3.906250
1.385595 2.592266 3.906250
1.117706 2.363191 3.906250
0.956709 2.309699 3.906250
0.880691 2.461366 3.906250
0.853245 2.812773 3.906250
0.832444 3.323303 3.906250
0.780361 3.923141 3.906250
0.671149 4.524518 3.906250
0.496031 5.036292 3.906250
0.264270 5.379332 3.906250
0.000000 5.500000 3.906250
-0.264270 5.379332 3.906250
-0.496031 5.036292 3.906250
-0.671149 4.524518 3.906250
-0.780361 3.923141 3.906250
-0.832444 3.323303 3.906250
-0.853245 2.812773 3.906250
-0.880691 2.461366 3.906250
-0.956709 2.309699 3.906250
-1.117706 2.363191 3.906250
-1.385595 2.592266 3.906250
-1.761303 2.938557 3.906250
-2.222281 3.325878 3.906250
-2.724744 3.673891 3.906250
-3.210449 3.911943 3.906250
-3.616895 3.990629 3.906250
-3.889087 3.889087 3.906250
-3.990629 3.616895 3.906250
-3.911943 3.210449 3.906250
-3.673891 2.724744 3.906250
-3.325878 2.222281 3.906250
-2.938557 1.761303 3.906250
-2.592266 1.385595 3.906250
-2.363191 1.117706 3.906250
-2.309699 0.956709 3.906250
-2.461366 0.880691 3.906250
-2.812773 0.853245 3.906250
-3.323303 0.832444 3.906250
-3.923141 0.780361 3.906250
-4.524518 0.671149 3.906250
-5.036292 0.496031 3.906250
-5.379332 0.264270 3.906250
-5.500000 0.000000 3.906250
-5.379332 -0.264270 3.906250
-5.036292 -0.496031 3.906250
-4.524518 -0.671149 3.906250
-3.923141 -0.780361 3.906250
-3.323303 -0.832444 3.906250
-2.812773 -0.853245 3.906250
-2.461366 -0.880691 3.906250
-2.309699 -0.956709 3.906250
-2.363191 -1.117706 3.906250
-2.592266 -1.385595 3.906250
-2.938557 -1.761303 3.906250
-3.325878 -2.222281 3.906250
-3.673891 -2.724744 3.906250
-3.911943 -3.210449 3.906250
-3.990629 -3.616895 3.906250
-3.889087 -3.889087 3.906250
-3.616895 -3.990629 3.906250
-3.210449 -3.911943 3.906250
-2.724744 -3.673891 3.906250
-2.222281 -3.325878 3.906250
-1.761303 -2.938557 3.906250
-1.385595 -2.592266 3.906250
-1.117706 -2.363191 3.906250
-0.956709 -2.309699 3.906250
-0.880691 -2.461366 3.906250
-0.853245 -2.812773 3.906250
-0.832444 -3.323303 3.906250
-0.780361 -3.923141 3.906250
-0.671149 -4.524518 3.906250
-0.496031 -5.036292 3.906250
-0.264270 -5.379332 3.906250
-0.000000 -5.500000 3.906250
0.264270 -5.379332 3.906250
0.496031 -5.036292 3.906250
0.671149 -4.524518 3.906250
0.780361 -3.923141 3.906250
0.832444 -3.323303 3.906250
0.853245 -2.812773 3.906250
0.880691 -2.461366 3.906250
0.956709 -2.309699 3.906250
1.117706 -2.363191 3.906250
1.385595 -2.592266 3.906250
1.761303 -2.938557 3.906250
2.222281 -3.325878 3.906250
2.724744 -3.673891 3.906250
3.210449 -3.911943 3.906250
3.616895 -3.990629 3.906250
3.889087 -3.889087 3.906250
3.990629 -3.616895 3.906250
3.911943 -3.210449 3.906250
3.673891 -2.724744 3.906250
3.325878 -2.222281 3.906250
2.938557 -1.761303 3.906250
2.592266 -1.385595 3.906250
2.363191 -1.117706 3.906250
2.309699 -0.956709 3.906250
2.461366 -0.880691 3.906250
2.812773 -0.853245 3.906250
3.323303 -0.832444 3.906250
3.923141 -0.780361 3.906250
4.524518 -0.671149 3.906250
5.036292 -0.496031 3.906250
5.379332 -0.264270 3.906250
5.500000 0.000000 4.062500
5.379332 0.264270 4.062500
5.036292 0.496031 4.062500
4.524518 0.671149 4.062500
3.923141 0.780361 4.062500
3.323303 0.832444 4.062500
2.812773 0.853245 4.062500
2.461366 0.880691 4.062500
2.309699 0.956709 4.062500
2.363191 1.117706 4.062500
2.592266 1.385595 4.062500
2.938557 1.761303 4.062500
3.325878 2.222281 4.062500
3.673891 2.724744 4.062500
3.911943 3.210449 4.062500
3.990629 3.616895 4.062500
3.889087 3.889087 4.062500
3.616895 3.990629 4.062500
3.210449 3.911943 4.062500
2.724744 3.673891 4.062500
2.222281 3.325878 4.062500
1.761303 2.938557 4.062500
1.385595 2.592266 4.062500
1.117706 2.363191 4.062500
0.956709 2.309699 4.062500
0.880691 2.461366 4.062500
0.853245 2.812773 4.062500
0.832444 3.323303 4.062500
0.780361 3.923141 4.062500
0.671149 4.524518 4.062500
0.496031 5.036292 4.062500
0.264270 5.379332 4.062500
0.000000 5.500000 4.062500
-0.264270 5.379332 4.062500
-0.496031 5.036292 4.062500
-0.671149 4.524518 4.062500
-0.780361 3.923141 4.062500
-0.832444 3.323303 4.062500
-0.853245 2.812773 4.062500
-0.880691 2.461366 4.062500
-0.956709 2.309699 4.062500
-1.117706 2.363191 4.062500
-1.385595 2.592266 4.062500
-1.761303 2.938557 4.062500
-2.222281 3.325878 4.062500
-2.724744 3.673891 4.062500
-3.210449 3.911943 4.062500
-3.616895 3.990629 4.062500
-3.889087 3.889087 4.062500
-3.990629 3.616895 4.062500
-3.911943 3.210449 4.062500
-3.673891 2.724744 4.062500
-3.325878 2.222281 4.062500
-2.938557 1.761303 4.062500
-2.592266 1.385595 4.062500
-2.363191 1.117706 4.062500
-2.309699 0.956709 4.062500
-2.461366 0.880691 4.062500
-2.812773 0.853245 4.062500
-3.323303 0.832444 4.062500
-3.923141 0.780361 4.062500
-4.524518 0.671149 4.062500
-5.036292 0.496031 4.062500
-5.379332 0.264270 4.062500
-5.500000 0.000000 4.062500
-5.379332 -0.264270 4.062500
-5.036292 -0.496031 4.062500
-4.524518 -0.671149 4.062500
-3.923141 -0.780361 4.062500
-3.323303 -0.832444 4.062500
-2.812773 -0.853245 4.062500
-2.461366 -0.880691 4.062500
-2.309699 -0.956709 4.062500
-2.363191 -1.117706 4.062500
-2.592266 -1.385595 4.062500
-2.938557 -1.761303 4.062500
-3.325878 -2.222281 4.062500
-3.673891 -2.724744 4.062500
-3.911943 -3.210449 4.062500
-3.990629 -3.616895 4.062500
-3.889087 -3.889087 4.062500
-3.616895 -3.990629 4.062500
-3.210449 -3.911943 4.062500
-2.724744 -3.673891 4.062500
-2.222281 -3.325878 4.062500
-1.761303 -2.938557 4.062500
-1.385595 -2.592266 4.062500
-1.117706 -2.363191 4.062500
-0.956709 -2.309699 4.062500
-0.880691 -2.461366 4.062500
-0.853245 -2.812773 4.062500
-0.832444 -3.323303 4.062500
-0.780361 -3.923141 4.062500
-0.671149 -4.524518 4.062500
-0.496031 -5.036292 4.062500
-0.264270 -5.379332 4.062500
-0.000000 -5.500000 4.062500
0.264270 -5.379332 4.062500
0.496031 -5.036292 4.062500
0.671149 -4.524518 4.062500
0.780361 -3.923141 4.062500
0.832444 -3.323303 4.062500
0.853245 -2.812773 4.062500
0.880691 -2.461366 4.062500
0.956709 -2.309699 4.062500
1.117706 -2.363191 4.062500
1.385595 -2.592266 4.062500
1.761303 -2.938557 4.062500
2.222281 -3.325878 4.062500
2.724744 -3.673891 4.062500
3.210449 -3.911943 4.062500
3.616895 -3.990629 4.062500
3.889087 -3.889087 4.062500
3.990629 -3.616895 4.062500
3.911943 -3.210449 4.062500
3.673891 -2.724744 4.062500
3.325878 -2.222281 4.062500
2.938557 -1.761303 4.062500
2.592266 -1.385595 4.062500
2.363191 -1.117706 4.062500
2.309699 -0.956709 4.062500
2.461366 -0.880691 4.062500
2.812773 -0.853245 4.062500
3.323303 -0.832444 4.062500
3.923141 -0.780361 4.062500
4.524518 -0.671149 4.062500
5.036292 -0.496031 4.062500
5.379332 -0.264270 4.062500
5.500000 0.000000 4.218750
5.379332 0.264270 4.218750
5.036292 0.496031 4.218750
4.524518 0.671149 4.218750
3.923141 0.780361 4.218750
3.323303 0.832444 4.218750
2.812773 0.853245 4.218750
2.461366 0.880691 4.218750
2.309699 0.956709 4.218750
2.363191 1.117706 4.218750
2.592266 1.385595 4.218750
2.938557 1.761303 4.218750
3.325878 2.222281 4.218750
3.673891 2.724744 4.218750
3.911943 3.210449 4.218750
3.990629 3.616895 4.218750
3.889087 3.889087 4.218750
3.616895 3.990629 4.218750
3.210449 3.911943 4.218750
2.724744 3.673891 4.218750
2.222281 3.325878 4.218750
1.761303 2.938557 4.218750
1.385595 2.592266 4.218750
1.117706 2.363191 4.218750
0.956709 2.309699 4.218750
0.880691 2.461366 4.218750
0.853245 2.812773 4.218750
0.832444 3.323303 4.218750
0.780361 3.923141 4.218750
0.671149 4.524518 4.218750
0.496031 5.036292 4.218750
0.264270 5.379332 4.218750
0.000000 5.500000 4.218750
-0.264270 5.379332 4.218750
-0.496031 5.036292 4.218750
-0.671149 4.524518 4.218750
-0.780361 3.923141 4.218750
-0.832444 3.323303 4.218750
-0.853245 2.812773 4.218750
-0.880691 2.461366 4.218750
-0.956709 2.309699 4.218750
-1.117706 2.363191 4.218750
-1.385595 2.592266 4.218750
-1.761303 2.938557 4.218750
-2.222281 3.325878 4.218750
-2.724744 3.673891 4.218750
-3.210449 3.911943 4.218750
-3.616895 3.990629 4.218750
-3.889087 3.889087 4.218750
-3.990629 3.616895 4.218750
-3.911943 3.210449 4.218750
-3.673891 2.724744 4.218750
-3.325878 2.222281 4.218750
-2.938557 1.761303 4.218750
-2.592266 1.385595 4.218750
-2.363191 1.117706 4.218750
-2.309699 0.956709 4.218750
-2.461366 0.880691 4.218750
-2.812773 0.853245 4.218750
-3.323303 0.832444 4.218750
-3.923141 0.780361 4.218750
-4.524518 0.671149 4.218750
-5.036292 0.496031 4.218750
-5.379332 0.264270 4.218750
-5.500000 0.000000 4.218750
-5.379332 -0.264270 4.218750
-5.036292 -0.496031 4.218750
-4.524518 -0.671149 4.218750
-3.923141 -0.780361 4.218750
-3.323303 -0.832444 4.218750
-2.812773 -0.853245 4.218750
-2.461366 -0.880691 4.218750
-2.309699 -0.956709 4.218750
-2.363191 -1.117706 4.218750
-2.592266 -1.385595 4.218750
-2.938557 -1.761303 4.218750
-3.325878 -2.222281 4.218750
-3.673891 -2.724744 4.218750
-3.911943 -3.210449 4.218750
-3.990629 -3.616895 4.218750
-3.889087 -3.889087 4.218750
-3.616895 -3.990629 4.218750
-3.210449 -3.911943 4.218750
-2.724744 -3.673891 4.218750
-2.222281 -3.325878 4.218750
-1.761303 -2.938557 4.218750
-1.385595 -2.592266 4.218750
-1.117706 -2.363191 4.218750
-0.956709 -2.309699 4.218750
-0.880691 -2.461366 4.218750
-0.853245 -2.812773 4.218750
-0.832444 -3.323303 4.218750
-0.780361 -3.923141 4.218750
-0.671149 -4.524518 4.218750
-0.496031 -5.036292 4.218750
-0.264270 -5.379332 4.218750
-0.000000 -5.500000 4.218750
0.264270 -5.379332 4.218750
0.496031 -5.036292 4.218750
0.671149 -4.524518 4.218750
0.780361 -3.923141 4.218750
0.832444 -3.323303 4.218750
0.853245 -2.812773 4.218750
0.880691 -2.461366 4.218750
0.956709 -2.309699 4.218750
1.117706 -2.363191 4.218750
1.385595 -2.592266 4.218750
1.761303 -2.938557 4.218750
2.222281 -3.325878 4.218750
2.724744 -3.673891 4.218750
3.210449 -3.911943 4.218750
3.616895 -3.990629 4.218750
3.889087 -3.889087 4.218750
3.990629 -3.616895 4.218750
3.911943 -3.210449 4.218750
3.673891 -2.724744 4.218750
3.325878 -2.222281 4.218750
2.938557 -1.761303 4.218750
2.592266 -1.385595 4.218750
2.363191 -1.117706 4.218750
2.309699 -0.956709 4.218750
2.461366 -0.880691 4.218750
2.812773 -0.853245 4.218750
3.323303 -0.832444 4.218750
3.923141 -0.780361 4.218750
4.524518 -0.671149 4.218750
5.036292 -0.496031 4.218750
5.379332 -0.264270 4.218750
5.500000 0.000000 4.375000
5.379332 0.264270 4.375000
5.036292 0.496031 4.375000
4.524518 0.671149 4.375000
3.923141 0.780361 4.375000
3.323303 0.832444 4.375000
2.812773 0.853245 4.375000
2.461366 0.880691 4.375000
2.309699 0.956709 4.375000
2.363191 1.117706 4.375000
2.592266 1.385595 4.375000
2.938557 1.761303 4.375000
3.325878 2.222281 4.375000
3.673891 2.724744 4.375000
3.911943 3.210449 4.375000
3.990629 3.616895 4.375000
3.889087 3.889087 4.375000
3.616895 3.990629 4.375000
3.210449 3.911943 4.375000
2.724744 3.673891 4.375000
2.222281 3.325878 4.375000
1.761303 2.938557 4.375000
1.385595 2.592266 4.375000
1.117706 2.363191 4.375000
0.956709 2.309699 4.375000
0.880691 2.461366 4.375000
0.853245 2.812773 4.375000
0.832444 3.323303 4.375000
0.780361 3.923141 4.375000
0.671149 4.524518 4.375000
0.496031 5.036292 4.375000
0.264270 5.379332 4.375000
0.000000 5.500000 4.375000
-0.264270 5.379332 4.375000
-0.496031 5.036292 4.375000
-0.671149 4.524518 4.375000
-0.780361 3.923141 4.375000
-0.832444 3.323303 4.375000
-0.853245 2.812773 4.375000
-0.880691 2.461366 4.375000
-0.956709 2.309699 4.375000
-1.117706 2.363191 4.375000
-1.385595 2.592266 4.375000
-1.761303 2.938557 4.375000
-2.222281 3.325878 4.375000
-2.724744 3.673891 4.375000
-3.210449 3.911943 4.375000
-3.616895 3.990629 4.375000
-3.889087 3.889087 4.375000
-3.990629 3.616895 4.375000
-3.911943 3.210449 4.375000
-3.673891 2.724744 4.375000
-3.325878 2.222281 4.375000
-2.938557 1.761303 4.375000
-2.592266 1.385595 4.375000
-2.363191 1.117706 4.375000
-2.309699 0.956709 4.375000
-2.461366 0.880691 4.375000
-2.812773 0.853245 4.375000
-3.323303 0.832444 4.375000
-3.923141 0.780361 4.375000
-4.524518 0.671149 4.375000
-5.036292 0.496031 4.375000
-5.379332 0.264270 4.375000
-5.500000 0.000000 4.375000
-5.379332 -0.264270 4.375000
-5.036292 -0.496031 4.375000
-4.524518 -0.671149 4.375000
-3.923141 -0.780361 4.375000
-3.323303 -0.832444 4.375000
-2.812773 -0.853245 4.375000
-2.461366 -0.880691 4.375000
-2.309699 -0.956709 4.375000
-2.363191 -1.117706 4.375000
-2.592266 -1.385595 4.375000
-2.938557 -1.761303 4.375000
-3.325878 -2.222281 4.375000
-3.673891 -2.724744 4.375000
-3.911943 -3.210449 4.375000
-3.990629 -3.616895 4.375000
-3.889087 -3.889087 4.375000
-3.616895 -3.990629 4.375000
-3.210449 -3.911943 4.375000
-2.724744 -3.673891 4.375000
-2.222281 -3.325878 4.375000
-1.761303 -2.938557 4.375000
-1.385595 -2.592266 4.375000
-1.117706 -2.363191 4.375000
-0.956709 -2.309699 4.375000
-0.880691 -2.461366 4.375000
-0.853245 -2.812773 4.375000
-0.832444 -3.323303 4.375000
-0.780361 -3.923141 4.375000
-0.671149 -4.524518 4.375000
-0.496031 -5.036292 4.375000
-0.264270 -5.379332 4.375000
-0.000000 -5.500000 4.375000
0.264270 -5.379332 4.375000
0.496031 -5.036292 4.375000
0.671149 -4.524518 4.375000
0.780361 -3.923141 4.375000
0.832444 -3.323303 4.375000
0.853245 -2.812773 4.375000
0.880691 -2.461366 4.375000
0.956709 -2.309699 4.375000
1.117706 -2.363191 4.375000
1.385595 -2.592266 4.375000
1.761303 -2.938557 4.375000
2.222281 -3.325878 4.375000
2.724744 -3.673891 4.375000
3.210449 -3.911943 4.375000
3.616895 -3.990629 4.375000
3.889087 -3.889087 4.375000
3.990629 -3.616895 4.375000
3.911943 -3.210449 4.375000
3.673891 -2.724744 4.375000
3.325878 -2.222281 4.375000
2.938557 -1.761303 4.375000
2.592266 -1.385595 4.375000
2.363191 -1.117706 4.375000
2.309699 -0.956709 4.375000
2.461366 -0.880691 4.375000
2.812773 -0.853245 4.375000
3.323303 -0.832444 4.375000
3.923141 -0.780361 4.375000
4.524518 -0.671149 4.375000
5.036292 -0.496031 4.375000
5.379332 -0.264270 4.375000
5.500000 0.000000 4.531250
5.379332 0.264270 4.531250
5.036292 0.496031 4.531250
4.524518 0.671149 4.531250
3.923141 0.780361 4.531250
3.323303 0.832444 4.531250
2.812773 0.853245 4.531250
2.461366 0.880691 4.531250
2.309699 0.956709 4.531250
2.363191 1.117706 4.531250
2.592266 1.385595 4.531250
2.938557 1.761303 4.531250
3.325878 2.222281 4.531250
3.673891 2.724744 4.531250
3.911943 3.210449 4.531250
3.990629 3.616895 4.531250
3.889087 3.889087 4.531250
3.616895 3.990629 4.531250
3.210449 3.911943 4.531250
2.724744 3.673891 4.531250
2.222281 3.325878 4.531250
1.761303 2.938557 4.531250
1.385595 2.592266 4.531250
1.117706 2.363191 4.531250
0.956709 2.309699 4.531250
0.880691 2.461366 4.531250
0.853245 2.812773 4.531250
0.832444 3.323303 4.531250
0.780361 3.923141 4.531250
0.671149 4.524518 4.531250
0.496031 5.036292 4.531250
0.264270 5.379332 4.531250
0.000000 5.500000 4.531250
-0.264270 5.379332 4.531250
-0.496031 5.036292 4.531250
-0.671149 4.524518 4.531250
-0.780361 3.923141 4.531250
-0.832444 3.323303 4.531250
-0.853245 2.812773 4.531250
-0.880691 2.461366 4.531250
-0.956709 2.309699 4.531250
-1.117706 2.363191 4.531250
-1.385595 2.592266 4.531250
-1.761303 2.938557 4.531250
-2.222281 3.325878 4.531250
-2.724744 3.673891 4.531250
-3.210449 3.911943 4.531250
-3.616895 3.990629 4.531250
-3.889087 3.889087 4.531250
-3.990629 3.616895 4.531250
-3.911943 3.210449 4.531250
-3.673891 2.724744 4.531250
-3.325878 2.222281 4.531250
-2.938557 1.761303 4.531250
-2.592266 1.385595 4.531250
-2.363191 1.117706 4.531250
-2.309699 0.956709 4.531250
-2.461366 0.880691 4.531250
-2.812773 0.853245 4.531250
-3.323303 0.832444 4.531250
-3.923141 0.780361 4.531250
-4.524518 0.671149 4.531250
-5.036292 0.496031 4.531250
-5.379332 0.264270 4.531250
-5.500000 0.000000 4.531250
-5.379332 -0.264270 4.531250
-5.036292 -0.496031 4.531250
-4.524518 -0.671149 4.531250
-3.923141 -0.780361 4.531250
-3.323303 -0.832444 4.531250
-2.812773 -0.853245 4.531250
-2.461366 -0.880691 4.531250
-2.309699 -0.956709 4.531250
-2.363191 -1.117706 4.531250
-2.592266 -1.385595 4.531250
-2.938557 -1.761303 4.531250
-3.325878 -2.222281 4.531250
-3.673891 -2.724744 4.531250
-3.911943 -3.210449 4.531250
-3.990629 -3.616895 4.531250
-3.889087 -3.889087 4.531250
-3.616895 -3.990629 4.531250
-3.210449 -3.911943 4.531250
-2.724744 -3.673891 4.531250
-2.222281 -3.325878 4.531250
-1.761303 -2.938557 4.531250
-1.385595 -2.592266 4.531250
-1.117706 -2.363191 4.531250
-0.956709 -2.309699 4.531250
-0.880691 -2.461366 4.531250
-0.853245 -2.812773 4.531250
-0.832444 -3.323303 4.531250
-0.780361 -3.923141 4.531250
-0.671149 -4.524518 4.531250
-0.496031 -5.036292 4.531250
-0.264270 -5.379332 4.531250
-0.000000 -5.500000 4.531250
0.264270 -5.379332 4.531250
0.496031 -5.036292 4.531250
0.671149 -4.524518 4.531250
0.780361 -3.923141 4.531250
0.832444 -3.323303 4.531250
0.853245 -2.812773 4.531250
0.880691 -2.461366 4.531250
0.956709 -2.309699 4.531250
1.117706 -2.363191 4.531250
1.385595 -2.592266 4.531250
1.761303 -2.938557 4.531250
2.222281 -3.325878 4.531250
2.724744 -3.673891 4.531250
3.210449 -3.911943 4.531250
3.616895 -3.990629 4.531250
3.889087 -3.889087 4.531250
3.990629 -3.616895 4.531250
3.911943 -3.210449 4.531250
3.673891 -2.724744 4.531250
3.325878 -2.222281 4.531250
2.938557 -1.761303 4.531250
2.592266 -1.385595 4.531250
2.363191 -1.117706 4.531250
2.309699 -0.956709 4.531250
2.461366 -0.880691 4.531250
2.812773 -0.853245 4.531250
3.323303 -0.832444 4.531250
3.923141 -0.780361 4.531250
4.524518 -0.671149 4.531250
5.036292 -0.496031 4.531250
5.379332 -0.264270 4.531250
5.500000 0.000000 4.687500
5.379332 0.264270 4.687500
5.036292 0.496031 4.687500
4.524518 0.671149 4.687500
3.923141 0.780361 4.687500
3.323303 0.832444 4.687500
2.812773 0.853245 4.687500
2.461366 0.880691 4.687500
2.309699 0.956709 4.687500
2.363191 1.117706 4.687500
2.592266 1.385595 4.687500
2.938557 1.761303 4.687500
3.325878 2.222281 4.687500
3.673891 2.724744 4.687500
3.911943 3.210449 4.687500
3.990629 3.616895 4.687500
3.889087 3.889087 4.687500
3.616895 3.990629 4.687500
3.210449 3.911943 4.687500
2.724744 3.673891 4.687500
2.222281 3.325878 4.687500
1.761303 2.938557 4.687500
1.385595 2.592266 4.687500
1.117706 2.363191 4.687500
0.956709 2.309699 4.687500
0.880691 2.461366 4.687500
0.853245 2.812773 4.687500
0.832444 3.323303 4.687500
0.780361 3.923141 4.687500
0.671149 4.524518 4.687500
0.496031 5.036292 4.687500
0.264270 5.379332 4.687500
0.000000 5.500000 4.687500
-0.264270 5.379332 4.687500
-0.496031 5.036292 4.687500
-0.671149 4.524518 4.687500
-0.780361 3.923141 4.687500
-0.832444 3.323303 4.687500
-0.853245 2.812773 4.687500
-0.880691 2.461366 4.687500
-0.956709 2.309699 4.687500
-1.117706 2.363191 4.687500
-1.385595 2.592266 4.687500
-1.761303 2.938557 4.687500
-2.222281 3.325878 4.687500
-2.724744 3.673891 4.687500
-3.210449 3.911943 4.687500
-3.616895 3.990629 4.687500
-3.889087 3.889087 4.687500
-3.990629 3.616895 4.687500
-3.911943 3.210449 4.687500
-3.673891 2.724744 4.687500
-3.325878 2.222281 4.687500
-2.938557 1.761303 4.687500
-2.592266 1.385595 4.687500
-2.363191 1.117706 4.687500
-2.309699 0.956709 4.687500
-2.461366 0.880691 4.687500
-2.812773 0.853245 4.687500
-3.323303 0.832444 4.687500
-3.923141 0.780361 4.687500
-4.524518 0.671149 4.687500
-5.036292 0.496031 4.687500
-5.379332 0.264270 4.687500
-5.500000 0.000000 4.687500
-5.379332 -0.264270 4.687500
-5.036292 -0.496031 4.687500
-4.524518 -0.671149 4.687500
-3.923141 -0.780361 4.687500
-3.323303 -0.832444 4.687500
-2.812773 -0.853245 4.687500
-2.461366 -0.880691 4.687500
-2.309699 -0.956709 4.687500
-2.363191 -1.117706 4.687500
-2.592266 -1.385595 4.687500
-2.938557 -1.761303 4.687500
-3.325878 -2.222281 4.687500
-3.673891 -2.724744 4.687500
-3.911943 -3.210449 4.687500
-3.990629 -3.616895 4.687500
-3.889087 -3.889087 4.687500
-3.616895 -3.990629 4.687500
-3.210449 -3.911943 4.687500
-2.724744 -3.673891 4.687500
-2.222281 -3.325878 4.687500
-1.761303 -2.938557 4.687500
-1.385595 -2.592266 4.687500
-1.117706 -2.363191 4.687500
-0.956709 -2.309699 4.687500
-0.880691 -2.461366 4.687500
-0.853245 -2.812773 4.687500
-0.832444 -3.323303 4.687500
-0.780361 -3.923141 4.687500
-0.671149 -4.524518 4.687500
-0.496031 -5.036292 4.687500
-0.264270 -5.379332 4.687500
-0.000000 -5.500000 4.687500
0.264270 -5.379332 4.687500
0.496031 -5.036292 4.687500
0.671149 -4.524518 4.687500
0.780361 -3.923141 4.687500
0.832444 -3.323303 4.687500
0.853245 -2.812773 4.687500
0.880691 -2.461366 4.687500
0.956709 -2.309699 4.687500
1.117706 -2.363191 4.687500
1.385595 -2.592266 4.687500
1.761303 -2.938557 4.687500
2.222281 -3.325878 4.687500
2.724744 -3.673891 4.687500
3.210449 -3.911943 4.687500
3.616895 -3.990629 4.687500
3.889087 -3.889087 4.687500
3.990629 -3.616895 4.687500
3.911943 -3.210449 4.687500
3.673891 -2.724744 4.687500
3.325878 -2.222281 4.687500
2.938557 -1.761303 4.687500
2.592266 -1.385595 4.687500
2.363191 -1.117706 4.687500
2.309699 -0.956709 4.687500
2.461366 -0.880691 4.687500
2.812773 -0.853245 4.687500
3.323303 -0.832444 4.687500
3.923141 -0.780361 4.687500
4.524518 -0.671149 4.687500
5.036292 -0.496031 4.687500
5.379332 -0.264270 4.687500
5.500000 0.000000 4.843750
5.379332 0.264270 4.843750
5.036292 0.496031 4.843750
4.524518 0.671149 4.843750
3.923141 0.780361 4.843750
3.323303 0.832444 4.843750
2.812773 0.853245 4.843750
2.461366 0.880691 4.843750
2.309699 0.956709 4.843750
2.363191 1.117706 4.843750
2.592266 1.385595 4.843750
2.938557 1.761303 4.843750
3.325878 2.222281 4.843750
3.673891 2.724744 4.843750
3.911943 3.210449 4.843750
3.990629 3.616895 4.843750
3.889087 3.889087 4.843750
3.616895 3.990629 4.843750
3.210449 3.911943 4.843750
2.724744 3.673891 4.843750
2.222281 3.325878 4.843750
1.761303 2.938557 4.843750
1.385595 2.592266 4.843750
1.117706 2.363191 4.843750
0.956709 2.309699 4.843750
0.880691 2.461366 4.843750
0.853245 2.812773 4.843750
0.832444 3.323303 4.843750
0.780361 3.923141 4.843750
0.671149 4.524518 4.843750
0.496031 5.036292 4.843750
0.264270 5.379332 4.843750
0.000000 5.500000 4.843750
-0.264270 5.379332 4.843750
-0.496031 5.036292 4.843750
-0.671149 4.524518 4.843750
-0.780361 3.923141 4.843750
-0.832444 3.323303 4.843750
-0.853245 2.812773 4.843750
-0.880691 2.461366 4.843750
-0.956709 2.309699 4.843750
-1.117706 2.363191 4.843750
-1.385595 2.592266 4.843750
-1.761303 2.938557 4.843750
-2.222281 3.325878 4.843750
-2.724744 3.673891 4.843750
-3.210449 3.911943 4.843750
-3.616895 3.990629 4.843750
-3.889087 3.889087 4.843750
-3.990629 3.616895 4.843750
-3.911943 3.210449 4.843750
-3.673891 2.724744 4.843750
-3.325878 2.222281 4.843750
-2.938557 1.761303 4.843750
-2.592266 1.385595 4.843750
-2.363191 1.117706 4.843750
-2.309699 0.956709 4.843750
-2.461366 0.880691 4.843750
-2.812773 0.853245 4.843750
-3.323303 0.832444 4.843750
-3.923141 0.780361 4.843750
-4.524518 0.671149 4.843750
-5.036292 0.496031 4.843750
-5.379332 0.264270 4.843750
-5.500000 0.000000 4.843750
-5.379332 -0.264270 4.843750
-5.036292 -0.496031 4.843750
-4.524518 -0.671149 4.843750
-3.923141 -0.780361 4.843750
-3.323303 -0.832444 4.843750
-2.812773 -0.853245 4.843750
-2.461366 -0.880691 4.843750
-2.309699 -0.956709 4.843750
-2.363191 -1.117706 4.843750
-2.592266 -1.385595 4.843750
-2.938557 -1.761303 4.843750
-3.325878 -2.222281 4.843750
-3.673891 -2.724744 4.843750
-3.911943 -3.210449 4.843750
-3.990629 -3.616895 4.843750
-3.889087 -3.889087 4.843750
-3.616895 -3.990629 4.843750
-3.210449 -3.911943 4.843750
-2.724744 -3.673891 4.843750
-2.222281 -3.325878 4.843750
-1.761303 -2.938557 4.843750
-1.385595 -2.592266 4.843750
-1.117706 -2.363191 4.843750
-0.956709 -2.309699 4.843750
-0.880691 -2.461366 4.843750
-0.853245 -2.812773 4.843750
-0.832444 -3.323303 4.843750
-0.780361 -3.923141 4.843750
-0.671149 -4.524518 4.843750
-0.496031 -5.036292 4.843750
-0.264270 -5.379332 4.843750
-0.000000 -5.500000 4.843750
0.264270 -5.379332 4.843750
0.496031 -5.036292 4.843750
0.671149 -4.524518 4.843750
0.780361 -3.923141 4.843750
0.832444 -3.323303 4.843750
0.853245 -2.812773 4.843750
0.880691 -2.461366 4.843750
0.956709 -2.309699 4.843750
1.117706 -2.363191 4.843750
1.385595 -2.592266 4.843750
1.761303 -2.938557 4.843750
2.222281 -3.325878 4.843750
2.724744 -3.673891 4.843750
3.210449 -3.911943 4.843750
3.616895 -3.990629 4.843750
3.889087 -3.889087 4.843750
3.990629 -3.616895 4.843750
3.911943 -3.210449 4.843750
3.673891 -2.724744 4.843750
3.325878 -2.222281 4.843750
2.938557 -1.761303 4.843750
2.592266 -1.385595 4.843750
2.363191 -1.117706 4.843750
2.309699 -0.956709 4.843750
2.461366 -0.880691 4.843750
2.812773 -0.853245 4.843750
3.323303 -0.832444 4.843750
3.923141 -0.780361 4.843750
4.524518 -0.671149 4.843750
5.036292 -0.496031 4.843750
5.379332 -0.264270 4.843750
5.500000 0.000000 5.000000
5.379332 0.264270 5.000000
5.036292 0.496031 5.000000
4.524518 0.671149 5.000000
3.923141 0.780361 5.000000
3.323303 0.832444 5.000000
2.812773 0.853245 5.000000
2.461366 0.880691 5.000000
2.309699 0.956709 5.000000
2.363191 1.117706 5.000000
2.592266 1.385595 5.000000
2.938557 1.761303 5.000000
3.325878 2.222281 5.000000
3.673891 2.724744 5.000000
3.911943 3.210449 5.000000
3.990629 3.616895 5.000000
3.889087 3.889087 5.000000
3.616895 3.990629 5.000000
3.210449 3.911943 5.000000
2.724744 3.673891 5.000000
2.222281 3.325878 5.000000
1.761303 2.938557 5.000000
1.385595 2.592266 5.000000
1.117706 2.363191 5.000000
0.956709 2.309699 5.000000
0.880691 2.461366 5.000000
0.853245 2.812773 5.000000
0.832444 3.323303 5.000000
0.780361 3.923141 5.000000
0.671149 4.524518 5.000000
0.496031 5.036292 5.000000
0.264270 5.379332 5.000000
0.000000 5.500000 5.000000
-0.264270 5.379332 5.000000
-0.496031 5.036292 5.000000
-0.671149 4.524518 5.000000
-0.780361 3.923141 5.000000
-0.832444 3.323303 5.000000
-0.853245 2.812773 5.000000
-0.880691 2.461366 5.000000
-0.956709 2.309699 5.000000
-1.117706 2.363191 5.000000
-1.385595 2.592266 5.000000
-1.761303 2.938557 5.000000
-2.222281 3.325878 5.000000
-2.724744 3.673891 5.000000
-3.210449 3.911943 5.000000
-3.616895 3.990629 5.000000
-3.889087 3.889087 5.000000
-3.990629 3.616895 5.000000
-3.911943 3.210449 5.000000
-3.673891 2.724744 5.000000
-3.325878 2.222281 5.000000
-2.938557 1.761303 5.000000
-2.592266 1.385595 5.000000
-2.363191 1.117706 5.000000
-2.309699 0.956709 5.000000
-2.461366 0.880691 5.000000
-2.812773 0.853245 5.000000
-3.323303 0.832444 5.000000
-3.923141 0.780361 5.000000
-4.524518 0.671149 5.000000
-5.036292 0.496031 5.000000
-5.379332 0.264270 5.000000
-5.500000 0.000000 5.000000
-5.379332 -0.264270 5.000000
-5.036292 -0.496031 5.000000
-4.524518 -0.671149 5.000000
-3.923141 -0.780361 5.000000
-3.323303 -0.832444 5.000000
-2.812773 -0.853245 5.000000
-2.461366 -0.880691 5.000000
-2.309699 -0.956709 5.000000
-2.363191 -1.117706 5.000000
-2.592266 -1.385595 5.000000
-2.938557 -1.761303 5.000000
-3.325878 -2.222281 5.000000
-3.673891 -2.724744 5.000000
-3.911943 -3.210449 5.000000
-3.990629 -3.616895 5.000000
-3.889087 -3.889087 5.000000
-3.616895 -3.990629 5.000000
-3.210449 -3.911943 5.000000
-2.724744 -3.673891 5.000000
-2.222281 -3.325878 5.000000
-1.761303 -2.938557 5.000000
-1.385595 -2.592266 5.000000
-1.117706 -2.363191 5.000000
-0.956709 -2.309699 5.000000
-0.880691 -2.461366 5.000000
-0.853245 -2.812773 5.000000
-0.832444 -3.323303 5.000000
-0.780361 -3.923141 5.000000
-0.671149 -4.524518 5.000000
-0.496031 -5.036292 5.000000
-0.264270 -5.379332 5.000000
-0.000000 -5.500000 5.000000
0.264270 -5.379332 5.000000
0.496031 -5.036292 5.000000
0.671149 -4.524518 5.000000
0.780361 -3.923141 5.000000
0.832444 -3.323303 5.000000
0.853245 -2.812773 5.000000
0.880691 -2.461366 5.000000
0.956709 -2.309699 5.000000
1.117706 -2.363191 5.000000
1.385595 -2.592266 5.000000
1.761303 -2.938557 5.000000
2.222281 -3.325878 5.000000
2.724744 -3.673891 5.000000
3.210449 -3.911943 5.000000
3.616895 -3.990629 5.000000
3.889087 -3.889087 5.000000
3.990629 -3.616895 5.000000
3.911943 -3.210449 5.000000
3.673891 -2.724744 5.000000
3.325878 -2.222281 5.000000
2.938557 -1.761303 5.000000
2.592266 -1.385595 5.000000
2.363191 -1.117706 5.000000
2.309699 -0.956709 5.000000
2.461366 -0.880691 5.000000
2.812773 -0.853245 5.000000
3.323303 -0.832444 5.000000
3.923141 -0.780361 5.000000
4.524518 -0.671149 5.000000
5.036292 -0.496031 5.000000
5.379332 -0.264270 5.000000
3 1 3 2
3 0 8194 8195
3 1 4 3
3 0 8195 8196
3 1 5 4
3 0 8196 8197
3 1 6 5
3 0 8197 8198
3 1 7 6
3 0 8198 8199
3 1 8 7
3 0 8199 8200
3 1 9 8
3 0 8200 8201
3 1 10 9
3 0 8201 8202
3 1 11 10
3 0 8202 8203
3 1 12 11
3 0 8203 8204
3 1 13 12
3 0 8204 8205
3 1 14 13
3 0 8205 8206
3 1 15 14
3 0 8206 8207
3 1 16 15
3 0 8207 8208
3 1 17 16
3 0 8208 8209
3 1 18 17
3 0 8209 8210
3 1 19 18
3 0 8210 8211
3 1 20 19
3 0 8211 8212
3 1 21 20
3 0 8212 8213
3 1 22 21
3 0 8213 8214
3 1 23 22
3 0 8214 8215
3 1 24 23
3 0 8215 8216
3 1 25 24
3 0 8216 8217
3 1 26 25
3 0 8217 8218
3 1 27 26
3 0 8218 8219
3 1 28 27
3 0 8219 8220
3 1 29 28
3 0 8220 8221
3 1 30 29
3 0 8221 8222
3 1 31 30
3 0 8222 8223
3 1 32 31
3 0 8223 8224
3 1 33 32
3 0 8224 8225
3 1 34 33
3 0 8225 8226
3 1 35 34
3 0 8226 8227
3 1 36 35
3 0 8227 8228
3 1 37 36
3 0 8228 8229
3 1 38 37
3 0 8229 8230
3 1 39 38
3 0 8230 8231
3 1 40 39
3 0 8231 8232
3 1 41 40
3 0 8232 8233
3 1 42 41
3 0 8233 8234
3 1 43 42
3 0 8234 8235
3 1 44 43
3 0 8235 8236
3 1 45 44
3 0 8236 8237
3 1 46 45
3 0 8237 8238
3 1 47 46
3 0 8238 8239
3 1 48 47
3 0 8239 8240
3 1 49 48
3 0 8240 8241
3 1 50 49
3 0 8241 8242
3 1 51 50
3 0 8242 8243
3 1 52 51
3 0 8243 8244
3 1 53 52
3 0 8244 8245
3 1 54 53
3 0 8245 8246
3 1 55 54
3 0 8246 8247
3 1 56 55
3 0 8247 8248
3 1 57 56
3 0 8248 8249
3 1 58 57
3 0 8249 8250
3 1 59 58
3 0 8250 8251
3 1 60 59
3 0 8251 8252
3 1 61 60
3 0 8252 8253
3 1 62 61
3 0 8253 8254
3 1 63 62
3 0 8254 8255
3 1 64 63
3 0 8255 8256
3 1 65 64
3 0 8256 8257
3 1 66 65
3 0 8257 8258
3 1 67 66
3 0 8258 8259
3 1 68 67
3 0 8259 8260
3 1 69 68
3 0 8260 8261
3 1 70 69
3 0 8261 8262
3 1 71 70
3 0 8262 8263
3 1 72 71
3 0 8263 8264
3 1 73 72
3 0 8264 8265
3 1 74 73
3 0 8265 8266
3 1 75 74
3 0 8266 8267
3 1 76 75
3 0 8267 8268
3 1 77 76
3 0 8268 8269
3 1 78 77
3 0 8269 8270
3 1 79 78
3 0 8270 8271
3 1 80 79
3 0 8271 8272
3 1 81 80
3 0 8272 8273
3 1 82 81
3 0 8273 8274
3 1 83 82
3 0 8274 8275
3 1 84 83
3 0 8275 8276
3 1 85 84
3 0 8276 8277
3 1 86 85
3 0 8277 8278
3 1 87 86
3 0 8278 8279
3 1 88 87
3 0 8279 8280
3 1 89 88
3 0 8280 8281
3 1 90 89
3 0 8281 8282
3 1 91 90
3 0 8282 8283
3 1 92 91
3 0 8283 8284
3 1 93 92
3 0 8284 8285
3 1 94 93
3 0 8285 8286
3 1 95 94
3 0 8286 8287
3 1 96 95
3 0 8287 8288
3 1 97 96
3 0 8288 8289
3 1 98 97
3 0 8289 8290
3 1 99 98
3 0 8290 8291
3 1 100 99
3 0 8291 8292
3 1 101 100
3 0 8292 8293
3 1 102 101
3 0 8293 8294
3 1 103 102
3 0 8294 8295
3 1 104 103
3 0 8295 8296
3 1 105 104
3 0 8296 8297
3 1 106 105
3 0 8297 8298
3 1 107 106
3 0 8298 8299
3 1 108 107
3 0 8299 8300
3 1 109 108
3 0 8300 8301
3 1 110 109
3 0 8301 8302
3 1 111 110
3 0 8302 8303
3 1 112 111
3 0 8303 8304
3 1 113 112
3 0 8304 8305
3 1 114 113
3 0 8305 8306
3 1 115 114
3 0 8306 8307
3 1 116 115
3 0 8307 8308
3 1 117 116
3 0 8308 8309
3 1 118 117
3 0 8309 8310
3 1 119 118
3 0 8310 8311
3 1 120 119
3 0 8311 8312
3 1 121 120
3 0 8312 8313
3 1 122 121
3 0 8313 8314
3 1 123 122
3 0 8314 8315
3 1 124 123
3 0 8315 8316
3 1 125 124
3 0 8316 8317
3 1 126 125
3 0 8317 8318
3 1 127 126
3 0 8318 8319
3 1 128 127
3 0 8319 8320
3 1 129 128
3 0 8320 8321
3 1 2 129
3 0 8321 8194
3 2 3 130
3 3 131 130
3 3 4 131
3 4 132 131
3 4 5 132
3 5 133 132
3 5 6 133
3 6 134 133
3 6 7 134
3 7 135 134
3 7 8 135
3 8 136 135
3 8 9 136
3 9 137 136
3 9 10 137
3 10 138 137
3 10 11 138
3 11 139 138
3 11 12 139
3 12 140 139
3 12 13 140
3 13 141 140
3 13 14 141
3 14 142 141
3 14 15 142
3 15 143 142
3 15 16 143
3 16 144 143
3 16 17 144
3 17 145 144
3 17 18 145
3 18 146 145
3 18 19 146
3 19 147 146
3 19 20 147
3 20 148 147
3 20 21 148
3 21 149 148
3 21 22 149
3 22 150 149
3 22 23 150
3 23 151 150
3 23 24 151
3 24 152 151
3 24 25 152
3 25 153 152
3 25 26 153
3 26 154 153
3 26 27 154
3 27 155 154
3 27 28 155
3 28 156 155
3 28 29 156
3 29 157 156
3 29 30 157
3 30 158 157
3 30 31 158
3 31 159 158
3 31 32 159
3 32 160 159
3 32 33 160
3 33 161 160
3 33 34 161
3 34 162 161
3 34 35 162
3 35 163 162
3 35 36 163
3 36 164 163
3 36 37 164
3 37 165 164
3 37 38 165
3 38 166 165
3 38 39 166
3 39 167 166
3 39 40 167
3 40 168 167
3 40 41 168
3 41 169 168
3 41 42 169
3 42 170 169
3 42 43 170
3 43 171 170
3 43 44 171
3 44 172 171
3 44 45 172
3 45 173 172
3 45 46 173
3 46 174 173
3 46 47 174
3 47 175 174
3 47 48 175
3 48 176 175
3 48 49 176
3 49 177 176
3 49 50 177
3 50 178 177
3 50 51 178
3 51 179 178
3 51 52 179
3 52 180 179
3 52 53 180
3 53 181 180
3 53 54 181
3 54 182 181
3 54 55 182
3 55 183 182
3 55 56 183
3 56 184 183
3 56 57 184
3 57 185 184
3 57 58 185
3 58 186 185
3 58 59 186
3 59 187 186
3 59 60 187
3 60 188 187
3 60 61 188
3 61 189 188
3 61 62 189
3 62 190 189
3 62 63 190
3 63 191 190
3 63 64 191
3 64 192 191
3 64 65 192
3 65 193 192
3 65 66 193
3 66 194 193
3 66 67 194
3 67 195 194
3 67 68 195
3 68 196 195
3 68 69 196
3 69 197 196
3 69 70 197
3 70 198 197
3 70 71 198
3 71 199 198
3 71 72 199
3 72 200 199
3 72 73 200
3 73 201 200
3 73 74 201
3 74 202 201
3 74 75 202
3 75 203 202
3 75 76 203
3 76 204 203
3 76 77 204
3 77 205 204
3 77 78 205
3 78 206 205
3 78 79 206
3 79 207 206
3 79 80 207
3 80 208 207
3 80 81 208
3 81 209 208
3 81 82 209
3 82 210 209
3 82 83 210
3 83 211 210
3 83 84 211
3 84 212 211
3 84 85 212
3 85 213 212
3 85 86 213
3 86 214 213
3 86 87 214
3 87 215 214
3 87 88 215
3 88 216 215
3 88 89 216
3 89 217 216
3 89 90 217
3 90 218 217
3 90 91 218
3 91 219 218
3 91 92 219
3 92 220 219
3 92 93 220
3 93 221 220
3 93 94 221
3 94 222 221
3 94 95 222
3 95 223 222
3 95 96 223
3 96 224 223
3 96 97 224
3 97 225 224
3 97 98 225
3 98 226 225
3 98 99 226
3 99 227 226
3 99 100 227
3 100 228 227
3 100 101 228
3 101 229 228
3 101 102 229
3 102 230 229
3 102 103 230
3 103 231 230
3 103 104 231
3 104 232 231
3 104 105 232
3 105 233 232
3 105 106 233
3 106 234 233
3 106 107 234
3 107 235 234
3 107 108 235
3 108 236 235
3 108 109 236
3 109 237 236
3 109 110 237
3 110 238 237
3 110 111 238
3 111 239 238
3 111 112 239
3 112 240 239
3 112 113 240
3 113 241 240
3 113 114 241
3 114 242 241
3 114 115 242
3 115 243 242
3 115 116 243
3 116 244 243
3 116 117 244
3 117 245 244
3 117 118 245
3 118 246 245
3 118 119 246
3 119 247 246
3 119 120 247
3 120 248 247
3 120 121 248
3 121 249 248
3 121 122 249
3 122 250 249
3 122 123 250
3 123 251 250
3 123 124 251
3 124 252 251
3 124 125 252
3 125 253 252
3 125 126 253
3 126 254 253
3 126 127 254
3 127 255 254
3 127 128 255
3 128 256 255
3 128 129 256
3 129 257 256
3 129 2 257
3 2 130 257
3 130 131 258
3 131 259 258
3 131 132 259
3 132 260 259
3 132 133 260
3 133 261 260
3 133 134 261
3 134 262 261
3 134 135 262
3 135 263 262
3 135 136 263
3 136 264 263
3 136 137 264
3 137 265 264
3 137 138 265
3 138 266 265
3 138 139 266
3 139 267 266
3 139 140 267
3 140 268 267
3 140 141 268
3 141 269 268
3 141 142 269
3 142 270 269
3 142 143 270
3 143 271 270
3 143 144 271
3 144 272 271
3 144 145 272
3 145 273 272
3 145 146 273
3 146 274 273
3 146 147 274
3 147 275 274
3 147 148 275
3 148 276 275
3 148 149 276
3 149 277 276
3 149 150 277
3 150 278 277
3 150 151 278
3 151 279 278
3 151 152 279
3 152 280 279
3 152 153 280
3 153 281 280
3 153 154 281
3 154 282 281
3 154 155 282
3 155 283 282
3 155 156 283
3 156 284 283
3 156 157 284
3 157 285 284
3 157 158 285
3 158 286 285
3 158 159 286
3 159 287 286
3 159 160 287
3 160 288 287
3 160 161 288
3 161 289 288
3 161 162 289
3 162 290 289
3 162 163 290
3 163 291 290
3 163 164 291
3 164 292 291
3 164 165 292
3 165 293 292
3 165 166 293
3 166 294 293
3 166 167 294
3 167 295 294
3 167 168 295
3 168 296 295
3 168 169 296
3 169 297 296
3 169 170 297
3 170 298 297
3 170 171 298
3 171 299 298
3 171 172 299
3 172 300 299
3 172 173 300
3 173 301 300
3 173 174 301
3 174 302 301
3 174 175 302
3 175 303 302
3 175 176 303
3 176 304 303
3 176 177 304
3 177 305 304
3 177 178 305
3 178 306 305
3 178 179 306
3 179 307 306
3 179 180 307
3 180 308 307
3 180 181 308
3 181 309 308
3 181 182 309
3 182 310 309
3 182 183 310
3 183 311 310
3 183 184 311
3 184 312 311
3 184 185 312
3 185 313 312
3 185 186 313
3 186 314 313
3 186 187 314
3 187 315 314
3 187 188 315
3 188 316 315
3 188 189 316
3 189 317 316
3 189 190 317
3 190 318 317
3 190 191 318
3 191 319 318
3 191 192 319
3 192 320 319
3 192 193 320
3 193 321 320
3 193 194 321
3 194 322 321
3 194 195 322
3 195 323 322
3 195 196 323
3 196 324 323
3 196 197 324
3 197 325 324
3 197 198 325
3 198 326 325
3 198 199 326
3 199 327 326
3 199 200 327
3 200 328 327
3 200 201 328
3 201 329 328
3 201 202 329
3 202 330 329
3 202 203 330
3 203 331 330
3 203 204 331
3 204 332 331
3 204 205 332
3 205 333 332
3 205 206 333
3 206 334 333
3 206 207 334
3 207 335 334
3 207 208 335
3 208 336 335
3 208 209 336
3 209 337 336
3 209 210 337
3 210 338 337
3 210 211 338
3 211 339 338
3 211 212 339
3 212 340 339
3 212 213 340
3 213 341 340
3 213 214 341
3 214 342 341
3 214 215 342
3 215 343 342
3 215 216 343
3 216 344 343
3 216 217 344
3 217 345 344
3 217 218 345
3 218 346 345
3 218 219 346
3 219 347 346
3 219 220 347
3 220 348 347
3 220 221 348
3 221 349 348
3 221 222 349
3 222 350 349
3 222 223 350
3 223 351 350
3 223 224 351
3 224 352 351
3 224 225 352
3 225 353 352
3 225 226 353
3 226 354 353
3 226 227 354
3 227 355 354
3 227 228 355
3 228 356 355
3 228 229 356
3 229 357 356
3 229 230 357
3 230 358 357
3 230 231 358
3 231 359 358
3 231 232 359
3 232 360 359
3 232 233 360
3 233 361 360
3 233 234 361
3 234 362 361
3 234 235 362
3 235 363 362
3 235 236 363
3 236 364 363
3 236 237 364
3 237 365 364
3 237 238 365
3 238 366 365
3 238 239 366
3 239 367 366
3 239 240 367
3 240 368 367
3 240 241 368
3 241 369 368
3 241 242 369
3 242 370 369
3 242 243 370
3 243 371 370
3 243 244 371
3 244 372 371
3 244 245 372
3 245 373 372
3 245 246 373
3 246 374 373
3 246 247 374
3 247 375 374
3 247 248 375
3 248 376 375
3 248 249 376
3 249 377 376
3 249 250 377
3 250 378 377
3 250 251 378
3 251 379 378
3 251 252 379
3 252 380 379
3 252 253 380
3 253 381 380
3 253 254 381
3 254 382 381
3 254 255 382
3 255 383 382
3 255 256 383
3 256 384 383
3 256 257 384
3 257 385 384
3 257 130 385
3 130 258 385
3 258 259 386
3 259 387 386
3 259 260 387
3 260 388 387
3 260 261 388
3 261 389 388
3 261 262 389
3 262 390 389
3 262 263 390
3 263 391 390
3 263 264 391
3 264 392 391
3 264 265 392
3 265 393 392
3 265 266 393
3 266 394 393
3 266 267 394
3 267 395 394
3 267 268 395
3 268 396 395
3 268 269 396
3 269 397 396
3 269 270 397
3 270 398 397
3 270 271 398
3 271 399 398
3 271 272 399
3 272 400 399
3 272 273 400
3 273 401 400
3 273 274 401
3 274 402 401
3 274 275 402
3 275 403 402
3 275 276 403
3 276 404 403
3 276 277 404
3 277 405 404
3 277 278 405
3 278 406 405
3 278 279 406
3 279 407 406
3 279 280 407
3 280 408 407
3 280 281 408
3 281 409 408
3 281 282 409
3 282 410 409
3 282 283 410
3 283 411 410
3 283 284 411
3 284 412 411
3 284 285 412
3 285 413 412
3 285 286 413
3 286 414 413
3 286 287 414
3 287 415 414
3 287 288 415
3 288 416 415
3 288 289 416
3 289 417 416
3 289 290 417
3 290 418 417
3 290 291 418
3 291 419 418
3 291 292 419
3 292 420 419
3 292 293 420
3 293 421 420
3 293 294 421
3 294 422 421
3 294 295 422
3 295 423 422
3 295 296 423
3 296 424 423
3 296 297 424
3 297 425 424
3 297 298 425
3 298 426 425
3 298 299 426
3 299 427 426
3 299 300 427
3 300 428 427
3 300 301 428
3 301 429 428
3 301 302 429
3 302 430 429
3 302 303 430
3 303 431 430
3 303 304 431
3 304 432 431
3 304 305 432
3 305 433 432
3 305 306 433
3 306 434 433
3 306 307 434
3 307 435 434
3 307 308 435
3 308 436 435
3 308 309 436
3 309 437 436
3 309 310 437
3 310 438 437
3 310 311 438
3 311 439 438
3 311 312 439
3 312 440 439
3 312 313 440
3 313 441 440
3 313 314 441
3 314 442 441
3 314 315 442
3 315 443 442
3 315 316 443
3 316 444 443
3 316 317 444
3 317 445 444
3 317 318 445
3 318 446 445
3 318 319 446
3 319 447 446
3 319 320 447
3 320 448 447
3 320 321 448
3 321 449 448
3 321 322 449
3 322 450 449
3 322 323 450
3 323 451 450
3 323 324 451
3 324 452 451
3 324 325 452
3 325 453 452
3 325 326 453
3 326 454 453
3 326 327 454
3 327 455 454
3 327 328 455
3 328 456 455
3 328 329 456
3 329 457 456
3 329 330 457
3 330 458 457
3 330 331 458
3 331 459 458
3 331 332 459
3 332 460 459
3 332 333 460
3 333 461 460
3 333 334 461
3 334 462 461
3 334 335 462
3 335 463 462
3 335 336 463
3 336 464 463
3 336 337 464
3 337 465 464
3 337 338 465
3 338 466 465
3 338 339 466
3 339 467 466
3 339 340 467
3 340 468 467
3 340 341 468
3 341 469 468
3 341 342 469
3 342 470 469
3 342 343 470
3 343 471 470
3 343 344 471
3 344 472 471
3 344 345 472
3 345 473 472
3 345 346 473
3 346 474 473
3 346 347 474
3 347 475 474
3 347 348 475
3 348 476 475
3 348 349 476
3 349 477 476
3 349 350 477
3 350 478 477
3 350 351 478
3 351 479 478
3 351 352 479
3 352 480 479
3 352 353 480
3 353 481 480
3 353 354 481
3 354 482 481
3 354 355 482
3 355 483 482
3 355 356 483
3 356 484 483
3 356 357 484
3 357 485 484
3 357 358 485
3 358 486 485
3 358 359 486
3 359 487 486
3 359 360 487
3 360 488 487
3 360 361 488
3 361 489 488
3 361 362 489
3 362 490 489
3 362 363 490
3 363 491 490
3 363 364 491
3 364 492 491
3 364 365 492
3 365 493 492
3 365 366 493
3 366 494 493
3 366 367 494
3 367 495 494
3 367 368 495
3 368 496 495
3 368 369 496
3 369 497 496
3 369 370 497
3 370 498 497
3 370 371 498
3 371 499 498
3 371 372 499
3 372 500 499
3 372 373 500
3 373 501 500
3 373 374 501
3 374 502 501
3 374 375 502
3 375 503 502
3 375 376 503
3 376 504 503
3 376 377 504
3 377 505 504
3 377 378 505
3 378 506 505
3 378 379 506
3 379 507 506
3 379 380 507
3 380 508 507
3 380 381 508
3 381 509 508
3 381 382 509
3 382 510 509
3 382 383 510
3 383 511 510
3 383 384 511
3 384 512 511
3 384 385 512
3 385 513 512
3 385 258 513
3 258 386 513
3 386 387 514
3 387 515 514
3 387 388 515
3 388 516 515
3 388 389 516
3 389 517 516
3 389 390 517
3 390 518 517
3 390 391 518
3 391 519 518
3 391 392 519
3 392 520 519
3 392 393 520
3 393 521 520
3 393 394 521
3 394 522 521
3 394 395 522
3 395 523 522
3 395 396 523
3 396 524 523
3 396 397 524
3 397 525 524
3 397 398 525
3 398 526 525
3 398 399 526
3 399 527 526
3 399 400 527
3 400 528 527
3 400 401 528
3 401 529 528
3 401 402 529
3 402 530 529
3 402 403 530
3 403 531 530
3 403 404 531
3 404 532 531
3 404 405 532
3 405 533 532
3 405 406 533
3 406 534 533
3 406 407 534
3 407 535 534
3 407 408 535
3 408 536 535
3 408 409 536
3 409 537 536
3 409 410 537
3 410 538 537
3 410 411 538
3 411 539 538
3 411 412 539
3 412 540 539
3 412 413 540
3 413 541 540
3 413 414 541
3 414 542 541
3 414 415 542
3 415 543 542
3 415 416 543
3 416 544 543
3 416 417 544
3 417 545 544
3 417 418 545
3 418 546 545
3 418 419 546
3 419 547 546
3 419 420 547
3 420 548 547
3 420 421 548
3 421 549 548
3 421 422 549
3 422 550 549
3 422 423 550
3 423 551 550
3 423 424 551
3 424 552 551
3 424 425 552
3 425 553 552
3 425 426 553
3 426 554 553
3 426 427 554
3 427 555 554
3 427 428 555
3 428 556 555
3 428 429 556
3 429 557 556
3 429 430 557
3 430 558 557
3 430 431 558
3 431 559 558
3 431 432 559
3 432 560 559
3 432 433 560
3 433 561 560
3 433 434 561
3 434 562 561
3 434 435 562
3 435 563 562
3 435 436 563
3 436 564 563
3 436 437 564
3 437 565 564
3 437 438 565
3 438 566 565
3 438 439 566
3 439 567 566
3 439 440 567
3 440 568 567
3 440 441 568
3 441 569 568
3 441 442 569
3 442 570 569
3 442 443 570
3 443 571 570
3 443 444 571
3 444 572 571
3 444 445 572
3 445 573 572
3 445 446 573
3 446 574 573
3 446 447 574
3 447 575 574
3 447 448 575
3 448 576 575
3 448 449 576
3 449 577 576
3 449 450 577
3 450 578 577
3 450 451 578
3 451 579 578
3 451 452 579
3 452 580 579
3 452 453 580
3 453 581 580
3 453 454 581
3 454 582 581
3 454 455 582
3 455 583 582
3 455 456 583
3 456 584 583
3 456 457 584
3 457 585 584
3 457 458 585
3 458 586 585
3 458 459 586
3 459 587 586
3 459 460 587
3 460 588 587
3 460 461 588
3 461 589 588
3 461 462 589
3 462 590 589
3 462 463 590
3 463 591 590
3 463 464 591
3 464 592 591
3 464 465 592
3 465 593 592
3 465 466 593
3 466 594 593
3 466 467 594
3 467 595 594
3 467 468 595
3 468 596 595
3 468 469 596
3 469 597 596
3 469 470 597
3 470 598 597
3 470 471 598
3 471 599 598
3 471 472 599
3 472 600 599
3 472 473 600
3 473 601 600
3 473 474 601
3 474 602 601
3 474 475 602
3 475 603 602
3 475 476 603
3 476 604 603
3 476 477 604
3 477 605 604
3 477 478 605
3 478 606 605
3 478 479 606
3 479 607 606
3 479 480 607
3 480 608 607
3 480 481 608
3 481 609 608
3 481 482 609
3 482 610 609
3 482 483 610
3 483 611 610
3 483 484 611
3 484 612 611
3 484 485 612
3 485 613 612
3 485 486 613
3 486 614 613
3 486 487 614
3 487 615 614
3 487 488 615
3 488 616 615
3 488 489 616
3 489 617 616
3 489 490 617
3 490 618 617
3 490 491 618
3 491 619 618
3 491 492 619
3 492 620 619
3 492 493 620
3 493 621 620
3 493 494 621
3 494 622 621
3 494 495 622
3 495 623 622
3 495 496 623
3 496 624 623
3 496 497 624
3 497 625 624
3 497 498 625
3 498 626 625
3 498 499 626
3 499 627 626
3 499 500 627
3 500 628 627
3 500 501 628
3 501 629 628
3 501 502 629
3 502 630 629
3 502 503 630
3 503 631 630
3 503 504 631
3 504 632 631
3 504 505 632
3 505 633 632
3 505 506 633
3 506 634 633
3 506 507 634
3 507 635 634
3 507 508 635
3 508 636 635
3 508 509 636
3 509 637 636
3 509 510 637
3 510 638 637
3 510 511 638
3 511 639 638
3 511 512 639
3 512 640 639
3 512 513 640
3 513 641 640
3 513 386 641
3 386 514 641
3 514 515 642
3 515 643 642
3 515 516 643
3 516 644 643
3 516 517 644
3 517 645 644
3 517 518 645
3 518 646 645
3 518 519 646
3 519 647 646
3 519 520 647
3 520 648 647
3 520 521 648
3 521 649 648
3 521 522 649
3 522 650 649
3 522 523 650
3 523 651 650
3 523 524 651
3 524 652 651
3 524 525 652
3 525 653 652
3 525 526 653
3 526 654 653
3 526 527 654
3 527 655 654
3 527 528 655
3 528 656 655
3 528 529 656
3 529 657 656
3 529 530 657
3 530 658 657
3 530 531 658
3 531 659 658
3 531 532 659
3 532 660 659
3 532 533 660
3 533 661 660
3 533 534 661
3 534 662 661
3 534 535 662
3 535 663 662
3 535 536 663
3 536 664 663
3 536 537 664
3 537 665 664
3 537 538 665
3 538 666 665
3 538 539 666
3 539 667 666
3 539 540 667
3 540 668 667
3 540 541 668
3 541 669 668
3 541 542 669
3 542 670 669
3 542 543 670
3 543 671 670
3 543 544 671
3 544 672 671
3 544 545 672
3 545 673 672
3 545 546 673
3 546 674 673
3 546 547 674
3 547 675 674
3 547 548 675
3 548 676 675
3 548 549 676
3 549 677 676
3 549 550 677
3 550 678 677
3 550 551 678
3 551 679 678
3 551 552 679
3 552 680 679
3 552 553 680
3 553 681 680
3 553 554 681
3 554 682 681
3 554 555 682
3 555 683 682
3 555 556 683
3 556 684 683
3 556 557 684
3 557 685 684
3 557 558 685
3 558 686 685
3 558 559 686
3 559 687 686
3 559 560 687
3 560 688 687
3 560 561 688
3 561 689 688
3 561 562 689
3 562 690 689
3 562 563 690
3 563 691 690
3 563 564 691
3 564 692 691
3 564 565 692
3 565 693 692
3 565 566 693
3 566 694 693
3 566 567 694
3 567 695 694
3 567 568 695
3 568 696 695
3 568 569 696
3 569 697 696
3 569 570 697
3 570 698 697
3 570 571 698
3 571 699 698
3 571 572 699
3 572 700 699
3 572 573 700
3 573 701 700
3 573 574 701
3 574 702 701
3 574 575 702
3 575 703 702
3 575 576 703
3 576 704 703
3 576 577 704
3 577 705 704
3 577 578 705
3 578 706 705
3 578 579 706
3 579 707 706
3 579 580 707
3 580 708 707
3 580 581 708
3 581 709 708
3 581 582 709
3 582 710 709
3 582 583 710
3 583 711 710
3 583 584 711
3 584 712 711
3 584 585 712
3 585 713 712
3 585 586 713
3 586 714 713
3 586 587 714
3 587 715 714
3 587 588 715
3 588 716 715
3 588 589 716
3 589 717 716
3 589 590 717
3 590 718 717
3 590 591 718
3 591 719 718
3 591 592 719
3 592 720 719
3 592 593 720
3 593 721 720
3 593 594 721
3 594 722 721
3 594 595 722
3 595 723 722
3 595 596 723
3 596 724 723
3 596 597 724
3 597 725 724
3 597 598 725
3 598 726 725
3 598 599 726
3 599 727 726
3 599 600 727
3 600 728 727
3 600 601 728
3 601 729 728
3 601 602 729
3 602 730 729
3 602 603 730
3 603 731 730
3 603 604 731
3 604 732 731
3 604 605 732
3 605 733 732
3 605 606 733
3 606 734 733
3 606 607 734
3 607 735 734
3 607 608 735
3 608 736 735
3 608 609 736
3 609 737 736
3 609 610 737
3 610 738 737
3 610 611 738
3 611 739 738
3 611 612 739
3 612 740 739
3 612 613 740
3 613 741 740
3 613 614 741
3 614 742 741
3 614 615 742
3 615 743 742
3 615 616 743
3 616 744 743
3 616 617 744
3 617 745 744
3 617 618 745
3 618 746 745
3 618 619 746
3 619 747 746
3 619 620 747
3 620 748 747
3 620 621 748
3 621 749 748
3 621 622 749
3 622 750 749
3 622 623 750
3 623 751 750
3 623 624 751
3 624 752 751
3 624 625 752
3 625 753 752
3 625 626 753
3 626 754 753
3 626 627 754
3 627 755 754
3 627 628 755
3 628 756 755
3 628 629 756
3 629 757 756
3 629 630 757
3 630 758 757
3 630 631 758
3 631 759 758
3 631 632 759
3 632 760 759
3 632 633 760
3 633 761 760
3 633 634 761
3 634 762 761
3 634 635 762
3 635 763 762
3 635 636 763
3 636 764 763
3 636 637 764
3 637 765 764
3 637 638 765
3 638 766 765
3 638 639 766
3 639 767 766
3 639 640 767
3 640 768 767
3 640 641 768
3 641 769 768
3 641 514 769
3 514 642 769
3 642 643 770
3 643 771 770
3 643 644 771
3 644 772 771
3 644 645 772
3 645 773 772
3 645 646 773
3 646 774 773
3 646 647 774
3 647 775 774
3 647 648 775
3 648 776 775
3 648 649 776
3 649 777 776
3 649 650 777
3 650 778 777
3 650 651 778
3 651 779 778
3 651 652 779
3 652 780 779
3 652 653 780
3 653 781 780
3 653 654 781
3 654 782 781
3 654 655 782
3 655 783 782
3 655 656 783
3 656 784 783
3 656 657 784
3 657 785 784
3 657 658 785
3 658 786 785
3 658 659 786
3 659 787 786
3 659 660 787
3 660 788 787
3 660 661 788
3 661 789 788
3 661 662 789
3 662 790 789
3 662 663 790
3 663 791 790
3 663 664 791
3 664 792 791
3 664 665 792
3 665 793 792
3 665 666 793
3 666 794 793
3 666 667 794
3 667 795 794
3 667 668 795
3 668 796 795
3 668 669 796
3 669 797 796
3 669 670 797
3 670 798 797
3 670 671 798
3 671 799 798
3 671 672 799
3 672 800 799
3 672 673 800
3 673 801 800
3 673 674 801
3 674 802 801
3 674 675 802
3 675 803 802
3 675 676 803
3 676 804 803
3 676 677 804
3 677 805 804
3 677 678 805
3 678 806 805
3 678 679 806
3 679 807 806
3 679 680 807
3 680 808 807
3 680 681 808
3 681 809 808
3 681 682 809
3 682 810 809
3 682 683 810
3 683 811 810
3 683 684 811
3 684 812 811
3 684 685 812
3 685 813 812
3 685 686 813
3 686 814 813
3 686 687 814
3 687 815 814
3 687 688 815
3 688 816 815
3 688 689 816
3 689 817 816
3 689 690 817
3 690 818 817
3 690 691 818
3 691 819 818
3 691 692 819
3 692 820 819
3 692 693 820
3 693 821 820
3 693 694 821
3 694 822 821
3 694 695 822
3 695 823 822
3 695 696 823
3 696 824 823
3 696 697 824
3 697 825 824
3 697 698 825
3 698 826 825
3 698 699 826
3 699 827 826
3 699 700 827
3 700 828 827
3 700 701 828
3 701 829 828
3 701 702 829
3 702 830 829
3 702 703 830
3 703 831 830
3 703 704 831
3 704 832 831
3 704 705 832
3 705 833 832
3 705 706 833
3 706 834 833
3 706 707 834
3 707 835 834
3 707 708 835
3 708 836 835
3 708 709 836
3 709 837 836
3 709 710 837
3 710 838 837
3 710 711 838
3 711 839 838
3 711 712 839
3 712 840 839
3 712 713 840
3 713 841 840
3 713 714 841
3 714 842 841
3 714 715 842
3 715 843 842
3 715 716 843
3 716 844 843
3 716 717 844
3 717 845 844
3 717 718 845
3 718 846 845
3 718 719 846
3 719 847 846
3 719 720 847
3 720 848 847
3 720 721 848
3 721 849 848
3 721 722 849
3 722 850 849
3 722 723 850
3 723 851 850
3 723 724 851
3 724 852 851
3 724 725 852
3 725 853 852
3 725 726 853
3 726 854 853
3 726 727 854
3 727 855 854
3 727 728 855
3 728 856 855
3 728 729 856
3 729 857 856
3 729 730 857
3 730 858 857
3 730 731 858
3 731 859 858
3 731 732 859
3 732 860 859
3 732 733 860
3 733 861 860
3 733 734 861
3 734 862 861
3 734 735 862
3 735 863 862
3 735 736 863
3 736 864 863
3 736 737 864
3 737 865 864
3 737 738 865
3 738 866 865
3 738 739 866
3 739 867 866
3 739 740 867
3 740 868 867
3 740 741 868
3 741 869 868
3 741 742 869
3 742 870 869
3 742 743 870
3 743 871 870
3 743 744 871
3 744 872 871
3 744 745 872
3 745 873 872
3 745 746 873
3 746 874 873
3 746 747 874
3 747 875 874
3 747 748 875
3 748 876 875
3 748 749 876
3 749 877 876
3 749 750 877
3 750 878 877
3 750 751 878
3 751 879 878
3 751 752 879
3 752 880 879
3 752 753 880
3 753 881 880
3 753 754 881
3 754 882 881
3 754 755 882
3 755 883 882
3 755 756 883
3 756 884 883
3 756 757 884
3 757 885 884
3 757 758 885
3 758 886 885
3 758 759 886
3 759 887 886
3 759 760 887
3 760 888 887
3 760 761 888
3 761 889 888
3 761 762 889
3 762 890 889
3 762 763 890
3 763 891 890
3 763 764 891
3 764 892 891
3 764 765 892
3 765 893 892
3 765 766 893
3 766 894 893
3 766 767 894
3 767 895 894
3 767 768 895
3 768 896 895
3 768 769 896
3 769 897 896
3 769 642 897
3 642 770 897
3 770 771 898
3 771 899 898
3 771 772 899
3 772 900 899
3 772 773 900
3 773 901 900
3 773 774 901
3 774 902 901
3 774 775 902
3 775 903 902
3 775 776 903
3 776 904 903
3 776 777 904
3 777 905 904
3 777 778 905
3 778 906 905
3 778 779 906
3 779 907 906
3 779 780 907
3 780 908 907
3 780 781 908
3 781 909 908
3 781 782 909
3 782 910 909
3 782 783 910
3 783 911 910
3 783 784 911
3 784 912 911
3 784 785 912
3 785 913 912
3 785 786 913
3 786 914 913
3 786 787 914
3 787 915 914
3 787 788 915
3 788 916 915
3 788 789 916
3 789 917 916
3 789 790 917
3 790 918 917
3 790 791 918
3 791 919 918
3 791 792 919
3 792 920 919
3 792 793 920
3 793 921 920
3 793 794 921
3 794 922 921
3 794 795 922
3 795 923 922
3 795 796 923
3 796 924 923
3 796 797 924
3 797 925 924
3 797 798 925
3 798 926 925
3 798 799 926
3 799 927 926
3 799 800 927
3 800 928 927
3 800 801 928
3 801 929 928
3 801 802 929
3 802 930 929
3 802 803 930
3 803 931 930
3 803 804 931
3 804 932 931
3 804 805 932
3 805 933 932
3 805 806 933
3 806 934 933
3 806 807 934
3 807 935 934
3 807 808 935
3 808 936 935
3 808 809 936
3 809 937 936
3 809 810 937
3 810 938 937
3 810 811 938
3 811 939 938
3 811 812 939
3 812 940 939
3 812 813 940
3 813 941 940
3 813 814 941
3 814 942 941
3 814 815 942
3 815 943 942
3 815 816 943
3 816 944 943
3 816 817 944
3 817 945 944
3 817 818 945
3 818 946 945
3 818 819 946
3 819 947 946
3 819 820 947
3 820 948 947
3 820 821 948
3 821 949 948
3 821 822 949
3 822 950 949
3 822 823 950
3 823 951 950
3 823 824 951
3 824 952 951
3 824 825 952
3 825 953 952
3 825 826 953
3 826 954 953
3 826 827 954
3 827 955 954
3 827 828 955
3 828 956 955
3 828 829 956
3 829 957 956
3 829 830 957
3 830 958 957
3 830 831 958
3 831 959 958
3 831 832 959
3 832 960 959
3 832 833 960
3 833 961 960
3 833 834 961
3 834 962 961
3 834 835 962
3 835 963 962
3 835 836 963
3 836 964 963
3 836 837 964
3 837 965 964
3 837 838 965
3 838 966 965
3 838 839 966
3 839 967 966
3 839 840 967
3 840 968 967
3 840 841 968
3 841 969 968
3 841 842 969
3 842 970 969
3 842 843 970
3 843 971 970
3 843 844 971
3 844 972 971
3 844 845 972
3 845 973 972
3 845 846 973
3 846 974 973
3 846 847 974
3 847 975 974
3 847 848 975
3 848 976 975
3 848 849 976
3 849 977 976
3 849 850 977
3 850 978 977
3 850 851 978
3 851 979 978
3 851 852 979
3 852 980 979
3 852 853 980
3 853 981 980
3 853 854 981
3 854 982 981
3 854 855 982
3 855 983 982
3 855 856 983
3 856 984 983
3 856 857 984
3 857 985 984
3 857 858 985
3 858 986 985
3 858 859 986
3 859 987 986
3 859 860 987
3 860 988 987
3 860 861 988
3 861 989 988
3 861 862 989
3 862 990 989
3 862 863 990
3 863 991 990
3 863 864 991
3 864 992 991
3 864 865 992
3 865 993 992
3 865 866 993
3 866 994 993
3 866 867 994
3 867 995 994
3 867 868 995
3 868 996 995
3 868 869 996
3 869 997 996
3 869 870 997
3 870 998 997
3 870 871 998
3 871 999 998
3 871 872 999
3 872 1000 999
3 872 873 1000
3 873 1001 1000
3 873 874 1001
3 874 1002 1001
3 874 875 1002
3 875 1003 1002
3 875 876 1003
3 876 1004 1003
3 876 877 1004
3 877 1005 1004
3 877 878 1005
3 878 1006 1005
3 878 879 1006
3 879 1007 1006
3 879 880 1007
3 880 1008 1007
3 880 881 1008
3 881 1009 1008
3 881 882 1009
3 882 1010 1009
3 882 883 1010
3 883 1011 1010
3 883 884 1011
3 884 1012 1011
3 884 885 1012
3 885 1013 1012
3 885 886 1013
3 886 1014 1013
3 886 887 1014
3 887 1015 1014
3 887 888 1015
3 888 1016 1015
3 888 889 1016
3 889 1017 1016
3 889 890 1017
3 890 1018 1017
3 890 891 1018
3 891 1019 1018
3 891 892 1019
3 892 1020 1019
3 892 893 1020
3 893 1021 1020
3 893 894 1021
3 894 1022 1021
3 894 895 1022
3 895 1023 1022
3 895 896 1023
3 896 1024 1023
3 896 897 1024
3 897 1025 1024
3 897 770 1025
3 770 898 1025
3 898 899 1026
3 899 1027 1026
3 899 900 1027
3 900 1028 1027
3 900 901 1028
3 901 1029 1028
3 901 902 1029
3 902 1030 1029
3 902 903 1030
3 903 1031 1030
3 903 904 1031
3 904 1032 1031
3 904 905 1032
3 905 1033 1032
3 905 906 1033
3 906 1034 1033
3 906 907 1034
3 907 1035 1034
3 907 908 1035
3 908 1036 1035
3 908 909 1036
3 909 1037 1036
3 909 910 1037
3 910 1038 1037
3 910 911 1038
3 911 1039 1038
3 911 912 1039
3 912 1040 1039
3 912 913 1040
3 913 1041 1040
3 913 914 1041
3 914 1042 1041
3 914 915 1042
3 915 1043 1042
3 915 916 1043
3 916 1044 1043
3 916 917 1044
3 917 1045 1044
3 917 918 1045
3 918 1046 1045
3 918 919 1046
3 919 1047 1046
3 919 920 1047
3 920 1048 1047
3 920 921 1048
3 921 1049 1048
3 921 922 1049
3 922 1050 1049
3 922 923 1050
3 923 1051 1050
3 923 924 1051
3 924 1052 1051
3 924 925 1052
3 925 1053 1052
3 925 926 1053
3 926 1054 1053
3 926 927 1054
3 927 1055 1054
3 927 928 1055
3 928 1056 1055
3 928 929 1056
3 929 1057 1056
3 929 930 1057
3 930 1058 1057
3 930 931 1058
3 931 1059 1058
3 931 932 1059
3 932 1060 1059
3 932 933 1060
3 933 1061 1060
3 933 934 1061
3 934 1062 1061
3 934 935 1062
3 935 1063 1062
3 935 936 1063
3 936 1064 1063
3 936 937 1064
3 937 1065 1064
3 937 938 1065
3 938 1066 1065
3 938 939 1066
3 939 1067 1066
3 939 940 1067
3 940 1068 1067
3 940 941 1068
3 941 1069 1068
3 941 942 1069
3 942 1070 1069
3 942 943 1070
3 943 1071 1070
3 943 944 1071
3 944 1072 1071
3 944 945 1072
3 945 1073 1072
3 945 946 1073
3 946 1074 1073
3 946 947 1074
3 947 1075 1074
3 947 948 1075
3 948 1076 1075
3 948 949 1076
3 949 1077 1076
3 949 950 1077
3 950 1078 1077
3 950 951 1078
3 951 1079 1078
3 951 952 1079
3 952 1080 1079
3 952 953 1080
3 953 1081 1080
3 953 954 1081
3 954 1082 1081
3 954 955 1082
3 955 1083 1082
3 955 956 1083
3 956 1084 1083
3 956 957 1084
3 957 1085 1084
3 957 958 1085
3 958 1086 1085
3 958 959 1086
3 959 1087 1086
3 959 960 1087
3 960 1088 1087
3 960 961 1088
3 961 1089 1088
3 961 962 1089
3 962 1090 1089
3 962 963 1090
3 963 1091 1090
3 963 964 1091
3 964 1092 1091
3 964 965 1092
3 965 1093 1092
3 965 966 1093
3 966 1094 1093
3 966 967 1094
3 967 1095 1094
3 967 968 1095
3 968 1096 1095
3 968 969 1096
3 969 1097 1096
3 969 970 1097
3 970 1098 1097
3 970 971 1098
3 971 1099 1098
3 971 972 1099
3 972 1100 1099
3 972 973 1100
3 973 1101 1100
3 973 974 1101
3 974 1102 1101
3 974 975 1102
3 975 1103 1102
3 975 976 1103
3 976 1104 1103
3 976 977 1104
3 977 1105 1104
3 977 978 1105
3 978 1106 1105
3 978 979 1106
3 979 1107 1106
3 979 980 1107
3 980 1108 1107
3 980 981 1108
3 981 1109 1108
3 981 982 1109
3 982 1110 1109
3 982 983 1110
3 983 1111 1110
3 983 984 1111
3 984 1112 1111
3 984 985 1112
3 985 1113 1112
3 985 986 1113
3 986 1114 1113
3 986 987 1114
3 987 1115 1114
3 987 988 1115
3 988 1116 1115
3 988 989 1116
3 989 1117 1116
3 989 990 1117
3 990 1118 1117
3 990 991 1118
3 991 1119 1118
3 991 992 1119
3 992 1120 1119
3 992 993 1120
3 993 1121 1120
3 993 994 1121
3 994 1122 1121
3 994 995 1122
3 995 1123 1122
3 995 996 1123
3 996 1124 1123
3 996 997 1124
3 997 1125 1124
3 997 998 1125
3 998 1126 1125
3 998 999 1126
3 999 1127 1126
3 999 1000 1127
3 1000 1128 1127
3 1000 1001 1128
3 1001 1129 1128
3 1001 1002 1129
3 1002 1130 1129
3 1002 1003 1130
3 1003 1131 1130
3 1003 1004 1131
3 1004 1132 1131
3 1004 1005 1132
3 1005 1133 1132
3 1005 1006 1133
3 1006 1134 1133
3 1006 1007 1134
3 1007 1135 1134
3 1007 1008 1135
3 1008 1136 1135
3 1008 1009 1136
3 1009 1137 1136
3 1009 1010 1137
3 1010 1138 1137
3 1010 1011 1138
3 1011 1139 1138
3 1011 1012 1139
3 1012 1140 1139
3 1012 1013 1140
3 1013 1141 1140
3 1013 1014 1141
3 1014 1142 1141
3 1014 1015 1142
3 1015 1143 1142
3 1015 1016 1143
3 1016 1144 1143
3 1016 1017 1144
3 1017 1145 1144
3 1017 1018 1145
3 1018 1146 1145
3 1018 1019 1146
3 1019 1147 1146
3 1019 1020 1147
3 1020 1148 1147
3 1020 1021 1148
3 1021 1149 1148
3 1021 1022 1149
3 1022 1150 1149
3 1022 1023 1150
3 1023 1151 1150
3 1023 1024 1151
3 1024 1152 1151
3 1024 1025 1152
3 1025 1153 1152
3 1025 898 1153
3 898 1026 1153
3 1026 1027 1154
3 1027 1155 1154
3 1027 1028 1155
3 1028 1156 1155
3 1028 1029 1156
3 1029 1157 1156
3 1029 1030 1157
3 1030 1158 1157
3 1030 1031 1158
3 1031 1159 1158
3 1031 1032 1159
3 1032 1160 1159
3 1032 1033 1160
3 1033 1161 1160
3 1033 1034 1161
3 1034 1162 1161
3 1034 1035 1162
3 1035 1163 1162
3 1035 1036 1163
3 1036 1164 1163
3 1036 1037 1164
3 1037 1165 1164
3 1037 1038 1165
3 1038 1166 1165
3 1038 1039 1166
3 1039 1167 1166
3 1039 1040 1167
3 1040 1168 1167
3 1040 1041 1168
3 1041 1169 1168
3 1041 1042 1169
3 1042 1170 1169
3 1042 1043 1170
3 1043 1171 1170
3 1043 1044 1171
3 1044 1172 1171
3 1044 1045 1172
3 1045 1173 1172
3 1045 1046 1173
3 1046 1174 1173
3 1046 1047 1174
3 1047 1175 1174
3 1047 1048 1175
3 1048 1176 1175
3 1048 1049 1176
3 1049 1177 1176
3 1049 1050 1177
3 1050 1178 1177
3 1050 1051 1178
3 1051 1179 1178
3 1051 1052 1179
3 1052 1180 1179
3 1052 1053 1180
3 1053 1181 1180
3 1053 1054 1181
3 1054 1182 1181
3 1054 1055 1182
3 1055 1183 1182
3 1055 1056 1183
3 1056 1184 1183
3 1056 1057 1184
3 1057 1185 1184
3 1057 1058 1185
3 1058 1186 1185
3 1058 1059 1186
3 1059 1187 1186
3 1059 1060 1187
3 1060 1188 1187
3 1060 1061 1188
3 1061 1189 1188
3 1061 1062 1189
3 1062 1190 1189
3 1062 1063 1190
3 1063 1191 1190
3 1063 1064 1191
3 1064 1192 1191
3 1064 1065 1192
3 1065 1193 1192
3 1065 1066 1193
3 1066 1194 1193
3 1066 1067 1194
3 1067 1195 1194
3 1067 1068 1195
3 1068 1196 1195
3 1068 1069 1196
3 1069 1197 1196
3 1069 1070 1197
3 1070 1198 1197
3 1070 1071 1198
3 1071 1199 1198
3 1071 1072 1199
3 1072 1200 1199
3 1072 1073 1200
3 1073 1201 1200
3 1073 1074 1201
3 1074 1202 1201
3 1074 1075 1202
3 1075 1203 1202
3 1075 1076 1203
3 1076 1204 1203
3 1076 1077 1204
3 1077 1205 1204
3 1077 1078 1205
3 1078 1206 1205
3 1078 1079 1206
3 1079 1207 1206
3 1079 1080 1207
3 1080 1208 1207
3 1080 1081 1208
3 1081 1209 1208
3 1081 1082 1209
3 1082 1210 1209
3 1082 1083 1210
3 1083 1211 1210
3 1083 1084 1211
3 1084 1212 1211
3 1084 1085 1212
3 1085 1213 1212
3 1085 1086 1213
3 1086 1214 1213
3 1086 1087 1214
3 1087 1215 1214
3 1087 1088 1215
3 1088 1216 1215
3 1088 1089 1216
3 1089 1217 1216
3 1089 1090 1217
3 1090 1218 1217
3 1090 1091 1218
3 1091 1219 1218
3 1091 1092 1219
3 1092 1220 1219
3 1092 1093 1220
3 1093 1221 1220
3 1093 1094 1221
3 1094 1222 1221
3 1094 1095 1222
3 1095 1223 1222
3 1095 1096 1223
3 1096 1224 1223
3 1096 1097 1224
3 1097 1225 1224
3 1097 1098 1225
3 1098 1226 1225
3 1098 1099 1226
3 1099 1227 1226
3 1099 1100 1227
3 1100 1228 1227
3 1100 1101 1228
3 1101 1229 1228
3 1101 1102 1229
3 1102 1230 1229
3 1102 1103 1230
3 1103 1231 1230
3 1103 1104 1231
3 1104 1232 1231
3 1104 1105 1232
3 1105 1233 1232
3 1105 1106 1233
3 1106 1234 1233
3 1106 1107 1234
3 1107 1235 1234
3 1107 1108 1235
3 1108 1236 1235
3 1108 1109 1236
3 1109 1237 1236
3 1109 1110 1237
3 1110 1238 1237
3 1110 1111 1238
3 1111 1239 1238
3 1111 1112 1239
3 1112 1240 1239
3 1112 1113 1240
3 1113 1241 1240
3 1113 1114 1241
3 1114 1242 1241
3 1114 1115 1242
3 1115 1243 1242
3 1115 1116 1243
3 1116 1244 1243
3 1116 1117 1244
3 1117 1245 1244
3 1117 1118 1245
3 1118 1246 1245
3 1118 1119 1246
3 1119 1247 1246
3 1119 1120 1247
3 1120 1248 1247
3 1120 1121 1248
3 1121 1249 1248
3 1121 1122 1249
3 1122 1250 1249
3 1122 1123 1250
3 1123 1251 1250
3 1123 1124 1251
3 1124 1252 1251
3 1124 1125 1252
3 1125 1253 1252
3 1125 1126 1253
3 1126 1254 1253
3 1126 1127 1254
3 1127 1255 1254
3 1127 1128 1255
3 1128 1256 1255
3 1128 1129 1256
3 1129 1257 1256
3 1129 1130 1257
3 1130 1258 1257
3 1130 1131 1258
3 1131 1259 1258
3 1131 1132 1259
3 1132 1260 1259
3 1132 1133 1260
3 1133 1261 1260
3 1133 1134 1261
3 1134 1262 1261
3 1134 1135 1262
3 1135 1263 1262
3 1135 1136 1263
3 1136 1264 1263
3 1136 1137 1264
3 1137 1265 1264
3 1137 1138 1265
3 1138 1266 1265
3 1138 1139 1266
3 1139 1267 1266
3 1139 1140 1267
3 1140 1268 1267
3 1140 1141 1268
3 1141 1269 1268
3 1141 1142 1269
3 1142 1270 1269
3 1142 1143 1270
3 1143 1271 1270
3 1143 1144 1271
3 1144 1272 1271
3 1144 1145 1272
3 1145 1273 1272
3 1145 1146 1273
3 1146 1274 1273
3 1146 1147 1274
3 1147 1275 1274
3 1147 1148 1275
3 1148 1276 1275
3 1148 1149 1276
3 1149 1277 1276
3 1149 1150 1277
3 1150 1278 1277
3 1150 1151 1278
3 1151 1279 1278
3 1151 1152 1279
3 1152 1280 1279
3 1152 1153 1280
3 1153 1281 1280
3 1153 1026 1281
3 1026 1154 1281
3 1154 1155 1282
3 1155 1283 1282
3 1155 1156 1283
3 1156 1284 1283
3 1156 1157 1284
3 1157 1285 1284
3 1157 1158 1285
3 1158 1286 1285
3 1158 1159 1286
3 1159 1287 1286
3 1159 1160 1287
3 1160 1288 1287
3 1160 1161 1288
3 1161 1289 1288
3 1161 1162 1289
3 1162 1290 1289
3 1162 1163 1290
3 1163 1291 1290
3 1163 1164 1291
3 1164 1292 1291
3 1164 1165 1292
3 1165 1293 1292
3 1165 1166 1293
3 1166 1294 1293
3 1166 1167 1294
3 1167 1295 1294
3 1167 1168 1295
3 1168 1296 1295
3 1168 1169 1296
3 1169 1297 1296
3 1169 1170 1297
3 1170 1298 1297
3 1170 1171 1298
3 1171 1299 1298
3 1171 1172 1299
3 1172 1300 1299
3 1172 1173 1300
3 1173 1301 1300
3 1173 1174 1301
3 1174 1302 1301
3 1174 1175 1302
3 1175 1303 1302
3 1175 1176 1303
3 1176 1304 1303
3 1176 1177 1304
3 1177 1305 1304
3 1177 1178 1305
3 1178 1306 1305
3 1178 1179 1306
3 1179 1307 1306
3 1179 1180 1307
3 1180 1308 1307
3 1180 1181 1308
3 1181 1309 1308
3 1181 1182 1309
3 1182 1310 1309
3 1182 1183 1310
3 1183 1311 1310
3 1183 1184 1311
3 1184 1312 1311
3 1184 1185 1312
3 1185 1313 1312
3 1185 1186 1313
3 1186 1314 1313
3 1186 1187 1314
3 1187 1315 1314
3 1187 1188 1315
3 1188 1316 1315
3 1188 1189 1316
3 1189 1317 1316
3 1189 1190 1317
3 1190 1318 1317
3 1190 1191 1318
3 1191 1319 1318
3 1191 1192 1319
3 1192 1320 1319
3 1192 1193 1320
3 1193 1321 1320
3 1193 1194 1321
3 1194 1322 1321
3 1194 1195 1322
3 1195 1323 1322
3 1195 1196 1323
3 1196 1324 1323
3 1196 1197 1324
3 1197 1325 1324
3 1197 1198 1325
3 1198 1326 1325
3 1198 1199 1326
3 1199 1327 1326
3 1199 1200 1327
3 1200 1328 1327
3 1200 1201 1328
3 1201 1329 1328
3 1201 1202 1329
3 1202 1330 1329
3 1202 1203 1330
3 1203 1331 1330
3 1203 1204 1331
3 1204 1332 1331
3 1204 1205 1332
3 1205 1333 1332
3 1205 1206 1333
3 1206 1334 1333
3 1206 1207 1334
3 1207 1335 1334
3 1207 1208 1335
3 1208 1336 1335
3 1208 1209 1336
3 1209 1337 1336
3 1209 1210 1337
3 1210 1338 1337
3 1210 1211 1338
3 1211 1339 1338
3 1211 1212 1339
3 1212 1340 1339
3 1212 1213 1340
3 1213 1341 1340
3 1213 1214 1341
3 1214 1342 1341
3 1214 1215 1342
3 1215 1343 1342
3 1215 1216 1343
3 1216 1344 1343
3 1216 1217 1344
3 1217 1345 1344
3 1217 1218 1345
3 1218 1346 1345
3 1218 1219 1346
3 1219 1347 1346
3 1219 1220 1347
3 1220 1348 1347
3 1220 1221 1348
3 1221 1349 1348
3 1221 1222 1349
3 1222 1350 1349
3 1222 1223 1350
3 1223 1351 1350
3 1223 1224 1351
3 1224 1352 1351
3 1224 1225 1352
3 1225 1353 1352
3 1225 1226 1353
3 1226 1354 1353
3 1226 1227 1354
3 1227 1355 1354
3 1227 1228 1355
3 1228 1356 1355
3 1228 1229 1356
3 1229 1357 1356
3 1229 1230 1357
3 1230 1358 1357
3 1230 1231 1358
3 1231 1359 1358
3 1231 1232 1359
3 1232 1360 1359
3 1232 1233 1360
3 1233 1361 1360
3 1233 1234 1361
3 1234 1362 1361
3 1234 1235 1362
3 1235 1363 1362
3 1235 1236 1363
3 1236 1364 1363
3 1236 1237 1364
3 1237 1365 1364
3 1237 1238 1365
3 1238 1366 1365
3 1238 1239 1366
3 1239 1367 1366
3 1239 1240 1367
3 1240 1368 1367
3 1240 1241 1368
3 1241 1369 1368
3 1241 1242 1369
3 1242 1370 1369
3 1242 1243 1370
3 1243 1371 1370
3 1243 1244 1371
3 1244 1372 1371
3 1244 1245 1372
3 1245 1373 1372
3 1245 1246 1373
3 1246 1374 1373
3 1246 1247 1374
3 1247 1375 1374
3 1247 1248 1375
3 1248 1376 1375
3 1248 1249 1376
3 1249 1377 1376
3 1249 1250 1377
3 1250 1378 1377
3 1250 1251 1378
3 1251 1379 1378
3 1251 1252 1379
3 1252 1380 1379
3 1252 1253 1380
3 1253 1381 1380
3 1253 1254 1381
3 1254 1382 1381
3 1254 1255 1382
3 1255 1383 1382
3 1255 1256 1383
3 1256 1384 1383
3 1256 1257 1384
3 1257 1385 1384
3 1257 1258 1385
3 1258 1386 1385
3 1258 1259 1386
3 1259 1387 1386
3 1259 1260 1387
3 1260 1388 1387
3 1260 1261 1388
3 1261 1389 1388
3 1261 1262 1389
3 1262 1390 1389
3 1262 1263 1390
3 1263 1391 1390
3 1263 1264 1391
3 1264 1392 1391
3 1264 1265 1392
3 1265 1393 1392
3 1265 1266 1393
3 1266 1394 1393
3 1266 1267 1394
3 1267 1395 1394
3 1267 1268 1395
3 1268 1396 1395
3 1268 1269 1396
3 1269 1397 1396
3 1269 1270 1397
3 1270 1398 1397
3 1270 1271 1398
3 1271 1399 1398
3 1271 1272 1399
3 1272 1400 1399
3 1272 1273 1400
3 1273 1401 1400
3 1273 1274 1401
3 1274 1402 1401
3 1274 1275 1402
3 1275 1403 1402
3 1275 1276 1403
3 1276 1404 1403
3 1276 1277 1404
3 1277 1405 1404
3 1277 1278 1405
3 1278 1406 1405
3 1278 1279 1406
3 1279 1407 1406
3 1279 1280 1407
3 1280 1408 1407
3 1280 1281 1408
3 1281 1409 1408
3 1281 1154 1409
3 1154 1282 1409
3 1282 1283 1410
3 1283 1411 1410
3 1283 1284 1411
3 1284 1412 1411
3 1284 1285 1412
3 1285 1413 1412
3 1285 1286 1413
3 1286 1414 1413
3 1286 1287 1414
3 1287 1415 1414
3 1287 1288 1415
3 1288 1416 1415
3 1288 1289 1416
3 1289 1417 1416
3 1289 1290 1417
3 1290 1418 1417
3 1290 1291 1418
3 1291 1419 1418
3 1291 1292 1419
3 1292 1420 1419
3 1292 1293 1420
3 1293 1421 1420
3 1293 1294 1421
3 1294 1422 1421
3 1294 1295 1422
3 1295 1423 1422
3 1295 1296 1423
3 1296 1424 1423
3 1296 1297 1424
3 1297 1425 1424
3 1297 1298 1425
3 1298 1426 1425
3 1298 1299 1426
3 1299 1427 1426
3 1299 1300 1427
3 1300 1428 1427
3 1300 1301 1428
3 1301 1429 1428
3 1301 1302 1429
3 1302 1430 1429
3 1302 1303 1430
3 1303 1431 1430
3 1303 1304 1431
3 1304 1432 1431
3 1304 1305 1432
3 1305 1433 1432
3 1305 1306 1433
3 1306 1434 1433
3 1306 1307 1434
3 1307 1435 1434
3 1307 1308 1435
3 1308 1436 1435
3 1308 1309 1436
3 1309 1437 1436
3 1309 1310 1437
3 1310 1438 1437
3 1310 1311 1438
3 1311 1439 1438
3 1311 1312 1439
3 1312 1440 1439
3 1312 1313 1440
3 1313 1441 1440
3 1313 1314 1441
3 1314 1442 1441
3 1314 1315 1442
3 1315 1443 1442
3 1315 1316 1443
3 1316 1444 1443
3 1316 1317 1444
3 1317 1445 1444
3 1317 1318 1445
3 1318 1446 1445
3 1318 1319 1446
3 1319 1447 1446
3 1319 1320 1447
3 1320 1448 1447
3 1320 1321 1448
3 1321 1449 1448
3 1321 1322 1449
3 1322 1450 1449
3 1322 1323 1450
3 1323 1451 1450
3 1323 1324 1451
3 1324 1452 1451
3 1324 1325 1452
3 1325 1453 1452
3 1325 1326 1453
3 1326 1454 1453
3 1326 1327 1454
3 1327 1455 1454
3 1327 1328 1455
3 1328 1456 1455
3 1328 1329 1456
3 1329 1457 1456
3 1329 1330 1457
3 1330 1458 1457
3 1330 1331 1458
3 1331 1459 1458
3 1331 1332 1459
3 1332 1460 1459
3 1332 1333 1460
3 1333 1461 1460
3 1333 1334 1461
3 1334 1462 1461
3 1334 1335 1462
3 1335 1463 1462
3 1335 1336 1463
3 1336 1464 1463
3 1336 1337 1464
3 1337 1465 1464
3 1337 1338 1465
3 1338 1466 1465
3 1338 1339 1466
3 1339 1467 1466
3 1339 1340 1467
3 1340 1468 1467
3 1340 1341 1468
3 1341 1469 1468
3 1341 1342 1469
3 1342 1470 1469
3 1342 1343 1470
3 1343 1471 1470
3 1343 1344 1471
3 1344 1472 1471
3 1344 1345 1472
3 1345 1473 1472
3 1345 1346 1473
3 1346 1474 1473
3 1346 1347 1474
3 1347 1475 1474
3 1347 1348 1475
3 1348 1476 1475
3 1348 1349 1476
3 1349 1477 1476
3 1349 1350 1477
3 1350 1478 1477
3 1350 1351 1478
3 1351 1479 1478
3 1351 1352 1479
3 1352 1480 1479
3 1352 1353 1480
3 1353 1481 1480
3 1353 1354 1481
3 1354 1482 1481
3 1354 1355 1482
3 1355 1483 1482
3 1355 1356 1483
3 1356 1484 1483
3 1356 1357 1484
3 1357 1485 1484
3 1357 1358 1485
3 1358 1486 1485
3 1358 1359 1486
3 1359 1487 1486
3 1359 1360 1487
3 1360 1488 1487
3 1360 1361 1488
3 1361 1489 1488
3 1361 1362 1489
3 1362 1490 1489
3 1362 1363 1490
3 1363 1491 1490
3 1363 1364 1491
3 1364 1492 1491
3 1364 1365 1492
3 1365 1493 1492
3 1365 1366 1493
3 1366 1494 1493
3 1366 1367 1494
3 1367 1495 1494
3 1367 1368 1495
3 1368 1496 1495
3 1368 1369 1496
3 1369 1497 1496
3 1369 1370 1497
3 1370 1498 1497
3 1370 1371 1498
3 1371 1499 1498
3 1371 1372 1499
3 1372 1500 1499
3 1372 1373 1500
3 1373 1501 1500
3 1373 1374 1501
3 1374 1502 1501
3 1374 1375 1502
3 1375 1503 1502
3 1375 1376 1503
3 1376 1504 1503
3 1376 1377 1504
3 1377 1505 1504
3 1377 1378 1505
3 1378 1506 1505
3 1378 1379 1506
3 1379 1507 1506
3 1379 1380 1507
3 1380 1508 1507
3 1380 1381 1508
3 1381 1509 1508
3 1381 1382 1509
3 1382 1510 1509
3 1382 1383 1510
3 1383 1511 1510
3 1383 1384 1511
3 1384 1512 1511
3 1384 1385 1512
3 1385 1513 1512
3 1385 1386 1513
3 1386 1514 1513
3 1386 1387 1514
3 1387 1515 1514
3 1387 1388 1515
3 1388 1516 1515
3 1388 1389 1516
3 1389 1517 1516
3 1389 1390 1517
3 1390 1518 1517
3 1390 1391 1518
3 1391 1519 1518
3 1391 1392 1519
3 1392 1520 1519
3 1392 1393 1520
3 1393 1521 1520
3 1393 1394 1521
3 1394 1522 1521
3 1394 1395 1522
3 1395 1523 1522
3 1395 1396 1523
3 1396 1524 1523
3 1396 1397 1524
3 1397 1525 1524
3 1397 1398 1525
3 1398 1526 1525
3 1398 1399 1526
3 1399 1527 1526
3 1399 1400 1527
3 1400 1528 1527
3 1400 1401 1528
3 1401 1529 1528
3 1401 1402 1529
3 1402 1530 1529
3 1402 1403 1530
3 1403 1531 1530
3 1403 1404 1531
3 1404 1532 1531
3 1404 1405 1532
3 1405 1533 1532
3 1405 1406 1533
3 1406 1534 1533
3 1406 1407 1534
3 1407 1535 1534
3 1407 1408 1535
3 1408 1536 1535
3 1408 1409 1536
3 1409 1537 1536
3 1409 1282 1537
3 1282 1410 1537
3 1410 1411 1538
3 1411 1539 1538
3 1411 1412 1539
3 1412 1540 1539
3 1412 1413 1540
3 1413 1541 1540
3 1413 1414 1541
3 1414 1542 1541
3 1414 1415 1542
3 1415 1543 1542
3 1415 1416 1543
3 1416 1544 1543
3 1416 1417 1544
3 1417 1545 1544
3 1417 1418 1545
3 1418 1546 1545
3 1418 1419 1546
3 1419 1547 1546
3 1419 1420 1547
3 1420 1548 1547
3 1420 1421 1548
3 1421 1549 1548
3 1421 1422 1549
3 1422 1550 1549
3 1422 1423 1550
3 1423 1551 1550
3 1423 1424 1551
3 1424 1552 1551
3 1424 1425 1552
3 1425 1553 1552
3 1425 1426 1553
3 1426 1554 1553
3 1426 1427 1554
3 1427 1555 1554
3 1427 1428 1555
3 1428 1556 1555
3 1428 1429 1556
3 1429 1557 1556
3 1429 1430 1557
3 1430 1558 1557
3 1430 1431 1558
3 1431 1559 1558
3 1431 1432 1559
3 1432 1560 1559
3 1432 1433 1560
3 1433 1561 1560
3 1433 1434 1561
3 1434 1562 1561
3 1434 1435 1562
3 1435 1563 1562
3 1435 1436 1563
3 1436 1564 1563
3 1436 1437 1564
3 1437 1565 1564
3 1437 1438 1565
3 1438 1566 1565
3 1438 1439 1566
3 1439 1567 1566
3 1439 1440 1567
3 1440 1568 1567
3 1440 1441 1568
3 1441 1569 1568
3 1441 1442 1569
3 1442 1570 1569
3 1442 1443 1570
3 1443 1571 1570
3 1443 1444 1571
3 1444 1572 1571
3 1444 1445 1572
3 1445 1573 1572
3 1445 1446 1573
3 1446 1574 1573
3 1446 1447 1574
3 1447 1575 1574
3 1447 1448 1575
3 1448 1576 1575
3 1448 1449 1576
3 1449 1577 1576
3 1449 1450 1577
3 1450 1578 1577
3 1450 1451 1578
3 1451 1579 1578
3 1451 1452 1579
3 1452 1580 1579
3 1452 1453 1580
3 1453 1581 1580
3 1453 1454 1581
3 1454 1582 1581
3 1454 1455 1582
3 1455 1583 1582
3 1455 1456 1583
3 1456 1584 1583
3 1456 1457 1584
3 1457 1585 1584
3 1457 1458 1585
3 1458 1586 1585
3 1458 1459 1586
3 1459 1587 1586
3 1459 1460 1587
3 1460 1588 1587
3 1460 1461 1588
3 1461 1589 1588
3 1461 1462 1589
3 1462 1590 1589
3 1462 1463 1590
3 1463 1591 1590
3 1463 1464 1591
3 1464 1592 1591
3 1464 1465 1592
3 1465 1593 1592
3 1465 1466 1593
3 1466 1594 1593
3 1466 1467 1594
3 1467 1595 1594
3 1467 1468 1595
3 1468 1596 1595
3 1468 1469 1596
3 1469 1597 1596
3 1469 1470 1597
3 1470 1598 1597
3 1470 1471 1598
3 1471 1599 1598
3 1471 1472 1599
3 1472 1600 1599
3 1472 1473 1600
3 1473 1601 1600
3 1473 1474 1601
3 1474 1602 1601
3 1474 1475 1602
3 1475 1603 1602
3 1475 1476 1603
3 1476 1604 1603
3 1476 1477 1604
3 1477 1605 1604
3 1477 1478 1605
3 1478 1606 1605
3 1478 1479 1606
3 1479 1607 1606
3 1479 1480 1607
3 1480 1608 1607
3 1480 1481 1608
3 1481 1609 1608
3 1481 1482 1609
3 1482 1610 1609
3 1482 1483 1610
3 1483 1611 1610
3 1483 1484 1611
3 1484 1612 1611
3 1484 1485 1612
3 1485 1613 1612
3 1485 1486 1613
3 1486 1614 1613
3 1486 1487 1614
3 1487 1615 1614
3 1487 1488 1615
3 1488 1616 1615
3 1488 1489 1616
3 1489 1617 1616
3 1489 1490 1617
3 1490 1618 1617
3 1490 1491 1618
3 1491 1619 1618
3 1491 1492 1619
3 1492 1620 1619
3 1492 1493 1620
3 1493 1621 1620
3 1493 1494 1621
3 1494 1622 1621
3 1494 1495 1622
3 1495 1623 1622
3 1495 1496 1623
3 1496 1624 1623
3 1496 1497 1624
3 1497 1625 1624
3 1497 1498 1625
3 1498 1626 1625
3 1498 1499 1626
3 1499 1627 1626
3 1499 1500 1627
3 1500 1628 1627
3 1500 1501 1628
3 1501 1629 1628
3 1501 1502 1629
3 1502 1630 1629
3 1502 1503 1630
3 1503 1631 1630
3 1503 1504 1631
3 1504 1632 1631
3 1504 1505 1632
3 1505 1633 1632
3 1505 1506 1633
3 1506 1634 1633
3 1506 1507 1634
3 1507 1635 1634
3 1507 1508 1635
3 1508 1636 1635
3 1508 1509 1636
3 1509 1637 1636
3 1509 1510 1637
3 1510 1638 1637
3 1510 1511 1638
3 1511 1639 1638
3 1511 1512 1639
3 1512 1640 1639
3 1512 1513 1640
3 1513 1641 1640
3 1513 1514 1641
3 1514 1642 1641
3 1514 1515 1642
3 1515 1643 1642
3 1515 1516 1643
3 1516 1644 1643
3 1516 1517 1644
3 1517 1645 1644
3 1517 1518 1645
3 1518 1646 1645
3 1518 1519 1646
3 1519 1647 1646
3 1519 1520 1647
3 1520 1648 1647
3 1520 1521 1648
3 1521 1649 1648
3 1521 1522 1649
3 1522 1650 1649
3 1522 1523 1650
3 1523 1651 1650
3 1523 1524 1651
3 1524 1652 1651
3 1524 1525 1652
3 1525 1653 1652
3 1525 1526 1653
3 1526 1654 1653
3 1526 1527 1654
3 1527 1655 1654
3 1527 1528 1655
3 1528 1656 1655
3 1528 1529 1656
3 1529 1657 1656
3 1529 1530 1657
3 1530 1658 1657
3 1530 1531 1658
3 1531 1659 1658
3 1531 1532 1659
3 1532 1660 1659
3 1532 1533 1660
3 1533 1661 1660
3 1533 1534 1661
3 1534 1662 1661
3 1534 1535 1662
3 1535 1663 1662
3 1535 1536 1663
3 1536 1664 1663
3 1536 1537 1664
3 1537 1665 1664
3 1537 1410 1665
3 1410 1538 1665
3 1538 1539 1666
3 1539 1667 1666
3 1539 1540 1667
3 1540 1668 1667
3 1540 1541 1668
3 1541 1669 1668
3 1541 1542 1669
3 1542 1670 1669
3 1542 1543 1670
3 1543 1671 1670
3 1543 1544 1671
3 1544 1672 1671
3 1544 1545 1672
3 1545 1673 1672
3 1545 1546 1673
3 1546 1674 1673
3 1546 1547 1674
3 1547 1675 1674
3 1547 1548 1675
3 1548 1676 1675
3 1548 1549 1676
3 1549 1677 1676
3 1549 1550 1677
3 1550 1678 1677
3 1550 1551 1678
3 1551 1679 1678
3 1551 1552 1679
3 1552 1680 1679
3 1552 1553 1680
3 1553 1681 1680
3 1553 1554 1681
3 1554 1682 1681
3 1554 1555 1682
3 1555 1683 1682
3 1555 1556 1683
3 1556 1684 1683
3 1556 1557 1684
3 1557 1685 1684
3 1557 1558 1685
3 1558 1686 1685
3 1558 1559 1686
3 1559 1687 1686
3 1559 1560 1687
3 1560 1688 1687
3 1560 1561 1688
3 1561 1689 1688
3 1561 1562 1689
3 1562 1690 1689
3 1562 1563 1690
3 1563 1691 1690
3 1563 1564 1691
3 1564 1692 1691
3 1564 1565 1692
3 1565 1693 1692
3 1565 1566 1693
3 1566 1694 1693
3 1566 1567 1694
3 1567 1695 1694
3 1567 1568 1695
3 1568 1696 1695
3 1568 1569 1696
3 1569 1697 1696
3 1569 1570 1697
3 1570 1698 1697
3 1570 1571 1698
3 1571 1699 1698
3 1571 1572 1699
3 1572 1700 1699
3 1572 1573 1700
3 1573 1701 1700
3 1573 1574 1701
3 1574 1702 1701
3 1574 1575 1702
3 1575 1703 1702
3 1575 1576 1703
3 1576 1704 1703
3 1576 1577 1704
3 1577 1705 1704
3 1577 1578 1705
3 1578 1706 1705
3 1578 1579 1706
3 1579 1707 1706
3 1579 1580 1707
3 1580 1708 1707
3 1580 1581 1708
3 1581 1709 1708
3 1581 1582 1709
3 1582 1710 1709
3 1582 1583 1710
3 1583 1711 1710
3 1583 1584 1711
3 1584 1712 1711
3 1584 1585 1712
3 1585 1713 1712
3 1585 1586 1713
3 1586 1714 1713
3 1586 1587 1714
3 1587 1715 1714
3 1587 1588 1715
3 1588 1716 1715
3 1588 1589 1716
3 1589 1717 1716
3 1589 1590 1717
3 1590 1718 1717
3 1590 1591 1718
3 1591 1719 1718
3 1591 1592 1719
3 1592 1720 1719
3 1592 1593 1720
3 1593 1721 1720
3 1593 1594 1721
3 1594 1722 1721
3 1594 1595 1722
3 1595 1723 1722
3 1595 1596 1723
3 1596 1724 1723
3 1596 1597 1724
3 1597 1725 1724
3 1597 1598 1725
3 1598 1726 1725
3 1598 1599 1726
3 1599 1727 1726
3 1599 1600 1727
3 1600 1728 1727
3 1600 1601 1728
3 1601 1729 1728
3 1601 1602 1729
3 1602 1730 1729
3 1602 1603 1730
3 1603 1731 1730
3 1603 1604 1731
3 1604 1732 1731
3 1604 1605 1732
3 1605 1733 1732
3 1605 1606 1733
3 1606 1734 1733
3 1606 1607 1734
3 1607 1735 1734
3 1607 1608 1735
3 1608 1736 1735
3 1608 1609 1736
3 1609 1737 1736
3 1609 1610 1737
3 1610 1738 1737
3 1610 1611 1738
3 1611 1739 1738
3 1611 1612 1739
3 1612 1740 1739
3 1612 1613 1740
3 1613 1741 1740
3 1613 1614 1741
3 1614 1742 1741
3 1614 1615 1742
3 1615 1743 1742
3 1615 1616 1743
3 1616 1744 1743
3 1616 1617 1744
3 1617 1745 1744
3 1617 1618 1745
3 1618 1746 1745
3 1618 1619 1746
3 1619 1747 1746
3 1619 1620 1747
3 1620 1748 1747
3 1620 1621 1748
3 1621 1749 1748
3 1621 1622 1749
3 1622 1750 1749
3 1622 1623 1750
3 1623 1751 1750
3 1623 1624 1751
3 1624 1752 1751
3 1624 1625 1752
3 1625 1753 1752
3 1625 1626 1753
3 1626 1754 1753
3 1626 1627 1754
3 1627 1755 1754
3 1627 1628 1755
3 1628 1756 1755
3 1628 1629 1756
3 1629 1757 1756
3 1629 1630 1757
3 1630 1758 1757
3 1630 1631 1758
3 1631 1759 1758
3 1631 1632 1759
3 1632 1760 1759
3 1632 1633 1760
3 1633 1761 1760
3 1633 1634 1761
3 1634 1762 1761
3 1634 1635 1762
3 1635 1763 1762
3 1635 1636 1763
3 1636 1764 1763
3 1636 1637 1764
3 1637 1765 1764
3 1637 1638 1765
3 1638 1766 1765
3 1638 1639 1766
3 1639 1767 1766
3 1639 1640 1767
3 1640 1768 1767
3 1640 1641 1768
3 1641 1769 1768
3 1641 1642 1769
3 1642 1770 1769
3 1642 1643 1770
3 1643 1771 1770
3 1643 1644 1771
3 1644 1772 1771
3 1644 1645 1772
3 1645 1773 1772
3 1645 1646 1773
3 1646 1774 1773
3 1646 1647 1774
3 1647 1775 1774
3 1647 1648 1775
3 1648 1776 1775
3 1648 1649 1776
3 1649 1777 1776
3 1649 1650 1777
3 1650 1778 1777
3 1650 1651 1778
3 1651 1779 1778
3 1651 1652 1779
3 1652 1780 1779
3 1652 1653 1780
3 1653 1781 1780
3 1653 1654 1781
3 1654 1782 1781
3 1654 1655 1782
3 1655 1783 1782
3 1655 1656 1783
3 1656 1784 1783
3 1656 1657 1784
3 1657 1785 1784
3 1657 1658 1785
3 1658 1786 1785
3 1658 1659 1786
3 1659 1787 1786
3 1659 1660 1787
3 1660 1788 1787
3 1660 1661 1788
3 1661 1789 1788
3 1661 1662 1789
3 1662 1790 1789
3 1662 1663 1790
3 1663 1791 1790
3 1663 1664 1791
3 1664 1792 1791
3 1664 1665 1792
3 1665 1793 1792
3 1665 1538 1793
3 1538 1666 1793
3 1666 1667 1794
3 1667 1795 1794
3 1667 1668 1795
3 1668 1796 1795
3 1668 1669 1796
3 1669 1797 1796
3 1669 1670 1797
3 1670 1798 1797
3 1670 1671 1798
3 1671 1799 1798
3 1671 1672 1799
3 1672 1800 1799
3 1672 1673 1800
3 1673 1801 1800
3 1673 1674 1801
3 1674 1802 1801
3 1674 1675 1802
3 1675 1803 1802
3 1675 1676 1803
3 1676 1804 1803
3 1676 1677 1804
3 1677 1805 1804
3 1677 1678 1805
3 1678 1806 1805
3 1678 1679 1806
3 1679 1807 1806
3 1679 1680 1807
3 1680 1808 1807
3 1680 1681 1808
3 1681 1809 1808
3 1681 1682 1809
3 1682 1810 1809
3 1682 1683 1810
3 1683 1811 1810
3 1683 1684 1811
3 1684 1812 1811
3 1684 1685 1812
3 1685 1813 1812
3 1685 1686 1813
3 1686 1814 1813
3 1686 1687 1814
3 1687 1815 1814
3 1687 1688 1815
3 1688 1816 1815
3 1688 1689 1816
3 1689 1817 1816
3 1689 1690 1817
3 1690 1818 1817
3 1690 1691 1818
3 1691 1819 1818
3 1691 1692 1819
3 1692 1820 1819
3 1692 1693 1820
3 1693 1821 1820
3 1693 1694 1821
3 1694 1822 1821
3 1694 1695 1822
3 1695 1823 1822
3 1695 1696 1823
3 1696 1824 1823
3 1696 1697 1824
3 1697 1825 1824
3 1697 1698 1825
3 1698 1826 1825
3 1698 1699 1826
3 1699 1827 1826
3 1699 1700 1827
3 1700 1828 1827
3 1700 1701 1828
3 1701 1829 1828
3 1701 1702 1829
3 1702 1830 1829
3 1702 1703 1830
3 1703 1831 1830
3 1703 1704 1831
3 1704 1832 1831
3 1704 1705 1832
3 1705 1833 1832
3 1705 1706 1833
3 1706 1834 1833
3 1706 1707 1834
3 1707 1835 1834
3 1707 1708 1835
3 1708 1836 1835
3 1708 1709 1836
3 1709 1837 1836
3 1709 1710 1837
3 1710 1838 1837
3 1710 1711 1838
3 1711 1839 1838
3 1711 1712 1839
3 1712 1840 1839
3 1712 1713 1840
3 1713 1841 1840
3 1713 1714 1841
3 1714 1842 1841
3 1714 1715 1842
3 1715 1843 1842
3 1715 1716 1843
3 1716 1844 1843
3 1716 1717 1844
3 1717 1845 1844
3 1717 1718 1845
3 1718 1846 1845
3 1718 1719 1846
3 1719 1847 1846
3 1719 1720 1847
3 1720 1848 1847
3 1720 1721 1848
3 1721 1849 1848
3 1721 1722 1849
3 1722 1850 1849
3 1722 1723 1850
3 1723 1851 1850
3 1723 1724 1851
3 1724 1852 1851
3 1724 1725 1852
3 1725 1853 1852
3 1725 1726 1853
3 1726 1854 1853
3 1726 1727 1854
3 1727 1855 1854
3 1727 1728 1855
3 1728 1856 1855
3 1728 1729 1856
3 1729 1857 1856
3 1729 1730 1857
3 1730 1858 1857
3 1730 1731 1858
3 1731 1859 1858
3 1731 1732 1859
3 1732 1860 1859
3 1732 1733 1860
3 1733 1861 1860
3 1733 1734 1861
3 1734 1862 1861
3 1734 1735 1862
3 1735 1863 1862
3 1735 1736 1863
3 1736 1864 1863
3 1736 1737 1864
3 1737 1865 1864
3 1737 1738 1865
3 1738 1866 1865
3 1738 1739 1866
3 1739 1867 1866
3 1739 1740 1867
3 1740 1868 1867
3 1740 1741 1868
3 1741 1869 1868
3 1741 1742 1869
3 1742 1870 1869
3 1742 1743 1870
3 1743 1871 1870
3 1743 1744 1871
3 1744 1872 1871
3 1744 1745 1872
3 1745 1873 1872
3 1745 1746 1873
3 1746 1874 1873
3 1746 1747 1874
3 1747 1875 1874
3 1747 1748 1875
3 1748 1876 1875
3 1748 1749 1876
3 1749 1877 1876
3 1749 1750 1877
3 1750 1878 1877
3 1750 1751 1878
3 1751 1879 1878
3 1751 1752 1879
3 1752 1880 1879
3 1752 1753 1880
3 1753 1881 1880
3 1753 1754 1881
3 1754 1882 1881
3 1754 1755 1882
3 1755 1883 1882
3 1755 1756 1883
3 1756 1884 1883
3 1756 1757 1884
3 1757 1885 1884
3 1757 1758 1885
3 1758 1886 1885
3 1758 1759 1886
3 1759 1887 1886
3 1759 1760 1887
3 1760 1888 1887
3 1760 1761 1888
3 1761 1889 1888
3 1761 1762 1889
3 1762 1890 1889
3 1762 1763 1890
3 1763 1891 1890
3 1763 1764 1891
3 1764 1892 1891
3 1764 1765 1892
3 1765 1893 1892
3 1765 1766 1893
3 1766 1894 1893
3 1766 1767 1894
3 1767 1895 1894
3 1767 1768 1895
3 1768 1896 1895
3 1768 1769 1896
3 1769 1897 1896
3 1769 1770 1897
3 1770 1898 1897
3 1770 1771 1898
3 1771 1899 1898
3 1771 1772 1899
3 1772 1900 1899
3 1772 1773 1900
3 1773 1901 1900
3 1773 1774 1901
3 1774 1902 1901
3 1774 1775 1902
3 1775 1903 1902
3 1775 1776 1903
3 1776 1904 1903
3 1776 1777 1904
3 1777 1905 1904
3 1777 1778 1905
3 1778 1906 1905
3 1778 1779 1906
3 1779 1907 1906
3 1779 1780 1907
3 1780 1908 1907
3 1780 1781 1908
3 1781 1909 1908
3 1781 1782 1909
3 1782 1910 1909
3 1782 1783 1910
3 1783 1911 1910
3 1783 1784 1911
3 1784 1912 1911
3 1784 1785 1912
3 1785 1913 1912
3 1785 1786 1913
3 1786 1914 1913
3 1786 1787 1914
3 1787 1915 1914
3 1787 1788 1915
3 1788 1916 1915
3 1788 1789 1916
3 1789 1917 1916
3 1789 1790 1917
3 1790 1918 1917
3 1790 1791 1918
3 1791 1919 1918
3 1791 1792 1919
3 1792 1920 1919
3 1792 1793 1920
3 1793 1921 1920
3 1793 1666 1921
3 1666 1794 1921
3 1794 1795 1922
3 1795 1923 1922
3 1795 1796 1923
3 1796 1924 1923
3 1796 1797 1924
3 1797 1925 1924
3 1797 1798 1925
3 1798 1926 1925
3 1798 1799 1926
3 1799 1927 1926
3 1799 1800 1927
3 1800 1928 1927
3 1800 1801 1928
3 1801 1929 1928
3 1801 1802 1929
3 1802 1930 1929
3 1802 1803 1930
3 1803 1931 1930
3 1803 1804 1931
3 1804 1932 1931
3 1804 1805 1932
3 1805 1933 1932
3 1805 1806 1933
3 1806 1934 1933
3 1806 1807 1934
3 1807 1935 1934
3 1807 1808 1935
3 1808 1936 1935
3 1808 1809 1936
3 1809 1937 1936
3 1809 1810 1937
3 1810 1938 1937
3 1810 1811 1938
3 1811 1939 1938
3 1811 1812 1939
3 1812 1940 1939
3 1812 1813 1940
3 1813 1941 1940
3 1813 1814 1941
3 1814 1942 1941
3 1814 1815 1942
3 1815 1943 1942
3 1815 1816 1943
3 1816 1944 1943
3 1816 1817 1944
3 1817 1945 1944
3 1817 1818 1945
3 1818 1946 1945
3 1818 1819 1946
3 1819 1947 1946
3 1819 1820 1947
3 1820 1948 1947
3 1820 1821 1948
3 1821 1949 1948
3 1821 1822 1949
3 1822 1950 1949
3 1822 1823 1950
3 1823 1951 1950
3 1823 1824 1951
3 1824 1952 1951
3 1824 1825 1952
3 1825 1953 1952
3 1825 1826 1953
3 1826 1954 1953
3 1826 1827 1954
3 1827 1955 1954
3 1827 1828 1955
3 1828 1956 1955
3 1828 1829 1956
3 1829 1957 1956
3 1829 1830 1957
3 1830 1958 1957
3 1830 1831 1958
3 1831 1959 1958
3 1831 1832 1959
3 1832 1960 1959
3 1832 1833 1960
3 1833 1961 1960
3 1833 1834 1961
3 1834 1962 1961
3 1834 1835 1962
3 1835 1963 1962
3 1835 1836 1963
3 1836 1964 1963
3 1836 1837 1964
3 1837 1965 1964
3 1837 1838 1965
3 1838 1966 1965
3 1838 1839 1966
3 1839 1967 1966
3 1839 1840 1967
3 1840 1968 1967
3 1840 1841 1968
3 1841 1969 1968
3 1841 1842 1969
3 1842 1970 1969
3 1842 1843 1970
3 1843 1971 1970
3 1843 1844 1971
3 1844 1972 1971
3 1844 1845 1972
3 1845 1973 1972
3 1845 1846 1973
3 1846 1974 1973
3 1846 1847 1974
3 1847 1975 1974
3 1847 1848 1975
3 1848 1976 1975
3 1848 1849 1976
3 1849 1977 1976
3 1849 1850 1977
3 1850 1978 1977
3 1850 1851 1978
3 1851 1979 1978
3 1851 1852 1979
3 1852 1980 1979
3 1852 1853 1980
3 1853 1981 1980
3 1853 1854 1981
3 1854 1982 1981
3 1854 1855 1982
3 1855 1983 1982
3 1855 1856 1983
3 1856 1984 1983
3 1856 1857 1984
3 1857 1985 1984
3 1857 1858 1985
3 1858 1986 1985
3 1858 1859 1986
3 1859 1987 1986
3 1859 1860 1987
3 1860 1988 1987
3 1860 1861 1988
3 1861 1989 1988
3 1861 1862 1989
3 1862 1990 1989
3 1862 1863 1990
3 1863 1991 1990
3 1863 1864 1991
3 1864 1992 1991
3 1864 1865 1992
3 1865 1993 1992
3 1865 1866 1993
3 1866 1994 1993
3 1866 1867 1994
3 1867 1995 1994
3 1867 1868 1995
3 1868 1996 1995
3 1868 1869 1996
3 1869 1997 1996
3 1869 1870 1997
3 1870 1998 1997
3 1870 1871 1998
3 1871 1999 1998
3 1871 1872 1999
3 1872 2000 1999
3 1872 1873 2000
3 1873 2001 2000
3 1873 1874 2001
3 1874 2002 2001
3 1874 1875 2002
3 1875 2003 2002
3 1875 1876 2003
3 1876 2004 2003
3 1876 1877 2004
3 1877 2005 2004
3 1877 1878 2005
3 1878 2006 2005
3 1878 1879 2006
3 1879 2007 2006
3 1879 1880 2007
3 1880 2008 2007
3 1880 1881 2008
3 1881 2009 2008
3 1881 1882 2009
3 1882 2010 2009
3 1882 1883 2010
3 1883 2011 2010
3 1883 1884 2011
3 1884 2012 2011
3 1884 1885 2012
3 1885 2013 2012
3 1885 1886 2013
3 1886 2014 2013
3 1886 1887 2014
3 1887 2015 2014
3 1887 1888 2015
3 1888 2016 2015
3 1888 1889 2016
3 1889 2017 2016
3 1889 1890 2017
3 1890 2018 2017
3 1890 1891 2018
3 1891 2019 2018
3 1891 1892 2019
3 1892 2020 2019
3 1892 1893 2020
3 1893 2021 2020
3 1893 1894 2021
3 1894 2022 2021
3 1894 1895 2022
3 1895 2023 2022
3 1895 1896 2023
3 1896 2024 2023
3 1896 1897 2024
3 1897 2025 2024
3 1897 1898 2025
3 1898 2026 2025
3 1898 1899 2026
3 1899 2027 2026
3 1899 1900 2027
3 1900 2028 2027
3 1900 1901 2028
3 1901 2029 2028
3 1901 1902 2029
3 1902 2030 2029
3 1902 1903 2030
3 1903 2031 2030
3 1903 1904 2031
3 1904 2032 2031
3 1904 1905 2032
3 1905 2033 2032
3 1905 1906 2033
3 1906 2034 2033
3 1906 1907 2034
3 1907 2035 2034
3 1907 1908 2035
3 1908 2036 2035
3 1908 1909 2036
3 1909 2037 2036
3 1909 1910 2037
3 1910 2038 2037
3 1910 1911 2038
3 1911 2039 2038
3 1911 1912 2039
3 1912 2040 2039
3 1912 1913 2040
3 1913 2041 2040
3 1913 1914 2041
3 1914 2042 2041
3 1914 1915 2042
3 1915 2043 2042
3 1915 1916 2043
3 1916 2044 2043
3 1916 1917 2044
3 1917 2045 2044
3 1917 1918 2045
3 1918 2046 2045
3 1918 1919 2046
3 1919 2047 2046
3 1919 1920 2047
3 1920 2048 2047
3 1920 1921 2048
3 1921 2049 2048
3 1921 1794 2049
3 1794 1922 2049
3 1922 1923 2050
3 1923 2051 2050
3 1923 1924 2051
3 1924 2052 2051
3 1924 1925 2052
3 1925 2053 2052
3 1925 1926 2053
3 1926 2054 2053
3 1926 1927 2054
3 1927 2055 2054
3 1927 1928 2055
3 1928 2056 2055
3 1928 1929 2056
3 1929 2057 2056
3 1929 1930 2057
3 1930 2058 2057
3 1930 1931 2058
3 1931 2059 2058
3 1931 1932 2059
3 1932 2060 2059
3 1932 1933 2060
3 1933 2061 2060
3 1933 1934 2061
3 1934 2062 2061
3 1934 1935 2062
3 1935 2063 2062
3 1935 1936 2063
3 1936 2064 2063
3 1936 1937 2064
3 1937 2065 2064
3 1937 1938 2065
3 1938 2066 2065
3 1938 1939 2066
3 1939 2067 2066
3 1939 1940 2067
3 1940 2068 2067
3 1940 1941 2068
3 1941 2069 2068
3 1941 1942 2069
3 1942 2070 2069
3 1942 1943 2070
3 1943 2071 2070
3 1943 1944 2071
3 1944 2072 2071
3 1944 1945 2072
3 1945 2073 2072
3 1945 1946 2073
3 1946 2074 2073
3 1946 1947 2074
3 1947 2075 2074
3 1947 1948 2075
3 1948 2076 2075
3 1948 1949 2076
3 1949 2077 2076
3 1949 1950 2077
3 1950 2078 2077
3 1950 1951 2078
3 1951 2079 2078
3 1951 1952 2079
3 1952 2080 2079
3 1952 1953 2080
3 1953 2081 2080
3 1953 1954 2081
3 1954 2082 2081
3 1954 1955 2082
3 1955 2083 2082
3 1955 1956 2083
3 1956 2084 2083
3 1956 1957 2084
3 1957 2085 2084
3 1957 1958 2085
3 1958 2086 2085
3 1958 1959 2086
3 1959 2087 2086
3 1959 1960 2087
3 1960 2088 2087
3 1960 1961 2088
3 1961 2089 2088
3 1961 1962 2089
3 1962 2090 2089
3 1962 1963 2090
3 1963 2091 2090
3 1963 1964 2091
3 1964 2092 2091
3 1964 1965 2092
3 1965 2093 2092
3 1965 1966 2093
3 1966 2094 2093
3 1966 1967 2094
3 1967 2095 2094
3 1967 1968 2095
3 1968 2096 2095
3 1968 1969 2096
3 1969 2097 2096
3 1969 1970 2097
3 1970 2098 2097
3 1970 1971 2098
3 1971 2099 2098
3 1971 1972 2099
3 1972 2100 2099
3 1972 1973 2100
3 1973 2101 2100
3 1973 1974 2101
3 1974 2102 2101
3 1974 1975 2102
3 1975 2103 2102
3 1975 1976 2103
3 1976 2104 2103
3 1976 1977 2104
3 1977 2105 2104
3 1977 1978 2105
3 1978 2106 2105
3 1978 1979 2106
3 1979 2107 2106
3 1979 1980 2107
3 1980 2108 2107
3 1980 1981 2108
3 1981 2109 2108
3 1981 1982 2109
3 1982 2110 2109
3 1982 1983 2110
3 1983 2111 2110
3 1983 1984 2111
3 1984 2112 2111
3 1984 1985 2112
3 1985 2113 2112
3 1985 1986 2113
3 1986 2114 2113
3 1986 1987 2114
3 1987 2115 2114
3 1987 1988 2115
3 1988 2116 2115
3 1988 1989 2116
3 1989 2117 2116
3 1989 1990 2117
3 1990 2118 2117
3 1990 1991 2118
3 1991 2119 2118
3 1991 1992 2119
3 1992 2120 2119
3 1992 1993 2120
3 1993 2121 2120
3 1993 1994 2121
3 1994 2122 2121
3 1994 1995 2122
3 1995 2123 2122
3 1995 1996 2123
3 1996 2124 2123
3 1996 1997 2124
3 1997 2125 2124
3 1997 1998 2125
3 1998 2126 2125
3 1998 1999 2126
3 1999 2127 2126
3 1999 2000 2127
3 2000 2128 2127
3 2000 2001 2128
3 2001 2129 2128
3 2001 2002 2129
3 2002 2130 2129
3 2002 2003 2130
3 2003 2131 2130
3 2003 2004 2131
3 2004 2132 2131
3 2004 2005 2132
3 2005 2133 2132
3 2005 2006 2133
3 2006 2134 2133
3 2006 2007 2134
3 2007 2135 2134
3 2007 2008 2135
3 2008 2136 2135
3 2008 2009 2136
3 2009 2137 2136
3 2009 2010 2137
3 2010 2138 2137
3 2010 2011 2138
3 2011 2139 2138
3 2011 2012 2139
3 2012 2140 2139
3 2012 2013 2140
3 2013 2141 2140
3 2013 2014 2141
3 2014 2142 2141
3 2014 2015 2142
3 2015 2143 2142
3 2015 2016 2143
3 2016 2144 2143
3 2016 2017 2144
3 2017 2145 2144
3 2017 2018 2145
3 2018 2146 2145
3 2018 2019 2146
3 2019 2147 2146
3 2019 2020 2147
3 2020 2148 2147
3 2020 2021 2148
3 2021 2149 2148
3 2021 2022 2149
3 2022 2150 2149
3 2022 2023 2150
3 2023 2151 2150
3 2023 2024 2151
3 2024 2152 2151
3 2024 2025 2152
3 2025 2153 2152
3 2025 2026 2153
3 2026 2154 2153
3 2026 2027 2154
3 2027 2155 2154
3 2027 2028 2155
3 2028 2156 2155
3 2028 2029 2156
3 2029 2157 2156
3 2029 2030 2157
3 2030 2158 2157
3 2030 2031 2158
3 2031 2159 2158
3 2031 2032 2159
3 2032 2160 2159
3 2032 2033 2160
3 2033 2161 2160
3 2033 2034 2161
3 2034 2162 2161
3 2034 2035 2162
3 2035 2163 2162
3 2035 2036 2163
3 2036 2164 2163
3 2036 2037 2164
3 2037 2165 2164
3 2037 2038 2165
3 2038 2166 2165
3 2038 2039 2166
3 2039 2167 2166
3 2039 2040 2167
3 2040 2168 2167
3 2040 2041 2168
3 2041 2169 2168
3 2041 2042 2169
3 2042 2170 2169
3 2042 2043 2170
3 2043 2171 2170
3 2043 2044 2171
3 2044 2172 2171
3 2044 2045 2172
3 2045 2173 2172
3 2045 2046 2173
3 2046 2174 2173
3 2046 2047 2174
3 2047 2175 2174
3 2047 2048 2175
3 2048 2176 2175
3 2048 2049 2176
3 2049 2177 2176
3 2049 1922 2177
3 1922 2050 2177
3 2050 2051 2178
3 2051 2179 2178
3 2051 2052 2179
3 2052 2180 2179
3 2052 2053 2180
3 2053 2181 2180
3 2053 2054 2181
3 2054 2182 2181
3 2054 2055 2182
3 2055 2183 2182
3 2055 2056 2183
3 2056 2184 2183
3 2056 2057 2184
3 2057 2185 2184
3 2057 2058 2185
3 2058 2186 2185
3 2058 2059 2186
3 2059 2187 2186
3 2059 2060 2187
3 2060 2188 2187
3 2060 2061 2188
3 2061 2189 2188
3 2061 2062 2189
3 2062 2190 2189
3 2062 2063 2190
3 2063 2191 2190
3 2063 2064 2191
3 2064 2192 2191
3 2064 2065 2192
3 2065 2193 2192
3 2065 2066 2193
3 2066 2194 2193
3 2066 2067 2194
3 2067 2195 2194
3 2067 2068 2195
3 2068 2196 2195
3 2068 2069 2196
3 2069 2197 2196
3 2069 2070 2197
3 2070 2198 2197
3 2070 2071 2198
3 2071 2199 2198
3 2071 2072 2199
3 2072 2200 2199
3 2072 2073 2200
3 2073 2201 2200
3 2073 2074 2201
3 2074 2202 2201
3 2074 2075 2202
3 2075 2203 2202
3 2075 2076 2203
3 2076 2204 2203
3 2076 2077 2204
3 2077 2205 2204
3 2077 2078 2205
3 2078 2206 2205
3 2078 2079 2206
3 2079 2207 2206
3 2079 2080 2207
3 2080 2208 2207
3 2080 2081 2208
3 2081 2209 2208
3 2081 2082 2209
3 2082 2210 2209
3 2082 2083 2210
3 2083 2211 2210
3 2083 2084 2211
3 2084 2212 2211
3 2084 2085 2212
3 2085 2213 2212
3 2085 2086 2213
3 2086 2214 2213
3 2086 2087 2214
3 2087 2215 2214
3 2087 2088 2215
3 2088 2216 2215
3 2088 2089 2216
3 2089 2217 2216
3 2089 2090 2217
3 2090 2218 2217
3 2090 2091 2218
3 2091 2219 2218
3 2091 2092 2219
3 2092 2220 2219
3 2092 2093 2220
3 2093 2221 2220
3 2093 2094 2221
3 2094 2222 2221
3 2094 2095 2222
3 2095 2223 2222
3 2095 2096 2223
3 2096 2224 2223
3 2096 2097 2224
3 2097 2225 2224
3 2097 2098 2225
3 2098 2226 2225
3 2098 2099 2226
3 2099 2227 2226
3 2099 2100 2227
3 2100 2228 2227
3 2100 2101 2228
3 2101 2229 2228
3 2101 2102 2229
3 2102 2230 2229
3 2102 2103 2230
3 2103 2231 2230
3 2103 2104 2231
3 2104 2232 2231
3 2104 2105 2232
3 2105 2233 2232
3 2105 2106 2233
3 2106 2234 2233
3 2106 2107 2234
3 2107 2235 2234
3 2107 2108 2235
3 2108 2236 2235
3 2108 2109 2236
3 2109 2237 2236
3 2109 2110 2237
3 2110 2238 2237
3 2110 2111 2238
3 2111 2239 2238
3 2111 2112 2239
3 2112 2240 2239
3 2112 2113 2240
3 2113 2241 2240
3 2113 2114 2241
3 2114 2242 2241
3 2114 2115 2242
3 2115 2243 2242
3 2115 2116 2243
3 2116 2244 2243
3 2116 2117 2244
3 2117 2245 2244
3 2117 2118 2245
3 2118 2246 2245
3 2118 2119 2246
3 2119 2247 2246
3 2119 2120 2247
3 2120 2248 2247
3 2120 2121 2248
3 2121 2249 2248
3 2121 2122 2249
3 2122 2250 2249
3 2122 2123 2250
3 2123 2251 2250
3 2123 2124 2251
3 2124 2252 2251
3 2124 2125 2252
3 2125 2253 2252
3 2125 2126 2253
3 2126 2254 2253
3 2126 2127 2254
3 2127 2255 2254
3 2127 2128 2255
3 2128 2256 2255
3 2128 2129 2256
3 2129 2257 2256
3 2129 2130 2257
3 2130 2258 2257
3 2130 2131 2258
3 2131 2259 2258
3 2131 2132 2259
3 2132 2260 2259
3 2132 2133 2260
3 2133 2261 2260
3 2133 2134 2261
3 2134 2262 2261
3 2134 2135 2262
3 2135 2263 2262
3 2135 2136 2263
3 2136 2264 2263
3 2136 2137 2264
3 2137 2265 2264
3 2137 2138 2265
3 2138 2266 2265
3 2138 2139 2266
3 2139 2267 2266
3 2139 2140 2267
3 2140 2268 2267
3 2140 2141 2268
3 2141 2269 2268
3 2141 2142 2269
3 2142 2270 2269
3 2142 2143 2270
3 2143 2271 2270
3 2143 2144 2271
3 2144 2272 2271
3 2144 2145 2272
3 2145 2273 2272
3 2145 2146 2273
3 2146 2274 2273
3 2146 2147 2274
3 2147 2275 2274
3 2147 2148 2275
3 2148 2276 2275
3 2148 2149 2276
3 2149 2277 2276
3 2149 2150 2277
3 2150 2278 2277
3 2150 2151 2278
3 2151 2279 2278
3 2151 2152 2279
3 2152 2280 2279
3 2152 2153 2280
3 2153 2281 2280
3 2153 2154 2281
3 2154 2282 2281
3 2154 2155 2282
3 2155 2283 2282
3 2155 2156 2283
3 2156 2284 2283
3 2156 2157 2284
3 2157 2285 2284
3 2157 2158 2285
3 2158 2286 2285
3 2158 2159 2286
3 2159 2287 2286
3 2159 2160 2287
3 2160 2288 2287
3 2160 2161 2288
3 2161 2289 2288
3 2161 2162 2289
3 2162 2290 2289
3 2162 2163 2290
3 2163 2291 2290
3 2163 2164 2291
3 2164 2292 2291
3 2164 2165 2292
3 2165 2293 2292
3 2165 2166 2293
3 2166 2294 2293
3 2166 2167 2294
3 2167 2295 2294
3 2167 2168 2295
3 2168 2296 2295
3 2168 2169 2296
3 2169 2297 2296
3 2169 2170 2297
3 2170 2298 2297
3 2170 2171 2298
3 2171 2299 2298
3 2171 2172 2299
3 2172 2300 2299
3 2172 2173 2300
3 2173 2301 2300
3 2173 2174 2301
3 2174 2302 2301
3 2174 2175 2302
3 2175 2303 2302
3 2175 2176 2303
3 2176 2304 2303
3 2176 2177 2304
3 2177 2305 2304
3 2177 2050 2305
3 2050 2178 2305
3 2178 2179 2306
3 2179 2307 2306
3 2179 2180 2307
3 2180 2308 2307
3 2180 2181 2308
3 2181 2309 2308
3 2181 2182 2309
3 2182 2310 2309
3 2182 2183 2310
3 2183 2311 2310
3 2183 2184 2311
3 2184 2312 2311
3 2184 2185 2312
3 2185 2313 2312
3 2185 2186 2313
3 2186 2314 2313
3 2186 2187 2314
3 2187 2315 2314
3 2187 2188 2315
3 2188 2316 2315
3 2188 2189 2316
3 2189 2317 2316
3 2189 2190 2317
3 2190 2318 2317
3 2190 2191 2318
3 2191 2319 2318
3 2191 2192 2319
3 2192 2320 2319
3 2192 2193 2320
3 2193 2321 2320
3 2193 2194 2321
3 2194 2322 2321
3 2194 2195 2322
3 2195 2323 2322
3 2195 2196 2323
3 2196 2324 2323
3 2196 2197 2324
3 2197 2325 2324
3 2197 2198 2325
3 2198 2326 2325
3 2198 2199 2326
3 2199 2327 2326
3 2199 2200 2327
3 2200 2328 2327
3 2200 2201 2328
3 2201 2329 2328
3 2201 2202 2329
3 2202 2330 2329
3 2202 2203 2330
3 2203 2331 2330
3 2203 2204 2331
3 2204 2332 2331
3 2204 2205 2332
3 2205 2333 2332
3 2205 2206 2333
3 2206 2334 2333
3 2206 2207 2334
3 2207 2335 2334
3 2207 2208 2335
3 2208 2336 2335
3 2208 2209 2336
3 2209 2337 2336
3 2209 2210 2337
3 2210 2338 2337
3 2210 2211 2338
3 2211 2339 2338
3 2211 2212 2339
3 2212 2340 2339
3 2212 2213 2340
3 2213 2341 2340
3 2213 2214 2341
3 2214 2342 2341
3 2214 2215 2342
3 2215 2343 2342
3 2215 2216 2343
3 2216 2344 2343
3 2216 2217 2344
3 2217 2345 2344
3 2217 2218 2345
3 2218 2346 2345
3 2218 2219 2346
3 2219 2347 2346
3 2219 2220 2347
3 2220 2348 2347
3 2220 2221 2348
3 2221 2349 2348
3 2221 2222 2349
3 2222 2350 2349
3 2222 2223 2350
3 2223 2351 2350
3 2223 2224 2351
3 2224 2352 2351
3 2224 2225 2352
3 2225 2353 2352
3 2225 2226 2353
3 2226 2354 2353
3 2226 2227 2354
3 2227 2355 2354
3 2227 2228 2355
3 2228 2356 2355
3 2228 2229 2356
3 2229 2357 2356
3 2229 2230 2357
3 2230 2358 2357
3 2230 2231 2358
3 2231 2359 2358
3 2231 2232 2359
3 2232 2360 2359
3 2232 2233 2360
3 2233 2361 2360
3 2233 2234 2361
3 2234 2362 2361
3 2234 2235 2362
3 2235 2363 2362
3 2235 2236 2363
3 2236 2364 2363
3 2236 2237 2364
3 2237 2365 2364
3 2237 2238 2365
3 2238 2366 2365
3 2238 2239 2366
3 2239 2367 2366
3 2239 2240 2367
3 2240 2368 2367
3 2240 2241 2368
3 2241 2369 2368
3 2241 2242 2369
3 2242 2370 2369
3 2242 2243 2370
3 2243 2371 2370
3 2243 2244 2371
3 2244 2372 2371
3 2244 2245 2372
3 2245 2373 2372
3 2245 2246 2373
3 2246 2374 2373
3 2246 2247 2374
3 2247 2375 2374
3 2247 2248 2375
3 2248 2376 2375
3 2248 2249 2376
3 2249 2377 2376
3 2249 2250 2377
3 2250 2378 2377
3 2250 2251 2378
3 2251 2379 2378
3 2251 2252 2379
3 2252 2380 2379
3 2252 2253 2380
3 2253 2381 2380
3 2253 2254 2381
3 2254 2382 2381
3 2254 2255 2382
3 2255 2383 2382
3 2255 2256 2383
3 2256 2384 2383
3 2256 2257 2384
3 2257 2385 2384
3 2257 2258 2385
3 2258 2386 2385
3 2258 2259 2386
3 2259 2387 2386
3 2259 2260 2387
3 2260 2388 2387
3 2260 2261 2388
3 2261 2389 2388
3 2261 2262 2389
3 2262 2390 2389
3 2262 2263 2390
3 2263 2391 2390
3 2263 2264 2391
3 2264 2392 2391
3 2264 2265 2392
3 2265 2393 2392
3 2265 2266 2393
3 2266 2394 2393
3 2266 2267 2394
3 2267 2395 2394
3 2267 2268 2395
3 2268 2396 2395
3 2268 2269 2396
3 2269 2397 2396
3 2269 2270 2397
3 2270 2398 2397
3 2270 2271 2398
3 2271 2399 2398
3 2271 2272 2399
3 2272 2400 2399
3 2272 2273 2400
3 2273 2401 2400
3 2273 2274 2401
3 2274 2402 2401
3 2274 2275 2402
3 2275 2403 2402
3 2275 2276 2403
3 2276 2404 2403
3 2276 2277 2404
3 2277 2405 2404
3 2277 2278 2405
3 2278 2406 2405
3 2278 2279 2406
3 2279 2407 2406
3 2279 2280 2407
3 2280 2408 2407
3 2280 2281 2408
3 2281 2409 2408
3 2281 2282 2409
3 2282 2410 2409
3 2282 2283 2410
3 2283 2411 2410
3 2283 2284 2411
3 2284 2412 2411
3 2284 2285 2412
3 2285 2413 2412
3 2285 2286 2413
3 2286 2414 2413
3 2286 2287 2414
3 2287 2415 2414
3 2287 2288 2415
3 2288 2416 2415
3 2288 2289 2416
3 2289 2417 2416
3 2289 2290 2417
3 2290 2418 2417
3 2290 2291 2418
3 2291 2419 2418
3 2291 2292 2419
3 2292 2420 2419
3 2292 2293 2420
3 2293 2421 2420
3 2293 2294 2421
3 2294 2422 2421
3 2294 2295 2422
3 2295 2423 2422
3 2295 2296 2423
3 2296 2424 2423
3 2296 2297 2424
3 2297 2425 2424
3 2297 2298 2425
3 2298 2426 2425
3 2298 2299 2426
3 2299 2427 2426
3 2299 2300 2427
3 2300 2428 2427
3 2300 2301 2428
3 2301 2429 2428
3 2301 2302 2429
3 2302 2430 2429
3 2302 2303 2430
3 2303 2431 2430
3 2303 2304 2431
3 2304 2432 2431
3 2304 2305 2432
3 2305 2433 2432
3 2305 2178 2433
3 2178 2306 2433
3 2306 2307 2434
3 2307 2435 2434
3 2307 2308 2435
3 2308 2436 2435
3 2308 2309 2436
3 2309 2437 2436
3 2309 2310 2437
3 2310 2438 2437
3 2310 2311 2438
3 2311 2439 2438
3 2311 2312 2439
3 2312 2440 2439
3 2312 2313 2440
3 2313 2441 2440
3 2313 2314 2441
3 2314 2442 2441
3 2314 2315 2442
3 2315 2443 2442
3 2315 2316 2443
3 2316 2444 2443
3 2316 2317 2444
3 2317 2445 2444
3 2317 2318 2445
3 2318 2446 2445
3 2318 2319 2446
3 2319 2447 2446
3 2319 2320 2447
3 2320 2448 2447
3 2320 2321 2448
3 2321 2449 2448
3 2321 2322 2449
3 2322 2450 2449
3 2322 2323 2450
3 2323 2451 2450
3 2323 2324 2451
3 2324 2452 2451
3 2324 2325 2452
3 2325 2453 2452
3 2325 2326 2453
3 2326 2454 2453
3 2326 2327 2454
3 2327 2455 2454
3 2327 2328 2455
3 2328 2456 2455
3 2328 2329 2456
3 2329 2457 2456
3 2329 2330 2457
3 2330 2458 2457
3 2330 2331 2458
3 2331 2459 2458
3 2331 2332 2459
3 2332 2460 2459
3 2332 2333 2460
3 2333 2461 2460
3 2333 2334 2461
3 2334 2462 2461
3 2334 2335 2462
3 2335 2463 2462
3 2335 2336 2463
3 2336 2464 2463
3 2336 2337 2464
3 2337 2465 2464
3 2337 2338 2465
3 2338 2466 2465
3 2338 2339 2466
3 2339 2467 2466
3 2339 2340 2467
3 2340 2468 2467
3 2340 2341 2468
3 2341 2469 2468
3 2341 2342 2469
3 2342 2470 2469
3 2342 2343 2470
3 2343 2471 2470
3 2343 2344 2471
3 2344 2472 2471
3 2344 2345 2472
3 2345 2473 2472
3 2345 2346 2473
3 2346 2474 2473
3 2346 2347 2474
3 2347 2475 2474
3 2347 2348 2475
3 2348 2476 2475
3 2348 2349 2476
3 2349 2477 2476
3 2349 2350 2477
3 2350 2478 2477
3 2350 2351 2478
3 2351 2479 2478
3 2351 2352 2479
3 2352 2480 2479
3 2352 2353 2480
3 2353 2481 2480
3 2353 2354 2481
3 2354 2482 2481
3 2354 2355 2482
3 2355 2483 2482
3 2355 2356 2483
3 2356 2484 2483
3 2356 2357 2484
3 2357 2485 2484
3 2357 2358 2485
3 2358 2486 2485
3 2358 2359 2486
3 2359 2487 2486
3 2359 2360 2487
3 2360 2488 2487
3 2360 2361 2488
3 2361 2489 2488
3 2361 2362 2489
3 2362 2490 2489
3 2362 2363 2490
3 2363 2491 2490
3 2363 2364 2491
3 2364 2492 2491
3 2364 2365 2492
3 2365 2493 2492
3 2365 2366 2493
3 2366 2494 2493
3 2366 2367 2494
3 2367 2495 2494
3 2367 2368 2495
3 2368 2496 2495
3 2368 2369 2496
3 2369 2497 2496
3 2369 2370 2497
3 2370 2498 2497
3 2370 2371 2498
3 2371 2499 2498
3 2371 2372 2499
3 2372 2500 2499
3 2372 2373 2500
3 2373 2501 2500
3 2373 2374 2501
3 2374 2502 2501
3 2374 2375 2502
3 2375 2503 2502
3 2375 2376 2503
3 2376 2504 2503
3 2376 2377 2504
3 2377 2505 2504
3 2377 2378 2505
3 2378 2506 2505
3 2378 2379 2506
3 2379 2507 2506
3 2379 2380 2507
3 2380 2508 2507
3 2380 2381 2508
3 2381 2509 2508
3 2381 2382 2509
3 2382 2510 2509
3 2382 2383 2510
3 2383 2511 2510
3 2383 2384 2511
3 2384 2512 2511
3 2384 2385 2512
3 2385 2513 2512
3 2385 2386 2513
3 2386 2514 2513
3 2386 2387 2514
3 2387 2515 2514
3 2387 2388 2515
3 2388 2516 2515
3 2388 2389 2516
3 2389 2517 2516
3 2389 2390 2517
3 2390 2518 2517
3 2390 2391 2518
3 2391 2519 2518
3 2391 2392 2519
3 2392 2520 2519
3 2392 2393 2520
3 2393 2521 2520
3 2393 2394 2521
3 2394 2522 2521
3 2394 2395 2522
3 2395 2523 2522
3 2395 2396 2523
3 2396 2524 2523
3 2396 2397 2524
3 2397 2525 2524
3 2397 2398 2525
3 2398 2526 2525
3 2398 2399 2526
3 2399 2527 2526
3 2399 2400 2527
3 2400 2528 2527
3 2400 2401 2528
3 2401 2529 2528
3 2401 2402 2529
3 2402 2530 2529
3 2402 2403 2530
3 2403 2531 2530
3 2403 2404 2531
3 2404 2532 2531
3 2404 2405 2532
3 2405 2533 2532
3 2405 2406 2533
3 2406 2534 2533
3 2406 2407 2534
3 2407 2535 2534
3 2407 2408 2535
3 2408 2536 2535
3 2408 2409 2536
3 2409 2537 2536
3 2409 2410 2537
3 2410 2538 2537
3 2410 2411 2538
3 2411 2539 2538
3 2411 2412 2539
3 2412 2540 2539
3 2412 2413 2540
3 2413 2541 2540
3 2413 2414 2541
3 2414 2542 2541
3 2414 2415 2542
3 2415 2543 2542
3 2415 2416 2543
3 2416 2544 2543
3 2416 2417 2544
3 2417 2545 2544
3 2417 2418 2545
3 2418 2546 2545
3 2418 2419 2546
3 2419 2547 2546
3 2419 2420 2547
3 2420 2548 2547
3 2420 2421 2548
3 2421 2549 2548
3 2421 2422 2549
3 2422 2550 2549
3 2422 2423 2550
3 2423 2551 2550
3 2423 2424 2551
3 2424 2552 2551
3 2424 2425 2552
3 2425 2553 2552
3 2425 2426 2553
3 2426 2554 2553
3 2426 2427 2554
3 2427 2555 2554
3 2427 2428 2555
3 2428 2556 2555
3 2428 2429 2556
3 2429 2557 2556
3 2429 2430 2557
3 2430 2558 2557
3 2430 2431 2558
3 2431 2559 2558
3 2431 2432 2559
3 2432 2560 2559
3 2432 2433 2560
3 2433 2561 2560
3 2433 2306 2561
3 2306 2434 2561
3 2434 2435 2562
3 2435 2563 2562
3 2435 2436 2563
3 2436 2564 2563
3 2436 2437 2564
3 2437 2565 2564
3 2437 2438 2565
3 2438 2566 2565
3 2438 2439 2566
3 2439 2567 2566
3 2439 2440 2567
3 2440 2568 2567
3 2440 2441 2568
3 2441 2569 2568
3 2441 2442 2569
3 2442 2570 2569
3 2442 2443 2570
3 2443 2571 2570
3 2443 2444 2571
3 2444 2572 2571
3 2444 2445 2572
3 2445 2573 2572
3 2445 2446 2573
3 2446 2574 2573
3 2446 2447 2574
3 2447 2575 2574
3 2447 2448 2575
3 2448 2576 2575
3 2448 2449 2576
3 2449 2577 2576
3 2449 2450 2577
3 2450 2578 2577
3 2450 2451 2578
3 2451 2579 2578
3 2451 2452 2579
3 2452 2580 2579
3 2452 2453 2580
3 2453 2581 2580
3 2453 2454 2581
3 2454 2582 2581
3 2454 2455 2582
3 2455 2583 2582
3 2455 2456 2583
3 2456 2584 2583
3 2456 2457 2584
3 2457 2585 2584
3 2457 2458 2585
3 2458 2586 2585
3 2458 2459 2586
3 2459 2587 2586
3 2459 2460 2587
3 2460 2588 2587
3 2460 2461 2588
3 2461 2589 2588
3 2461 2462 2589
3 2462 2590 2589
3 2462 2463 2590
3 2463 2591 2590
3 2463 2464 2591
3 2464 2592 2591
3 2464 2465 2592
3 2465 2593 2592
3 2465 2466 2593
3 2466 2594 2593
3 2466 2467 2594
3 2467 2595 2594
3 2467 2468 2595
3 2468 2596 2595
3 2468 2469 2596
3 2469 2597 2596
3 2469 2470 2597
3 2470 2598 2597
3 2470 2471 2598
3 2471 2599 2598
3 2471 2472 2599
3 2472 2600 2599
3 2472 2473 2600
3 2473 2601 2600
3 2473 2474 2601
3 2474 2602 2601
3 2474 2475 2602
3 2475 2603 2602
3 2475 2476 2603
3 2476 2604 2603
3 2476 2477 2604
3 2477 2605 2604
3 2477 2478 2605
3 2478 2606 2605
3 2478 2479 2606
3 2479 2607 2606
3 2479 2480 2607
3 2480 2608 2607
3 2480 2481 2608
3 2481 2609 2608
3 2481 2482 2609
3 2482 2610 2609
3 2482 2483 2610
3 2483 2611 2610
3 2483 2484 2611
3 2484 2612 2611
3 2484 2485 2612
3 2485 2613 2612
3 2485 2486 2613
3 2486 2614 2613
3 2486 2487 2614
3 2487 2615 2614
3 2487 2488 2615
3 2488 2616 2615
3 2488 2489 2616
3 2489 2617 2616
3 2489 2490 2617
3 2490 2618 2617
3 2490 2491 2618
3 2491 2619 2618
3 2491 2492 2619
3 2492 2620 2619
3 2492 2493 2620
3 2493 2621 2620
3 2493 2494 2621
3 2494 2622 2621
3 2494 2495 2622
3 2495 2623 2622
3 2495 2496 2623
3 2496 2624 2623
3 2496 2497 2624
3 2497 2625 2624
3 2497 2498 2625
3 2498 2626 2625
3 2498 2499 2626
3 2499 2627 2626
3 2499 2500 2627
3 2500 2628 2627
3 2500 2501 2628
3 2501 2629 2628
3 2501 2502 2629
3 2502 2630 2629
3 2502 2503 2630
3 2503 2631 2630
3 2503 2504 2631
3 2504 2632 2631
3 2504 2505 2632
3 2505 2633 2632
3 2505 2506 2633
3 2506 2634 2633
3 2506 2507 2634
3 2507 2635 2634
3 2507 2508 2635
3 2508 2636 2635
3 2508 2509 2636
3 2509 2637 2636
3 2509 2510 2637
3 2510 2638 2637
3 2510 2511 2638
3 2511 2639 2638
3 2511 2512 2639
3 2512 2640 2639
3 2512 2513 2640
3 2513 2641 2640
3 2513 2514 2641
3 2514 2642 2641
3 2514 2515 2642
3 2515 2643 2642
3 2515 2516 2643
3 2516 2644 2643
3 2516 2517 2644
3 2517 2645 2644
3 2517 2518 2645
3 2518 2646 2645
3 2518 2519 2646
3 2519 2647 2646
3 2519 2520 2647
3 2520 2648 2647
3 2520 2521 2648
3 2521 2649 2648
3 2521 2522 2649
3 2522 2650 2649
3 2522 2523 2650
3 2523 2651 2650
3 2523 2524 2651
3 2524 2652 2651
3 2524 2525 2652
3 2525 2653 2652
3 2525 2526 2653
3 2526 2654 2653
3 2526 2527 2654
3 2527 2655 2654
3 2527 2528 2655
3 2528 2656 2655
3 2528 2529 2656
3 2529 2657 2656
3 2529 2530 2657
3 2530 2658 2657
3 2530 2531 2658
3 2531 2659 2658
3 2531 2532 2659
3 2532 2660 2659
3 2532 2533 2660
3 2533 2661 2660
3 2533 2534 2661
3 2534 2662 2661
3 2534 2535 2662
3 2535 2663 2662
3 2535 2536 2663
3 2536 2664 2663
3 2536 2537 2664
3 2537 2665 2664
3 2537 2538 2665
3 2538 2666 2665
3 2538 2539 2666
3 2539 2667 2666
3 2539 2540 2667
3 2540 2668 2667
3 2540 2541 2668
3 2541 2669 2668
3 2541 2542 2669
3 2542 2670 2669
3 2542 2543 2670
3 2543 2671 2670
3 2543 2544 2671
3 2544 2672 2671
3 2544 2545 2672
3 2545 2673 2672
3 2545 2546 2673
3 2546 2674 2673
3 2546 2547 2674
3 2547 2675 2674
3 2547 2548 2675
3 2548 2676 2675
3 2548 2549 2676
3 2549 2677 2676
3 2549 2550 2677
3 2550 2678 2677
3 2550 2551 2678
3 2551 2679 2678
3 2551 2552 2679
3 2552 2680 2679
3 2552 2553 2680
3 2553 2681 2680
3 2553 2554 2681
3 2554 2682 2681
3 2554 2555 2682
3 2555 2683 2682
3 2555 2556 2683
3 2556 2684 2683
3 2556 2557 2684
3 2557 2685 2684
3 2557 2558 2685
3 2558 2686 2685
3 2558 2559 2686
3 2559 2687 2686
3 2559 2560 2687
3 2560 2688 2687
3 2560 2561 2688
3 2561 2689 2688
3 2561 2434 2689
3 2434 2562 2689
3 2562 2563 2690
3 2563 2691 2690
3 2563 2564 2691
3 2564 2692 2691
3 2564 2565 2692
3 2565 2693 2692
3 2565 2566 2693
3 2566 2694 2693
3 2566 2567 2694
3 2567 2695 2694
3 2567 2568 2695
3 2568 2696 2695
3 2568 2569 2696
3 2569 2697 2696
3 2569 2570 2697
3 2570 2698 2697
3 2570 2571 2698
3 2571 2699 2698
3 2571 2572 2699
3 2572 2700 2699
3 2572 2573 2700
3 2573 2701 2700
3 2573 2574 2701
3 2574 2702 2701
3 2574 2575 2702
3 2575 2703 2702
3 2575 2576 2703
3 2576 2704 2703
3 2576 2577 2704
3 2577 2705 2704
3 2577 2578 2705
3 2578 2706 2705
3 2578 2579 2706
3 2579 2707 2706
3 2579 2580 2707
3 2580 2708 2707
3 2580 2581 2708
3 2581 2709 2708
3 2581 2582 2709
3 2582 2710 2709
3 2582 2583 2710
3 2583 2711 2710
3 2583 2584 2711
3 2584 2712 2711
3 2584 2585 2712
3 2585 2713 2712
3 2585 2586 2713
3 2586 2714 2713
3 2586 2587 2714
3 2587 2715 2714
3 2587 2588 2715
3 2588 2716 2715
3 2588 2589 2716
3 2589 2717 2716
3 2589 2590 2717
3 2590 2718 2717
3 2590 2591 2718
3 2591 2719 2718
3 2591 2592 2719
3 2592 2720 2719
3 2592 2593 2720
3 2593 2721 2720
3 2593 2594 2721
3 2594 2722 2721
3 2594 2595 2722
3 2595 2723 2722
3 2595 2596 2723
3 2596 2724 2723
3 2596 2597 2724
3 2597 2725 2724
3 2597 2598 2725
3 2598 2726 2725
3 2598 2599 2726
3 2599 2727 2726
3 2599 2600 2727
3 2600 2728 2727
3 2600 2601 2728
3 2601 2729 2728
3 2601 2602 2729
3 2602 2730 2729
3 2602 2603 2730
3 2603 2731 2730
3 2603 2604 2731
3 2604 2732 2731
3 2604 2605 2732
3 2605 2733 2732
3 2605 2606 2733
3 2606 2734 2733
3 2606 2607 2734
3 2607 2735 2734
3 2607 2608 2735
3 2608 2736 2735
3 2608 2609 2736
3 2609 2737 2736
3 2609 2610 2737
3 2610 2738 2737
3 2610 2611 2738
3 2611 2739 2738
3 2611 2612 2739
3 2612 2740 2739
3 2612 2613 2740
3 2613 2741 2740
3 2613 2614 2741
3 2614 2742 2741
3 2614 2615 2742
3 2615 2743 2742
3 2615 2616 2743
3 2616 2744 2743
3 2616 2617 2744
3 2617 2745 2744
3 2617 2618 2745
3 2618 2746 2745
3 2618 2619 2746
3 2619 2747 2746
3 2619 2620 2747
3 2620 2748 2747
3 2620 2621 2748
3 2621 2749 2748
3 2621 2622 2749
3 2622 2750 2749
3 2622 2623 2750
3 2623 2751 2750
3 2623 2624 2751
3 2624 2752 2751
3 2624 2625 2752
3 2625 2753 2752
3 2625 2626 2753
3 2626 2754 2753
3 2626 2627 2754
3 2627 2755 2754
3 2627 2628 2755
3 2628 2756 2755
3 2628 2629 2756
3 2629 2757 2756
3 2629 2630 2757
3 2630 2758 2757
3 2630 2631 2758
3 2631 2759 2758
3 2631 2632 2759
3 2632 2760 2759
3 2632 2633 2760
3 2633 2761 2760
3 2633 2634 2761
3 2634 2762 2761
3 2634 2635 2762
3 2635 2763 2762
3 2635 2636 2763
3 2636 2764 2763
3 2636 2637 2764
3 2637 2765 2764
3 2637 2638 2765
3 2638 2766 2765
3 2638 2639 2766
3 2639 2767 2766
3 2639 2640 2767
3 2640 2768 2767
3 2640 2641 2768
3 2641 2769 2768
3 2641 2642 2769
3 2642 2770 2769
3 2642 2643 2770
3 2643 2771 2770
3 2643 2644 2771
3 2644 2772 2771
3 2644 2645 2772
3 2645 2773 2772
3 2645 2646 2773
3 2646 2774 2773
3 2646 2647 2774
3 2647 2775 2774
3 2647 2648 2775
3 2648 2776 2775
3 2648 2649 2776
3 2649 2777 2776
3 2649 2650 2777
3 2650 2778 2777
3 2650 2651 2778
3 2651 2779 2778
3 2651 2652 2779
3 2652 2780 2779
3 2652 2653 2780
3 2653 2781 2780
3 2653 2654 2781
3 2654 2782 2781
3 2654 2655 2782
3 2655 2783 2782
3 2655 2656 2783
3 2656 2784 2783
3 2656 2657 2784
3 2657 2785 2784
3 2657 2658 2785
3 2658 2786 2785
3 2658 2659 2786
3 2659 2787 2786
3 2659 2660 2787
3 2660 2788 2787
3 2660 2661 2788
3 2661 2789 2788
3 2661 2662 2789
3 2662 2790 2789
3 2662 2663 2790
3 2663 2791 2790
3 2663 2664 2791
3 2664 2792 2791
3 2664 2665 2792
3 2665 2793 2792
3 2665 2666 2793
3 2666 2794 2793
3 2666 2667 2794
3 2667 2795 2794
3 2667 2668 2795
3 2668 2796 2795
3 2668 2669 2796
3 2669 2797 2796
3 2669 2670 2797
3 2670 2798 2797
3 2670 2671 2798
3 2671 2799 2798
3 2671 2672 2799
3 2672 2800 2799
3 2672 2673 2800
3 2673 2801 2800
3 2673 2674 2801
3 2674 2802 2801
3 2674 2675 2802
3 2675 2803 2802
3 2675 2676 2803
3 2676 2804 2803
3 2676 2677 2804
3 2677 2805 2804
3 2677 2678 2805
3 2678 2806 2805
3 2678 2679 2806
3 2679 2807 2806
3 2679 2680 2807
3 2680 2808 2807
3 2680 2681 2808
3 2681 2809 2808
3 2681 2682 2809
3 2682 2810 2809
3 2682 2683 2810
3 2683 2811 2810
3 2683 2684 2811
3 2684 2812 2811
3 2684 2685 2812
3 2685 2813 2812
3 2685 2686 2813
3 2686 2814 2813
3 2686 2687 2814
3 2687 2815 2814
3 2687 2688 2815
3 2688 2816 2815
3 2688 2689 2816
3 2689 2817 2816
3 2689 2562 2817
3 2562 2690 2817
3 2690 2691 2818
3 2691 2819 2818
3 2691 2692 2819
3 2692 2820 2819
3 2692 2693 2820
3 2693 2821 2820
3 2693 2694 2821
3 2694 2822 2821
3 2694 2695 2822
3 2695 2823 2822
3 2695 2696 2823
3 2696 2824 2823
3 2696 2697 2824
3 2697 2825 2824
3 2697 2698 2825
3 2698 2826 2825
3 2698 2699 2826
3 2699 2827 2826
3 2699 2700 2827
3 2700 2828 2827
3 2700 2701 2828
3 2701 2829 2828
3 2701 2702 2829
3 2702 2830 2829
3 2702 2703 2830
3 2703 2831 2830
3 2703 2704 2831
3 2704 2832 2831
3 2704 2705 2832
3 2705 2833 2832
3 2705 2706 2833
3 2706 2834 2833
3 2706 2707 2834
3 2707 2835 2834
3 2707 2708 2835
3 2708 2836 2835
3 2708 2709 2836
3 2709 2837 2836
3 2709 2710 2837
3 2710 2838 2837
3 2710 2711 2838
3 2711 2839 2838
3 2711 2712 2839
3 2712 2840 2839
3 2712 2713 2840
3 2713 2841 2840
3 2713 2714 2841
3 2714 2842 2841
3 2714 2715 2842
3 2715 2843 2842
3 2715 2716 2843
3 2716 2844 2843
3 2716 2717 2844
3 2717 2845 2844
3 2717 2718 2845
3 2718 2846 2845
3 2718 2719 2846
3 2719 2847 2846
3 2719 2720 2847
3 2720 2848 2847
3 2720 2721 2848
3 2721 2849 2848
3 2721 2722 2849
3 2722 2850 2849
3 2722 2723 2850
3 2723 2851 2850
3 2723 2724 2851
3 2724 2852 2851
3 2724 2725 2852
3 2725 2853 2852
3 2725 2726 2853
3 2726 2854 2853
3 2726 2727 2854
3 2727 2855 2854
3 2727 2728 2855
3 2728 2856 2855
3 2728 2729 2856
3 2729 2857 2856
3 2729 2730 2857
3 2730 2858 2857
3 2730 2731 2858
3 2731 2859 2858
3 2731 2732 2859
3 2732 2860 2859
3 2732 2733 2860
3 2733 2861 2860
3 2733 2734 2861
3 2734 2862 2861
3 2734 2735 2862
3 2735 2863 2862
3 2735 2736 2863
3 2736 2864 2863
3 2736 2737 2864
3 2737 2865 2864
3 2737 2738 2865
3 2738 2866 2865
3 2738 2739 2866
3 2739 2867 2866
3 2739 2740 2867
3 2740 2868 2867
3 2740 2741 2868
3 2741 2869 2868
3 2741 2742 2869
3 2742 2870 2869
3 2742 2743 2870
3 2743 2871 2870
3 2743 2744 2871
3 2744 2872 2871
3 2744 2745 2872
3 2745 2873 2872
3 2745 2746 2873
3 2746 2874 2873
3 2746 2747 2874
3 2747 2875 2874
3 2747 2748 2875
3 2748 2876 2875
3 2748 2749 2876
3 2749 2877 2876
3 2749 2750 2877
3 2750 2878 2877
3 2750 2751 2878
3 2751 2879 2878
3 2751 2752 2879
3 2752 2880 2879
3 2752 2753 2880
3 2753 2881 2880
3 2753 2754 2881
3 2754 2882 2881
3 2754 2755 2882
3 2755 2883 2882
3 2755 2756 2883
3 2756 2884 2883
3 2756 2757 2884
3 2757 2885 2884
3 2757 2758 2885
3 2758 2886 2885
3 2758 2759 2886
3 2759 2887 2886
3 2759 2760 2887
3 2760 2888 2887
3 2760 2761 2888
3 2761 2889 2888
3 2761 2762 2889
3 2762 2890 2889
3 2762 2763 2890
3 2763 2891 2890
3 2763 2764 2891
3 2764 2892 2891
3 2764 2765 2892
3 2765 2893 2892
3 2765 2766 2893
3 2766 2894 2893
3 2766 2767 2894
3 2767 2895 2894
3 2767 2768 2895
3 2768 2896 2895
3 2768 2769 2896
3 2769 2897 2896
3 2769 2770 2897
3 2770 2898 2897
3 2770 2771 2898
3 2771 2899 2898
3 2771 2772 2899
3 2772 2900 2899
3 2772 2773 2900
3 2773 2901 2900
3 2773 2774 2901
3 2774 2902 2901
3 2774 2775 2902
3 2775 2903 2902
3 2775 2776 2903
3 2776 2904 2903
3 2776 2777 2904
3 2777 2905 2904
3 2777 2778 2905
3 2778 2906 2905
3 2778 2779 2906
3 2779 2907 2906
3 2779 2780 2907
3 2780 2908 2907
3 2780 2781 2908
3 2781 2909 2908
3 2781 2782 2909
3 2782 2910 2909
3 2782 2783 2910
3 2783 2911 2910
3 2783 2784 2911
3 2784 2912 2911
3 2784 2785 2912
3 2785 2913 2912
3 2785 2786 2913
3 2786 2914 2913
3 2786 2787 2914
3 2787 2915 2914
3 2787 2788 2915
3 2788 2916 2915
3 2788 2789 2916
3 2789 2917 2916
3 2789 2790 2917
3 2790 2918 2917
3 2790 2791 2918
3 2791 2919 2918
3 2791 2792 2919
3 2792 2920 2919
3 2792 2793 2920
3 2793 2921 2920
3 2793 2794 2921
3 2794 2922 2921
3 2794 2795 2922
3 2795 2923 2922
3 2795 2796 2923
3 2796 2924 2923
3 2796 2797 2924
3 2797 2925 2924
3 2797 2798 2925
3 2798 2926 2925
3 2798 2799 2926
3 2799 2927 2926
3 2799 2800 2927
3 2800 2928 2927
3 2800 2801 2928
3 2801 2929 2928
3 2801 2802 2929
3 2802 2930 2929
3 2802 2803 2930
3 2803 2931 2930
3 2803 2804 2931
3 2804 2932 2931
3 2804 2805 2932
3 2805 2933 2932
3 2805 2806 2933
3 2806 2934 2933
3 2806 2807 2934
3 2807 2935 2934
3 2807 2808 2935
3 2808 2936 2935
3 2808 2809 2936
3 2809 2937 2936
3 2809 2810 2937
3 2810 2938 2937
3 2810 2811 2938
3 2811 2939 2938
3 2811 2812 2939
3 2812 2940 2939
3 2812 2813 2940
3 2813 2941 2940
3 2813 2814 2941
3 2814 2942 2941
3 2814 2815 2942
3 2815 2943 2942
3 2815 2816 2943
3 2816 2944 2943
3 2816 2817 2944
3 2817 2945 2944
3 2817 2690 2945
3 2690 2818 2945
3 2818 2819 2946
3 2819 2947 2946
3 2819 2820 2947
3 2820 2948 2947
3 2820 2821 2948
3 2821 2949 2948
3 2821 2822 2949
3 2822 2950 2949
3 2822 2823 2950
3 2823 2951 2950
3 2823 2824 2951
3 2824 2952 2951
3 2824 2825 2952
3 2825 2953 2952
3 2825 2826 2953
3 2826 2954 2953
3 2826 2827 2954
3 2827 2955 2954
3 2827 2828 2955
3 2828 2956 2955
3 2828 2829 2956
3 2829 2957 2956
3 2829 2830 2957
3 2830 2958 2957
3 2830 2831 2958
3 2831 2959 2958
3 2831 2832 2959
3 2832 2960 2959
3 2832 2833 2960
3 2833 2961 2960
3 2833 2834 2961
3 2834 2962 2961
3 2834 2835 2962
3 2835 2963 2962
3 2835 2836 2963
3 2836 2964 2963
3 2836 2837 2964
3 2837 2965 2964
3 2837 2838 2965
3 2838 2966 2965
3 2838 2839 2966
3 2839 2967 2966
3 2839 2840 2967
3 2840 2968 2967
3 2840 2841 2968
3 2841 2969 2968
3 2841 2842 2969
3 2842 2970 2969
3 2842 2843 2970
3 2843 2971 2970
3 2843 2844 2971
3 2844 2972 2971
3 2844 2845 2972
3 2845 2973 2972
3 2845 2846 2973
3 2846 2974 2973
3 2846 2847 2974
3 2847 2975 2974
3 2847 2848 2975
3 2848 2976 2975
3 2848 2849 2976
3 2849 2977 2976
3 2849 2850 2977
3 2850 2978 2977
3 2850 2851 2978
3 2851 2979 2978
3 2851 2852 2979
3 2852 2980 2979
3 2852 2853 2980
3 2853 2981 2980
3 2853 2854 2981
3 2854 2982 2981
3 2854 2855 2982
3 2855 2983 2982
3 2855 2856 2983
3 2856 2984 2983
3 2856 2857 2984
3 2857 2985 2984
3 2857 2858 2985
3 2858 2986 2985
3 2858 2859 2986
3 2859 2987 2986
3 2859 2860 2987
3 2860 2988 2987
3 2860 2861 2988
3 2861 2989 2988
3 2861 2862 2989
3 2862 2990 2989
3 2862 2863 2990
3 2863 2991 2990
3 2863 2864 2991
3 2864 2992 2991
3 2864 2865 2992
3 2865 2993 2992
3 2865 2866 2993
3 2866 2994 2993
3 2866 2867 2994
3 2867 2995 2994
3 2867 2868 2995
3 2868 2996 2995
3 2868 2869 2996
3 2869 2997 2996
3 2869 2870 2997
3 2870 2998 2997
3 2870 2871 2998
3 2871 2999 2998
3 2871 2872 2999
3 2872 3000 2999
3 2872 2873 3000
3 2873 3001 3000
3 2873 2874 3001
3 2874 3002 3001
3 2874 2875 3002
3 2875 3003 3002
3 2875 2876 3003
3 2876 3004 3003
3 2876 2877 3004
3 2877 3005 3004
3 2877 2878 3005
3 2878 3006 3005
3 2878 2879 3006
3 2879 3007 3006
3 2879 2880 3007
3 2880 3008 3007
3 2880 2881 3008
3 2881 3009 3008
3 2881 2882 3009
3 2882 3010 3009
3 2882 2883 3010
3 2883 3011 3010
3 2883 2884 3011
3 2884 3012 3011
3 2884 2885 3012
3 2885 3013 3012
3 2885 2886 3013
3 2886 3014 3013
3 2886 2887 3014
3 2887 3015 3014
3 2887 2888 3015
3 2888 3016 3015
3 2888 2889 3016
3 2889 3017 3016
3 2889 2890 3017
3 2890 3018 3017
3 2890 2891 3018
3 2891 3019 3018
3 2891 2892 3019
3 2892 3020 3019
3 2892 2893 3020
3 2893 3021 3020
3 2893 2894 3021
3 2894 3022 3021
3 2894 2895 3022
3 2895 3023 3022
3 2895 2896 3023
3 2896 3024 3023
3 2896 2897 3024
3 2897 3025 3024
3 2897 2898 3025
3 2898 3026 3025
3 2898 2899 3026
3 2899 3027 3026
3 2899 2900 3027
3 2900 3028 3027
3 2900 2901 3028
3 2901 3029 3028
3 2901 2902 3029
3 2902 3030 3029
3 2902 2903 3030
3 2903 3031 3030
3 2903 2904 3031
3 2904 3032 3031
3 2904 2905 3032
3 2905 3033 3032
3 2905 2906 3033
3 2906 3034 3033
3 2906 2907 3034
3 2907 3035 3034
3 2907 2908 3035
3 2908 3036 3035
3 2908 2909 3036
3 2909 3037 3036
3 2909 2910 3037
3 2910 3038 3037
3 2910 2911 3038
3 2911 3039 3038
3 2911 2912 3039
3 2912 3040 3039
3 2912 2913 3040
3 2913 3041 3040
3 2913 2914 3041
3 2914 3042 3041
3 2914 2915 3042
3 2915 3043 3042
3 2915 2916 3043
3 2916 3044 3043
3 2916 2917 3044
3 2917 3045 3044
3 2917 2918 3045
3 2918 3046 3045
3 2918 2919 3046
3 2919 3047 3046
3 2919 2920 3047
3 2920 3048 3047
3 2920 2921 3048
3 2921 3049 3048
3 2921 2922 3049
3 2922 3050 3049
3 2922 2923 3050
3 2923 3051 3050
3 2923 2924 3051
3 2924 3052 3051
3 2924 2925 3052
3 2925 3053 3052
3 2925 2926 3053
3 2926 3054 3053
3 2926 2927 3054
3 2927 3055 3054
3 2927 2928 3055
3 2928 3056 3055
3 2928 2929 3056
3 2929 3057 3056
3 2929 2930 3057
3 2930 3058 3057
3 2930 2931 3058
3 2931 3059 3058
3 2931 2932 3059
3 2932 3060 3059
3 2932 2933 3060
3 2933 3061 3060
3 2933 2934 3061
3 2934 3062 3061
3 2934 2935 3062
3 2935 3063 3062
3 2935 2936 3063
3 2936 3064 3063
3 2936 2937 3064
3 2937 3065 3064
3 2937 2938 3065
3 2938 3066 3065
3 2938 2939 3066
3 2939 3067 3066
3 2939 2940 3067
3 2940 3068 3067
3 2940 2941 3068
3 2941 3069 3068
3 2941 2942 3069
3 2942 3070 3069
3 2942 2943 3070
3 2943 3071 3070
3 2943 2944 3071
3 2944 3072 3071
3 2944 2945 3072
3 2945 3073 3072
3 2945 2818 3073
3 2818 2946 3073
3 2946 2947 3074
3 2947 3075 3074
3 2947 2948 3075
3 2948 3076 3075
3 2948 2949 3076
3 2949 3077 3076
3 2949 2950 3077
3 2950 3078 3077
3 2950 2951 3078
3 2951 3079 3078
3 2951 2952 3079
3 2952 3080 3079
3 2952 2953 3080
3 2953 3081 3080
3 2953 2954 3081
3 2954 3082 3081
3 2954 2955 3082
3 2955 3083 3082
3 2955 2956 3083
3 2956 3084 3083
3 2956 2957 3084
3 2957 3085 3084
3 2957 2958 3085
3 2958 3086 3085
3 2958 2959 3086
3 2959 3087 3086
3 2959 2960 3087
3 2960 3088 3087
3 2960 2961 3088
3 2961 3089 3088
3 2961 2962 3089
3 2962 3090 3089
3 2962 2963 3090
3 2963 3091 3090
3 2963 2964 3091
3 2964 3092 3091
3 2964 2965 3092
3 2965 3093 3092
3 2965 2966 3093
3 2966 3094 3093
3 2966 2967 3094
3 2967 3095 3094
3 2967 2968 3095
3 2968 3096 3095
3 2968 2969 3096
3 2969 3097 3096
3 2969 2970 3097
3 2970 3098 3097
3 2970 2971 3098
3 2971 3099 3098
3 2971 2972 3099
3 2972 3100 3099
3 2972 2973 3100
3 2973 3101 3100
3 2973 2974 3101
3 2974 3102 3101
3 2974 2975 3102
3 2975 3103 3102
3 2975 2976 3103
3 2976 3104 3103
3 2976 2977 3104
3 2977 3105 3104
3 2977 2978 3105
3 2978 3106 3105
3 2978 2979 3106
3 2979 3107 3106
3 2979 2980 3107
3 2980 3108 3107
3 2980 2981 3108
3 2981 3109 3108
3 2981 2982 3109
3 2982 3110 3109
3 2982 2983 3110
3 2983 3111 3110
3 2983 2984 3111
3 2984 3112 3111
3 2984 2985 3112
3 2985 3113 3112
3 2985 2986 3113
3 2986 3114 3113
3 2986 2987 3114
3 2987 3115 3114
3 2987 2988 3115
3 2988 3116 3115
3 2988 2989 3116
3 2989 3117 3116
3 2989 2990 3117
3 2990 3118 3117
3 2990 2991 3118
3 2991 3119 3118
3 2991 2992 3119
3 2992 3120 3119
3 2992 2993 3120
3 2993 3121 3120
3 2993 2994 3121
3 2994 3122 3121
3 2994 2995 3122
3 2995 3123 3122
3 2995 2996 3123
3 2996 3124 3123
3 2996 2997 3124
3 2997 3125 3124
3 2997 2998 3125
3 2998 3126 3125
3 2998 2999 3126
3 2999 3127 3126
3 2999 3000 3127
3 3000 3128 3127
3 3000 3001 3128
3 3001 3129 3128
3 3001 3002 3129
3 3002 3130 3129
3 3002 3003 3130
3 3003 3131 3130
3 3003 3004 3131
3 3004 3132 3131
3 3004 3005 3132
3 3005 3133 3132
3 3005 3006 3133
3 3006 3134 3133
3 3006 3007 3134
3 3007 3135 3134
3 3007 3008 3135
3 3008 3136 3135
3 3008 3009 3136
3 3009 3137 3136
3 3009 3010 3137
3 3010 3138 3137
3 3010 3011 3138
3 3011 3139 3138
3 3011 3012 3139
3 3012 3140 3139
3 3012 3013 3140
3 3013 3141 3140
3 3013 3014 3141
3 3014 3142 3141
3 3014 3015 3142
3 3015 3143 3142
3 3015 3016 3143
3 3016 3144 3143
3 3016 3017 3144
3 3017 3145 3144
3 3017 3018 3145
3 3018 3146 3145
3 3018 3019 3146
3 3019 3147 3146
3 3019 3020 3147
3 3020 3148 3147
3 3020 3021 3148
3 3021 3149 3148
3 3021 3022 3149
3 3022 3150 3149
3 3022 3023 3150
3 3023 3151 3150
3 3023 3024 3151
3 3024 3152 3151
3 3024 3025 3152
3 3025 3153 3152
3 3025 3026 3153
3 3026 3154 3153
3 3026 3027 3154
3 3027 3155 3154
3 3027 3028 3155
3 3028 3156 3155
3 3028 3029 3156
3 3029 3157 3156
3 3029 3030 3157
3 3030 3158 3157
3 3030 3031 3158
3 3031 3159 3158
3 3031 3032 3159
3 3032 3160 3159
3 3032 3033 3160
3 3033 3161 3160
3 3033 3034 3161
3 3034 3162 3161
3 3034 3035 3162
3 3035 3163 3162
3 3035 3036 3163
3 3036 3164 3163
3 3036 3037 3164
3 3037 3165 3164
3 3037 3038 3165
3 3038 3166 3165
3 3038 3039 3166
3 3039 3167 3166
3 3039 3040 3167
3 3040 3168 3167
3 3040 3041 3168
3 3041 3169 3168
3 3041 3042 3169
3 3042 3170 3169
3 3042 3043 3170
3 3043 3171 3170
3 3043 3044 3171
3 3044 3172 3171
3 3044 3045 3172
3 3045 3173 3172
3 3045 3046 3173
3 3046 3174 3173
3 3046 3047 3174
3 3047 3175 3174
3 3047 3048 3175
3 3048 3176 3175
3 3048 3049 3176
3 3049 3177 3176
3 3049 3050 3177
3 3050 3178 3177
3 3050 3051 3178
3 3051 3179 3178
3 3051 3052 3179
3 3052 3180 3179
3 3052 3053 3180
3 3053 3181 3180
3 3053 3054 3181
3 3054 3182 3181
3 3054 3055 3182
3 3055 3183 3182
3 3055 3056 3183
3 3056 3184 3183
3 3056 3057 3184
3 3057 3185 3184
3 3057 3058 3185
3 3058 3186 3185
3 3058 3059 3186
3 3059 3187 3186
3 3059 3060 3187
3 3060 3188 3187
3 3060 3061 3188
3 3061 3189 3188
3 3061 3062 3189
3 3062 3190 3189
3 3062 3063 3190
3 3063 3191 3190
3 3063 3064 3191
3 3064 3192 3191
3 3064 3065 3192
3 3065 3193 3192
3 3065 3066 3193
3 3066 3194 3193
3 3066 3067 3194
3 3067 3195 3194
3 3067 3068 3195
3 3068 3196 3195
3 3068 3069 3196
3 3069 3197 3196
3 3069 3070 3197
3 3070 3198 3197
3 3070 3071 3198
3 3071 3199 3198
3 3071 3072 3199
3 3072 3200 3199
3 3072 3073 3200
3 3073 3201 3200
3 3073 2946 3201
3 2946 3074 3201
3 3074 3075 3202
3 3075 3203 3202
3 3075 3076 3203
3 3076 3204 3203
3 3076 3077 3204
3 3077 3205 3204
3 3077 3078 3205
3 3078 3206 3205
3 3078 3079 3206
3 3079 3207 3206
3 3079 3080 3207
3 3080 3208 3207
3 3080 3081 3208
3 3081 3209 3208
3 3081 3082 3209
3 3082 3210 3209
3 3082 3083 3210
3 3083 3211 3210
3 3083 3084 3211
3 3084 3212 3211
3 3084 3085 3212
3 3085 3213 3212
3 3085 3086 3213
3 3086 3214 3213
3 3086 3087 3214
3 3087 3215 3214
3 3087 3088 3215
3 3088 3216 3215
3 3088 3089 3216
3 3089 3217 3216
3 3089 3090 3217
3 3090 3218 3217
3 3090 3091 3218
3 3091 3219 3218
3 3091 3092 3219
3 3092 3220 3219
3 3092 3093 3220
3 3093 3221 3220
3 3093 3094 3221
3 3094 3222 3221
3 3094 3095 3222
3 3095 3223 3222
3 3095 3096 3223
3 3096 3224 3223
3 3096 3097 3224
3 3097 3225 3224
3 3097 3098 3225
3 3098 3226 3225
3 3098 3099 3226
3 3099 3227 3226
3 3099 3100 3227
3 3100 3228 3227
3 3100 3101 3228
3 3101 3229 3228
3 3101 3102 3229
3 3102 3230 3229
3 3102 3103 3230
3 3103 3231 3230
3 3103 3104 3231
3 3104 3232 3231
3 3104 3105 3232
3 3105 3233 3232
3 3105 3106 3233
3 3106 3234 3233
3 3106 3107 3234
3 3107 3235 3234
3 3107 3108 3235
3 3108 3236 3235
3 3108 3109 3236
3 3109 3237 3236
3 3109 3110 3237
3 3110 3238 3237
3 3110 3111 3238
3 3111 3239 3238
3 3111 3112 3239
3 3112 3240 3239
3 3112 3113 3240
3 3113 3241 3240
3 3113 3114 3241
3 3114 3242 3241
3 3114 3115 3242
3 3115 3243 3242
3 3115 3116 3243
3 3116 3244 3243
3 3116 3117 3244
3 3117 3245 3244
3 3117 3118 3245
3 3118 3246 3245
3 3118 3119 3246
3 3119 3247 3246
3 3119 3120 3247
3 3120 3248 3247
3 3120 3121 3248
3 3121 3249 3248
3 3121 3122 3249
3 3122 3250 3249
3 3122 3123 3250
3 3123 3251 3250
3 3123 3124 3251
3 3124 3252 3251
3 3124 3125 3252
3 3125 3253 3252
3 3125 3126 3253
3 3126 3254 3253
3 3126 3127 3254
3 3127 3255 3254
3 3127 3128 3255
3 3128 3256 3255
3 3128 3129 3256
3 3129 3257 3256
3 3129 3130 3257
3 3130 3258 3257
3 3130 3131 3258
3 3131 3259 3258
3 3131 3132 3259
3 3132 3260 3259
3 3132 3133 3260
3 3133 3261 3260
3 3133 3134 3261
3 3134 3262 3261
3 3134 3135 3262
3 3135 3263 3262
3 3135 3136 3263
3 3136 3264 3263
3 3136 3137 3264
3 3137 3265 3264
3 3137 3138 3265
3 3138 3266 3265
3 3138 3139 3266
3 3139 3267 3266
3 3139 3140 3267
3 3140 3268 3267
3 3140 3141 3268
3 3141 3269 3268
3 3141 3142 3269
3 3142 3270 3269
3 3142 3143 3270
3 3143 3271 3270
3 3143 3144 3271
3 3144 3272 3271
3 3144 3145 3272
3 3145 3273 3272
3 3145 3146 3273
3 3146 3274 3273
3 3146 3147 3274
3 3147 3275 3274
3 3147 3148 3275
3 3148 3276 3275
3 3148 3149 3276
3 3149 3277 3276
3 3149 3150 3277
3 3150 3278 3277
3 3150 3151 3278
3 3151 3279 3278
3 3151 3152 3279
3 3152 3280 3279
3 3152 3153 3280
3 3153 3281 3280
3 3153 3154 3281
3 3154 3282 3281
3 3154 3155 3282
3 3155 3283 3282
3 3155 3156 3283
3 3156 3284 3283
3 3156 3157 3284
3 3157 3285 3284
3 3157 3158 3285
3 3158 3286 3285
3 3158 3159 3286
3 3159 3287 3286
3 3159 3160 3287
3 3160 3288 3287
3 3160 3161 3288
3 3161 3289 3288
3 3161 3162 3289
3 3162 3290 3289
3 3162 3163 3290
3 3163 3291 3290
3 3163 3164 3291
3 3164 3292 3291
3 3164 3165 3292
3 3165 3293 3292
3 3165 3166 3293
3 3166 3294 3293
3 3166 3167 3294
3 3167 3295 3294
3 3167 3168 3295
3 3168 3296 3295
3 3168 3169 3296
3 3169 3297 3296
3 3169 3170 3297
3 3170 3298 3297
3 3170 3171 3298
3 3171 3299 3298
3 3171 3172 3299
3 3172 3300 3299
3 3172 3173 3300
3 3173 3301 3300
3 3173 3174 3301
3 3174 3302 3301
3 3174 3175 3302
3 3175 3303 3302
3 3175 3176 3303
3 3176 3304 3303
3 3176 3177 3304
3 3177 3305 3304
3 3177 3178 3305
3 3178 3306 3305
3 3178 3179 3306
3 3179 3307 3306
3 3179 3180 3307
3 3180 3308 3307
3 3180 3181 3308
3 3181 3309 3308
3 3181 3182 3309
3 3182 3310 3309
3 3182 3183 3310
3 3183 3311 3310
3 3183 3184 3311
3 3184 3312 3311
3 3184 3185 3312
3 3185 3313 3312
3 3185 3186 3313
3 3186 3314 3313
3 3186 3187 3314
3 3187 3315 3314
3 3187 3188 3315
3 3188 3316 3315
3 3188 3189 3316
3 3189 3317 3316
3 3189 3190 3317
3 3190 3318 3317
3 3190 3191 3318
3 3191 3319 3318
3 3191 3192 3319
3 3192 3320 3319
3 3192 3193 3320
3 3193 3321 3320
3 3193 3194 3321
3 3194 3322 3321
3 3194 3195 3322
3 3195 3323 3322
3 3195 3196 3323
3 3196 3324 3323
3 3196 3197 3324
3 3197 3325 3324
3 3197 3198 3325
3 3198 3326 3325
3 3198 3199 3326
3 3199 3327 3326
3 3199 3200 3327
3 3200 3328 3327
3 3200 3201 3328
3 3201 3329 3328
3 3201 3074 3329
3 3074 3202 3329
3 3202 3203 3330
3 3203 3331 3330
3 3203 3204 3331
3 3204 3332 3331
3 3204 3205 3332
3 3205 3333 3332
3 3205 3206 3333
3 3206 3334 3333
3 3206 3207 3334
3 3207 3335 3334
3 3207 3208 3335
3 3208 3336 3335
3 3208 3209 3336
3 3209 3337 3336
3 3209 3210 3337
3 3210 3338 3337
3 3210 3211 3338
3 3211 3339 3338
3 3211 3212 3339
3 3212 3340 3339
3 3212 3213 3340
3 3213 3341 3340
3 3213 3214 3341
3 3214 3342 3341
3 3214 3215 3342
3 3215 3343 3342
3 3215 3216 3343
3 3216 3344 3343
3 3216 3217 3344
3 3217 3345 3344
3 3217 3218 3345
3 3218 3346 3345
3 3218 3219 3346
3 3219 3347 3346
3 3219 3220 3347
3 3220 3348 3347
3 3220 3221 3348
3 3221 3349 3348
3 3221 3222 3349
3 3222 3350 3349
3 3222 3223 3350
3 3223 3351 3350
3 3223 3224 3351
3 3224 3352 3351
3 3224 3225 3352
3 3225 3353 3352
3 3225 3226 3353
3 3226 3354 3353
3 3226 3227 3354
3 3227 3355 3354
3 3227 3228 3355
3 3228 3356 3355
3 3228 3229 3356
3 3229 3357 3356
3 3229 3230 3357
3 3230 3358 3357
3 3230 3231 3358
3 3231 3359 3358
3 3231 3232 3359
3 3232 3360 3359
3 3232 3233 3360
3 3233 3361 3360
3 3233 3234 3361
3 3234 3362 3361
3 3234 3235 3362
3 3235 3363 3362
3 3235 3236 3363
3 3236 3364 3363
3 3236 3237 3364
3 3237 3365 3364
3 3237 3238 3365
3 3238 3366 3365
3 3238 3239 3366
3 3239 3367 3366
3 3239 3240 3367
3 3240 3368 3367
3 3240 3241 3368
3 3241 3369 3368
3 3241 3242 3369
3 3242 3370 3369
3 3242 3243 3370
3 3243 3371 3370
3 3243 3244 3371
3 3244 3372 3371
3 3244 3245 3372
3 3245 3373 3372
3 3245 3246 3373
3 3246 3374 3373
3 3246 3247 3374
3 3247 3375 3374
3 3247 3248 3375
3 3248 3376 3375
3 3248 3249 3376
3 3249 3377 3376
3 3249 3250 3377
3 3250 3378 3377
3 3250 3251 3378
3 3251 3379 3378
3 3251 3252 3379
3 3252 3380 3379
3 3252 3253 3380
3 3253 3381 3380
3 3253 3254 3381
3 3254 3382 3381
3 3254 3255 3382
3 3255 3383 3382
3 3255 3256 3383
3 3256 3384 3383
3 3256 3257 3384
3 3257 3385 3384
3 3257 3258 3385
3 3258 3386 3385
3 3258 3259 3386
3 3259 3387 3386
3 3259 3260 3387
3 3260 3388 3387
3 3260 3261 3388
3 3261 3389 3388
3 3261 3262 3389
3 3262 3390 3389
3 3262 3263 3390
3 3263 3391 3390
3 3263 3264 3391
3 3264 3392 3391
3 3264 3265 3392
3 3265 3393 3392
3 3265 3266 3393
3 3266 3394 3393
3 3266 3267 3394
3 3267 3395 3394
3 3267 3268 3395
3 3268 3396 3395
3 3268 3269 3396
3 3269 3397 3396
3 3269 3270 3397
3 3270 3398 3397
3 3270 3271 3398
3 3271 3399 3398
3 3271 3272 3399
3 3272 3400 3399
3 3272 3273 3400
3 3273 3401 3400
3 3273 3274 3401
3 3274 3402 3401
3 3274 3275 3402
3 3275 3403 3402
3 3275 3276 3403
3 3276 3404 3403
3 3276 3277 3404
3 3277 3405 3404
3 3277 3278 3405
3 3278 3406 3405
3 3278 3279 3406
3 3279 3407 3406
3 3279 3280 3407
3 3280 3408 3407
3 3280 3281 3408
3 3281 3409 3408
3 3281 3282 3409
3 3282 3410 3409
3 3282 3283 3410
3 3283 3411 3410
3 3283 3284 3411
3 3284 3412 3411
3 3284 3285 3412
3 3285 3413 3412
3 3285 3286 3413
3 3286 3414 3413
3 3286 3287 3414
3 3287 3415 3414
3 3287 3288 3415
3 3288 3416 3415
3 3288 3289 3416
3 3289 3417 3416
3 3289 3290 3417
3 3290 3418 3417
3 3290 3291 3418
3 3291 3419 3418
3 3291 3292 3419
3 3292 3420 3419
3 3292 3293 3420
3 3293 3421 3420
3 3293 3294 3421
3 3294 3422 3421
3 3294 3295 3422
3 3295 3423 3422
3 3295 3296 3423
3 3296 3424 3423
3 3296 3297 3424
3 3297 3425 3424
3 3297 3298 3425
3 3298 3426 3425
3 3298 3299 3426
3 3299 3427 3426
3 3299 3300 3427
3 3300 3428 3427
3 3300 3301 3428
3 3301 3429 3428
3 3301 3302 3429
3 3302 3430 3429
3 3302 3303 3430
3 3303 3431 3430
3 3303 3304 3431
3 3304 3432 3431
3 3304 3305 3432
3 3305 3433 3432
3 3305 3306 3433
3 3306 3434 3433
3 3306 3307 3434
3 3307 3435 3434
3 3307 3308 3435
3 3308 3436 3435
3 3308 3309 3436
3 3309 3437 3436
3 3309 3310 3437
3 3310 3438 3437
3 3310 3311 3438
3 3311 3439 3438
3 3311 3312 3439
3 3312 3440 3439
3 3312 3313 3440
3 3313 3441 3440
3 3313 3314 3441
3 3314 3442 3441
3 3314 3315 3442
3 3315 3443 3442
3 3315 3316 3443
3 3316 3444 3443
3 3316 3317 3444
3 3317 3445 3444
3 3317 3318 3445
3 3318 3446 3445
3 3318 3319 3446
3 3319 3447 3446
3 3319 3320 3447
3 3320 3448 3447
3 3320 3321 3448
3 3321 3449 3448
3 3321 3322 3449
3 3322 3450 3449
3 3322 3323 3450
3 3323 3451 3450
3 3323 3324 3451
3 3324 3452 3451
3 3324 3325 3452
3 3325 3453 3452
3 3325 3326 3453
3 3326 3454 3453
3 3326 3327 3454
3 3327 3455 3454
3 3327 3328 3455
3 3328 3456 3455
3 3328 3329 3456
3 3329 3457 3456
3 3329 3202 3457
3 3202 3330 3457
3 3330 3331 3458
3 3331 3459 3458
3 3331 3332 3459
3 3332 3460 3459
3 3332 3333 3460
3 3333 3461 3460
3 3333 3334 3461
3 3334 3462 3461
3 3334 3335 3462
3 3335 3463 3462
3 3335 3336 3463
3 3336 3464 3463
3 3336 3337 3464
3 3337 3465 3464
3 3337 3338 3465
3 3338 3466 3465
3 3338 3339 3466
3 3339 3467 3466
3 3339 3340 3467
3 3340 3468 3467
3 3340 3341 3468
3 3341 3469 3468
3 3341 3342 3469
3 3342 3470 3469
3 3342 3343 3470
3 3343 3471 3470
3 3343 3344 3471
3 3344 3472 3471
3 3344 3345 3472
3 3345 3473 3472
3 3345 3346 3473
3 3346 3474 3473
3 3346 3347 3474
3 3347 3475 3474
3 3347 3348 3475
3 3348 3476 3475
3 3348 3349 3476
3 3349 3477 3476
3 3349 3350 3477
3 3350 3478 3477
3 3350 3351 3478
3 3351 3479 3478
3 3351 3352 3479
3 3352 3480 3479
3 3352 3353 3480
3 3353 3481 3480
3 3353 3354 3481
3 3354 3482 3481
3 3354 3355 3482
3 3355 3483 3482
3 3355 3356 3483
3 3356 3484 3483
3 3356 3357 3484
3 3357 3485 3484
3 3357 3358 3485
3 3358 3486 3485
3 3358 3359 3486
3 3359 3487 3486
3 3359 3360 3487
3 3360 3488 3487
3 3360 3361 3488
3 3361 3489 3488
3 3361 3362 3489
3 3362 3490 3489
3 3362 3363 3490
3 3363 3491 3490
3 3363 3364 3491
3 3364 3492 3491
3 3364 3365 3492
3 3365 3493 3492
3 3365 3366 3493
3 3366 3494 3493
3 3366 3367 3494
3 3367 3495 3494
3 3367 3368 3495
3 3368 3496 3495
3 3368 3369 3496
3 3369 3497 3496
3 3369 3370 3497
3 3370 3498 3497
3 3370 3371 3498
3 3371 3499 3498
3 3371 3372 3499
3 3372 3500 3499
3 3372 3373 3500
3 3373 3501 3500
3 3373 3374 3501
3 3374 3502 3501
3 3374 3375 3502
3 3375 3503 3502
3 3375 3376 3503
3 3376 3504 3503
3 3376 3377 3504
3 3377 3505 3504
3 3377 3378 3505
3 3378 3506 3505
3 3378 3379 3506
3 3379 3507 3506
3 3379 3380 3507
3 3380 3508 3507
3 3380 3381 3508
3 3381 3509 3508
3 3381 3382 3509
3 3382 3510 3509
3 3382 3383 3510
3 3383 3511 3510
3 3383 3384 3511
3 3384 3512 3511
3 3384 3385 3512
3 3385 3513 3512
3 3385 3386 3513
3 3386 3514 3513
3 3386 3387 3514
3 3387 3515 3514
3 3387 3388 3515
3 3388 3516 3515
3 3388 3389 3516
3 3389 3517 3516
3 3389 3390 3517
3 3390 3518 3517
3 3390 3391 3518
3 3391 3519 3518
3 3391 3392 3519
3 3392 3520 3519
3 3392 3393 3520
3 3393 3521 3520
3 3393 3394 3521
3 3394 3522 3521
3 3394 3395 3522
3 3395 3523 3522
3 3395 3396 3523
3 3396 3524 3523
3 3396 3397 3524
3 3397 3525 3524
3 3397 3398 3525
3 3398 3526 3525
3 3398 3399 3526
3 3399 3527 3526
3 3399 3400 3527
3 3400 3528 3527
3 3400 3401 3528
3 3401 3529 3528
3 3401 3402 3529
3 3402 3530 3529
3 3402 3403 3530
3 3403 3531 3530
3 3403 3404 3531
3 3404 3532 3531
3 3404 3405 3532
3 3405 3533 3532
3 3405 3406 3533
3 3406 3534 3533
3 3406 3407 3534
3 3407 3535 3534
3 3407 3408 3535
3 3408 3536 3535
3 3408 3409 3536
3 3409 3537 3536
3 3409 3410 3537
3 3410 3538 3537
3 3410 3411 3538
3 3411 3539 3538
3 3411 3412 3539
3 3412 3540 3539
3 3412 3413 3540
3 3413 3541 3540
3 3413 3414 3541
3 3414 3542 3541
3 3414 3415 3542
3 3415 3543 3542
3 3415 3416 3543
3 3416 3544 3543
3 3416 3417 3544
3 3417 3545 3544
3 3417 3418 3545
3 3418 3546 3545
3 3418 3419 3546
3 3419 3547 3546
3 3419 3420 3547
3 3420 3548 3547
3 3420 3421 3548
3 3421 3549 3548
3 3421 3422 3549
3 3422 3550 3549
3 3422 3423 3550
3 3423 3551 3550
3 3423 3424 3551
3 3424 3552 3551
3 3424 3425 3552
3 3425 3553 3552
3 3425 3426 3553
3 3426 3554 3553
3 3426 3427 3554
3 3427 3555 3554
3 3427 3428 3555
3 3428 3556 3555
3 3428 3429 3556
3 3429 3557 3556
3 3429 3430 3557
3 3430 3558 3557
3 3430 3431 3558
3 3431 3559 3558
3 3431 3432 3559
3 3432 3560 3559
3 3432 3433 3560
3 3433 3561 3560
3 3433 3434 3561
3 3434 3562 3561
3 3434 3435 3562
3 3435 3563 3562
3 3435 3436 3563
3 3436 3564 3563
3 3436 3437 3564
3 3437 3565 3564
3 3437 3438 3565
3 3438 3566 3565
3 3438 3439 3566
3 3439 3567 3566
3 3439 3440 3567
3 3440 3568 3567
3 3440 3441 3568
3 3441 3569 3568
3 3441 3442 3569
3 3442 3570 3569
3 3442 3443 3570
3 3443 3571 3570
3 3443 3444 3571
3 3444 3572 3571
3 3444 3445 3572
3 3445 3573 3572
3 3445 3446 3573
3 3446 3574 3573
3 3446 3447 3574
3 3447 3575 3574
3 3447 3448 3575
3 3448 3576 3575
3 3448 3449 3576
3 3449 3577 3576
3 3449 3450 3577
3 3450 3578 3577
3 3450 3451 3578
3 3451 3579 3578
3 3451 3452 3579
3 3452 3580 3579
3 3452 3453 3580
3 3453 3581 3580
3 3453 3454 3581
3 3454 3582 3581
3 3454 3455 3582
3 3455 3583 3582
3 3455 3456 3583
3 3456 3584 3583
3 3456 3457 3584
3 3457 3585 3584
3 3457 3330 3585
3 3330 3458 3585
3 3458 3459 3586
3 3459 3587 3586
3 3459 3460 3587
3 3460 3588 3587
3 3460 3461 3588
3 3461 3589 3588
3 3461 3462 3589
3 3462 3590 3589
3 3462 3463 3590
3 3463 3591 3590
3 3463 3464 3591
3 3464 3592 3591
3 3464 3465 3592
3 3465 3593 3592
3 3465 3466 3593
3 3466 3594 3593
3 3466 3467 3594
3 3467 3595 3594
3 3467 3468 3595
3 3468 3596 3595
3 3468 3469 3596
3 3469 3597 3596
3 3469 3470 3597
3 3470 3598 3597
3 3470 3471 3598
3 3471 3599 3598
3 3471 3472 3599
3 3472 3600 3599
3 3472 3473 3600
3 3473 3601 3600
3 3473 3474 3601
3 3474 3602 3601
3 3474 3475 3602
3 3475 3603 3602
3 3475 3476 3603
3 3476 3604 3603
3 3476 3477 3604
3 3477 3605 3604
3 3477 3478 3605
3 3478 3606 3605
3 3478 3479 3606
3 3479 3607 3606
3 3479 3480 3607
3 3480 3608 3607
3 3480 3481 3608
3 3481 3609 3608
3 3481 3482 3609
3 3482 3610 3609
3 3482 3483 3610
3 3483 3611 3610
3 3483 3484 3611
3 3484 3612 3611
3 3484 3485 3612
3 3485 3613 3612
3 3485 3486 3613
3 3486 3614 3613
3 3486 3487 3614
3 3487 3615 3614
3 3487 3488 3615
3 3488 3616 3615
3 3488 3489 3616
3 3489 3617 3616
3 3489 3490 3617
3 3490 3618 3617
3 3490 3491 3618
3 3491 3619 3618
3 3491 3492 3619
3 3492 3620 3619
3 3492 3493 3620
3 3493 3621 3620
3 3493 3494 3621
3 3494 3622 3621
3 3494 3495 3622
3 3495 3623 3622
3 3495 3496 3623
3 3496 3624 3623
3 3496 3497 3624
3 3497 3625 3624
3 3497 3498 3625
3 3498 3626 3625
3 3498 3499 3626
3 3499 3627 3626
3 3499 3500 3627
3 3500 3628 3627
3 3500 3501 3628
3 3501 3629 3628
3 3501 3502 3629
3 3502 3630 3629
3 3502 3503 3630
3 3503 3631 3630
3 3503 3504 3631
3 3504 3632 3631
3 3504 3505 3632
3 3505 3633 3632
3 3505 3506 3633
3 3506 3634 3633
3 3506 3507 3634
3 3507 3635 3634
3 3507 3508 3635
3 3508 3636 3635
3 3508 3509 3636
3 3509 3637 3636
3 3509 3510 3637
3 3510 3638 3637
3 3510 3511 3638
3 3511 3639 3638
3 3511 3512 3639
3 3512 3640 3639
3 3512 3513 3640
3 3513 3641 3640
3 3513 3514 3641
3 3514 3642 3641
3 3514 3515 3642
3 3515 3643 3642
3 3515 3516 3643
3 3516 3644 3643
3 3516 3517 3644
3 3517 3645 3644
3 3517 3518 3645
3 3518 3646 3645
3 3518 3519 3646
3 3519 3647 3646
3 3519 3520 3647
3 3520 3648 3647
3 3520 3521 3648
3 3521 3649 3648
3 3521 3522 3649
3 3522 3650 3649
3 3522 3523 3650
3 3523 3651 3650
3 3523 3524 3651
3 3524 3652 3651
3 3524 3525 3652
3 3525 3653 3652
3 3525 3526 3653
3 3526 3654 3653
3 3526 3527 3654
3 3527 3655 3654
3 3527 3528 3655
3 3528 3656 3655
3 3528 3529 3656
3 3529 3657 3656
3 3529 3530 3657
3 3530 3658 3657
3 3530 3531 3658
3 3531 3659 3658
3 3531 3532 3659
3 3532 3660 3659
3 3532 3533 3660
3 3533 3661 3660
3 3533 3534 3661
3 3534 3662 3661
3 3534 3535 3662
3 3535 3663 3662
3 3535 3536 3663
3 3536 3664 3663
3 3536 3537 3664
3 3537 3665 3664
3 3537 3538 3665
3 3538 3666 3665
3 3538 3539 3666
3 3539 3667 3666
3 3539 3540 3667
3 3540 3668 3667
3 3540 3541 3668
3 3541 3669 3668
3 3541 3542 3669
3 3542 3670 3669
3 3542 3543 3670
3 3543 3671 3670
3 3543 3544 3671
3 3544 3672 3671
3 3544 3545 3672
3 3545 3673 3672
3 3545 3546 3673
3 3546 3674 3673
3 3546 3547 3674
3 3547 3675 3674
3 3547 3548 3675
3 3548 3676 3675
3 3548 3549 3676
3 3549 3677 3676
3 3549 3550 3677
3 3550 3678 3677
3 3550 3551 3678
3 3551 3679 3678
3 3551 3552 3679
3 3552 3680 3679
3 3552 3553 3680
3 3553 3681 3680
3 3553 3554 3681
3 3554 3682 3681
3 3554 3555 3682
3 3555 3683 3682
3 3555 3556 3683
3 3556 3684 3683
3 3556 3557 3684
3 3557 3685 3684
3 3557 3558 3685
3 3558 3686 3685
3 3558 3559 3686
3 3559 3687 3686
3 3559 3560 3687
3 3560 3688 3687
3 3560 3561 3688
3 3561 3689 3688
3 3561 3562 3689
3 3562 3690 3689
3 3562 3563 3690
3 3563 3691 3690
3 3563 3564 3691
3 3564 3692 3691
3 3564 3565 3692
3 3565 3693 3692
3 3565 3566 3693
3 3566 3694 3693
3 3566 3567 3694
3 3567 3695 3694
3 3567 3568 3695
3 3568 3696 3695
3 3568 3569 3696
3 3569 3697 3696
3 3569 3570 3697
3 3570 3698 3697
3 3570 3571 3698
3 3571 3699 3698
3 3571 3572 3699
3 3572 3700 3699
3 3572 3573 3700
3 3573 3701 3700
3 3573 3574 3701
3 3574 3702 3701
3 3574 3575 3702
3 3575 3703 3702
3 3575 3576 3703
3 3576 3704 3703
3 3576 3577 3704
3 3577 3705 3704
3 3577 3578 3705
3 3578 3706 3705
3 3578 3579 3706
3 3579 3707 3706
3 3579 3580 3707
3 3580 3708 3707
3 3580 3581 3708
3 3581 3709 3708
3 3581 3582 3709
3 3582 3710 3709
3 3582 3583 3710
3 3583 3711 3710
3 3583 3584 3711
3 3584 3712 3711
3 3584 3585 3712
3 3585 3713 3712
3 3585 3458 3713
3 3458 3586 3713
3 3586 3587 3714
3 3587 3715 3714
3 3587 3588 3715
3 3588 3716 3715
3 3588 3589 3716
3 3589 3717 3716
3 3589 3590 3717
3 3590 3718 3717
3 3590 3591 3718
3 3591 3719 3718
3 3591 3592 3719
3 3592 3720 3719
3 3592 3593 3720
3 3593 3721 3720
3 3593 3594 3721
3 3594 3722 3721
3 3594 3595 3722
3 3595 3723 3722
3 3595 3596 3723
3 3596 3724 3723
3 3596 3597 3724
3 3597 3725 3724
3 3597 3598 3725
3 3598 3726 3725
3 3598 3599 3726
3 3599 3727 3726
3 3599 3600 3727
3 3600 3728 3727
3 3600 3601 3728
3 3601 3729 3728
3 3601 3602 3729
3 3602 3730 3729
3 3602 3603 3730
3 3603 3731 3730
3 3603 3604 3731
3 3604 3732 3731
3 3604 3605 3732
3 3605 3733 3732
3 3605 3606 3733
3 3606 3734 3733
3 3606 3607 3734
3 3607 3735 3734
3 3607 3608 3735
3 3608 3736 3735
3 3608 3609 3736
3 3609 3737 3736
3 3609 3610 3737
3 3610 3738 3737
3 3610 3611 3738
3 3611 3739 3738
3 3611 3612 3739
3 3612 3740 3739
3 3612 3613 3740
3 3613 3741 3740
3 3613 3614 3741
3 3614 3742 3741
3 3614 3615 3742
3 3615 3743 3742
3 3615 3616 3743
3 3616 3744 3743
3 3616 3617 3744
3 3617 3745 3744
3 3617 3618 3745
3 3618 3746 3745
3 3618 3619 3746
3 3619 3747 3746
3 3619 3620 3747
3 3620 3748 3747
3 3620 3621 3748
3 3621 3749 3748
3 3621 3622 3749
3 3622 3750 3749
3 3622 3623 3750
3 3623 3751 3750
3 3623 3624 3751
3 3624 3752 3751
3 3624 3625 3752
3 3625 3753 3752
3 3625 3626 3753
3 3626 3754 3753
3 3626 3627 3754
3 3627 3755 3754
3 3627 3628 3755
3 3628 3756 3755
3 3628 3629 3756
3 3629 3757 3756
3 3629 3630 3757
3 3630 3758 3757
3 3630 3631 3758
3 3631 3759 3758
3 3631 3632 3759
3 3632 3760 3759
3 3632 3633 3760
3 3633 3761 3760
3 3633 3634 3761
3 3634 3762 3761
3 3634 3635 3762
3 3635 3763 3762
3 3635 3636 3763
3 3636 3764 3763
3 3636 3637 3764
3 3637 3765 3764
3 3637 3638 3765
3 3638 3766 3765
3 3638 3639 3766
3 3639 3767 3766
3 3639 3640 3767
3 3640 3768 3767
3 3640 3641 3768
3 3641 3769 3768
3 3641 3642 3769
3 3642 3770 3769
3 3642 3643 3770
3 3643 3771 3770
3 3643 3644 3771
3 3644 3772 3771
3 3644 3645 3772
3 3645 3773 3772
3 3645 3646 3773
3 3646 3774 3773
3 3646 3647 3774
3 3647 3775 3774
3 3647 3648 3775
3 3648 3776 3775
3 3648 3649 3776
3 3649 3777 3776
3 3649 3650 3777
3 3650 3778 3777
3 3650 3651 3778
3 3651 3779 3778
3 3651 3652 3779
3 3652 3780 3779
3 3652 3653 3780
3 3653 3781 3780
3 3653 3654 3781
3 3654 3782 3781
3 3654 3655 3782
3 3655 3783 3782
3 3655 3656 3783
3 3656 3784 3783
3 3656 3657 3784
3 3657 3785 3784
3 3657 3658 3785
3 3658 3786 3785
3 3658 3659 3786
3 3659 3787 3786
3 3659 3660 3787
3 3660 3788 3787
3 3660 3661 3788
3 3661 3789 3788
3 3661 3662 3789
3 3662 3790 3789
3 3662 3663 3790
3 3663 3791 3790
3 3663 3664 3791
3 3664 3792 3791
3 3664 3665 3792
3 3665 3793 3792
3 3665 3666 3793
3 3666 3794 3793
3 3666 3667 3794
3 3667 3795 3794
3 3667 3668 3795
3 3668 3796 3795
3 3668 3669 3796
3 3669 3797 3796
3 3669 3670 3797
3 3670 3798 3797
3 3670 3671 3798
3 3671 3799 3798
3 3671 3672 3799
3 3672 3800 3799
3 3672 3673 3800
3 3673 3801 3800
3 3673 3674 3801
3 3674 3802 3801
3 3674 3675 3802
3 3675 3803 3802
3 3675 3676 3803
3 3676 3804 3803
3 3676 3677 3804
3 3677 3805 3804
3 3677 3678 3805
3 3678 3806 3805
3 3678 3679 3806
3 3679 3807 3806
3 3679 3680 3807
3 3680 3808 3807
3 3680 3681 3808
3 3681 3809 3808
3 3681 3682 3809
3 3682 3810 3809
3 3682 3683 3810
3 3683 3811 3810
3 3683 3684 3811
3 3684 3812 3811
3 3684 3685 3812
3 3685 3813 3812
3 3685 3686 3813
3 3686 3814 3813
3 3686 3687 3814
3 3687 3815 3814
3 3687 3688 3815
3 3688 3816 3815
3 3688 3689 3816
3 3689 3817 3816
3 3689 3690 3817
3 3690 3818 3817
3 3690 3691 3818
3 3691 3819 3818
3 3691 3692 3819
3 3692 3820 3819
3 3692 3693 3820
3 3693 3821 3820
3 3693 3694 3821
3 3694 3822 3821
3 3694 3695 3822
3 3695 3823 3822
3 3695 3696 3823
3 3696 3824 3823
3 3696 3697 3824
3 3697 3825 3824
3 3697 3698 3825
3 3698 3826 3825
3 3698 3699 3826
3 3699 3827 3826
3 3699 3700 3827
3 3700 3828 3827
3 3700 3701 3828
3 3701 3829 3828
3 3701 3702 3829
3 3702 3830 3829
3 3702 3703 3830
3 3703 3831 3830
3 3703 3704 3831
3 3704 3832 3831
3 3704 3705 3832
3 3705 3833 3832
3 3705 3706 3833
3 3706 3834 3833
3 3706 3707 3834
3 3707 3835 3834
3 3707 3708 3835
3 3708 3836 3835
3 3708 3709 3836
3 3709 3837 3836
3 3709 3710 3837
3 3710 3838 3837
3 3710 3711 3838
3 3711 3839 3838
3 3711 3712 3839
3 3712 3840 3839
3 3712 3713 3840
3 3713 3841 3840
3 3713 3586 3841
3 3586 3714 3841
3 3714 3715 3842
3 3715 3843 3842
3 3715 3716 3843
3 3716 3844 3843
3 3716 3717 3844
3 3717 3845 3844
3 3717 3718 3845
3 3718 3846 3845
3 3718 3719 3846
3 3719 3847 3846
3 3719 3720 3847
3 3720 3848 3847
3 3720 3721 3848
3 3721 3849 3848
3 3721 3722 3849
3 3722 3850 3849
3 3722 3723 3850
3 3723 3851 3850
3 3723 3724 3851
3 3724 3852 3851
3 3724 3725 3852
3 3725 3853 3852
3 3725 3726 3853
3 3726 3854 3853
3 3726 3727 3854
3 3727 3855 3854
3 3727 3728 3855
3 3728 3856 3855
3 3728 3729 3856
3 3729 3857 3856
3 3729 3730 3857
3 3730 3858 3857
3 3730 3731 3858
3 3731 3859 3858
3 3731 3732 3859
3 3732 3860 3859
3 3732 3733 3860
3 3733 3861 3860
3 3733 3734 3861
3 3734 3862 3861
3 3734 3735 3862
3 3735 3863 3862
3 3735 3736 3863
3 3736 3864 3863
3 3736 3737 3864
3 3737 3865 3864
3 3737 3738 3865
3 3738 3866 3865
3 3738 3739 3866
3 3739 3867 3866
3 3739 3740 3867
3 3740 3868 3867
3 3740 3741 3868
3 3741 3869 3868
3 3741 3742 3869
3 3742 3870 3869
3 3742 3743 3870
3 3743 3871 3870
3 3743 3744 3871
3 3744 3872 3871
3 3744 3745 3872
3 3745 3873 3872
3 3745 3746 3873
3 3746 3874 3873
3 3746 3747 3874
3 3747 3875 3874
3 3747 3748 3875
3 3748 3876 3875
3 3748 3749 3876
3 3749 3877 3876
3 3749 3750 3877
3 3750 3878 3877
3 3750 3751 3878
3 3751 3879 3878
3 3751 3752 3879
3 3752 3880 3879
3 3752 3753 3880
3 3753 3881 3880
3 3753 3754 3881
3 3754 3882 3881
3 3754 3755 3882
3 3755 3883 3882
3 3755 3756 3883
3 3756 3884 3883
3 3756 3757 3884
3 3757 3885 3884
3 3757 3758 3885
3 3758 3886 3885
3 3758 3759 3886
3 3759 3887 3886
3 3759 3760 3887
3 3760 3888 3887
3 3760 3761 3888
3 3761 3889 3888
3 3761 3762 3889
3 3762 3890 3889
3 3762 3763 3890
3 3763 3891 3890
3 3763 3764 3891
3 3764 3892 3891
3 3764 3765 3892
3 3765 3893 3892
3 3765 3766 3893
3 3766 3894 3893
3 3766 3767 3894
3 3767 3895 3894
3 3767 3768 3895
3 3768 3896 3895
3 3768 3769 3896
3 3769 3897 3896
3 3769 3770 3897
3 3770 3898 3897
3 3770 3771 3898
3 3771 3899 3898
3 3771 3772 3899
3 3772 3900 3899
3 3772 3773 3900
3 3773 3901 3900
3 3773 3774 3901
3 3774 3902 3901
3 3774 3775 3902
3 3775 3903 3902
3 3775 3776 3903
3 3776 3904 3903
3 3776 3777 3904
3 3777 3905 3904
3 3777 3778 3905
3 3778 3906 3905
3 3778 3779 3906
3 3779 3907 3906
3 3779 3780 3907
3 3780 3908 3907
3 3780 3781 3908
3 3781 3909 3908
3 3781 3782 3909
3 3782 3910 3909
3 3782 3783 3910
3 3783 3911 3910
3 3783 3784 3911
3 3784 3912 3911
3 3784 3785 3912
3 3785 3913 3912
3 3785 3786 3913
3 3786 3914 3913
3 3786 3787 3914
3 3787 3915 3914
3 3787 3788 3915
3 3788 3916 3915
3 3788 3789 3916
3 3789 3917 3916
3 3789 3790 3917
3 3790 3918 3917
3 3790 3791 3918
3 3791 3919 3918
3 3791 3792 3919
3 3792 3920 3919
3 3792 3793 3920
3 3793 3921 3920
3 3793 3794 3921
3 3794 3922 3921
3 3794 3795 3922
3 3795 3923 3922
3 3795 3796 3923
3 3796 3924 3923
3 3796 3797 3924
3 3797 3925 3924
3 3797 3798 3925
3 3798 3926 3925
3 3798 3799 3926
3 3799 3927 3926
3 3799 3800 3927
3 3800 3928 3927
3 3800 3801 3928
3 3801 3929 3928
3 3801 3802 3929
3 3802 3930 3929
3 3802 3803 3930
3 3803 3931 3930
3 3803 3804 3931
3 3804 3932 3931
3 3804 3805 3932
3 3805 3933 3932
3 3805 3806 3933
3 3806 3934 3933
3 3806 3807 3934
3 3807 3935 3934
3 3807 3808 3935
3 3808 3936 3935
3 3808 3809 3936
3 3809 3937 3936
3 3809 3810 3937
3 3810 3938 3937
3 3810 3811 3938
3 3811 3939 3938
3 3811 3812 3939
3 3812 3940 3939
3 3812 3813 3940
3 3813 3941 3940
3 3813 3814 3941
3 3814 3942 3941
3 3814 3815 3942
3 3815 3943 3942
3 3815 3816 3943
3 3816 3944 3943
3 3816 3817 3944
3 3817 3945 3944
3 3817 3818 3945
3 3818 3946 3945
3 3818 3819 3946
3 3819 3947 3946
3 3819 3820 3947
3 3820 3948 3947
3 3820 3821 3948
3 3821 3949 3948
3 3821 3822 3949
3 3822 3950 3949
3 3822 3823 3950
3 3823 3951 3950
3 3823 3824 3951
3 3824 3952 3951
3 3824 3825 3952
3 3825 3953 3952
3 3825 3826 3953
3 3826 3954 3953
3 3826 3827 3954
3 3827 3955 3954
3 3827 3828 3955
3 3828 3956 3955
3 3828 3829 3956
3 3829 3957 3956
3 3829 3830 3957
3 3830 3958 3957
3 3830 3831 3958
3 3831 3959 3958
3 3831 3832 3959
3 3832 3960 3959
3 3832 3833 3960
3 3833 3961 3960
3 3833 3834 3961
3 3834 3962 3961
3 3834 3835 3962
3 3835 3963 3962
3 3835 3836 3963
3 3836 3964 3963
3 3836 3837 3964
3 3837 3965 3964
3 3837 3838 3965
3 3838 3966 3965
3 3838 3839 3966
3 3839 3967 3966
3 3839 3840 3967
3 3840 3968 3967
3 3840 3841 3968
3 3841 3969 3968
3 3841 3714 3969
3 3714 3842 3969
3 3842 3843 3970
3 3843 3971 3970
3 3843 3844 3971
3 3844 3972 3971
3 3844 3845 3972
3 3845 3973 3972
3 3845 3846 3973
3 3846 3974 3973
3 3846 3847 3974
3 3847 3975 3974
3 3847 3848 3975
3 3848 3976 3975
3 3848 3849 3976
3 3849 3977 3976
3 3849 3850 3977
3 3850 3978 3977
3 3850 3851 3978
3 3851 3979 3978
3 3851 3852 3979
3 3852 3980 3979
3 3852 3853 3980
3 3853 3981 3980
3 3853 3854 3981
3 3854 3982 3981
3 3854 3855 3982
3 3855 3983 3982
3 3855 3856 3983
3 3856 3984 3983
3 3856 3857 3984
3 3857 3985 3984
3 3857 3858 3985
3 3858 3986 3985
3 3858 3859 3986
3 3859 3987 3986
3 3859 3860 3987
3 3860 3988 3987
3 3860 3861 3988
3 3861 3989 3988
3 3861 3862 3989
3 3862 3990 3989
3 3862 3863 3990
3 3863 3991 3990
3 3863 3864 3991
3 3864 3992 3991
3 3864 3865 3992
3 3865 3993 3992
3 3865 3866 3993
3 3866 3994 3993
3 3866 3867 3994
3 3867 3995 3994
3 3867 3868 3995
3 3868 3996 3995
3 3868 3869 3996
3 3869 3997 3996
3 3869 3870 3997
3 3870 3998 3997
3 3870 3871 3998
3 3871 3999 3998
3 3871 3872 3999
3 3872 4000 3999
3 3872 3873 4000
3 3873 4001 4000
3 3873 3874 4001
3 3874 4002 4001
3 3874 3875 4002
3 3875 4003 4002
3 3875 3876 4003
3 3876 4004 4003
3 3876 3877 4004
3 3877 4005 4004
3 3877 3878 4005
3 3878 4006 4005
3 3878 3879 4006
3 3879 4007 4006
3 3879 3880 4007
3 3880 4008 4007
3 3880 3881 4008
3 3881 4009 4008
3 3881 3882 4009
3 3882 4010 4009
3 3882 3883 4010
3 3883 4011 4010
3 3883 3884 4011
3 3884 4012 4011
3 3884 3885 4012
3 3885 4013 4012
3 3885 3886 4013
3 3886 4014 4013
3 3886 3887 4014
3 3887 4015 4014
3 3887 3888 4015
3 3888 4016 4015
3 3888 3889 4016
3 3889 4017 4016
3 3889 3890 4017
3 3890 4018 4017
3 3890 3891 4018
3 3891 4019 4018
3 3891 3892 4019
3 3892 4020 4019
3 3892 3893 4020
3 3893 4021 4020
3 3893 3894 4021
3 3894 4022 4021
3 3894 3895 4022
3 3895 4023 4022
3 3895 3896 4023
3 3896 4024 4023
3 3896 3897 4024
3 3897 4025 4024
3 3897 3898 4025
3 3898 4026 4025
3 3898 3899 4026
3 3899 4027 4026
3 3899 3900 4027
3 3900 4028 4027
3 3900 3901 4028
3 3901 4029 4028
3 3901 3902 4029
3 3902 4030 4029
3 3902 3903 4030
3 3903 4031 4030
3 3903 3904 4031
3 3904 4032 4031
3 3904 3905 4032
3 3905 4033 4032
3 3905 3906 4033
3 3906 4034 4033
3 3906 3907 4034
3 3907 4035 4034
3 3907 3908 4035
3 3908 4036 4035
3 3908 3909 4036
3 3909 4037 4036
3 3909 3910 4037
3 3910 4038 4037
3 3910 3911 4038
3 3911 4039 4038
3 3911 3912 4039
3 3912 4040 4039
3 3912 3913 4040
3 3913 4041 4040
3 3913 3914 4041
3 3914 4042 4041
3 3914 3915 4042
3 3915 4043 4042
3 3915 3916 4043
3 3916 4044 4043
3 3916 3917 4044
3 3917 4045 4044
3 3917 3918 4045
3 3918 4046 4045
3 3918 3919 4046
3 3919 4047 4046
3 3919 3920 4047
3 3920 4048 4047
3 3920 3921 4048
3 3921 4049 4048
3 3921 3922 4049
3 3922 4050 4049
3 3922 3923 4050
3 3923 4051 4050
3 3923 3924 4051
3 3924 4052 4051
3 3924 3925 4052
3 3925 4053 4052
3 3925 3926 4053
3 3926 4054 4053
3 3926 3927 4054
3 3927 4055 4054
3 3927 3928 4055
3 3928 4056 4055
3 3928 3929 4056
3 3929 4057 4056
3 3929 3930 4057
3 3930 4058 4057
3 3930 3931 4058
3 3931 4059 4058
3 3931 3932 4059
3 3932 4060 4059
3 3932 3933 4060
3 3933 4061 4060
3 3933 3934 4061
3 3934 4062 4061
3 3934 3935 4062
3 3935 4063 4062
3 3935 3936 4063
3 3936 4064 4063
3 3936 3937 4064
3 3937 4065 4064
3 3937 3938 4065
3 3938 4066 4065
3 3938 3939 4066
3 3939 4067 4066
3 3939 3940 4067
3 3940 4068 4067
3 3940 3941 4068
3 3941 4069 4068
3 3941 3942 4069
3 3942 4070 4069
3 3942 3943 4070
3 3943 4071 4070
3 3943 3944 4071
3 3944 4072 4071
3 3944 3945 4072
3 3945 4073 4072
3 3945 3946 4073
3 3946 4074 4073
3 3946 3947 4074
3 3947 4075 4074
3 3947 3948 4075
3 3948 4076 4075
3 3948 3949 4076
3 3949 4077 4076
3 3949 3950 4077
3 3950 4078 4077
3 3950 3951 4078
3 3951 4079 4078
3 3951 3952 4079
3 3952 4080 4079
3 3952 3953 4080
3 3953 4081 4080
3 3953 3954 4081
3 3954 4082 4081
3 3954 3955 4082
3 3955 4083 4082
3 3955 3956 4083
3 3956 4084 4083
3 3956 3957 4084
3 3957 4085 4084
3 3957 3958 4085
3 3958 4086 4085
3 3958 3959 4086
3 3959 4087 4086
3 3959 3960 4087
3 3960 4088 4087
3 3960 3961 4088
3 3961 4089 4088
3 3961 3962 4089
3 3962 4090 4089
3 3962 3963 4090
3 3963 4091 4090
3 3963 3964 4091
3 3964 4092 4091
3 3964 3965 4092
3 3965 4093 4092
3 3965 3966 4093
3 3966 4094 4093
3 3966 3967 4094
3 3967 4095 4094
3 3967 3968 4095
3 3968 4096 4095
3 3968 3969 4096
3 3969 4097 4096
3 3969 3842 4097
3 3842 3970 4097
3 3970 3971 4098
3 3971 4099 4098
3 3971 3972 4099
3 3972 4100 4099
3 3972 3973 4100
3 3973 4101 4100
3 3973 3974 4101
3 3974 4102 4101
3 3974 3975 4102
3 3975 4103 4102
3 3975 3976 4103
3 3976 4104 4103
3 3976 3977 4104
3 3977 4105 4104
3 3977 3978 4105
3 3978 4106 4105
3 3978 3979 4106
3 3979 4107 4106
3 3979 3980 4107
3 3980 4108 4107
3 3980 3981 4108
3 3981 4109 4108
3 3981 3982 4109
3 3982 4110 4109
3 3982 3983 4110
3 3983 4111 4110
3 3983 3984 4111
3 3984 4112 4111
3 3984 3985 4112
3 3985 4113 4112
3 3985 3986 4113
3 3986 4114 4113
3 3986 3987 4114
3 3987 4115 4114
3 3987 3988 4115
3 3988 4116 4115
3 3988 3989 4116
3 3989 4117 4116
3 3989 3990 4117
3 3990 4118 4117
3 3990 3991 4118
3 3991 4119 4118
3 3991 3992 4119
3 3992 4120 4119
3 3992 3993 4120
3 3993 4121 4120
3 3993 3994 4121
3 3994 4122 4121
3 3994 3995 4122
3 3995 4123 4122
3 3995 3996 4123
3 3996 4124 4123
3 3996 3997 4124
3 3997 4125 4124
3 3997 3998 4125
3 3998 4126 4125
3 3998 3999 4126
3 3999 4127 4126
3 3999 4000 4127
3 4000 4128 4127
3 4000 4001 4128
3 4001 4129 4128
3 4001 4002 4129
3 4002 4130 4129
3 4002 4003 4130
3 4003 4131 4130
3 4003 4004 4131
3 4004 4132 4131
3 4004 4005 4132
3 4005 4133 4132
3 4005 4006 4133
3 4006 4134 4133
3 4006 4007 4134
3 4007 4135 4134
3 4007 4008 4135
3 4008 4136 4135
3 4008 4009 4136
3 4009 4137 4136
3 4009 4010 4137
3 4010 4138 4137
3 4010 4011 4138
3 4011 4139 4138
3 4011 4012 4139
3 4012 4140 4139
3 4012 4013 4140
3 4013 4141 4140
3 4013 4014 4141
3 4014 4142 4141
3 4014 4015 4142
3 4015 4143 4142
3 4015 4016 4143
3 4016 4144 4143
3 4016 4017 4144
3 4017 4145 4144
3 4017 4018 4145
3 4018 4146 4145
3 4018 4019 4146
3 4019 4147 4146
3 4019 4020 4147
3 4020 4148 4147
3 4020 4021 4148
3 4021 4149 4148
3 4021 4022 4149
3 4022 4150 4149
3 4022 4023 4150
3 4023 4151 4150
3 4023 4024 4151
3 4024 4152 4151
3 4024 4025 4152
3 4025 4153 4152
3 4025 4026 4153
3 4026 4154 4153
3 4026 4027 4154
3 4027 4155 4154
3 4027 4028 4155
3 4028 4156 4155
3 4028 4029 4156
3 4029 4157 4156
3 4029 4030 4157
3 4030 4158 4157
3 4030 4031 4158
3 4031 4159 4158
3 4031 4032 4159
3 4032 4160 4159
3 4032 4033 4160
3 4033 4161 4160
3 4033 4034 4161
3 4034 4162 4161
3 4034 4035 4162
3 4035 4163 4162
3 4035 4036 4163
3 4036 4164 4163
3 4036 4037 4164
3 4037 4165 4164
3 4037 4038 4165
3 4038 4166 4165
3 4038 4039 4166
3 4039 4167 4166
3 4039 4040 4167
3 4040 4168 4167
3 4040 4041 4168
3 4041 4169 4168
3 4041 4042 4169
3 4042 4170 4169
3 4042 4043 4170
3 4043 4171 4170
3 4043 4044 4171
3 4044 4172 4171
3 4044 4045 4172
3 4045 4173 4172
3 4045 4046 4173
3 4046 4174 4173
3 4046 4047 4174
3 4047 4175 4174
3 4047 4048 4175
3 4048 4176 4175
3 4048 4049 4176
3 4049 4177 4176
3 4049 4050 4177
3 4050 4178 4177
3 4050 4051 4178
3 4051 4179 4178
3 4051 4052 4179
3 4052 4180 4179
3 4052 4053 4180
3 4053 4181 4180
3 4053 4054 4181
3 4054 4182 4181
3 4054 4055 4182
3 4055 4183 4182
3 4055 4056 4183
3 4056 4184 4183
3 4056 4057 4184
3 4057 4185 4184
3 4057 4058 4185
3 4058 4186 4185
3 4058 4059 4186
3 4059 4187 4186
3 4059 4060 4187
3 4060 4188 4187
3 4060 4061 4188
3 4061 4189 4188
3 4061 4062 4189
3 4062 4190 4189
3 4062 4063 4190
3 4063 4191 4190
3 4063 4064 4191
3 4064 4192 4191
3 4064 4065 4192
3 4065 4193 4192
3 4065 4066 4193
3 4066 4194 4193
3 4066 4067 4194
3 4067 4195 4194
3 4067 4068 4195
3 4068 4196 4195
3 4068 4069 4196
3 4069 4197 4196
3 4069 4070 4197
3 4070 4198 4197
3 4070 4071 4198
3 4071 4199 4198
3 4071 4072 4199
3 4072 4200 4199
3 4072 4073 4200
3 4073 4201 4200
3 4073 4074 4201
3 4074 4202 4201
3 4074 4075 4202
3 4075 4203 4202
3 4075 4076 4203
3 4076 4204 4203
3 4076 4077 4204
3 4077 4205 4204
3 4077 4078 4205
3 4078 4206 4205
3 4078 4079 4206
3 4079 4207 4206
3 4079 4080 4207
3 4080 4208 4207
3 4080 4081 4208
3 4081 4209 4208
3 4081 4082 4209
3 4082 4210 4209
3 4082 4083 4210
3 4083 4211 4210
3 4083 4084 4211
3 4084 4212 4211
3 4084 4085 4212
3 4085 4213 4212
3 4085 4086 4213
3 4086 4214 4213
3 4086 4087 4214
3 4087 4215 4214
3 4087 4088 4215
3 4088 4216 4215
3 4088 4089 4216
3 4089 4217 4216
3 4089 4090 4217
3 4090 4218 4217
3 4090 4091 4218
3 4091 4219 4218
3 4091 4092 4219
3 4092 4220 4219
3 4092 4093 4220
3 4093 4221 4220
3 4093 4094 4221
3 4094 4222 4221
3 4094 4095 4222
3 4095 4223 4222
3 4095 4096 4223
3 4096 4224 4223
3 4096 4097 4224
3 4097 4225 4224
3 4097 3970 4225
3 3970 4098 4225
3 4098 4099 4226
3 4099 4227 4226
3 4099 4100 4227
3 4100 4228 4227
3 4100 4101 4228
3 4101 4229 4228
3 4101 4102 4229
3 4102 4230 4229
3 4102 4103 4230
3 4103 4231 4230
3 4103 4104 4231
3 4104 4232 4231
3 4104 4105 4232
3 4105 4233 4232
3 4105 4106 4233
3 4106 4234 4233
3 4106 4107 4234
3 4107 4235 4234
3 4107 4108 4235
3 4108 4236 4235
3 4108 4109 4236
3 4109 4237 4236
3 4109 4110 4237
3 4110 4238 4237
3 4110 4111 4238
3 4111 4239 4238
3 4111 4112 4239
3 4112 4240 4239
3 4112 4113 4240
3 4113 4241 4240
3 4113 4114 4241
3 4114 4242 4241
3 4114 4115 4242
3 4115 4243 4242
3 4115 4116 4243
3 4116 4244 4243
3 4116 4117 4244
3 4117 4245 4244
3 4117 4118 4245
3 4118 4246 4245
3 4118 4119 4246
3 4119 4247 4246
3 4119 4120 4247
3 4120 4248 4247
3 4120 4121 4248
3 4121 4249 4248
3 4121 4122 4249
3 4122 4250 4249
3 4122 4123 4250
3 4123 4251 4250
3 4123 4124 4251
3 4124 4252 4251
3 4124 4125 4252
3 4125 4253 4252
3 4125 4126 4253
3 4126 4254 4253
3 4126 4127 4254
3 4127 4255 4254
3 4127 4128 4255
3 4128 4256 4255
3 4128 4129 4256
3 4129 4257 4256
3 4129 4130 4257
3 4130 4258 4257
3 4130 4131 4258
3 4131 4259 4258
3 4131 4132 4259
3 4132 4260 4259
3 4132 4133 4260
3 4133 4261 4260
3 4133 4134 4261
3 4134 4262 4261
3 4134 4135 4262
3 4135 4263 4262
3 4135 4136 4263
3 4136 4264 4263
3 4136 4137 4264
3 4137 4265 4264
3 4137 4138 4265
3 4138 4266 4265
3 4138 4139 4266
3 4139 4267 4266
3 4139 4140 4267
3 4140 4268 4267
3 4140 4141 4268
3 4141 4269 4268
3 4141 4142 4269
3 4142 4270 4269
3 4142 4143 4270
3 4143 4271 4270
3 4143 4144 4271
3 4144 4272 4271
3 4144 4145 4272
3 4145 4273 4272
3 4145 4146 4273
3 4146 4274 4273
3 4146 4147 4274
3 4147 4275 4274
3 4147 4148 4275
3 4148 4276 4275
3 4148 4149 4276
3 4149 4277 4276
3 4149 4150 4277
3 4150 4278 4277
3 4150 4151 4278
3 4151 4279 4278
3 4151 4152 4279
3 4152 4280 4279
3 4152 4153 4280
3 4153 4281 4280
3 4153 4154 4281
3 4154 4282 4281
3 4154 4155 4282
3 4155 4283 4282
3 4155 4156 4283
3 4156 4284 4283
3 4156 4157 4284
3 4157 4285 4284
3 4157 4158 4285
3 4158 4286 4285
3 4158 4159 4286
3 4159 4287 4286
3 4159 4160 4287
3 4160 4288 4287
3 4160 4161 4288
3 4161 4289 4288
3 4161 4162 4289
3 4162 4290 4289
3 4162 4163 4290
3 4163 4291 4290
3 4163 4164 4291
3 4164 4292 4291
3 4164 4165 4292
3 4165 4293 4292
3 4165 4166 4293
3 4166 4294 4293
3 4166 4167 4294
3 4167 4295 4294
3 4167 4168 4295
3 4168 4296 4295
3 4168 4169 4296
3 4169 4297 4296
3 4169 4170 4297
3 4170 4298 4297
3 4170 4171 4298
3 4171 4299 4298
3 4171 4172 4299
3 4172 4300 4299
3 4172 4173 4300
3 4173 4301 4300
3 4173 4174 4301
3 4174 4302 4301
3 4174 4175 4302
3 4175 4303 4302
3 4175 4176 4303
3 4176 4304 4303
3 4176 4177 4304
3 4177 4305 4304
3 4177 4178 4305
3 4178 4306 4305
3 4178 4179 4306
3 4179 4307 4306
3 4179 4180 4307
3 4180 4308 4307
3 4180 4181 4308
3 4181 4309 4308
3 4181 4182 4309
3 4182 4310 4309
3 4182 4183 4310
3 4183 4311 4310
3 4183 4184 4311
3 4184 4312 4311
3 4184 4185 4312
3 4185 4313 4312
3 4185 4186 4313
3 4186 4314 4313
3 4186 4187 4314
3 4187 4315 4314
3 4187 4188 4315
3 4188 4316 4315
3 4188 4189 4316
3 4189 4317 4316
3 4189 4190 4317
3 4190 4318 4317
3 4190 4191 4318
3 4191 4319 4318
3 4191 4192 4319
3 4192 4320 4319
3 4192 4193 4320
3 4193 4321 4320
3 4193 4194 4321
3 4194 4322 4321
3 4194 4195 4322
3 4195 4323 4322
3 4195 4196 4323
3 4196 4324 4323
3 4196 4197 4324
3 4197 4325 4324
3 4197 4198 4325
3 4198 4326 4325
3 4198 4199 4326
3 4199 4327 4326
3 4199 4200 4327
3 4200 4328 4327
3 4200 4201 4328
3 4201 4329 4328
3 4201 4202 4329
3 4202 4330 4329
3 4202 4203 4330
3 4203 4331 4330
3 4203 4204 4331
3 4204 4332 4331
3 4204 4205 4332
3 4205 4333 4332
3 4205 4206 4333
3 4206 4334 4333
3 4206 4207 4334
3 4207 4335 4334
3 4207 4208 4335
3 4208 4336 4335
3 4208 4209 4336
3 4209 4337 4336
3 4209 4210 4337
3 4210 4338 4337
3 4210 4211 4338
3 4211 4339 4338
3 4211 4212 4339
3 4212 4340 4339
3 4212 4213 4340
3 4213 4341 4340
3 4213 4214 4341
3 4214 4342 4341
3 4214 4215 4342
3 4215 4343 4342
3 4215 4216 4343
3 4216 4344 4343
3 4216 4217 4344
3 4217 4345 4344
3 4217 4218 4345
3 4218 4346 4345
3 4218 4219 4346
3 4219 4347 4346
3 4219 4220 4347
3 4220 4348 4347
3 4220 4221 4348
3 4221 4349 4348
3 4221 4222 4349
3 4222 4350 4349
3 4222 4223 4350
3 4223 4351 4350
3 4223 4224 4351
3 4224 4352 4351
3 4224 4225 4352
3 4225 4353 4352
3 4225 4098 4353
3 4098 4226 4353
3 4226 4227 4354
3 4227 4355 4354
3 4227 4228 4355
3 4228 4356 4355
3 4228 4229 4356
3 4229 4357 4356
3 4229 4230 4357
3 4230 4358 4357
3 4230 4231 4358
3 4231 4359 4358
3 4231 4232 4359
3 4232 4360 4359
3 4232 4233 4360
3 4233 4361 4360
3 4233 4234 4361
3 4234 4362 4361
3 4234 4235 4362
3 4235 4363 4362
3 4235 4236 4363
3 4236 4364 4363
3 4236 4237 4364
3 4237 4365 4364
3 4237 4238 4365
3 4238 4366 4365
3 4238 4239 4366
3 4239 4367 4366
3 4239 4240 4367
3 4240 4368 4367
3 4240 4241 4368
3 4241 4369 4368
3 4241 4242 4369
3 4242 4370 4369
3 4242 4243 4370
3 4243 4371 4370
3 4243 4244 4371
3 4244 4372 4371
3 4244 4245 4372
3 4245 4373 4372
3 4245 4246 4373
3 4246 4374 4373
3 4246 4247 4374
3 4247 4375 4374
3 4247 4248 4375
3 4248 4376 4375
3 4248 4249 4376
3 4249 4377 4376
3 4249 4250 4377
3 4250 4378 4377
3 4250 4251 4378
3 4251 4379 4378
3 4251 4252 4379
3 4252 4380 4379
3 4252 4253 4380
3 4253 4381 4380
3 4253 4254 4381
3 4254 4382 4381
3 4254 4255 4382
3 4255 4383 4382
3 4255 4256 4383
3 4256 4384 4383
3 4256 4257 4384
3 4257 4385 4384
3 4257 4258 4385
3 4258 4386 4385
3 4258 4259 4386
3 4259 4387 4386
3 4259 4260 4387
3 4260 4388 4387
3 4260 4261 4388
3 4261 4389 4388
3 4261 4262 4389
3 4262 4390 4389
3 4262 4263 4390
3 4263 4391 4390
3 4263 4264 4391
3 4264 4392 4391
3 4264 4265 4392
3 4265 4393 4392
3 4265 4266 4393
3 4266 4394 4393
3 4266 4267 4394
3 4267 4395 4394
3 4267 4268 4395
3 4268 4396 4395
3 4268 4269 4396
3 4269 4397 4396
3 4269 4270 4397
3 4270 4398 4397
3 4270 4271 4398
3 4271 4399 4398
3 4271 4272 4399
3 4272 4400 4399
3 4272 4273 4400
3 4273 4401 4400
3 4273 4274 4401
3 4274 4402 4401
3 4274 4275 4402
3 4275 4403 4402
3 4275 4276 4403
3 4276 4404 4403
3 4276 4277 4404
3 4277 4405 4404
3 4277 4278 4405
3 4278 4406 4405
3 4278 4279 4406
3 4279 4407 4406
3 4279 4280 4407
3 4280 4408 4407
3 4280 4281 4408
3 4281 4409 4408
3 4281 4282 4409
3 4282 4410 4409
3 4282 4283 4410
3 4283 4411 4410
3 4283 4284 4411
3 4284 4412 4411
3 4284 4285 4412
3 4285 4413 4412
3 4285 4286 4413
3 4286 4414 4413
3 4286 4287 4414
3 4287 4415 4414
3 4287 4288 4415
3 4288 4416 4415
3 4288 4289 4416
3 4289 4417 4416
3 4289 4290 4417
3 4290 4418 4417
3 4290 4291 4418
3 4291 4419 4418
3 4291 4292 4419
3 4292 4420 4419
3 4292 4293 4420
3 4293 4421 4420
3 4293 4294 4421
3 4294 4422 4421
3 4294 4295 4422
3 4295 4423 4422
3 4295 4296 4423
3 4296 4424 4423
3 4296 4297 4424
3 4297 4425 4424
3 4297 4298 4425
3 4298 4426 4425
3 4298 4299 4426
3 4299 4427 4426
3 4299 4300 4427
3 4300 4428 4427
3 4300 4301 4428
3 4301 4429 4428
3 4301 4302 4429
3 4302 4430 4429
3 4302 4303 4430
3 4303 4431 4430
3 4303 4304 4431
3 4304 4432 4431
3 4304 4305 4432
3 4305 4433 4432
3 4305 4306 4433
3 4306 4434 4433
3 4306 4307 4434
3 4307 4435 4434
3 4307 4308 4435
3 4308 4436 4435
3 4308 4309 4436
3 4309 4437 4436
3 4309 4310 4437
3 4310 4438 4437
3 4310 4311 4438
3 4311 4439 4438
3 4311 4312 4439
3 4312 4440 4439
3 4312 4313 4440
3 4313 4441 4440
3 4313 4314 4441
3 4314 4442 4441
3 4314 4315 4442
3 4315 4443 4442
3 4315 4316 4443
3 4316 4444 4443
3 4316 4317 4444
3 4317 4445 4444
3 4317 4318 4445
3 4318 4446 4445
3 4318 4319 4446
3 4319 4447 4446
3 4319 4320 4447
3 4320 4448 4447
3 4320 4321 4448
3 4321 4449 4448
3 4321 4322 4449
3 4322 4450 4449
3 4322 4323 4450
3 4323 4451 4450
3 4323 4324 4451
3 4324 4452 4451
3 4324 4325 4452
3 4325 4453 4452
3 4325 4326 4453
3 4326 4454 4453
3 4326 4327 4454
3 4327 4455 4454
3 4327 4328 4455
3 4328 4456 4455
3 4328 4329 4456
3 4329 4457 4456
3 4329 4330 4457
3 4330 4458 4457
3 4330 4331 4458
3 4331 4459 4458
3 4331 4332 4459
3 4332 4460 4459
3 4332 4333 4460
3 4333 4461 4460
3 4333 4334 4461
3 4334 4462 4461
3 4334 4335 4462
3 4335 4463 4462
3 4335 4336 4463
3 4336 4464 4463
3 4336 4337 4464
3 4337 4465 4464
3 4337 4338 4465
3 4338 4466 4465
3 4338 4339 4466
3 4339 4467 4466
3 4339 4340 4467
3 4340 4468 4467
3 4340 4341 4468
3 4341 4469 4468
3 4341 4342 4469
3 4342 4470 4469
3 4342 4343 4470
3 4343 4471 4470
3 4343 4344 4471
3 4344 4472 4471
3 4344 4345 4472
3 4345 4473 4472
3 4345 4346 4473
3 4346 4474 4473
3 4346 4347 4474
3 4347 4475 4474
3 4347 4348 4475
3 4348 4476 4475
3 4348 4349 4476
3 4349 4477 4476
3 4349 4350 4477
3 4350 4478 4477
3 4350 4351 4478
3 4351 4479 4478
3 4351 4352 4479
3 4352 4480 4479
3 4352 4353 4480
3 4353 4481 4480
3 4353 4226 4481
3 4226 4354 4481
3 4354 4355 4482
3 4355 4483 4482
3 4355 4356 4483
3 4356 4484 4483
3 4356 4357 4484
3 4357 4485 4484
3 4357 4358 4485
3 4358 4486 4485
3 4358 4359 4486
3 4359 4487 4486
3 4359 4360 4487
3 4360 4488 4487
3 4360 4361 4488
3 4361 4489 4488
3 4361 4362 4489
3 4362 4490 4489
3 4362 4363 4490
3 4363 4491 4490
3 4363 4364 4491
3 4364 4492 4491
3 4364 4365 4492
3 4365 4493 4492
3 4365 4366 4493
3 4366 4494 4493
3 4366 4367 4494
3 4367 4495 4494
3 4367 4368 4495
3 4368 4496 4495
3 4368 4369 4496
3 4369 4497 4496
3 4369 4370 4497
3 4370 4498 4497
3 4370 4371 4498
3 4371 4499 4498
3 4371 4372 4499
3 4372 4500 4499
3 4372 4373 4500
3 4373 4501 4500
3 4373 4374 4501
3 4374 4502 4501
3 4374 4375 4502
3 4375 4503 4502
3 4375 4376 4503
3 4376 4504 4503
3 4376 4377 4504
3 4377 4505 4504
3 4377 4378 4505
3 4378 4506 4505
3 4378 4379 4506
3 4379 4507 4506
3 4379 4380 4507
3 4380 4508 4507
3 4380 4381 4508
3 4381 4509 4508
3 4381 4382 4509
3 4382 4510 4509
3 4382 4383 4510
3 4383 4511 4510
3 4383 4384 4511
3 4384 4512 4511
3 4384 4385 4512
3 4385 4513 4512
3 4385 4386 4513
3 4386 4514 4513
3 4386 4387 4514
3 4387 4515 4514
3 4387 4388 4515
3 4388 4516 4515
3 4388 4389 4516
3 4389 4517 4516
3 4389 4390 4517
3 4390 4518 4517
3 4390 4391 4518
3 4391 4519 4518
3 4391 4392 4519
3 4392 4520 4519
3 4392 4393 4520
3 4393 4521 4520
3 4393 4394 4521
3 4394 4522 4521
3 4394 4395 4522
3 4395 4523 4522
3 4395 4396 4523
3 4396 4524 4523
3 4396 4397 4524
3 4397 4525 4524
3 4397 4398 4525
3 4398 4526 4525
3 4398 4399 4526
3 4399 4527 4526
3 4399 4400 4527
3 4400 4528 4527
3 4400 4401 4528
3 4401 4529 4528
3 4401 4402 4529
3 4402 4530 4529
3 4402 4403 4530
3 4403 4531 4530
3 4403 4404 4531
3 4404 4532 4531
3 4404 4405 4532
3 4405 4533 4532
3 4405 4406 4533
3 4406 4534 4533
3 4406 4407 4534
3 4407 4535 4534
3 4407 4408 4535
3 4408 4536 4535
3 4408 4409 4536
3 4409 4537 4536
3 4409 4410 4537
3 4410 4538 4537
3 4410 4411 4538
3 4411 4539 4538
3 4411 4412 4539
3 4412 4540 4539
3 4412 4413 4540
3 4413 4541 4540
3 4413 4414 4541
3 4414 4542 4541
3 4414 4415 4542
3 4415 4543 4542
3 4415 4416 4543
3 4416 4544 4543
3 4416 4417 4544
3 4417 4545 4544
3 4417 4418 4545
3 4418 4546 4545
3 4418 4419 4546
3 4419 4547 4546
3 4419 4420 4547
3 4420 4548 4547
3 4420 4421 4548
3 4421 4549 4548
3 4421 4422 4549
3 4422 4550 4549
3 4422 4423 4550
3 4423 4551 4550
3 4423 4424 4551
3 4424 4552 4551
3 4424 4425 4552
3 4425 4553 4552
3 4425 4426 4553
3 4426 4554 4553
3 4426 4427 4554
3 4427 4555 4554
3 4427 4428 4555
3 4428 4556 4555
3 4428 4429 4556
3 4429 4557 4556
3 4429 4430 4557
3 4430 4558 4557
3 4430 4431 4558
3 4431 4559 4558
3 4431 4432 4559
3 4432 4560 4559
3 4432 4433 4560
3 4433 4561 4560
3 4433 4434 4561
3 4434 4562 4561
3 4434 4435 4562
3 4435 4563 4562
3 4435 4436 4563
3 4436 4564 4563
3 4436 4437 4564
3 4437 4565 4564
3 4437 4438 4565
3 4438 4566 4565
3 4438 4439 4566
3 4439 4567 4566
3 4439 4440 4567
3 4440 4568 4567
3 4440 4441 4568
3 4441 4569 4568
3 4441 4442 4569
3 4442 4570 4569
3 4442 4443 4570
3 4443 4571 4570
3 4443 4444 4571
3 4444 4572 4571
3 4444 4445 4572
3 4445 4573 4572
3 4445 4446 4573
3 4446 4574 4573
3 4446 4447 4574
3 4447 4575 4574
3 4447 4448 4575
3 4448 4576 4575
3 4448 4449 4576
3 4449 4577 4576
3 4449 4450 4577
3 4450 4578 4577
3 4450 4451 4578
3 4451 4579 4578
3 4451 4452 4579
3 4452 4580 4579
3 4452 4453 4580
3 4453 4581 4580
3 4453 4454 4581
3 4454 4582 4581
3 4454 4455 4582
3 4455 4583 4582
3 4455 4456 4583
3 4456 4584 4583
3 4456 4457 4584
3 4457 4585 4584
3 4457 4458 4585
3 4458 4586 4585
3 4458 4459 4586
3 4459 4587 4586
3 4459 4460 4587
3 4460 4588 4587
3 4460 4461 4588
3 4461 4589 4588
3 4461 4462 4589
3 4462 4590 4589
3 4462 4463 4590
3 4463 4591 4590
3 4463 4464 4591
3 4464 4592 4591
3 4464 4465 4592
3 4465 4593 4592
3 4465 4466 4593
3 4466 4594 4593
3 4466 4467 4594
3 4467 4595 4594
3 4467 4468 4595
3 4468 4596 4595
3 4468 4469 4596
3 4469 4597 4596
3 4469 4470 4597
3 4470 4598 4597
3 4470 4471 4598
3 4471 4599 4598
3 4471 4472 4599
3 4472 4600 4599
3 4472 4473 4600
3 4473 4601 4600
3 4473 4474 4601
3 4474 4602 4601
3 4474 4475 4602
3 4475 4603 4602
3 4475 4476 4603
3 4476 4604 4603
3 4476 4477 4604
3 4477 4605 4604
3 4477 4478 4605
3 4478 4606 4605
3 4478 4479 4606
3 4479 4607 4606
3 4479 4480 4607
3 4480 4608 4607
3 4480 4481 4608
3 4481 4609 4608
3 4481 4354 4609
3 4354 4482 4609
3 4482 4483 4610
3 4483 4611 4610
3 4483 4484 4611
3 4484 4612 4611
3 4484 4485 4612
3 4485 4613 4612
3 4485 4486 4613
3 4486 4614 4613
3 4486 4487 4614
3 4487 4615 4614
3 4487 4488 4615
3 4488 4616 4615
3 4488 4489 4616
3 4489 4617 4616
3 4489 4490 4617
3 4490 4618 4617
3 4490 4491 4618
3 4491 4619 4618
3 4491 4492 4619
3 4492 4620 4619
3 4492 4493 4620
3 4493 4621 4620
3 4493 4494 4621
3 4494 4622 4621
3 4494 4495 4622
3 4495 4623 4622
3 4495 4496 4623
3 4496 4624 4623
3 4496 4497 4624
3 4497 4625 4624
3 4497 4498 4625
3 4498 4626 4625
3 4498 4499 4626
3 4499 4627 4626
3 4499 4500 4627
3 4500 4628 4627
3 4500 4501 4628
3 4501 4629 4628
3 4501 4502 4629
3 4502 4630 4629
3 4502 4503 4630
3 4503 4631 4630
3 4503 4504 4631
3 4504 4632 4631
3 4504 4505 4632
3 4505 4633 4632
3 4505 4506 4633
3 4506 4634 4633
3 4506 4507 4634
3 4507 4635 4634
3 4507 4508 4635
3 4508 4636 4635
3 4508 4509 4636
3 4509 4637 4636
3 4509 4510 4637
3 4510 4638 4637
3 4510 4511 4638
3 4511 4639 4638
3 4511 4512 4639
3 4512 4640 4639
3 4512 4513 4640
3 4513 4641 4640
3 4513 4514 4641
3 4514 4642 4641
3 4514 4515 4642
3 4515 4643 4642
3 4515 4516 4643
3 4516 4644 4643
3 4516 4517 4644
3 4517 4645 4644
3 4517 4518 4645
3 4518 4646 4645
3 4518 4519 4646
3 4519 4647 4646
3 4519 4520 4647
3 4520 4648 4647
3 4520 4521 4648
3 4521 4649 4648
3 4521 4522 4649
3 4522 4650 4649
3 4522 4523 4650
3 4523 4651 4650
3 4523 4524 4651
3 4524 4652 4651
3 4524 4525 4652
3 4525 4653 4652
3 4525 4526 4653
3 4526 4654 4653
3 4526 4527 4654
3 4527 4655 4654
3 4527 4528 4655
3 4528 4656 4655
3 4528 4529 4656
3 4529 4657 4656
3 4529 4530 4657
3 4530 4658 4657
3 4530 4531 4658
3 4531 4659 4658
3 4531 4532 4659
3 4532 4660 4659
3 4532 4533 4660
3 4533 4661 4660
3 4533 4534 4661
3 4534 4662 4661
3 4534 4535 4662
3 4535 4663 4662
3 4535 4536 4663
3 4536 4664 4663
3 4536 4537 4664
3 4537 4665 4664
3 4537 4538 4665
3 4538 4666 4665
3 4538 4539 4666
3 4539 4667 4666
3 4539 4540 4667
3 4540 4668 4667
3 4540 4541 4668
3 4541 4669 4668
3 4541 4542 4669
3 4542 4670 4669
3 4542 4543 4670
3 4543 4671 4670
3 4543 4544 4671
3 4544 4672 4671
3 4544 4545 4672
3 4545 4673 4672
3 4545 4546 4673
3 4546 4674 4673
3 4546 4547 4674
3 4547 4675 4674
3 4547 4548 4675
3 4548 4676 4675
3 4548 4549 4676
3 4549 4677 4676
3 4549 4550 4677
3 4550 4678 4677
3 4550 4551 4678
3 4551 4679 4678
3 4551 4552 4679
3 4552 4680 4679
3 4552 4553 4680
3 4553 4681 4680
3 4553 4554 4681
3 4554 4682 4681
3 4554 4555 4682
3 4555 4683 4682
3 4555 4556 4683
3 4556 4684 4683
3 4556 4557 4684
3 4557 4685 4684
3 4557 4558 4685
3 4558 4686 4685
3 4558 4559 4686
3 4559 4687 4686
3 4559 4560 4687
3 4560 4688 4687
3 4560 4561 4688
3 4561 4689 4688
3 4561 4562 4689
3 4562 4690 4689
3 4562 4563 4690
3 4563 4691 4690
3 4563 4564 4691
3 4564 4692 4691
3 4564 4565 4692
3 4565 4693 4692
3 4565 4566 4693
3 4566 4694 4693
3 4566 4567 4694
3 4567 4695 4694
3 4567 4568 4695
3 4568 4696 4695
3 4568 4569 4696
3 4569 4697 4696
3 4569 4570 4697
3 4570 4698 4697
3 4570 4571 4698
3 4571 4699 4698
3 4571 4572 4699
3 4572 4700 4699
3 4572 4573 4700
3 4573 4701 4700
3 4573 4574 4701
3 4574 4702 4701
3 4574 4575 4702
3 4575 4703 4702
3 4575 4576 4703
3 4576 4704 4703
3 4576 4577 4704
3 4577 4705 4704
3 4577 4578 4705
3 4578 4706 4705
3 4578 4579 4706
3 4579 4707 4706
3 4579 4580 4707
3 4580 4708 4707
3 4580 4581 4708
3 4581 4709 4708
3 4581 4582 4709
3 4582 4710 4709
3 4582 4583 4710
3 4583 4711 4710
3 4583 4584 4711
3 4584 4712 4711
3 4584 4585 4712
3 4585 4713 4712
3 4585 4586 4713
3 4586 4714 4713
3 4586 4587 4714
3 4587 4715 4714
3 4587 4588 4715
3 4588 4716 4715
3 4588 4589 4716
3 4589 4717 4716
3 4589 4590 4717
3 4590 4718 4717
3 4590 4591 4718
3 4591 4719 4718
3 4591 4592 4719
3 4592 4720 4719
3 4592 4593 4720
3 4593 4721 4720
3 4593 4594 4721
3 4594 4722 4721
3 4594 4595 4722
3 4595 4723 4722
3 4595 4596 4723
3 4596 4724 4723
3 4596 4597 4724
3 4597 4725 4724
3 4597 4598 4725
3 4598 4726 4725
3 4598 4599 4726
3 4599 4727 4726
3 4599 4600 4727
3 4600 4728 4727
3 4600 4601 4728
3 4601 4729 4728
3 4601 4602 4729
3 4602 4730 4729
3 4602 4603 4730
3 4603 4731 4730
3 4603 4604 4731
3 4604 4732 4731
3 4604 4605 4732
3 4605 4733 4732
3 4605 4606 4733
3 4606 4734 4733
3 4606 4607 4734
3 4607 4735 4734
3 4607 4608 4735
3 4608 4736 4735
3 4608 4609 4736
3 4609 4737 4736
3 4609 4482 4737
3 4482 4610 4737
3 4610 4611 4738
3 4611 4739 4738
3 4611 4612 4739
3 4612 4740 4739
3 4612 4613 4740
3 4613 4741 4740
3 4613 4614 4741
3 4614 4742 4741
3 4614 4615 4742
3 4615 4743 4742
3 4615 4616 4743
3 4616 4744 4743
3 4616 4617 4744
3 4617 4745 4744
3 4617 4618 4745
3 4618 4746 4745
3 4618 4619 4746
3 4619 4747 4746
3 4619 4620 4747
3 4620 4748 4747
3 4620 4621 4748
3 4621 4749 4748
3 4621 4622 4749
3 4622 4750 4749
3 4622 4623 4750
3 4623 4751 4750
3 4623 4624 4751
3 4624 4752 4751
3 4624 4625 4752
3 4625 4753 4752
3 4625 4626 4753
3 4626 4754 4753
3 4626 4627 4754
3 4627 4755 4754
3 4627 4628 4755
3 4628 4756 4755
3 4628 4629 4756
3 4629 4757 4756
3 4629 4630 4757
3 4630 4758 4757
3 4630 4631 4758
3 4631 4759 4758
3 4631 4632 4759
3 4632 4760 4759
3 4632 4633 4760
3 4633 4761 4760
3 4633 4634 4761
3 4634 4762 4761
3 4634 4635 4762
3 4635 4763 4762
3 4635 4636 4763
3 4636 4764 4763
3 4636 4637 4764
3 4637 4765 4764
3 4637 4638 4765
3 4638 4766 4765
3 4638 4639 4766
3 4639 4767 4766
3 4639 4640 4767
3 4640 4768 4767
3 4640 4641 4768
3 4641 4769 4768
3 4641 4642 4769
3 4642 4770 4769
3 4642 4643 4770
3 4643 4771 4770
3 4643 4644 4771
3 4644 4772 4771
3 4644 4645 4772
3 4645 4773 4772
3 4645 4646 4773
3 4646 4774 4773
3 4646 4647 4774
3 4647 4775 4774
3 4647 4648 4775
3 4648 4776 4775
3 4648 4649 4776
3 4649 4777 4776
3 4649 4650 4777
3 4650 4778 4777
3 4650 4651 4778
3 4651 4779 4778
3 4651 4652 4779
3 4652 4780 4779
3 4652 4653 4780
3 4653 4781 4780
3 4653 4654 4781
3 4654 4782 4781
3 4654 4655 4782
3 4655 4783 4782
3 4655 4656 4783
3 4656 4784 4783
3 4656 4657 4784
3 4657 4785 4784
3 4657 4658 4785
3 4658 4786 4785
3 4658 4659 4786
3 4659 4787 4786
3 4659 4660 4787
3 4660 4788 4787
3 4660 4661 4788
3 4661 4789 4788
3 4661 4662 4789
3 4662 4790 4789
3 4662 4663 4790
3 4663 4791 4790
3 4663 4664 4791
3 4664 4792 4791
3 4664 4665 4792
3 4665 4793 4792
3 4665 4666 4793
3 4666 4794 4793
3 4666 4667 4794
3 4667 4795 4794
3 4667 4668 4795
3 4668 4796 4795
3 4668 4669 4796
3 4669 4797 4796
3 4669 4670 4797
3 4670 4798 4797
3 4670 4671 4798
3 4671 4799 4798
3 4671 4672 4799
3 4672 4800 4799
3 4672 4673 4800
3 4673 4801 4800
3 4673 4674 4801
3 4674 4802 4801
3 4674 4675 4802
3 4675 4803 4802
3 4675 4676 4803
3 4676 4804 4803
3 4676 4677 4804
3 4677 4805 4804
3 4677 4678 4805
3 4678 4806 4805
3 4678 4679 4806
3 4679 4807 4806
3 4679 4680 4807
3 4680 4808 4807
3 4680 4681 4808
3 4681 4809 4808
3 4681 4682 4809
3 4682 4810 4809
3 4682 4683 4810
3 4683 4811 4810
3 4683 4684 4811
3 4684 4812 4811
3 4684 4685 4812
3 4685 4813 4812
3 4685 4686 4813
3 4686 4814 4813
3 4686 4687 4814
3 4687 4815 4814
3 4687 4688 4815
3 4688 4816 4815
3 4688 4689 4816
3 4689 4817 4816
3 4689 4690 4817
3 4690 4818 4817
3 4690 4691 4818
3 4691 4819 4818
3 4691 4692 4819
3 4692 4820 4819
3 4692 4693 4820
3 4693 4821 4820
3 4693 4694 4821
3 4694 4822 4821
3 4694 4695 4822
3 4695 4823 4822
3 4695 4696 4823
3 4696 4824 4823
3 4696 4697 4824
3 4697 4825 4824
3 4697 4698 4825
3 4698 4826 4825
3 4698 4699 4826
3 4699 4827 4826
3 4699 4700 4827
3 4700 4828 4827
3 4700 4701 4828
3 4701 4829 4828
3 4701 4702 4829
3 4702 4830 4829
3 4702 4703 4830
3 4703 4831 4830
3 4703 4704 4831
3 4704 4832 4831
3 4704 4705 4832
3 4705 4833 4832
3 4705 4706 4833
3 4706 4834 4833
3 4706 4707 4834
3 4707 4835 4834
3 4707 4708 4835
3 4708 4836 4835
3 4708 4709 4836
3 4709 4837 4836
3 4709 4710 4837
3 4710 4838 4837
3 4710 4711 4838
3 4711 4839 4838
3 4711 4712 4839
3 4712 4840 4839
3 4712 4713 4840
3 4713 4841 4840
3 4713 4714 4841
3 4714 4842 4841
3 4714 4715 4842
3 4715 4843 4842
3 4715 4716 4843
3 4716 4844 4843
3 4716 4717 4844
3 4717 4845 4844
3 4717 4718 4845
3 4718 4846 4845
3 4718 4719 4846
3 4719 4847 4846
3 4719 4720 4847
3 4720 4848 4847
3 4720 4721 4848
3 4721 4849 4848
3 4721 4722 4849
3 4722 4850 4849
3 4722 4723 4850
3 4723 4851 4850
3 4723 4724 4851
3 4724 4852 4851
3 4724 4725 4852
3 4725 4853 4852
3 4725 4726 4853
3 4726 4854 4853
3 4726 4727 4854
3 4727 4855 4854
3 4727 4728 4855
3 4728 4856 4855
3 4728 4729 4856
3 4729 4857 4856
3 4729 4730 4857
3 4730 4858 4857
3 4730 4731 4858
3 4731 4859 4858
3 4731 4732 4859
3 4732 4860 4859
3 4732 4733 4860
3 4733 4861 4860
3 4733 4734 4861
3 4734 4862 4861
3 4734 4735 4862
3 4735 4863 4862
3 4735 4736 4863
3 4736 4864 4863
3 4736 4737 4864
3 4737 4865 4864
3 4737 4610 4865
3 4610 4738 4865
3 4738 4739 4866
3 4739 4867 4866
3 4739 4740 4867
3 4740 4868 4867
3 4740 4741 4868
3 4741 4869 4868
3 4741 4742 4869
3 4742 4870 4869
3 4742 4743 4870
3 4743 4871 4870
3 4743 4744 4871
3 4744 4872 4871
3 4744 4745 4872
3 4745 4873 4872
3 4745 4746 4873
3 4746 4874 4873
3 4746 4747 4874
3 4747 4875 4874
3 4747 4748 4875
3 4748 4876 4875
3 4748 4749 4876
3 4749 4877 4876
3 4749 4750 4877
3 4750 4878 4877
3 4750 4751 4878
3 4751 4879 4878
3 4751 4752 4879
3 4752 4880 4879
3 4752 4753 4880
3 4753 4881 4880
3 4753 4754 4881
3 4754 4882 4881
3 4754 4755 4882
3 4755 4883 4882
3 4755 4756 4883
3 4756 4884 4883
3 4756 4757 4884
3 4757 4885 4884
3 4757 4758 4885
3 4758 4886 4885
3 4758 4759 4886
3 4759 4887 4886
3 4759 4760 4887
3 4760 4888 4887
3 4760 4761 4888
3 4761 4889 4888
3 4761 4762 4889
3 4762 4890 4889
3 4762 4763 4890
3 4763 4891 4890
3 4763 4764 4891
3 4764 4892 4891
3 4764 4765 4892
3 4765 4893 4892
3 4765 4766 4893
3 4766 4894 4893
3 4766 4767 4894
3 4767 4895 4894
3 4767 4768 4895
3 4768 4896 4895
3 4768 4769 4896
3 4769 4897 4896
3 4769 4770 4897
3 4770 4898 4897
3 4770 4771 4898
3 4771 4899 4898
3 4771 4772 4899
3 4772 4900 4899
3 4772 4773 4900
3 4773 4901 4900
3 4773 4774 4901
3 4774 4902 4901
3 4774 4775 4902
3 4775 4903 4902
3 4775 4776 4903
3 4776 4904 4903
3 4776 4777 4904
3 4777 4905 4904
3 4777 4778 4905
3 4778 4906 4905
3 4778 4779 4906
3 4779 4907 4906
3 4779 4780 4907
3 4780 4908 4907
3 4780 4781 4908
3 4781 4909 4908
3 4781 4782 4909
3 4782 4910 4909
3 4782 4783 4910
3 4783 4911 4910
3 4783 4784 4911
3 4784 4912 4911
3 4784 4785 4912
3 4785 4913 4912
3 4785 4786 4913
3 4786 4914 4913
3 4786 4787 4914
3 4787 4915 4914
3 4787 4788 4915
3 4788 4916 4915
3 4788 4789 4916
3 4789 4917 4916
3 4789 4790 4917
3 4790 4918 4917
3 4790 4791 4918
3 4791 4919 4918
3 4791 4792 4919
3 4792 4920 4919
3 4792 4793 4920
3 4793 4921 4920
3 4793 4794 4921
3 4794 4922 4921
3 4794 4795 4922
3 4795 4923 4922
3 4795 4796 4923
3 4796 4924 4923
3 4796 4797 4924
3 4797 4925 4924
3 4797 4798 4925
3 4798 4926 4925
3 4798 4799 4926
3 4799 4927 4926
3 4799 4800 4927
3 4800 4928 4927
3 4800 4801 4928
3 4801 4929 4928
3 4801 4802 4929
3 4802 4930 4929
3 4802 4803 4930
3 4803 4931 4930
3 4803 4804 4931
3 4804 4932 4931
3 4804 4805 4932
3 4805 4933 4932
3 4805 4806 4933
3 4806 4934 4933
3 4806 4807 4934
3 4807 4935 4934
3 4807 4808 4935
3 4808 4936 4935
3 4808 4809 4936
3 4809 4937 4936
3 4809 4810 4937
3 4810 4938 4937
3 4810 4811 4938
3 4811 4939 4938
3 4811 4812 4939
3 4812 4940 4939
3 4812 4813 4940
3 4813 4941 4940
3 4813 4814 4941
3 4814 4942 4941
3 4814 4815 4942
3 4815 4943 4942
3 4815 4816 4943
3 4816 4944 4943
3 4816 4817 4944
3 4817 4945 4944
3 4817 4818 4945
3 4818 4946 4945
3 4818 4819 4946
3 4819 4947 4946
3 4819 4820 4947
3 4820 4948 4947
3 4820 4821 4948
3 4821 4949 4948
3 4821 4822 4949
3 4822 4950 4949
3 4822 4823 4950
3 4823 4951 4950
3 4823 4824 4951
3 4824 4952 4951
3 4824 4825 4952
3 4825 4953 4952
3 4825 4826 4953
3 4826 4954 4953
3 4826 4827 4954
3 4827 4955 4954
3 4827 4828 4955
3 4828 4956 4955
3 4828 4829 4956
3 4829 4957 4956
3 4829 4830 4957
3 4830 4958 4957
3 4830 4831 4958
3 4831 4959 4958
3 4831 4832 4959
3 4832 4960 4959
3 4832 4833 4960
3 4833 4961 4960
3 4833 4834 4961
3 4834 4962 4961
3 4834 4835 4962
3 4835 4963 4962
3 4835 4836 4963
3 4836 4964 4963
3 4836 4837 4964
3 4837 4965 4964
3 4837 4838 4965
3 4838 4966 4965
3 4838 4839 4966
3 4839 4967 4966
3 4839 4840 4967
3 4840 4968 4967
3 4840 4841 4968
3 4841 4969 4968
3 4841 4842 4969
3 4842 4970 4969
3 4842 4843 4970
3 4843 4971 4970
3 4843 4844 4971
3 4844 4972 4971
3 4844 4845 4972
3 4845 4973 4972
3 4845 4846 4973
3 4846 4974 4973
3 4846 4847 4974
3 4847 4975 4974
3 4847 4848 4975
3 4848 4976 4975
3 4848 4849 4976
3 4849 4977 4976
3 4849 4850 4977
3 4850 4978 4977
3 4850 4851 4978
3 4851 4979 4978
3 4851 4852 4979
3 4852 4980 4979
3 4852 4853 4980
3 4853 4981 4980
3 4853 4854 4981
3 4854 4982 4981
3 4854 4855 4982
3 4855 4983 4982
3 4855 4856 4983
3 4856 4984 4983
3 4856 4857 4984
3 4857 4985 4984
3 4857 4858 4985
3 4858 4986 4985
3 4858 4859 4986
3 4859 4987 4986
3 4859 4860 4987
3 4860 4988 4987
3 4860 4861 4988
3 4861 4989 4988
3 4861 4862 4989
3 4862 4990 4989
3 4862 4863 4990
3 4863 4991 4990
3 4863 4864 4991
3 4864 4992 4991
3 4864 4865 4992
3 4865 4993 4992
3 4865 4738 4993
3 4738 4866 4993
3 4866 4867 4994
3 4867 4995 4994
3 4867 4868 4995
3 4868 4996 4995
3 4868 4869 4996
3 4869 4997 4996
3 4869 4870 4997
3 4870 4998 4997
3 4870 4871 4998
3 4871 4999 4998
3 4871 4872 4999
3 4872 5000 4999
3 4872 4873 5000
3 4873 5001 5000
3 4873 4874 5001
3 4874 5002 5001
3 4874 4875 5002
3 4875 5003 5002
3 4875 4876 5003
3 4876 5004 5003
3 4876 4877 5004
3 4877 5005 5004
3 4877 4878 5005
3 4878 5006 5005
3 4878 4879 5006
3 4879 5007 5006
3 4879 4880 5007
3 4880 5008 5007
3 4880 4881 5008
3 4881 5009 5008
3 4881 4882 5009
3 4882 5010 5009
3 4882 4883 5010
3 4883 5011 5010
3 4883 4884 5011
3 4884 5012 5011
3 4884 4885 5012
3 4885 5013 5012
3 4885 4886 5013
3 4886 5014 5013
3 4886 4887 5014
3 4887 5015 5014
3 4887 4888 5015
3 4888 5016 5015
3 4888 4889 5016
3 4889 5017 5016
3 4889 4890 5017
3 4890 5018 5017
3 4890 4891 5018
3 4891 5019 5018
3 4891 4892 5019
3 4892 5020 5019
3 4892 4893 5020
3 4893 5021 5020
3 4893 4894 5021
3 4894 5022 5021
3 4894 4895 5022
3 4895 5023 5022
3 4895 4896 5023
3 4896 5024 5023
3 4896 4897 5024
3 4897 5025 5024
3 4897 4898 5025
3 4898 5026 5025
3 4898 4899 5026
3 4899 5027 5026
3 4899 4900 5027
3 4900 5028 5027
3 4900 4901 5028
3 4901 5029 5028
3 4901 4902 5029
3 4902 5030 5029
3 4902 4903 5030
3 4903 5031 5030
3 4903 4904 5031
3 4904 5032 5031
3 4904 4905 5032
3 4905 5033 5032
3 4905 4906 5033
3 4906 5034 5033
3 4906 4907 5034
3 4907 5035 5034
3 4907 4908 5035
3 4908 5036 5035
3 4908 4909 5036
3 4909 5037 5036
3 4909 4910 5037
3 4910 5038 5037
3 4910 4911 5038
3 4911 5039 5038
3 4911 4912 5039
3 4912 5040 5039
3 4912 4913 5040
3 4913 5041 5040
3 4913 4914 5041
3 4914 5042 5041
3 4914 4915 5042
3 4915 5043 5042
3 4915 4916 5043
3 4916 5044 5043
3 4916 4917 5044
3 4917 5045 5044
3 4917 4918 5045
3 4918 5046 5045
3 4918 4919 5046
3 4919 5047 5046
3 4919 4920 5047
3 4920 5048 5047
3 4920 4921 5048
3 4921 5049 5048
3 4921 4922 5049
3 4922 5050 5049
3 4922 4923 5050
3 4923 5051 5050
3 4923 4924 5051
3 4924 5052 5051
3 4924 4925 5052
3 4925 5053 5052
3 4925 4926 5053
3 4926 5054 5053
3 4926 4927 5054
3 4927 5055 5054
3 4927 4928 5055
3 4928 5056 5055
3 4928 4929 5056
3 4929 5057 5056
3 4929 4930 5057
3 4930 5058 5057
3 4930 4931 5058
3 4931 5059 5058
3 4931 4932 5059
3 4932 5060 5059
3 4932 4933 5060
3 4933 5061 5060
3 4933 4934 5061
3 4934 5062 5061
3 4934 4935 5062
3 4935 5063 5062
3 4935 4936 5063
3 4936 5064 5063
3 4936 4937 5064
3 4937 5065 5064
3 4937 4938 5065
3 4938 5066 5065
3 4938 4939 5066
3 4939 5067 5066
3 4939 4940 5067
3 4940 5068 5067
3 4940 4941 5068
3 4941 5069 5068
3 4941 4942 5069
3 4942 5070 5069
3 4942 4943 5070
3 4943 5071 5070
3 4943 4944 5071
3 4944 5072 5071
3 4944 4945 5072
3 4945 5073 5072
3 4945 4946 5073
3 4946 5074 5073
3 4946 4947 5074
3 4947 5075 5074
3 4947 4948 5075
3 4948 5076 5075
3 4948 4949 5076
3 4949 5077 5076
3 4949 4950 5077
3 4950 5078 5077
3 4950 4951 5078
3 4951 5079 5078
3 4951 4952 5079
3 4952 5080 5079
3 4952 4953 5080
3 4953 5081 5080
3 4953 4954 5081
3 4954 5082 5081
3 4954 4955 5082
3 4955 5083 5082
3 4955 4956 5083
3 4956 5084 5083
3 4956 4957 5084
3 4957 5085 5084
3 4957 4958 5085
3 4958 5086 5085
3 4958 4959 5086
3 4959 5087 5086
3 4959 4960 5087
3 4960 5088 5087
3 4960 4961 5088
3 4961 5089 5088
3 4961 4962 5089
3 4962 5090 5089
3 4962 4963 5090
3 4963 5091 5090
3 4963 4964 5091
3 4964 5092 5091
3 4964 4965 5092
3 4965 5093 5092
3 4965 4966 5093
3 4966 5094 5093
3 4966 4967 5094
3 4967 5095 5094
3 4967 4968 5095
3 4968 5096 5095
3 4968 4969 5096
3 4969 5097 5096
3 4969 4970 5097
3 4970 5098 5097
3 4970 4971 5098
3 4971 5099 5098
3 4971 4972 5099
3 4972 5100 5099
3 4972 4973 5100
3 4973 5101 5100
3 4973 4974 5101
3 4974 5102 5101
3 4974 4975 5102
3 4975 5103 5102
3 4975 4976 5103
3 4976 5104 5103
3 4976 4977 5104
3 4977 5105 5104
3 4977 4978 5105
3 4978 5106 5105
3 4978 4979 5106
3 4979 5107 5106
3 4979 4980 5107
3 4980 5108 5107
3 4980 4981 5108
3 4981 5109 5108
3 4981 4982 5109
3 4982 5110 5109
3 4982 4983 5110
3 4983 5111 5110
3 4983 4984 5111
3 4984 5112 5111
3 4984 4985 5112
3 4985 5113 5112
3 4985 4986 5113
3 4986 5114 5113
3 4986 4987 5114
3 4987 5115 5114
3 4987 4988 5115
3 4988 5116 5115
3 4988 4989 5116
3 4989 5117 5116
3 4989 4990 5117
3 4990 5118 5117
3 4990 4991 5118
3 4991 5119 5118
3 4991 4992 5119
3 4992 5120 5119
3 4992 4993 5120
3 4993 5121 5120
3 4993 4866 5121
3 4866 4994 5121
3 4994 4995 5122
3 4995 5123 5122
3 4995 4996 5123
3 4996 5124 5123
3 4996 4997 5124
3 4997 5125 5124
3 4997 4998 5125
3 4998 5126 5125
3 4998 4999 5126
3 4999 5127 5126
3 4999 5000 5127
3 5000 5128 5127
3 5000 5001 5128
3 5001 5129 5128
3 5001 5002 5129
3 5002 5130 5129
3 5002 5003 5130
3 5003 5131 5130
3 5003 5004 5131
3 5004 5132 5131
3 5004 5005 5132
3 5005 5133 5132
3 5005 5006 5133
3 5006 5134 5133
3 5006 5007 5134
3 5007 5135 5134
3 5007 5008 5135
3 5008 5136 5135
3 5008 5009 5136
3 5009 5137 5136
3 5009 5010 5137
3 5010 5138 5137
3 5010 5011 5138
3 5011 5139 5138
3 5011 5012 5139
3 5012 5140 5139
3 5012 5013 5140
3 5013 5141 5140
3 5013 5014 5141
3 5014 5142 5141
3 5014 5015 5142
3 5015 5143 5142
3 5015 5016 5143
3 5016 5144 5143
3 5016 5017 5144
3 5017 5145 5144
3 5017 5018 5145
3 5018 5146 5145
3 5018 5019 5146
3 5019 5147 5146
3 5019 5020 5147
3 5020 5148 5147
3 5020 5021 5148
3 5021 5149 5148
3 5021 5022 5149
3 5022 5150 5149
3 5022 5023 5150
3 5023 5151 5150
3 5023 5024 5151
3 5024 5152 5151
3 5024 5025 5152
3 5025 5153 5152
3 5025 5026 5153
3 5026 5154 5153
3 5026 5027 5154
3 5027 5155 5154
3 5027 5028 5155
3 5028 5156 5155
3 5028 5029 5156
3 5029 5157 5156
3 5029 5030 5157
3 5030 5158 5157
3 5030 5031 5158
3 5031 5159 5158
3 5031 5032 5159
3 5032 5160 5159
3 5032 5033 5160
3 5033 5161 5160
3 5033 5034 5161
3 5034 5162 5161
3 5034 5035 5162
3 5035 5163 5162
3 5035 5036 5163
3 5036 5164 5163
3 5036 5037 5164
3 5037 5165 5164
3 5037 5038 5165
3 5038 5166 5165
3 5038 5039 5166
3 5039 5167 5166
3 5039 5040 5167
3 5040 5168 5167
3 5040 5041 5168
3 5041 5169 5168
3 5041 5042 5169
3 5042 5170 5169
3 5042 5043 5170
3 5043 5171 5170
3 5043 5044 5171
3 5044 5172 5171
3 5044 5045 5172
3 5045 5173 5172
3 5045 5046 5173
3 5046 5174 5173
3 5046 5047 5174
3 5047 5175 5174
3 5047 5048 5175
3 5048 5176 5175
3 5048 5049 5176
3 5049 5177 5176
3 5049 5050 5177
3 5050 5178 5177
3 5050 5051 5178
3 5051 5179 5178
3 5051 5052 5179
3 5052 5180 5179
3 5052 5053 5180
3 5053 5181 5180
3 5053 5054 5181
3 5054 5182 5181
3 5054 5055 5182
3 5055 5183 5182
3 5055 5056 5183
3 5056 5184 5183
3 5056 5057 5184
3 5057 5185 5184
3 5057 5058 5185
3 5058 5186 5185
3 5058 5059 5186
3 5059 5187 5186
3 5059 5060 5187
3 5060 5188 5187
3 5060 5061 5188
3 5061 5189 5188
3 5061 5062 5189
3 5062 5190 5189
3 5062 5063 5190
3 5063 5191 5190
3 5063 5064 5191
3 5064 5192 5191
3 5064 5065 5192
3 5065 5193 5192
3 5065 5066 5193
3 5066 5194 5193
3 5066 5067 5194
3 5067 5195 5194
3 5067 5068 5195
3 5068 5196 5195
3 5068 5069 5196
3 5069 5197 5196
3 5069 5070 5197
3 5070 5198 5197
3 5070 5071 5198
3 5071 5199 5198
3 5071 5072 5199
3 5072 5200 5199
3 5072 5073 5200
3 5073 5201 5200
3 5073 5074 5201
3 5074 5202 5201
3 5074 5075 5202
3 5075 5203 5202
3 5075 5076 5203
3 5076 5204 5203
3 5076 5077 5204
3 5077 5205 5204
3 5077 5078 5205
3 5078 5206 5205
3 5078 5079 5206
3 5079 5207 5206
3 5079 5080 5207
3 5080 5208 5207
3 5080 5081 5208
3 5081 5209 5208
3 5081 5082 5209
3 5082 5210 5209
3 5082 5083 5210
3 5083 5211 5210
3 5083 5084 5211
3 5084 5212 5211
3 5084 5085 5212
3 5085 5213 5212
3 5085 5086 5213
3 5086 5214 5213
3 5086 5087 5214
3 5087 5215 5214
3 5087 5088 5215
3 5088 5216 5215
3 5088 5089 5216
3 5089 5217 5216
3 5089 5090 5217
3 5090 5218 5217
3 5090 5091 5218
3 5091 5219 5218
3 5091 5092 5219
3 5092 5220 5219
3 5092 5093 5220
3 5093 5221 5220
3 5093 5094 5221
3 5094 5222 5221
3 5094 5095 5222
3 5095 5223 5222
3 5095 5096 5223
3 5096 5224 5223
3 5096 5097 5224
3 5097 5225 5224
3 5097 5098 5225
3 5098 5226 5225
3 5098 5099 5226
3 5099 5227 5226
3 5099 5100 5227
3 5100 5228 5227
3 5100 5101 5228
3 5101 5229 5228
3 5101 5102 5229
3 5102 5230 5229
3 5102 5103 5230
3 5103 5231 5230
3 5103 5104 5231
3 5104 5232 5231
3 5104 5105 5232
3 5105 5233 5232
3 5105 5106 5233
3 5106 5234 5233
3 5106 5107 5234
3 5107 5235 5234
3 5107 5108 5235
3 5108 5236 5235
3 5108 5109 5236
3 5109 5237 5236
3 5109 5110 5237
3 5110 5238 5237
3 5110 5111 5238
3 5111 5239 5238
3 5111 5112 5239
3 5112 5240 5239
3 5112 5113 5240
3 5113 5241 5240
3 5113 5114 5241
3 5114 5242 5241
3 5114 5115 5242
3 5115 5243 5242
3 5115 5116 5243
3 5116 5244 5243
3 5116 5117 5244
3 5117 5245 5244
3 5117 5118 5245
3 5118 5246 5245
3 5118 5119 5246
3 5119 5247 5246
3 5119 5120 5247
3 5120 5248 5247
3 5120 5121 5248
3 5121 5249 5248
3 5121 4994 5249
3 4994 5122 5249
3 5122 5123 5250
3 5123 5251 5250
3 5123 5124 5251
3 5124 5252 5251
3 5124 5125 5252
3 5125 5253 5252
3 5125 5126 5253
3 5126 5254 5253
3 5126 5127 5254
3 5127 5255 5254
3 5127 5128 5255
3 5128 5256 5255
3 5128 5129 5256
3 5129 5257 5256
3 5129 5130 5257
3 5130 5258 5257
3 5130 5131 5258
3 5131 5259 5258
3 5131 5132 5259
3 5132 5260 5259
3 5132 5133 5260
3 5133 5261 5260
3 5133 5134 5261
3 5134 5262 5261
3 5134 5135 5262
3 5135 5263 5262
3 5135 5136 5263
3 5136 5264 5263
3 5136 5137 5264
3 5137 5265 5264
3 5137 5138 5265
3 5138 5266 5265
3 5138 5139 5266
3 5139 5267 5266
3 5139 5140 5267
3 5140 5268 5267
3 5140 5141 5268
3 5141 5269 5268
3 5141 5142 5269
3 5142 5270 5269
3 5142 5143 5270
3 5143 5271 5270
3 5143 5144 5271
3 5144 5272 5271
3 5144 5145 5272
3 5145 5273 5272
3 5145 5146 5273
3 5146 5274 5273
3 5146 5147 5274
3 5147 5275 5274
3 5147 5148 5275
3 5148 5276 5275
3 5148 5149 5276
3 5149 5277 5276
3 5149 5150 5277
3 5150 5278 5277
3 5150 5151 5278
3 5151 5279 5278
3 5151 5152 5279
3 5152 5280 5279
3 5152 5153 5280
3 5153 5281 5280
3 5153 5154 5281
3 5154 5282 5281
3 5154 5155 5282
3 5155 5283 5282
3 5155 5156 5283
3 5156 5284 5283
3 5156 5157 5284
3 5157 5285 5284
3 5157 5158 5285
3 5158 5286 5285
3 5158 5159 5286
3 5159 5287 5286
3 5159 5160 5287
3 5160 5288 5287
3 5160 5161 5288
3 5161 5289 5288
3 5161 5162 5289
3 5162 5290 5289
3 5162 5163 5290
3 5163 5291 5290
3 5163 5164 5291
3 5164 5292 5291
3 5164 5165 5292
3 5165 5293 5292
3 5165 5166 5293
3 5166 5294 5293
3 5166 5167 5294
3 5167 5295 5294
3 5167 5168 5295
3 5168 5296 5295
3 5168 5169 5296
3 5169 5297 5296
3 5169 5170 5297
3 5170 5298 5297
3 5170 5171 5298
3 5171 5299 5298
3 5171 5172 5299
3 5172 5300 5299
3 5172 5173 5300
3 5173 5301 5300
3 5173 5174 5301
3 5174 5302 5301
3 5174 5175 5302
3 5175 5303 5302
3 5175 5176 5303
3 5176 5304 5303
3 5176 5177 5304
3 5177 5305 5304
3 5177 5178 5305
3 5178 5306 5305
3 5178 5179 5306
3 5179 5307 5306
3 5179 5180 5307
3 5180 5308 5307
3 5180 5181 5308
3 5181 5309 5308
3 5181 5182 5309
3 5182 5310 5309
3 5182 5183 5310
3 5183 5311 5310
3 5183 5184 5311
3 5184 5312 5311
3 5184 5185 5312
3 5185 5313 5312
3 5185 5186 5313
3 5186 5314 5313
3 5186 5187 5314
3 5187 5315 5314
3 5187 5188 5315
3 5188 5316 5315
3 5188 5189 5316
3 5189 5317 5316
3 5189 5190 5317
3 5190 5318 5317
3 5190 5191 5318
3 5191 5319 5318
3 5191 5192 5319
3 5192 5320 5319
3 5192 5193 5320
3 5193 5321 5320
3 5193 5194 5321
3 5194 5322 5321
3 5194 5195 5322
3 5195 5323 5322
3 5195 5196 5323
3 5196 5324 5323
3 5196 5197 5324
3 5197 5325 5324
3 5197 5198 5325
3 5198 5326 5325
3 5198 5199 5326
3 5199 5327 5326
3 5199 5200 5327
3 5200 5328 5327
3 5200 5201 5328
3 5201 5329 5328
3 5201 5202 5329
3 5202 5330 5329
3 5202 5203 5330
3 5203 5331 5330
3 5203 5204 5331
3 5204 5332 5331
3 5204 5205 5332
3 5205 5333 5332
3 5205 5206 5333
3 5206 5334 5333
3 5206 5207 5334
3 5207 5335 5334
3 5207 5208 5335
3 5208 5336 5335
3 5208 5209 5336
3 5209 5337 5336
3 5209 5210 5337
3 5210 5338 5337
3 5210 5211 5338
3 5211 5339 5338
3 5211 5212 5339
3 5212 5340 5339
3 5212 5213 5340
3 5213 5341 5340
3 5213 5214 5341
3 5214 5342 5341
3 5214 5215 5342
3 5215 5343 5342
3 5215 5216 5343
3 5216 5344 5343
3 5216 5217 5344
3 5217 5345 5344
3 5217 5218 5345
3 5218 5346 5345
3 5218 5219 5346
3 5219 5347 5346
3 5219 5220 5347
3 5220 5348 5347
3 5220 5221 5348
3 5221 5349 5348
3 5221 5222 5349
3 5222 5350 5349
3 5222 5223 5350
3 5223 5351 5350
3 5223 5224 5351
3 5224 5352 5351
3 5224 5225 5352
3 5225 5353 5352
3 5225 5226 5353
3 5226 5354 5353
3 5226 5227 5354
3 5227 5355 5354
3 5227 5228 5355
3 5228 5356 5355
3 5228 5229 5356
3 5229 5357 5356
3 5229 5230 5357
3 5230 5358 5357
3 5230 5231 5358
3 5231 5359 5358
3 5231 5232 5359
3 5232 5360 5359
3 5232 5233 5360
3 5233 5361 5360
3 5233 5234 5361
3 5234 5362 5361
3 5234 5235 5362
3 5235 5363 5362
3 5235 5236 5363
3 5236 5364 5363
3 5236 5237 5364
3 5237 5365 5364
3 5237 5238 5365
3 5238 5366 5365
3 5238 5239 5366
3 5239 5367 5366
3 5239 5240 5367
3 5240 5368 5367
3 5240 5241 5368
3 5241 5369 5368
3 5241 5242 5369
3 5242 5370 5369
3 5242 5243 5370
3 5243 5371 5370
3 5243 5244 5371
3 5244 5372 5371
3 5244 5245 5372
3 5245 5373 5372
3 5245 5246 5373
3 5246 5374 5373
3 5246 5247 5374
3 5247 5375 5374
3 5247 5248 5375
3 5248 5376 5375
3 5248 5249 5376
3 5249 5377 5376
3 5249 5122 5377
3 5122 5250 5377
3 5250 5251 5378
3 5251 5379 5378
3 5251 5252 5379
3 5252 5380 5379
3 5252 5253 5380
3 5253 5381 5380
3 5253 5254 5381
3 5254 5382 5381
3 5254 5255 5382
3 5255 5383 5382
3 5255 5256 5383
3 5256 5384 5383
3 5256 5257 5384
3 5257 5385 5384
3 5257 5258 5385
3 5258 5386 5385
3 5258 5259 5386
3 5259 5387 5386
3 5259 5260 5387
3 5260 5388 5387
3 5260 5261 5388
3 5261 5389 5388
3 5261 5262 5389
3 5262 5390 5389
3 5262 5263 5390
3 5263 5391 5390
3 5263 5264 5391
3 5264 5392 5391
3 5264 5265 5392
3 5265 5393 5392
3 5265 5266 5393
3 5266 5394 5393
3 5266 5267 5394
3 5267 5395 5394
3 5267 5268 5395
3 5268 5396 5395
3 5268 5269 5396
3 5269 5397 5396
3 5269 5270 5397
3 5270 5398 5397
3 5270 5271 5398
3 5271 5399 5398
3 5271 5272 5399
3 5272 5400 5399
3 5272 5273 5400
3 5273 5401 5400
3 5273 5274 5401
3 5274 5402 5401
3 5274 5275 5402
3 5275 5403 5402
3 5275 5276 5403
3 5276 5404 5403
3 5276 5277 5404
3 5277 5405 5404
3 5277 5278 5405
3 5278 5406 5405
3 5278 5279 5406
3 5279 5407 5406
3 5279 5280 5407
3 5280 5408 5407
3 5280 5281 5408
3 5281 5409 5408
3 5281 5282 5409
3 5282 5410 5409
3 5282 5283 5410
3 5283 5411 5410
3 5283 5284 5411
3 5284 5412 5411
3 5284 5285 5412
3 5285 5413 5412
3 5285 5286 5413
3 5286 5414 5413
3 5286 5287 5414
3 5287 5415 5414
3 5287 5288 5415
3 5288 5416 5415
3 5288 5289 5416
3 5289 5417 5416
3 5289 5290 5417
3 5290 5418 5417
3 5290 5291 5418
3 5291 5419 5418
3 5291 5292 5419
3 5292 5420 5419
3 5292 5293 5420
3 5293 5421 5420
3 5293 5294 5421
3 5294 5422 5421
3 5294 5295 5422
3 5295 5423 5422
3 5295 5296 5423
3 5296 5424 5423
3 5296 5297 5424
3 5297 5425 5424
3 5297 5298 5425
3 5298 5426 5425
3 5298 5299 5426
3 5299 5427 5426
3 5299 5300 5427
3 5300 5428 5427
3 5300 5301 5428
3 5301 5429 5428
3 5301 5302 5429
3 5302 5430 5429
3 5302 5303 5430
3 5303 5431 5430
3 5303 5304 5431
3 5304 5432 5431
3 5304 5305 5432
3 5305 5433 5432
3 5305 5306 5433
3 5306 5434 5433
3 5306 5307 5434
3 5307 5435 5434
3 5307 5308 5435
3 5308 5436 5435
3 5308 5309 5436
3 5309 5437 5436
3 5309 5310 5437
3 5310 5438 5437
3 5310 5311 5438
3 5311 5439 5438
3 5311 5312 5439
3 5312 5440 5439
3 5312 5313 5440
3 5313 5441 5440
3 5313 5314 5441
3 5314 5442 5441
3 5314 5315 5442
3 5315 5443 5442
3 5315 5316 5443
3 5316 5444 5443
3 5316 5317 5444
3 5317 5445 5444
3 5317 5318 5445
3 5318 5446 5445
3 5318 5319 5446
3 5319 5447 5446
3 5319 5320 5447
3 5320 5448 5447
3 5320 5321 5448
3 5321 5449 5448
3 5321 5322 5449
3 5322 5450 5449
3 5322 5323 5450
3 5323 5451 5450
3 5323 5324 5451
3 5324 5452 5451
3 5324 5325 5452
3 5325 5453 5452
3 5325 5326 5453
3 5326 5454 5453
3 5326 5327 5454
3 5327 5455 5454
3 5327 5328 5455
3 5328 5456 5455
3 5328 5329 5456
3 5329 5457 5456
3 5329 5330 5457
3 5330 5458 5457
3 5330 5331 5458
3 5331 5459 5458
3 5331 5332 5459
3 5332 5460 5459
3 5332 5333 5460
3 5333 5461 5460
3 5333 5334 5461
3 5334 5462 5461
3 5334 5335 5462
3 5335 5463 5462
3 5335 5336 5463
3 5336 5464 5463
3 5336 5337 5464
3 5337 5465 5464
3 5337 5338 5465
3 5338 5466 5465
3 5338 5339 5466
3 5339 5467 5466
3 5339 5340 5467
3 5340 5468 5467
3 5340 5341 5468
3 5341 5469 5468
3 5341 5342 5469
3 5342 5470 5469
3 5342 5343 5470
3 5343 5471 5470
3 5343 5344 5471
3 5344 5472 5471
3 5344 5345 5472
3 5345 5473 5472
3 5345 5346 5473
3 5346 5474 5473
3 5346 5347 5474
3 5347 5475 5474
3 5347 5348 5475
3 5348 5476 5475
3 5348 5349 5476
3 5349 5477 5476
3 5349 5350 5477
3 5350 5478 5477
3 5350 5351 5478
3 5351 5479 5478
3 5351 5352 5479
3 5352 5480 5479
3 5352 5353 5480
3 5353 5481 5480
3 5353 5354 5481
3 5354 5482 5481
3 5354 5355 5482
3 5355 5483 5482
3 5355 5356 5483
3 5356 5484 5483
3 5356 5357 5484
3 5357 5485 5484
3 5357 5358 5485
3 5358 5486 5485
3 5358 5359 5486
3 5359 5487 5486
3 5359 5360 5487
3 5360 5488 5487
3 5360 5361 5488
3 5361 5489 5488
3 5361 5362 5489
3 5362 5490 5489
3 5362 5363 5490
3 5363 5491 5490
3 5363 5364 5491
3 5364 5492 5491
3 5364 5365 5492
3 5365 5493 5492
3 5365 5366 5493
3 5366 5494 5493
3 5366 5367 5494
3 5367 5495 5494
3 5367 5368 5495
3 5368 5496 5495
3 5368 5369 5496
3 5369 5497 5496
3 5369 5370 5497
3 5370 5498 5497
3 5370 5371 5498
3 5371 5499 5498
3 5371 5372 5499
3 5372 5500 5499
3 5372 5373 5500
3 5373 5501 5500
3 5373 5374 5501
3 5374 5502 5501
3 5374 5375 5502
3 5375 5503 5502
3 5375 5376 5503
3 5376 5504 5503
3 5376 5377 5504
3 5377 5505 5504
3 5377 5250 5505
3 5250 5378 5505
3 5378 5379 5506
3 5379 5507 5506
3 5379 5380 5507
3 5380 5508 5507
3 5380 5381 5508
3 5381 5509 5508
3 5381 5382 5509
3 5382 5510 5509
3 5382 5383 5510
3 5383 5511 5510
3 5383 5384 5511
3 5384 5512 5511
3 5384 5385 5512
3 5385 5513 5512
3 5385 5386 5513
3 5386 5514 5513
3 5386 5387 5514
3 5387 5515 5514
3 5387 5388 5515
3 5388 5516 5515
3 5388 5389 5516
3 5389 5517 5516
3 5389 5390 5517
3 5390 5518 5517
3 5390 5391 5518
3 5391 5519 5518
3 5391 5392 5519
3 5392 5520 5519
3 5392 5393 5520
3 5393 5521 5520
3 5393 5394 5521
3 5394 5522 5521
3 5394 5395 5522
3 5395 5523 5522
3 5395 5396 5523
3 5396 5524 5523
3 5396 5397 5524
3 5397 5525 5524
3 5397 5398 5525
3 5398 5526 5525
3 5398 5399 5526
3 5399 5527 5526
3 5399 5400 5527
3 5400 5528 5527
3 5400 5401 5528
3 5401 5529 5528
3 5401 5402 5529
3 5402 5530 5529
3 5402 5403 5530
3 5403 5531 5530
3 5403 5404 5531
3 5404 5532 5531
3 5404 5405 5532
3 5405 5533 5532
3 5405 5406 5533
3 5406 5534 5533
3 5406 5407 5534
3 5407 5535 5534
3 5407 5408 5535
3 5408 5536 5535
3 5408 5409 5536
3 5409 5537 5536
3 5409 5410 5537
3 5410 5538 5537
3 5410 5411 5538
3 5411 5539 5538
3 5411 5412 5539
3 5412 5540 5539
3 5412 5413 5540
3 5413 5541 5540
3 5413 5414 5541
3 5414 5542 5541
3 5414 5415 5542
3 5415 5543 5542
3 5415 5416 5543
3 5416 5544 5543
3 5416 5417 5544
3 5417 5545 5544
3 5417 5418 5545
3 5418 5546 5545
3 5418 5419 5546
3 5419 5547 5546
3 5419 5420 5547
3 5420 5548 5547
3 5420 5421 5548
3 5421 5549 5548
3 5421 5422 5549
3 5422 5550 5549
3 5422 5423 5550
3 5423 5551 5550
3 5423 5424 5551
3 5424 5552 5551
3 5424 5425 5552
3 5425 5553 5552
3 5425 5426 5553
3 5426 5554 5553
3 5426 5427 5554
3 5427 5555 5554
3 5427 5428 5555
3 5428 5556 5555
3 5428 5429 5556
3 5429 5557 5556
3 5429 5430 5557
3 5430 5558 5557
3 5430 5431 5558
3 5431 5559 5558
3 5431 5432 5559
3 5432 5560 5559
3 5432 5433 5560
3 5433 5561 5560
3 5433 5434 5561
3 5434 5562 5561
3 5434 5435 5562
3 5435 5563 5562
3 5435 5436 5563
3 5436 5564 5563
3 5436 5437 5564
3 5437 5565 5564
3 5437 5438 5565
3 5438 5566 5565
3 5438 5439 5566
3 5439 5567 5566
3 5439 5440 5567
3 5440 5568 5567
3 5440 5441 5568
3 5441 5569 5568
3 5441 5442 5569
3 5442 5570 5569
3 5442 5443 5570
3 5443 5571 5570
3 5443 5444 5571
3 5444 5572 5571
3 5444 5445 5572
3 5445 5573 5572
3 5445 5446 5573
3 5446 5574 5573
3 5446 5447 5574
3 5447 5575 5574
3 5447 5448 5575
3 5448 5576 5575
3 5448 5449 5576
3 5449 5577 5576
3 5449 5450 5577
3 5450 5578 5577
3 5450 5451 5578
3 5451 5579 5578
3 5451 5452 5579
3 5452 5580 5579
3 5452 5453 5580
3 5453 5581 5580
3 5453 5454 5581
3 5454 5582 5581
3 5454 5455 5582
3 5455 5583 5582
3 5455 5456 5583
3 5456 5584 5583
3 5456 5457 5584
3 5457 5585 5584
3 5457 5458 5585
3 5458 5586 5585
3 5458 5459 5586
3 5459 5587 5586
3 5459 5460 5587
3 5460 5588 5587
3 5460 5461 5588
3 5461 5589 5588
3 5461 5462 5589
3 5462 5590 5589
3 5462 5463 5590
3 5463 5591 5590
3 5463 5464 5591
3 5464 5592 5591
3 5464 5465 5592
3 5465 5593 5592
3 5465 5466 5593
3 5466 5594 5593
3 5466 5467 5594
3 5467 5595 5594
3 5467 5468 5595
3 5468 5596 5595
3 5468 5469 5596
3 5469 5597 5596
3 5469 5470 5597
3 5470 5598 5597
3 5470 5471 5598
3 5471 5599 5598
3 5471 5472 5599
3 5472 5600 5599
3 5472 5473 5600
3 5473 5601 5600
3 5473 5474 5601
3 5474 5602 5601
3 5474 5475 5602
3 5475 5603 5602
3 5475 5476 5603
3 5476 5604 5603
3 5476 5477 5604
3 5477 5605 5604
3 5477 5478 5605
3 5478 5606 5605
3 5478 5479 5606
3 5479 5607 5606
3 5479 5480 5607
3 5480 5608 5607
3 5480 5481 5608
3 5481 5609 5608
3 5481 5482 5609
3 5482 5610 5609
3 5482 5483 5610
3 5483 5611 5610
3 5483 5484 5611
3 5484 5612 5611
3 5484 5485 5612
3 5485 5613 5612
3 5485 5486 5613
3 5486 5614 5613
3 5486 5487 5614
3 5487 5615 5614
3 5487 5488 5615
3 5488 5616 5615
3 5488 5489 5616
3 5489 5617 5616
3 5489 5490 5617
3 5490 5618 5617
3 5490 5491 5618
3 5491 5619 5618
3 5491 5492 5619
3 5492 5620 5619
3 5492 5493 5620
3 5493 5621 5620
3 5493 5494 5621
3 5494 5622 5621
3 5494 5495 5622
3 5495 5623 5622
3 5495 5496 5623
3 5496 5624 5623
3 5496 5497 5624
3 5497 5625 5624
3 5497 5498 5625
3 5498 5626 5625
3 5498 5499 5626
3 5499 5627 5626
3 5499 5500 5627
3 5500 5628 5627
3 5500 5501 5628
3 5501 5629 5628
3 5501 5502 5629
3 5502 5630 5629
3 5502 5503 5630
3 5503 5631 5630
3 5503 5504 5631
3 5504 5632 5631
3 5504 5505 5632
3 5505 5633 5632
3 5505 5378 5633
3 5378 5506 5633
3 5506 5507 5634
3 5507 5635 5634
3 5507 5508 5635
3 5508 5636 5635
3 5508 5509 5636
3 5509 5637 5636
3 5509 5510 5637
3 5510 5638 5637
3 5510 5511 5638
3 5511 5639 5638
3 5511 5512 5639
3 5512 5640 5639
3 5512 5513 5640
3 5513 5641 5640
3 5513 5514 5641
3 5514 5642 5641
3 5514 5515 5642
3 5515 5643 5642
3 5515 5516 5643
3 5516 5644 5643
3 5516 5517 5644
3 5517 5645 5644
3 5517 5518 5645
3 5518 5646 5645
3 5518 5519 5646
3 5519 5647 5646
3 5519 5520 5647
3 5520 5648 5647
3 5520 5521 5648
3 5521 5649 5648
3 5521 5522 5649
3 5522 5650 5649
3 5522 5523 5650
3 5523 5651 5650
3 5523 5524 5651
3 5524 5652 5651
3 5524 5525 5652
3 5525 5653 5652
3 5525 5526 5653
3 5526 5654 5653
3 5526 5527 5654
3 5527 5655 5654
3 5527 5528 5655
3 5528 5656 5655
3 5528 5529 5656
3 5529 5657 5656
3 5529 5530 5657
3 5530 5658 5657
3 5530 5531 5658
3 5531 5659 5658
3 5531 5532 5659
3 5532 5660 5659
3 5532 5533 5660
3 5533 5661 5660
3 5533 5534 5661
3 5534 5662 5661
3 5534 5535 5662
3 5535 5663 5662
3 5535 5536 5663
3 5536 5664 5663
3 5536 5537 5664
3 5537 5665 5664
3 5537 5538 5665
3 5538 5666 5665
3 5538 5539 5666
3 5539 5667 5666
3 5539 5540 5667
3 5540 5668 5667
3 5540 5541 5668
3 5541 5669 5668
3 5541 5542 5669
3 5542 5670 5669
3 5542 5543 5670
3 5543 5671 5670
3 5543 5544 5671
3 5544 5672 5671
3 5544 5545 5672
3 5545 5673 5672
3 5545 5546 5673
3 5546 5674 5673
3 5546 5547 5674
3 5547 5675 5674
3 5547 5548 5675
3 5548 5676 5675
3 5548 5549 5676
3 5549 5677 5676
3 5549 5550 5677
3 5550 5678 5677
3 5550 5551 5678
3 5551 5679 5678
3 5551 5552 5679
3 5552 5680 5679
3 5552 5553 5680
3 5553 5681 5680
3 5553 5554 5681
3 5554 5682 5681
3 5554 5555 5682
3 5555 5683 5682
3 5555 5556 5683
3 5556 5684 5683
3 5556 5557 5684
3 5557 5685 5684
3 5557 5558 5685
3 5558 5686 5685
3 5558 5559 5686
3 5559 5687 5686
3 5559 5560 5687
3 5560 5688 5687
3 5560 5561 5688
3 5561 5689 5688
3 5561 5562 5689
3 5562 5690 5689
3 5562 5563 5690
3 5563 5691 5690
3 5563 5564 5691
3 5564 5692 5691
3 5564 5565 5692
3 5565 5693 5692
3 5565 5566 5693
3 5566 5694 5693
3 5566 5567 5694
3 5567 5695 5694
3 5567 5568 5695
3 5568 5696 5695
3 5568 5569 5696
3 5569 5697 5696
3 5569 5570 5697
3 5570 5698 5697
3 5570 5571 5698
3 5571 5699 5698
3 5571 5572 5699
3 5572 5700 5699
3 5572 5573 5700
3 5573 5701 5700
3 5573 5574 5701
3 5574 5702 5701
3 5574 5575 5702
3 5575 5703 5702
3 5575 5576 5703
3 5576 5704 5703
3 5576 5577 5704
3 5577 5705 5704
3 5577 5578 5705
3 5578 5706 5705
3 5578 5579 5706
3 5579 5707 5706
3 5579 5580 5707
3 5580 5708 5707
3 5580 5581 5708
3 5581 5709 5708
3 5581 5582 5709
3 5582 5710 5709
3 5582 5583 5710
3 5583 5711 5710
3 5583 5584 5711
3 5584 5712 5711
3 5584 5585 5712
3 5585 5713 5712
3 5585 5586 5713
3 5586 5714 5713
3 5586 5587 5714
3 5587 5715 5714
3 5587 5588 5715
3 5588 5716 5715
3 5588 5589 5716
3 5589 5717 5716
3 5589 5590 5717
3 5590 5718 5717
3 5590 5591 5718
3 5591 5719 5718
3 5591 5592 5719
3 5592 5720 5719
3 5592 5593 5720
3 5593 5721 5720
3 5593 5594 5721
3 5594 5722 5721
3 5594 5595 5722
3 5595 5723 5722
3 5595 5596 5723
3 5596 5724 5723
3 5596 5597 5724
3 5597 5725 5724
3 5597 5598 5725
3 5598 5726 5725
3 5598 5599 5726
3 5599 5727 5726
3 5599 5600 5727
3 5600 5728 5727
3 5600 5601 5728
3 5601 5729 5728
3 5601 5602 5729
3 5602 5730 5729
3 5602 5603 5730
3 5603 5731 5730
3 5603 5604 5731
3 5604 5732 5731
3 5604 5605 5732
3 5605 5733 5732
3 5605 5606 5733
3 5606 5734 5733
3 5606 5607 5734
3 5607 5735 5734
3 5607 5608 5735
3 5608 5736 5735
3 5608 5609 5736
3 5609 5737 5736
3 5609 5610 5737
3 5610 5738 5737
3 5610 5611 5738
3 5611 5739 5738
3 5611 5612 5739
3 5612 5740 5739
3 5612 5613 5740
3 5613 5741 5740
3 5613 5614 5741
3 5614 5742 5741
3 5614 5615 5742
3 5615 5743 5742
3 5615 5616 5743
3 5616 5744 5743
3 5616 5617 5744
3 5617 5745 5744
3 5617 5618 5745
3 5618 5746 5745
3 5618 5619 5746
3 5619 5747 5746
3 5619 5620 5747
3 5620 5748 5747
3 5620 5621 5748
3 5621 5749 5748
3 5621 5622 5749
3 5622 5750 5749
3 5622 5623 5750
3 5623 5751 5750
3 5623 5624 5751
3 5624 5752 5751
3 5624 5625 5752
3 5625 5753 5752
3 5625 5626 5753
3 5626 5754 5753
3 5626 5627 5754
3 5627 5755 5754
3 5627 5628 5755
3 5628 5756 5755
3 5628 5629 5756
3 5629 5757 5756
3 5629 5630 5757
3 5630 5758 5757
3 5630 5631 5758
3 5631 5759 5758
3 5631 5632 5759
3 5632 5760 5759
3 5632 5633 5760
3 5633 5761 5760
3 5633 5506 5761
3 5506 5634 5761
3 5634 5635 5762
3 5635 5763 5762
3 5635 5636 5763
3 5636 5764 5763
3 5636 5637 5764
3 5637 5765 5764
3 5637 5638 5765
3 5638 5766 5765
3 5638 5639 5766
3 5639 5767 5766
3 5639 5640 5767
3 5640 5768 5767
3 5640 5641 5768
3 5641 5769 5768
3 5641 5642 5769
3 5642 5770 5769
3 5642 5643 5770
3 5643 5771 5770
3 5643 5644 5771
3 5644 5772 5771
3 5644 5645 5772
3 5645 5773 5772
3 5645 5646 5773
3 5646 5774 5773
3 5646 5647 5774
3 5647 5775 5774
3 5647 5648 5775
3 5648 5776 5775
3 5648 5649 5776
3 5649 5777 5776
3 5649 5650 5777
3 5650 5778 5777
3 5650 5651 5778
3 5651 5779 5778
3 5651 5652 5779
3 5652 5780 5779
3 5652 5653 5780
3 5653 5781 5780
3 5653 5654 5781
3 5654 5782 5781
3 5654 5655 5782
3 5655 5783 5782
3 5655 5656 5783
3 5656 5784 5783
3 5656 5657 5784
3 5657 5785 5784
3 5657 5658 5785
3 5658 5786 5785
3 5658 5659 5786
3 5659 5787 5786
3 5659 5660 5787
3 5660 5788 5787
3 5660 5661 5788
3 5661 5789 5788
3 5661 5662 5789
3 5662 5790 5789
3 5662 5663 5790
3 5663 5791 5790
3 5663 5664 5791
3 5664 5792 5791
3 5664 5665 5792
3 5665 5793 5792
3 5665 5666 5793
3 5666 5794 5793
3 5666 5667 5794
3 5667 5795 5794
3 5667 5668 5795
3 5668 5796 5795
3 5668 5669 5796
3 5669 5797 5796
3 5669 5670 5797
3 5670 5798 5797
3 5670 5671 5798
3 5671 5799 5798
3 5671 5672 5799
3 5672 5800 5799
3 5672 5673 5800
3 5673 5801 5800
3 5673 5674 5801
3 5674 5802 5801
3 5674 5675 5802
3 5675 5803 5802
3 5675 5676 5803
3 5676 5804 5803
3 5676 5677 5804
3 5677 5805 5804
3 5677 5678 5805
3 5678 5806 5805
3 5678 5679 5806
3 5679 5807 5806
3 5679 5680 5807
3 5680 5808 5807
3 5680 5681 5808
3 5681 5809 5808
3 5681 5682 5809
3 5682 5810 5809
3 5682 5683 5810
3 5683 5811 5810
3 5683 5684 5811
3 5684 5812 5811
3 5684 5685 5812
3 5685 5813 5812
3 5685 5686 5813
3 5686 5814 5813
3 5686 5687 5814
3 5687 5815 5814
3 5687 5688 5815
3 5688 5816 5815
3 5688 5689 5816
3 5689 5817 5816
3 5689 5690 5817
3 5690 5818 5817
3 5690 5691 5818
3 5691 5819 5818
3 5691 5692 5819
3 5692 5820 5819
3 5692 5693 5820
3 5693 5821 5820
3 5693 5694 5821
3 5694 5822 5821
3 5694 5695 5822
3 5695 5823 5822
3 5695 5696 5823
3 5696 5824 5823
3 5696 5697 5824
3 5697 5825 5824
3 5697 5698 5825
3 5698 5826 5825
3 5698 5699 5826
3 5699 5827 5826
3 5699 5700 5827
3 5700 5828 5827
3 5700 5701 5828
3 5701 5829 5828
3 5701 5702 5829
3 5702 5830 5829
3 5702 5703 5830
3 5703 5831 5830
3 5703 5704 5831
3 5704 5832 5831
3 5704 5705 5832
3 5705 5833 5832
3 5705 5706 5833
3 5706 5834 5833
3 5706 5707 5834
3 5707 5835 5834
3 5707 5708 5835
3 5708 5836 5835
3 5708 5709 5836
3 5709 5837 5836
3 5709 5710 5837
3 5710 5838 5837
3 5710 5711 5838
3 5711 5839 5838
3 5711 5712 5839
3 5712 5840 5839
3 5712 5713 5840
3 5713 5841 5840
3 5713 5714 5841
3 5714 5842 5841
3 5714 5715 5842
3 5715 5843 5842
3 5715 5716 5843
3 5716 5844 5843
3 5716 5717 5844
3 5717 5845 5844
3 5717 5718 5845
3 5718 5846 5845
3 5718 5719 5846
3 5719 5847 5846
3 5719 5720 5847
3 5720 5848 5847
3 5720 5721 5848
3 5721 5849 5848
3 5721 5722 5849
3 5722 5850 5849
3 5722 5723 5850
3 5723 5851 5850
3 5723 5724 5851
3 5724 5852 5851
3 5724 5725 5852
3 5725 5853 5852
3 5725 5726 5853
3 5726 5854 5853
3 5726 5727 5854
3 5727 5855 5854
3 5727 5728 5855
3 5728 5856 5855
3 5728 5729 5856
3 5729 5857 5856
3 5729 5730 5857
3 5730 5858 5857
3 5730 5731 5858
3 5731 5859 5858
3 5731 5732 5859
3 5732 5860 5859
3 5732 5733 5860
3 5733 5861 5860
3 5733 5734 5861
3 5734 5862 5861
3 5734 5735 5862
3 5735 5863 5862
3 5735 5736 5863
3 5736 5864 5863
3 5736 5737 5864
3 5737 5865 5864
3 5737 5738 5865
3 5738 5866 5865
3 5738 5739 5866
3 5739 5867 5866
3 5739 5740 5867
3 5740 5868 5867
3 5740 5741 5868
3 5741 5869 5868
3 5741 5742 5869
3 5742 5870 5869
3 5742 5743 5870
3 5743 5871 5870
3 5743 5744 5871
3 5744 5872 5871
3 5744 5745 5872
3 5745 5873 5872
3 5745 5746 5873
3 5746 5874 5873
3 5746 5747 5874
3 5747 5875 5874
3 5747 5748 5875
3 5748 5876 5875
3 5748 5749 5876
3 5749 5877 5876
3 5749 5750 5877
3 5750 5878 5877
3 5750 5751 5878
3 5751 5879 5878
3 5751 5752 5879
3 5752 5880 5879
3 5752 5753 5880
3 5753 5881 5880
3 5753 5754 5881
3 5754 5882 5881
3 5754 5755 5882
3 5755 5883 5882
3 5755 5756 5883
3 5756 5884 5883
3 5756 5757 5884
3 5757 5885 5884
3 5757 5758 5885
3 5758 5886 5885
3 5758 5759 5886
3 5759 5887 5886
3 5759 5760 5887
3 5760 5888 5887
3 5760 5761 5888
3 5761 5889 5888
3 5761 5634 5889
3 5634 5762 5889
3 5762 5763 5890
3 5763 5891 5890
3 5763 5764 5891
3 5764 5892 5891
3 5764 5765 5892
3 5765 5893 5892
3 5765 5766 5893
3 5766 5894 5893
3 5766 5767 5894
3 5767 5895 5894
3 5767 5768 5895
3 5768 5896 5895
3 5768 5769 5896
3 5769 5897 5896
3 5769 5770 5897
3 5770 5898 5897
3 5770 5771 5898
3 5771 5899 5898
3 5771 5772 5899
3 5772 5900 5899
3 5772 5773 5900
3 5773 5901 5900
3 5773 5774 5901
3 5774 5902 5901
3 5774 5775 5902
3 5775 5903 5902
3 5775 5776 5903
3 5776 5904 5903
3 5776 5777 5904
3 5777 5905 5904
3 5777 5778 5905
3 5778 5906 5905
3 5778 5779 5906
3 5779 5907 5906
3 5779 5780 5907
3 5780 5908 5907
3 5780 5781 5908
3 5781 5909 5908
3 5781 5782 5909
3 5782 5910 5909
3 5782 5783 5910
3 5783 5911 5910
3 5783 5784 5911
3 5784 5912 5911
3 5784 5785 5912
3 5785 5913 5912
3 5785 5786 5913
3 5786 5914 5913
3 5786 5787 5914
3 5787 5915 5914
3 5787 5788 5915
3 5788 5916 5915
3 5788 5789 5916
3 5789 5917 5916
3 5789 5790 5917
3 5790 5918 5917
3 5790 5791 5918
3 5791 5919 5918
3 5791 5792 5919
3 5792 5920 5919
3 5792 5793 5920
3 5793 5921 5920
3 5793 5794 5921
3 5794 5922 5921
3 5794 5795 5922
3 5795 5923 5922
3 5795 5796 5923
3 5796 5924 5923
3 5796 5797 5924
3 5797 5925 5924
3 5797 5798 5925
3 5798 5926 5925
3 5798 5799 5926
3 5799 5927 5926
3 5799 5800 5927
3 5800 5928 5927
3 5800 5801 5928
3 5801 5929 5928
3 5801 5802 5929
3 5802 5930 5929
3 5802 5803 5930
3 5803 5931 5930
3 5803 5804 5931
3 5804 5932 5931
3 5804 5805 5932
3 5805 5933 5932
3 5805 5806 5933
3 5806 5934 5933
3 5806 5807 5934
3 5807 5935 5934
3 5807 5808 5935
3 5808 5936 5935
3 5808 5809 5936
3 5809 5937 5936
3 5809 5810 5937
3 5810 5938 5937
3 5810 5811 5938
3 5811 5939 5938
3 5811 5812 5939
3 5812 5940 5939
3 5812 5813 5940
3 5813 5941 5940
3 5813 5814 5941
3 5814 5942 5941
3 5814 5815 5942
3 5815 5943 5942
3 5815 5816 5943
3 5816 5944 5943
3 5816 5817 5944
3 5817 5945 5944
3 5817 5818 5945
3 5818 5946 5945
3 5818 5819 5946
3 5819 5947 5946
3 5819 5820 5947
3 5820 5948 5947
3 5820 5821 5948
3 5821 5949 5948
3 5821 5822 5949
3 5822 5950 5949
3 5822 5823 5950
3 5823 5951 5950
3 5823 5824 5951
3 5824 5952 5951
3 5824 5825 5952
3 5825 5953 5952
3 5825 5826 5953
3 5826 5954 5953
3 5826 5827 5954
3 5827 5955 5954
3 5827 5828 5955
3 5828 5956 5955
3 5828 5829 5956
3 5829 5957 5956
3 5829 5830 5957
3 5830 5958 5957
3 5830 5831 5958
3 5831 5959 5958
3 5831 5832 5959
3 5832 5960 5959
3 5832 5833 5960
3 5833 5961 5960
3 5833 5834 5961
3 5834 5962 5961
3 5834 5835 5962
3 5835 5963 5962
3 5835 5836 5963
3 5836 5964 5963
3 5836 5837 5964
3 5837 5965 5964
3 5837 5838 5965
3 5838 5966 5965
3 5838 5839 5966
3 5839 5967 5966
3 5839 5840 5967
3 5840 5968 5967
3 5840 5841 5968
3 5841 5969 5968
3 5841 5842 5969
3 5842 5970 5969
3 5842 5843 5970
3 5843 5971 5970
3 5843 5844 5971
3 5844 5972 5971
3 5844 5845 5972
3 5845 5973 5972
3 5845 5846 5973
3 5846 5974 5973
3 5846 5847 5974
3 5847 5975 5974
3 5847 5848 5975
3 5848 5976 5975
3 5848 5849 5976
3 5849 5977 5976
3 5849 5850 5977
3 5850 5978 5977
3 5850 5851 5978
3 5851 5979 5978
3 5851 5852 5979
3 5852 5980 5979
3 5852 5853 5980
3 5853 5981 5980
3 5853 5854 5981
3 5854 5982 5981
3 5854 5855 5982
3 5855 5983 5982
3 5855 5856 5983
3 5856 5984 5983
3 5856 5857 5984
3 5857 5985 5984
3 5857 5858 5985
3 5858 5986 5985
3 5858 5859 5986
3 5859 5987 5986
3 5859 5860 5987
3 5860 5988 5987
3 5860 5861 5988
3 5861 5989 5988
3 5861 5862 5989
3 5862 5990 5989
3 5862 5863 5990
3 5863 5991 5990
3 5863 5864 5991
3 5864 5992 5991
3 5864 5865 5992
3 5865 5993 5992
3 5865 5866 5993
3 5866 5994 5993
3 5866 5867 5994
3 5867 5995 5994
3 5867 5868 5995
3 5868 5996 5995
3 5868 5869 5996
3 5869 5997 5996
3 5869 5870 5997
3 5870 5998 5997
3 5870 5871 5998
3 5871 5999 5998
3 5871 5872 5999
3 5872 6000 5999
3 5872 5873 6000
3 5873 6001 6000
3 5873 5874 6001
3 5874 6002 6001
3 5874 5875 6002
3 5875 6003 6002
3 5875 5876 6003
3 5876 6004 6003
3 5876 5877 6004
3 5877 6005 6004
3 5877 5878 6005
3 5878 6006 6005
3 5878 5879 6006
3 5879 6007 6006
3 5879 5880 6007
3 5880 6008 6007
3 5880 5881 6008
3 5881 6009 6008
3 5881 5882 6009
3 5882 6010 6009
3 5882 5883 6010
3 5883 6011 6010
3 5883 5884 6011
3 5884 6012 6011
3 5884 5885 6012
3 5885 6013 6012
3 5885 5886 6013
3 5886 6014 6013
3 5886 5887 6014
3 5887 6015 6014
3 5887 5888 6015
3 5888 6016 6015
3 5888 5889 6016
3 5889 6017 6016
3 5889 5762 6017
3 5762 5890 6017
3 5890 5891 6018
3 5891 6019 6018
3 5891 5892 6019
3 5892 6020 6019
3 5892 5893 6020
3 5893 6021 6020
3 5893 5894 6021
3 5894 6022 6021
3 5894 5895 6022
3 5895 6023 6022
3 5895 5896 6023
3 5896 6024 6023
3 5896 5897 6024
3 5897 6025 6024
3 5897 5898 6025
3 5898 6026 6025
3 5898 5899 6026
3 5899 6027 6026
3 5899 5900 6027
3 5900 6028 6027
3 5900 5901 6028
3 5901 6029 6028
3 5901 5902 6029
3 5902 6030 6029
3 5902 5903 6030
3 5903 6031 6030
3 5903 5904 6031
3 5904 6032 6031
3 5904 5905 6032
3 5905 6033 6032
3 5905 5906 6033
3 5906 6034 6033
3 5906 5907 6034
3 5907 6035 6034
3 5907 5908 6035
3 5908 6036 6035
3 5908 5909 6036
3 5909 6037 6036
3 5909 5910 6037
3 5910 6038 6037
3 5910 5911 6038
3 5911 6039 6038
3 5911 5912 6039
3 5912 6040 6039
3 5912 5913 6040
3 5913 6041 6040
3 5913 5914 6041
3 5914 6042 6041
3 5914 5915 6042
3 5915 6043 6042
3 5915 5916 6043
3 5916 6044 6043
3 5916 5917 6044
3 5917 6045 6044
3 5917 5918 6045
3 5918 6046 6045
3 5918 5919 6046
3 5919 6047 6046
3 5919 5920 6047
3 5920 6048 6047
3 5920 5921 6048
3 5921 6049 6048
3 5921 5922 6049
3 5922 6050 6049
3 5922 5923 6050
3 5923 6051 6050
3 5923 5924 6051
3 5924 6052 6051
3 5924 5925 6052
3 5925 6053 6052
3 5925 5926 6053
3 5926 6054 6053
3 5926 5927 6054
3 5927 6055 6054
3 5927 5928 6055
3 5928 6056 6055
3 5928 5929 6056
3 5929 6057 6056
3 5929 5930 6057
3 5930 6058 6057
3 5930 5931 6058
3 5931 6059 6058
3 5931 5932 6059
3 5932 6060 6059
3 5932 5933 6060
3 5933 6061 6060
3 5933 5934 6061
3 5934 6062 6061
3 5934 5935 6062
3 5935 6063 6062
3 5935 5936 6063
3 5936 6064 6063
3 5936 5937 6064
3 5937 6065 6064
3 5937 5938 6065
3 5938 6066 6065
3 5938 5939 6066
3 5939 6067 6066
3 5939 5940 6067
3 5940 6068 6067
3 5940 5941 6068
3 5941 6069 6068
3 5941 5942 6069
3 5942 6070 6069
3 5942 5943 6070
3 5943 6071 6070
3 5943 5944 6071
3 5944 6072 6071
3 5944 5945 6072
3 5945 6073 6072
3 5945 5946 6073
3 5946 6074 6073
3 5946 5947 6074
3 5947 6075 6074
3 5947 5948 6075
3 5948 6076 6075
3 5948 5949 6076
3 5949 6077 6076
3 5949 5950 6077
3 5950 6078 6077
3 5950 5951 6078
3 5951 6079 6078
3 5951 5952 6079
3 5952 6080 6079
3 5952 5953 6080
3 5953 6081 6080
3 5953 5954 6081
3 5954 6082 6081
3 5954 5955 6082
3 5955 6083 6082
3 5955 5956 6083
3 5956 6084 6083
3 5956 5957 6084
3 5957 6085 6084
3 5957 5958 6085
3 5958 6086 6085
3 5958 5959 6086
3 5959 6087 6086
3 5959 5960 6087
3 5960 6088 6087
3 5960 5961 6088
3 5961 6089 6088
3 5961 5962 6089
3 5962 6090 6089
3 5962 5963 6090
3 5963 6091 6090
3 5963 5964 6091
3 5964 6092 6091
3 5964 5965 6092
3 5965 6093 6092
3 5965 5966 6093
3 5966 6094 6093
3 5966 5967 6094
3 5967 6095 6094
3 5967 5968 6095
3 5968 6096 6095
3 5968 5969 6096
3 5969 6097 6096
3 5969 5970 6097
3 5970 6098 6097
3 5970 5971 6098
3 5971 6099 6098
3 5971 5972 6099
3 5972 6100 6099
3 5972 5973 6100
3 5973 6101 6100
3 5973 5974 6101
3 5974 6102 6101
3 5974 5975 6102
3 5975 6103 6102
3 5975 5976 6103
3 5976 6104 6103
3 5976 5977 6104
3 5977 6105 6104
3 5977 5978 6105
3 5978 6106 6105
3 5978 5979 6106
3 5979 6107 6106
3 5979 5980 6107
3 5980 6108 6107
3 5980 5981 6108
3 5981 6109 6108
3 5981 5982 6109
3 5982 6110 6109
3 5982 5983 6110
3 5983 6111 6110
3 5983 5984 6111
3 5984 6112 6111
3 5984 5985 6112
3 5985 6113 6112
3 5985 5986 6113
3 5986 6114 6113
3 5986 5987 6114
3 5987 6115 6114
3 5987 5988 6115
3 5988 6116 6115
3 5988 5989 6116
3 5989 6117 6116
3 5989 5990 6117
3 5990 6118 6117
3 5990 5991 6118
3 5991 6119 6118
3 5991 5992 6119
3 5992 6120 6119
3 5992 5993 6120
3 5993 6121 6120
3 5993 5994 6121
3 5994 6122 6121
3 5994 5995 6122
3 5995 6123 6122
3 5995 5996 6123
3 5996 6124 6123
3 5996 5997 6124
3 5997 6125 6124
3 5997 5998 6125
3 5998 6126 6125
3 5998 5999 6126
3 5999 6127 6126
3 5999 6000 6127
3 6000 6128 6127
3 6000 6001 6128
3 6001 6129 6128
3 6001 6002 6129
3 6002 6130 6129
3 6002 6003 6130
3 6003 6131 6130
3 6003 6004 6131
3 6004 6132 6131
3 6004 6005 6132
3 6005 6133 6132
3 6005 6006 6133
3 6006 6134 6133
3 6006 6007 6134
3 6007 6135 6134
3 6007 6008 6135
3 6008 6136 6135
3 6008 6009 6136
3 6009 6137 6136
3 6009 6010 6137
3 6010 6138 6137
3 6010 6011 6138
3 6011 6139 6138
3 6011 6012 6139
3 6012 6140 6139
3 6012 6013 6140
3 6013 6141 6140
3 6013 6014 6141
3 6014 6142 6141
3 6014 6015 6142
3 6015 6143 6142
3 6015 6016 6143
3 6016 6144 6143
3 6016 6017 6144
3 6017 6145 6144
3 6017 5890 6145
3 5890 6018 6145
3 6018 6019 6146
3 6019 6147 6146
3 6019 6020 6147
3 6020 6148 6147
3 6020 6021 6148
3 6021 6149 6148
3 6021 6022 6149
3 6022 6150 6149
3 6022 6023 6150
3 6023 6151 6150
3 6023 6024 6151
3 6024 6152 6151
3 6024 6025 6152
3 6025 6153 6152
3 6025 6026 6153
3 6026 6154 6153
3 6026 6027 6154
3 6027 6155 6154
3 6027 6028 6155
3 6028 6156 6155
3 6028 6029 6156
3 6029 6157 6156
3 6029 6030 6157
3 6030 6158 6157
3 6030 6031 6158
3 6031 6159 6158
3 6031 6032 6159
3 6032 6160 6159
3 6032 6033 6160
3 6033 6161 6160
3 6033 6034 6161
3 6034 6162 6161
3 6034 6035 6162
3 6035 6163 6162
3 6035 6036 6163
3 6036 6164 6163
3 6036 6037 6164
3 6037 6165 6164
3 6037 6038 6165
3 6038 6166 6165
3 6038 6039 6166
3 6039 6167 6166
3 6039 6040 6167
3 6040 6168 6167
3 6040 6041 6168
3 6041 6169 6168
3 6041 6042 6169
3 6042 6170 6169
3 6042 6043 6170
3 6043 6171 6170
3 6043 6044 6171
3 6044 6172 6171
3 6044 6045 6172
3 6045 6173 6172
3 6045 6046 6173
3 6046 6174 6173
3 6046 6047 6174
3 6047 6175 6174
3 6047 6048 6175
3 6048 6176 6175
3 6048 6049 6176
3 6049 6177 6176
3 6049 6050 6177
3 6050 6178 6177
3 6050 6051 6178
3 6051 6179 6178
3 6051 6052 6179
3 6052 6180 6179
3 6052 6053 6180
3 6053 6181 6180
3 6053 6054 6181
3 6054 6182 6181
3 6054 6055 6182
3 6055 6183 6182
3 6055 6056 6183
3 6056 6184 6183
3 6056 6057 6184
3 6057 6185 6184
3 6057 6058 6185
3 6058 6186 6185
3 6058 6059 6186
3 6059 6187 6186
3 6059 6060 6187
3 6060 6188 6187
3 6060 6061 6188
3 6061 6189 6188
3 6061 6062 6189
3 6062 6190 6189
3 6062 6063 6190
3 6063 6191 6190
3 6063 6064 6191
3 6064 6192 6191
3 6064 6065 6192
3 6065 6193 6192
3 6065 6066 6193
3 6066 6194 6193
3 6066 6067 6194
3 6067 6195 6194
3 6067 6068 6195
3 6068 6196 6195
3 6068 6069 6196
3 6069 6197 6196
3 6069 6070 6197
3 6070 6198 6197
3 6070 6071 6198
3 6071 6199 6198
3 6071 6072 6199
3 6072 6200 6199
3 6072 6073 6200
3 6073 6201 6200
3 6073 6074 6201
3 6074 6202 6201
3 6074 6075 6202
3 6075 6203 6202
3 6075 6076 6203
3 6076 6204 6203
3 6076 6077 6204
3 6077 6205 6204
3 6077 6078 6205
3 6078 6206 6205
3 6078 6079 6206
3 6079 6207 6206
3 6079 6080 6207
3 6080 6208 6207
3 6080 6081 6208
3 6081 6209 6208
3 6081 6082 6209
3 6082 6210 6209
3 6082 6083 6210
3 6083 6211 6210
3 6083 6084 6211
3 6084 6212 6211
3 6084 6085 6212
3 6085 6213 6212
3 6085 6086 6213
3 6086 6214 6213
3 6086 6087 6214
3 6087 6215 6214
3 6087 6088 6215
3 6088 6216 6215
3 6088 6089 6216
3 6089 6217 6216
3 6089 6090 6217
3 6090 6218 6217
3 6090 6091 6218
3 6091 6219 6218
3 6091 6092 6219
3 6092 6220 6219
3 6092 6093 6220
3 6093 6221 6220
3 6093 6094 6221
3 6094 6222 6221
3 6094 6095 6222
3 6095 6223 6222
3 6095 6096 6223
3 6096 6224 6223
3 6096 6097 6224
3 6097 6225 6224
3 6097 6098 6225
3 6098 6226 6225
3 6098 6099 6226
3 6099 6227 6226
3 6099 6100 6227
3 6100 6228 6227
3 6100 6101 6228
3 6101 6229 6228
3 6101 6102 6229
3 6102 6230 6229
3 6102 6103 6230
3 6103 6231 6230
3 6103 6104 6231
3 6104 6232 6231
3 6104 6105 6232
3 6105 6233 6232
3 6105 6106 6233
3 6106 6234 6233
3 6106 6107 6234
3 6107 6235 6234
3 6107 6108 6235
3 6108 6236 6235
3 6108 6109 6236
3 6109 6237 6236
3 6109 6110 6237
3 6110 6238 6237
3 6110 6111 6238
3 6111 6239 6238
3 6111 6112 6239
3 6112 6240 6239
3 6112 6113 6240
3 6113 6241 6240
3 6113 6114 6241
3 6114 6242 6241
3 6114 6115 6242
3 6115 6243 6242
3 6115 6116 6243
3 6116 6244 6243
3 6116 6117 6244
3 6117 6245 6244
3 6117 6118 6245
3 6118 6246 6245
3 6118 6119 6246
3 6119 6247 6246
3 6119 6120 6247
3 6120 6248 6247
3 6120 6121 6248
3 6121 6249 6248
3 6121 6122 6249
3 6122 6250 6249
3 6122 6123 6250
3 6123 6251 6250
3 6123 6124 6251
3 6124 6252 6251
3 6124 6125 6252
3 6125 6253 6252
3 6125 6126 6253
3 6126 6254 6253
3 6126 6127 6254
3 6127 6255 6254
3 6127 6128 6255
3 6128 6256 6255
3 6128 6129 6256
3 6129 6257 6256
3 6129 6130 6257
3 6130 6258 6257
3 6130 6131 6258
3 6131 6259 6258
3 6131 6132 6259
3 6132 6260 6259
3 6132 6133 6260
3 6133 6261 6260
3 6133 6134 6261
3 6134 6262 6261
3 6134 6135 6262
3 6135 6263 6262
3 6135 6136 6263
3 6136 6264 6263
3 6136 6137 6264
3 6137 6265 6264
3 6137 6138 6265
3 6138 6266 6265
3 6138 6139 6266
3 6139 6267 6266
3 6139 6140 6267
3 6140 6268 6267
3 6140 6141 6268
3 6141 6269 6268
3 6141 6142 6269
3 6142 6270 6269
3 6142 6143 6270
3 6143 6271 6270
3 6143 6144 6271
3 6144 6272 6271
3 6144 6145 6272
3 6145 6273 6272
3 6145 6018 6273
3 6018 6146 6273
3 6146 6147 6274
3 6147 6275 6274
3 6147 6148 6275
3 6148 6276 6275
3 6148 6149 6276
3 6149 6277 6276
3 6149 6150 6277
3 6150 6278 6277
3 6150 6151 6278
3 6151 6279 6278
3 6151 6152 6279
3 6152 6280 6279
3 6152 6153 6280
3 6153 6281 6280
3 6153 6154 6281
3 6154 6282 6281
3 6154 6155 6282
3 6155 6283 6282
3 6155 6156 6283
3 6156 6284 6283
3 6156 6157 6284
3 6157 6285 6284
3 6157 6158 6285
3 6158 6286 6285
3 6158 6159 6286
3 6159 6287 6286
3 6159 6160 6287
3 6160 6288 6287
3 6160 6161 6288
3 6161 6289 6288
3 6161 6162 6289
3 6162 6290 6289
3 6162 6163 6290
3 6163 6291 6290
3 6163 6164 6291
3 6164 6292 6291
3 6164 6165 6292
3 6165 6293 6292
3 6165 6166 6293
3 6166 6294 6293
3 6166 6167 6294
3 6167 6295 6294
3 6167 6168 6295
3 6168 6296 6295
3 6168 6169 6296
3 6169 6297 6296
3 6169 6170 6297
3 6170 6298 6297
3 6170 6171 6298
3 6171 6299 6298
3 6171 6172 6299
3 6172 6300 6299
3 6172 6173 6300
3 6173 6301 6300
3 6173 6174 6301
3 6174 6302 6301
3 6174 6175 6302
3 6175 6303 6302
3 6175 6176 6303
3 6176 6304 6303
3 6176 6177 6304
3 6177 6305 6304
3 6177 6178 6305
3 6178 6306 6305
3 6178 6179 6306
3 6179 6307 6306
3 6179 6180 6307
3 6180 6308 6307
3 6180 6181 6308
3 6181 6309 6308
3 6181 6182 6309
3 6182 6310 6309
3 6182 6183 6310
3 6183 6311 6310
3 6183 6184 6311
3 6184 6312 6311
3 6184 6185 6312
3 6185 6313 6312
3 6185 6186 6313
3 6186 6314 6313
3 6186 6187 6314
3 6187 6315 6314
3 6187 6188 6315
3 6188 6316 6315
3 6188 6189 6316
3 6189 6317 6316
3 6189 6190 6317
3 6190 6318 6317
3 6190 6191 6318
3 6191 6319 6318
3 6191 6192 6319
3 6192 6320 6319
3 6192 6193 6320
3 6193 6321 6320
3 6193 6194 6321
3 6194 6322 6321
3 6194 6195 6322
3 6195 6323 6322
3 6195 6196 6323
3 6196 6324 6323
3 6196 6197 6324
3 6197 6325 6324
3 6197 6198 6325
3 6198 6326 6325
3 6198 6199 6326
3 6199 6327 6326
3 6199 6200 6327
3 6200 6328 6327
3 6200 6201 6328
3 6201 6329 6328
3 6201 6202 6329
3 6202 6330 6329
3 6202 6203 6330
3 6203 6331 6330
3 6203 6204 6331
3 6204 6332 6331
3 6204 6205 6332
3 6205 6333 6332
3 6205 6206 6333
3 6206 6334 6333
3 6206 6207 6334
3 6207 6335 6334
3 6207 6208 6335
3 6208 6336 6335
3 6208 6209 6336
3 6209 6337 6336
3 6209 6210 6337
3 6210 6338 6337
3 6210 6211 6338
3 6211 6339 6338
3 6211 6212 6339
3 6212 6340 6339
3 6212 6213 6340
3 6213 6341 6340
3 6213 6214 6341
3 6214 6342 6341
3 6214 6215 6342
3 6215 6343 6342
3 6215 6216 6343
3 6216 6344 6343
3 6216 6217 6344
3 6217 6345 6344
3 6217 6218 6345
3 6218 6346 6345
3 6218 6219 6346
3 6219 6347 6346
3 6219 6220 6347
3 6220 6348 6347
3 6220 6221 6348
3 6221 6349 6348
3 6221 6222 6349
3 6222 6350 6349
3 6222 6223 6350
3 6223 6351 6350
3 6223 6224 6351
3 6224 6352 6351
3 6224 6225 6352
3 6225 6353 6352
3 6225 6226 6353
3 6226 6354 6353
3 6226 6227 6354
3 6227 6355 6354
3 6227 6228 6355
3 6228 6356 6355
3 6228 6229 6356
3 6229 6357 6356
3 6229 6230 6357
3 6230 6358 6357
3 6230 6231 6358
3 6231 6359 6358
3 6231 6232 6359
3 6232 6360 6359
3 6232 6233 6360
3 6233 6361 6360
3 6233 6234 6361
3 6234 6362 6361
3 6234 6235 6362
3 6235 6363 6362
3 6235 6236 6363
3 6236 6364 6363
3 6236 6237 6364
3 6237 6365 6364
3 6237 6238 6365
3 6238 6366 6365
3 6238 6239 6366
3 6239 6367 6366
3 6239 6240 6367
3 6240 6368 6367
3 6240 6241 6368
3 6241 6369 6368
3 6241 6242 6369
3 6242 6370 6369
3 6242 6243 6370
3 6243 6371 6370
3 6243 6244 6371
3 6244 6372 6371
3 6244 6245 6372
3 6245 6373 6372
3 6245 6246 6373
3 6246 6374 6373
3 6246 6247 6374
3 6247 6375 6374
3 6247 6248 6375
3 6248 6376 6375
3 6248 6249 6376
3 6249 6377 6376
3 6249 6250 6377
3 6250 6378 6377
3 6250 6251 6378
3 6251 6379 6378
3 6251 6252 6379
3 6252 6380 6379
3 6252 6253 6380
3 6253 6381 6380
3 6253 6254 6381
3 6254 6382 6381
3 6254 6255 6382
3 6255 6383 6382
3 6255 6256 6383
3 6256 6384 6383
3 6256 6257 6384
3 6257 6385 6384
3 6257 6258 6385
3 6258 6386 6385
3 6258 6259 6386
3 6259 6387 6386
3 6259 6260 6387
3 6260 6388 6387
3 6260 6261 6388
3 6261 6389 6388
3 6261 6262 6389
3 6262 6390 6389
3 6262 6263 6390
3 6263 6391 6390
3 6263 6264 6391
3 6264 6392 6391
3 6264 6265 6392
3 6265 6393 6392
3 6265 6266 6393
3 6266 6394 6393
3 6266 6267 6394
3 6267 6395 6394
3 6267 6268 6395
3 6268 6396 6395
3 6268 6269 6396
3 6269 6397 6396
3 6269 6270 6397
3 6270 6398 6397
3 6270 6271 6398
3 6271 6399 6398
3 6271 6272 6399
3 6272 6400 6399
3 6272 6273 6400
3 6273 6401 6400
3 6273 6146 6401
3 6146 6274 6401
3 6274 6275 6402
3 6275 6403 6402
3 6275 6276 6403
3 6276 6404 6403
3 6276 6277 6404
3 6277 6405 6404
3 6277 6278 6405
3 6278 6406 6405
3 6278 6279 6406
3 6279 6407 6406
3 6279 6280 6407
3 6280 6408 6407
3 6280 6281 6408
3 6281 6409 6408
3 6281 6282 6409
3 6282 6410 6409
3 6282 6283 6410
3 6283 6411 6410
3 6283 6284 6411
3 6284 6412 6411
3 6284 6285 6412
3 6285 6413 6412
3 6285 6286 6413
3 6286 6414 6413
3 6286 6287 6414
3 6287 6415 6414
3 6287 6288 6415
3 6288 6416 6415
3 6288 6289 6416
3 6289 6417 6416
3 6289 6290 6417
3 6290 6418 6417
3 6290 6291 6418
3 6291 6419 6418
3 6291 6292 6419
3 6292 6420 6419
3 6292 6293 6420
3 6293 6421 6420
3 6293 6294 6421
3 6294 6422 6421
3 6294 6295 6422
3 6295 6423 6422
3 6295 6296 6423
3 6296 6424 6423
3 6296 6297 6424
3 6297 6425 6424
3 6297 6298 6425
3 6298 6426 6425
3 6298 6299 6426
3 6299 6427 6426
3 6299 6300 6427
3 6300 6428 6427
3 6300 6301 6428
3 6301 6429 6428
3 6301 6302 6429
3 6302 6430 6429
3 6302 6303 6430
3 6303 6431 6430
3 6303 6304 6431
3 6304 6432 6431
3 6304 6305 6432
3 6305 6433 6432
3 6305 6306 6433
3 6306 6434 6433
3 6306 6307 6434
3 6307 6435 6434
3 6307 6308 6435
3 6308 6436 6435
3 6308 6309 6436
3 6309 6437 6436
3 6309 6310 6437
3 6310 6438 6437
3 6310 6311 6438
3 6311 6439 6438
3 6311 6312 6439
3 6312 6440 6439
3 6312 6313 6440
3 6313 6441 6440
3 6313 6314 6441
3 6314 6442 6441
3 6314 6315 6442
3 6315 6443 6442
3 6315 6316 6443
3 6316 6444 6443
3 6316 6317 6444
3 6317 6445 6444
3 6317 6318 6445
3 6318 6446 6445
3 6318 6319 6446
3 6319 6447 6446
3 6319 6320 6447
3 6320 6448 6447
3 6320 6321 6448
3 6321 6449 6448
3 6321 6322 6449
3 6322 6450 6449
3 6322 6323 6450
3 6323 6451 6450
3 6323 6324 6451
3 6324 6452 6451
3 6324 6325 6452
3 6325 6453 6452
3 6325 6326 6453
3 6326 6454 6453
3 6326 6327 6454
3 6327 6455 6454
3 6327 6328 6455
3 6328 6456 6455
3 6328 6329 6456
3 6329 6457 6456
3 6329 6330 6457
3 6330 6458 6457
3 6330 6331 6458
3 6331 6459 6458
3 6331 6332 6459
3 6332 6460 6459
3 6332 6333 6460
3 6333 6461 6460
3 6333 6334 6461
3 6334 6462 6461
3 6334 6335 6462
3 6335 6463 6462
3 6335 6336 6463
3 6336 6464 6463
3 6336 6337 6464
3 6337 6465 6464
3 6337 6338 6465
3 6338 6466 6465
3 6338 6339 6466
3 6339 6467 6466
3 6339 6340 6467
3 6340 6468 6467
3 6340 6341 6468
3 6341 6469 6468
3 6341 6342 6469
3 6342 6470 6469
3 6342 6343 6470
3 6343 6471 6470
3 6343 6344 6471
3 6344 6472 6471
3 6344 6345 6472
3 6345 6473 6472
3 6345 6346 6473
3 6346 6474 6473
3 6346 6347 6474
3 6347 6475 6474
3 6347 6348 6475
3 6348 6476 6475
3 6348 6349 6476
3 6349 6477 6476
3 6349 6350 6477
3 6350 6478 6477
3 6350 6351 6478
3 6351 6479 6478
3 6351 6352 6479
3 6352 6480 6479
3 6352 6353 6480
3 6353 6481 6480
3 6353 6354 6481
3 6354 6482 6481
3 6354 6355 6482
3 6355 6483 6482
3 6355 6356 6483
3 6356 6484 6483
3 6356 6357 6484
3 6357 6485 6484
3 6357 6358 6485
3 6358 6486 6485
3 6358 6359 6486
3 6359 6487 6486
3 6359 6360 6487
3 6360 6488 6487
3 6360 6361 6488
3 6361 6489 6488
3 6361 6362 6489
3 6362 6490 6489
3 6362 6363 6490
3 6363 6491 6490
3 6363 6364 6491
3 6364 6492 6491
3 6364 6365 6492
3 6365 6493 6492
3 6365 6366 6493
3 6366 6494 6493
3 6366 6367 6494
3 6367 6495 6494
3 6367 6368 6495
3 6368 6496 6495
3 6368 6369 6496
3 6369 6497 6496
3 6369 6370 6497
3 6370 6498 6497
3 6370 6371 6498
3 6371 6499 6498
3 6371 6372 6499
3 6372 6500 6499
3 6372 6373 6500
3 6373 6501 6500
3 6373 6374 6501
3 6374 6502 6501
3 6374 6375 6502
3 6375 6503 6502
3 6375 6376 6503
3 6376 6504 6503
3 6376 6377 6504
3 6377 6505 6504
3 6377 6378 6505
3 6378 6506 6505
3 6378 6379 6506
3 6379 6507 6506
3 6379 6380 6507
3 6380 6508 6507
3 6380 6381 6508
3 6381 6509 6508
3 6381 6382 6509
3 6382 6510 6509
3 6382 6383 6510
3 6383 6511 6510
3 6383 6384 6511
3 6384 6512 6511
3 6384 6385 6512
3 6385 6513 6512
3 6385 6386 6513
3 6386 6514 6513
3 6386 6387 6514
3 6387 6515 6514
3 6387 6388 6515
3 6388 6516 6515
3 6388 6389 6516
3 6389 6517 6516
3 6389 6390 6517
3 6390 6518 6517
3 6390 6391 6518
3 6391 6519 6518
3 6391 6392 6519
3 6392 6520 6519
3 6392 6393 6520
3 6393 6521 6520
3 6393 6394 6521
3 6394 6522 6521
3 6394 6395 6522
3 6395 6523 6522
3 6395 6396 6523
3 6396 6524 6523
3 6396 6397 6524
3 6397 6525 6524
3 6397 6398 6525
3 6398 6526 6525
3 6398 6399 6526
3 6399 6527 6526
3 6399 6400 6527
3 6400 6528 6527
3 6400 6401 6528
3 6401 6529 6528
3 6401 6274 6529
3 6274 6402 6529
3 6402 6403 6530
3 6403 6531 6530
3 6403 6404 6531
3 6404 6532 6531
3 6404 6405 6532
3 6405 6533 6532
3 6405 6406 6533
3 6406 6534 6533
3 6406 6407 6534
3 6407 6535 6534
3 6407 6408 6535
3 6408 6536 6535
3 6408 6409 6536
3 6409 6537 6536
3 6409 6410 6537
3 6410 6538 6537
3 6410 6411 6538
3 6411 6539 6538
3 6411 6412 6539
3 6412 6540 6539
3 6412 6413 6540
3 6413 6541 6540
3 6413 6414 6541
3 6414 6542 6541
3 6414 6415 6542
3 6415 6543 6542
3 6415 6416 6543
3 6416 6544 6543
3 6416 6417 6544
3 6417 6545 6544
3 6417 6418 6545
3 6418 6546 6545
3 6418 6419 6546
3 6419 6547 6546
3 6419 6420 6547
3 6420 6548 6547
3 6420 6421 6548
3 6421 6549 6548
3 6421 6422 6549
3 6422 6550 6549
3 6422 6423 6550
3 6423 6551 6550
3 6423 6424 6551
3 6424 6552 6551
3 6424 6425 6552
3 6425 6553 6552
3 6425 6426 6553
3 6426 6554 6553
3 6426 6427 6554
3 6427 6555 6554
3 6427 6428 6555
3 6428 6556 6555
3 6428 6429 6556
3 6429 6557 6556
3 6429 6430 6557
3 6430 6558 6557
3 6430 6431 6558
3 6431 6559 6558
3 6431 6432 6559
3 6432 6560 6559
3 6432 6433 6560
3 6433 6561 6560
3 6433 6434 6561
3 6434 6562 6561
3 6434 6435 6562
3 6435 6563 6562
3 6435 6436 6563
3 6436 6564 6563
3 6436 6437 6564
3 6437 6565 6564
3 6437 6438 6565
3 6438 6566 6565
3 6438 6439 6566
3 6439 6567 6566
3 6439 6440 6567
3 6440 6568 6567
3 6440 6441 6568
3 6441 6569 6568
3 6441 6442 6569
3 6442 6570 6569
3 6442 6443 6570
3 6443 6571 6570
3 6443 6444 6571
3 6444 6572 6571
3 6444 6445 6572
3 6445 6573 6572
3 6445 6446 6573
3 6446 6574 6573
3 6446 6447 6574
3 6447 6575 6574
3 6447 6448 6575
3 6448 6576 6575
3 6448 6449 6576
3 6449 6577 6576
3 6449 6450 6577
3 6450 6578 6577
3 6450 6451 6578
3 6451 6579 6578
3 6451 6452 6579
3 6452 6580 6579
3 6452 6453 6580
3 6453 6581 6580
3 6453 6454 6581
3 6454 6582 6581
3 6454 6455 6582
3 6455 6583 6582
3 6455 6456 6583
3 6456 6584 6583
3 6456 6457 6584
3 6457 6585 6584
3 6457 6458 6585
3 6458 6586 6585
3 6458 6459 6586
3 6459 6587 6586
3 6459 6460 6587
3 6460 6588 6587
3 6460 6461 6588
3 6461 6589 6588
3 6461 6462 6589
3 6462 6590 6589
3 6462 6463 6590
3 6463 6591 6590
3 6463 6464 6591
3 6464 6592 6591
3 6464 6465 6592
3 6465 6593 6592
3 6465 6466 6593
3 6466 6594 6593
3 6466 6467 6594
3 6467 6595 6594
3 6467 6468 6595
3 6468 6596 6595
3 6468 6469 6596
3 6469 6597 6596
3 6469 6470 6597
3 6470 6598 6597
3 6470 6471 6598
3 6471 6599 6598
3 6471 6472 6599
3 6472 6600 6599
3 6472 6473 6600
3 6473 6601 6600
3 6473 6474 6601
3 6474 6602 6601
3 6474 6475 6602
3 6475 6603 6602
3 6475 6476 6603
3 6476 6604 6603
3 6476 6477 6604
3 6477 6605 6604
3 6477 6478 6605
3 6478 6606 6605
3 6478 6479 6606
3 6479 6607 6606
3 6479 6480 6607
3 6480 6608 6607
3 6480 6481 6608
3 6481 6609 6608
3 6481 6482 6609
3 6482 6610 6609
3 6482 6483 6610
3 6483 6611 6610
3 6483 6484 6611
3 6484 6612 6611
3 6484 6485 6612
3 6485 6613 6612
3 6485 6486 6613
3 6486 6614 6613
3 6486 6487 6614
3 6487 6615 6614
3 6487 6488 6615
3 6488 6616 6615
3 6488 6489 6616
3 6489 6617 6616
3 6489 6490 6617
3 6490 6618 6617
3 6490 6491 6618
3 6491 6619 6618
3 6491 6492 6619
3 6492 6620 6619
3 6492 6493 6620
3 6493 6621 6620
3 6493 6494 6621
3 6494 6622 6621
3 6494 6495 6622
3 6495 6623 6622
3 6495 6496 6623
3 6496 6624 6623
3 6496 6497 6624
3 6497 6625 6624
3 6497 6498 6625
3 6498 6626 6625
3 6498 6499 6626
3 6499 6627 6626
3 6499 6500 6627
3 6500 6628 6627
3 6500 6501 6628
3 6501 6629 6628
3 6501 6502 6629
3 6502 6630 6629
3 6502 6503 6630
3 6503 6631 6630
3 6503 6504 6631
3 6504 6632 6631
3 6504 6505 6632
3 6505 6633 6632
3 6505 6506 6633
3 6506 6634 6633
3 6506 6507 6634
3 6507 6635 6634
3 6507 6508 6635
3 6508 6636 6635
3 6508 6509 6636
3 6509 6637 6636
3 6509 6510 6637
3 6510 6638 6637
3 6510 6511 6638
3 6511 6639 6638
3 6511 6512 6639
3 6512 6640 6639
3 6512 6513 6640
3 6513 6641 6640
3 6513 6514 6641
3 6514 6642 6641
3 6514 6515 6642
3 6515 6643 6642
3 6515 6516 6643
3 6516 6644 6643
3 6516 6517 6644
3 6517 6645 6644
3 6517 6518 6645
3 6518 6646 6645
3 6518 6519 6646
3 6519 6647 6646
3 6519 6520 6647
3 6520 6648 6647
3 6520 6521 6648
3 6521 6649 6648
3 6521 6522 6649
3 6522 6650 6649
3 6522 6523 6650
3 6523 6651 6650
3 6523 6524 6651
3 6524 6652 6651
3 6524 6525 6652
3 6525 6653 6652
3 6525 6526 6653
3 6526 6654 6653
3 6526 6527 6654
3 6527 6655 6654
3 6527 6528 6655
3 6528 6656 6655
3 6528 6529 6656
3 6529 6657 6656
3 6529 6402 6657
3 6402 6530 6657
3 6530 6531 6658
3 6531 6659 6658
3 6531 6532 6659
3 6532 6660 6659
3 6532 6533 6660
3 6533 6661 6660
3 6533 6534 6661
3 6534 6662 6661
3 6534 6535 6662
3 6535 6663 6662
3 6535 6536 6663
3 6536 6664 6663
3 6536 6537 6664
3 6537 6665 6664
3 6537 6538 6665
3 6538 6666 6665
3 6538 6539 6666
3 6539 6667 6666
3 6539 6540 6667
3 6540 6668 6667
3 6540 6541 6668
3 6541 6669 6668
3 6541 6542 6669
3 6542 6670 6669
3 6542 6543 6670
3 6543 6671 6670
3 6543 6544 6671
3 6544 6672 6671
3 6544 6545 6672
3 6545 6673 6672
3 6545 6546 6673
3 6546 6674 6673
3 6546 6547 6674
3 6547 6675 6674
3 6547 6548 6675
3 6548 6676 6675
3 6548 6549 6676
3 6549 6677 6676
3 6549 6550 6677
3 6550 6678 6677
3 6550 6551 6678
3 6551 6679 6678
3 6551 6552 6679
3 6552 6680 6679
3 6552 6553 6680
3 6553 6681 6680
3 6553 6554 6681
3 6554 6682 6681
3 6554 6555 6682
3 6555 6683 6682
3 6555 6556 6683
3 6556 6684 6683
3 6556 6557 6684
3 6557 6685 6684
3 6557 6558 6685
3 6558 6686 6685
3 6558 6559 6686
3 6559 6687 6686
3 6559 6560 6687
3 6560 6688 6687
3 6560 6561 6688
3 6561 6689 6688
3 6561 6562 6689
3 6562 6690 6689
3 6562 6563 6690
3 6563 6691 6690
3 6563 6564 6691
3 6564 6692 6691
3 6564 6565 6692
3 6565 6693 6692
3 6565 6566 6693
3 6566 6694 6693
3 6566 6567 6694
3 6567 6695 6694
3 6567 6568 6695
3 6568 6696 6695
3 6568 6569 6696
3 6569 6697 6696
3 6569 6570 6697
3 6570 6698 6697
3 6570 6571 6698
3 6571 6699 6698
3 6571 6572 6699
3 6572 6700 6699
3 6572 6573 6700
3 6573 6701 6700
3 6573 6574 6701
3 6574 6702 6701
3 6574 6575 6702
3 6575 6703 6702
3 6575 6576 6703
3 6576 6704 6703
3 6576 6577 6704
3 6577 6705 6704
3 6577 6578 6705
3 6578 6706 6705
3 6578 6579 6706
3 6579 6707 6706
3 6579 6580 6707
3 6580 6708 6707
3 6580 6581 6708
3 6581 6709 6708
3 6581 6582 6709
3 6582 6710 6709
3 6582 6583 6710
3 6583 6711 6710
3 6583 6584 6711
3 6584 6712 6711
3 6584 6585 6712
3 6585 6713 6712
3 6585 6586 6713
3 6586 6714 6713
3 6586 6587 6714
3 6587 6715 6714
3 6587 6588 6715
3 6588 6716 6715
3 6588 6589 6716
3 6589 6717 6716
3 6589 6590 6717
3 6590 6718 6717
3 6590 6591 6718
3 6591 6719 6718
3 6591 6592 6719
3 6592 6720 6719
3 6592 6593 6720
3 6593 6721 6720
3 6593 6594 6721
3 6594 6722 6721
3 6594 6595 6722
3 6595 6723 6722
3 6595 6596 6723
3 6596 6724 6723
3 6596 6597 6724
3 6597 6725 6724
3 6597 6598 6725
3 6598 6726 6725
3 6598 6599 6726
3 6599 6727 6726
3 6599 6600 6727
3 6600 6728 6727
3 6600 6601 6728
3 6601 6729 6728
3 6601 6602 6729
3 6602 6730 6729
3 6602 6603 6730
3 6603 6731 6730
3 6603 6604 6731
3 6604 6732 6731
3 6604 6605 6732
3 6605 6733 6732
3 6605 6606 6733
3 6606 6734 6733
3 6606 6607 6734
3 6607 6735 6734
3 6607 6608 6735
3 6608 6736 6735
3 6608 6609 6736
3 6609 6737 6736
3 6609 6610 6737
3 6610 6738 6737
3 6610 6611 6738
3 6611 6739 6738
3 6611 6612 6739
3 6612 6740 6739
3 6612 6613 6740
3 6613 6741 6740
3 6613 6614 6741
3 6614 6742 6741
3 6614 6615 6742
3 6615 6743 6742
3 6615 6616 6743
3 6616 6744 6743
3 6616 6617 6744
3 6617 6745 6744
3 6617 6618 6745
3 6618 6746 6745
3 6618 6619 6746
3 6619 6747 6746
3 6619 6620 6747
3 6620 6748 6747
3 6620 6621 6748
3 6621 6749 6748
3 6621 6622 6749
3 6622 6750 6749
3 6622 6623 6750
3 6623 6751 6750
3 6623 6624 6751
3 6624 6752 6751
3 6624 6625 6752
3 6625 6753 6752
3 6625 6626 6753
3 6626 6754 6753
3 6626 6627 6754
3 6627 6755 6754
3 6627 6628 6755
3 6628 6756 6755
3 6628 6629 6756
3 6629 6757 6756
3 6629 6630 6757
3 6630 6758 6757
3 6630 6631 6758
3 6631 6759 6758
3 6631 6632 6759
3 6632 6760 6759
3 6632 6633 6760
3 6633 6761 6760
3 6633 6634 6761
3 6634 6762 6761
3 6634 6635 6762
3 6635 6763 6762
3 6635 6636 6763
3 6636 6764 6763
3 6636 6637 6764
3 6637 6765 6764
3 6637 6638 6765
3 6638 6766 6765
3 6638 6639 6766
3 6639 6767 6766
3 6639 6640 6767
3 6640 6768 6767
3 6640 6641 6768
3 6641 6769 6768
3 6641 6642 6769
3 6642 6770 6769
3 6642 6643 6770
3 6643 6771 6770
3 6643 6644 6771
3 6644 6772 6771
3 6644 6645 6772
3 6645 6773 6772
3 6645 6646 6773
3 6646 6774 6773
3 6646 6647 6774
3 6647 6775 6774
3 6647 6648 6775
3 6648 6776 6775
3 6648 6649 6776
3 6649 6777 6776
3 6649 6650 6777
3 6650 6778 6777
3 6650 6651 6778
3 6651 6779 6778
3 6651 6652 6779
3 6652 6780 6779
3 6652 6653 6780
3 6653 6781 6780
3 6653 6654 6781
3 6654 6782 6781
3 6654 6655 6782
3 6655 6783 6782
3 6655 6656 6783
3 6656 6784 6783
3 6656 6657 6784
3 6657 6785 6784
3 6657 6530 6785
3 6530 6658 6785
3 6658 6659 6786
3 6659 6787 6786
3 6659 6660 6787
3 6660 6788 6787
3 6660 6661 6788
3 6661 6789 6788
3 6661 6662 6789
3 6662 6790 6789
3 6662 6663 6790
3 6663 6791 6790
3 6663 6664 6791
3 6664 6792 6791
3 6664 6665 6792
3 6665 6793 6792
3 6665 6666 6793
3 6666 6794 6793
3 6666 6667 6794
3 6667 6795 6794
3 6667 6668 6795
3 6668 6796 6795
3 6668 6669 6796
3 6669 6797 6796
3 6669 6670 6797
3 6670 6798 6797
3 6670 6671 6798
3 6671 6799 6798
3 6671 6672 6799
3 6672 6800 6799
3 6672 6673 6800
3 6673 6801 6800
3 6673 6674 6801
3 6674 6802 6801
3 6674 6675 6802
3 6675 6803 6802
3 6675 6676 6803
3 6676 6804 6803
3 6676 6677 6804
3 6677 6805 6804
3 6677 6678 6805
3 6678 6806 6805
3 6678 6679 6806
3 6679 6807 6806
3 6679 6680 6807
3 6680 6808 6807
3 6680 6681 6808
3 6681 6809 6808
3 6681 6682 6809
3 6682 6810 6809
3 6682 6683 6810
3 6683 6811 6810
3 6683 6684 6811
3 6684 6812 6811
3 6684 6685 6812
3 6685 6813 6812
3 6685 6686 6813
3 6686 6814 6813
3 6686 6687 6814
3 6687 6815 6814
3 6687 6688 6815
3 6688 6816 6815
3 6688 6689 6816
3 6689 6817 6816
3 6689 6690 6817
3 6690 6818 6817
3 6690 6691 6818
3 6691 6819 6818
3 6691 6692 6819
3 6692 6820 6819
3 6692 6693 6820
3 6693 6821 6820
3 6693 6694 6821
3 6694 6822 6821
3 6694 6695 6822
3 6695 6823 6822
3 6695 6696 6823
3 6696 6824 6823
3 6696 6697 6824
3 6697 6825 6824
3 6697 6698 6825
3 6698 6826 6825
3 6698 6699 6826
3 6699 6827 6826
3 6699 6700 6827
3 6700 6828 6827
3 6700 6701 6828
3 6701 6829 6828
3 6701 6702 6829
3 6702 6830 6829
3 6702 6703 6830
3 6703 6831 6830
3 6703 6704 6831
3 6704 6832 6831
3 6704 6705 6832
3 6705 6833 6832
3 6705 6706 6833
3 6706 6834 6833
3 6706 6707 6834
3 6707 6835 6834
3 6707 6708 6835
3 6708 6836 6835
3 6708 6709 6836
3 6709 6837 6836
3 6709 6710 6837
3 6710 6838 6837
3 6710 6711 6838
3 6711 6839 6838
3 6711 6712 6839
3 6712 6840 6839
3 6712 6713 6840
3 6713 6841 6840
3 6713 6714 6841
3 6714 6842 6841
3 6714 6715 6842
3 6715 6843 6842
3 6715 6716 6843
3 6716 6844 6843
3 6716 6717 6844
3 6717 6845 6844
3 6717 6718 6845
3 6718 6846 6845
3 6718 6719 6846
3 6719 6847 6846
3 6719 6720 6847
3 6720 6848 6847
3 6720 6721 6848
3 6721 6849 6848
3 6721 6722 6849
3 6722 6850 6849
3 6722 6723 6850
3 6723 6851 6850
3 6723 6724 6851
3 6724 6852 6851
3 6724 6725 6852
3 6725 6853 6852
3 6725 6726 6853
3 6726 6854 6853
3 6726 6727 6854
3 6727 6855 6854
3 6727 6728 6855
3 6728 6856 6855
3 6728 6729 6856
3 6729 6857 6856
3 6729 6730 6857
3 6730 6858 6857
3 6730 6731 6858
3 6731 6859 6858
3 6731 6732 6859
3 6732 6860 6859
3 6732 6733 6860
3 6733 6861 6860
3 6733 6734 6861
3 6734 6862 6861
3 6734 6735 6862
3 6735 6863 6862
3 6735 6736 6863
3 6736 6864 6863
3 6736 6737 6864
3 6737 6865 6864
3 6737 6738 6865
3 6738 6866 6865
3 6738 6739 6866
3 6739 6867 6866
3 6739 6740 6867
3 6740 6868 6867
3 6740 6741 6868
3 6741 6869 6868
3 6741 6742 6869
3 6742 6870 6869
3 6742 6743 6870
3 6743 6871 6870
3 6743 6744 6871
3 6744 6872 6871
3 6744 6745 6872
3 6745 6873 6872
3 6745 6746 6873
3 6746 6874 6873
3 6746 6747 6874
3 6747 6875 6874
3 6747 6748 6875
3 6748 6876 6875
3 6748 6749 6876
3 6749 6877 6876
3 6749 6750 6877
3 6750 6878 6877
3 6750 6751 6878
3 6751 6879 6878
3 6751 6752 6879
3 6752 6880 6879
3 6752 6753 6880
3 6753 6881 6880
3 6753 6754 6881
3 6754 6882 6881
3 6754 6755 6882
3 6755 6883 6882
3 6755 6756 6883
3 6756 6884 6883
3 6756 6757 6884
3 6757 6885 6884
3 6757 6758 6885
3 6758 6886 6885
3 6758 6759 6886
3 6759 6887 6886
3 6759 6760 6887
3 6760 6888 6887
3 6760 6761 6888
3 6761 6889 6888
3 6761 6762 6889
3 6762 6890 6889
3 6762 6763 6890
3 6763 6891 6890
3 6763 6764 6891
3 6764 6892 6891
3 6764 6765 6892
3 6765 6893 6892
3 6765 6766 6893
3 6766 6894 6893
3 6766 6767 6894
3 6767 6895 6894
3 6767 6768 6895
3 6768 6896 6895
3 6768 6769 6896
3 6769 6897 6896
3 6769 6770 6897
3 6770 6898 6897
3 6770 6771 6898
3 6771 6899 6898
3 6771 6772 6899
3 6772 6900 6899
3 6772 6773 6900
3 6773 6901 6900
3 6773 6774 6901
3 6774 6902 6901
3 6774 6775 6902
3 6775 6903 6902
3 6775 6776 6903
3 6776 6904 6903
3 6776 6777 6904
3 6777 6905 6904
3 6777 6778 6905
3 6778 6906 6905
3 6778 6779 6906
3 6779 6907 6906
3 6779 6780 6907
3 6780 6908 6907
3 6780 6781 6908
3 6781 6909 6908
3 6781 6782 6909
3 6782 6910 6909
3 6782 6783 6910
3 6783 6911 6910
3 6783 6784 6911
3 6784 6912 6911
3 6784 6785 6912
3 6785 6913 6912
3 6785 6658 6913
3 6658 6786 6913
3 6786 6787 6914
3 6787 6915 6914
3 6787 6788 6915
3 6788 6916 6915
3 6788 6789 6916
3 6789 6917 6916
3 6789 6790 6917
3 6790 6918 6917
3 6790 6791 6918
3 6791 6919 6918
3 6791 6792 6919
3 6792 6920 6919
3 6792 6793 6920
3 6793 6921 6920
3 6793 6794 6921
3 6794 6922 6921
3 6794 6795 6922
3 6795 6923 6922
3 6795 6796 6923
3 6796 6924 6923
3 6796 6797 6924
3 6797 6925 6924
3 6797 6798 6925
3 6798 6926 6925
3 6798 6799 6926
3 6799 6927 6926
3 6799 6800 6927
3 6800 6928 6927
3 6800 6801 6928
3 6801 6929 6928
3 6801 6802 6929
3 6802 6930 6929
3 6802 6803 6930
3 6803 6931 6930
3 6803 6804 6931
3 6804 6932 6931
3 6804 6805 6932
3 6805 6933 6932
3 6805 6806 6933
3 6806 6934 6933
3 6806 6807 6934
3 6807 6935 6934
3 6807 6808 6935
3 6808 6936 6935
3 6808 6809 6936
3 6809 6937 6936
3 6809 6810 6937
3 6810 6938 6937
3 6810 6811 6938
3 6811 6939 6938
3 6811 6812 6939
3 6812 6940 6939
3 6812 6813 6940
3 6813 6941 6940
3 6813 6814 6941
3 6814 6942 6941
3 6814 6815 6942
3 6815 6943 6942
3 6815 6816 6943
3 6816 6944 6943
3 6816 6817 6944
3 6817 6945 6944
3 6817 6818 6945
3 6818 6946 6945
3 6818 6819 6946
3 6819 6947 6946
3 6819 6820 6947
3 6820 6948 6947
3 6820 6821 6948
3 6821 6949 6948
3 6821 6822 6949
3 6822 6950 6949
3 6822 6823 6950
3 6823 6951 6950
3 6823 6824 6951
3 6824 6952 6951
3 6824 6825 6952
3 6825 6953 6952
3 6825 6826 6953
3 6826 6954 6953
3 6826 6827 6954
3 6827 6955 6954
3 6827 6828 6955
3 6828 6956 6955
3 6828 6829 6956
3 6829 6957 6956
3 6829 6830 6957
3 6830 6958 6957
3 6830 6831 6958
3 6831 6959 6958
3 6831 6832 6959
3 6832 6960 6959
3 6832 6833 6960
3 6833 6961 6960
3 6833 6834 6961
3 6834 6962 6961
3 6834 6835 6962
3 6835 6963 6962
3 6835 6836 6963
3 6836 6964 6963
3 6836 6837 6964
3 6837 6965 6964
3 6837 6838 6965
3 6838 6966 6965
3 6838 6839 6966
3 6839 6967 6966
3 6839 6840 6967
3 6840 6968 6967
3 6840 6841 6968
3 6841 6969 6968
3 6841 6842 6969
3 6842 6970 6969
3 6842 6843 6970
3 6843 6971 6970
3 6843 6844 6971
3 6844 6972 6971
3 6844 6845 6972
3 6845 6973 6972
3 6845 6846 6973
3 6846 6974 6973
3 6846 6847 6974
3 6847 6975 6974
3 6847 6848 6975
3 6848 6976 6975
3 6848 6849 6976
3 6849 6977 6976
3 6849 6850 6977
3 6850 6978 6977
3 6850 6851 6978
3 6851 6979 6978
3 6851 6852 6979
3 6852 6980 6979
3 6852 6853 6980
3 6853 6981 6980
3 6853 6854 6981
3 6854 6982 6981
3 6854 6855 6982
3 6855 6983 6982
3 6855 6856 6983
3 6856 6984 6983
3 6856 6857 6984
3 6857 6985 6984
3 6857 6858 6985
3 6858 6986 6985
3 6858 6859 6986
3 6859 6987 6986
3 6859 6860 6987
3 6860 6988 6987
3 6860 6861 6988
3 6861 6989 6988
3 6861 6862 6989
3 6862 6990 6989
3 6862 6863 6990
3 6863 6991 6990
3 6863 6864 6991
3 6864 6992 6991
3 6864 6865 6992
3 6865 6993 6992
3 6865 6866 6993
3 6866 6994 6993
3 6866 6867 6994
3 6867 6995 6994
3 6867 6868 6995
3 6868 6996 6995
3 6868 6869 6996
3 6869 6997 6996
3 6869 6870 6997
3 6870 6998 6997
3 6870 6871 6998
3 6871 6999 6998
3 6871 6872 6999
3 6872 7000 6999
3 6872 6873 7000
3 6873 7001 7000
3 6873 6874 7001
3 6874 7002 7001
3 6874 6875 7002
3 6875 7003 7002
3 6875 6876 7003
3 6876 7004 7003
3 6876 6877 7004
3 6877 7005 7004
3 6877 6878 7005
3 6878 7006 7005
3 6878 6879 7006
3 6879 7007 7006
3 6879 6880 7007
3 6880 7008 7007
3 6880 6881 7008
3 6881 7009 7008
3 6881 6882 7009
3 6882 7010 7009
3 6882 6883 7010
3 6883 7011 7010
3 6883 6884 7011
3 6884 7012 7011
3 6884 6885 7012
3 6885 7013 7012
3 6885 6886 7013
3 6886 7014 7013
3 6886 6887 7014
3 6887 7015 7014
3 6887 6888 7015
3 6888 7016 7015
3 6888 6889 7016
3 6889 7017 7016
3 6889 6890 7017
3 6890 7018 7017
3 6890 6891 7018
3 6891 7019 7018
3 6891 6892 7019
3 6892 7020 7019
3 6892 6893 7020
3 6893 7021 7020
3 6893 6894 7021
3 6894 7022 7021
3 6894 6895 7022
3 6895 7023 7022
3 6895 6896 7023
3 6896 7024 7023
3 6896 6897 7024
3 6897 7025 7024
3 6897 6898 7025
3 6898 7026 7025
3 6898 6899 7026
3 6899 7027 7026
3 6899 6900 7027
3 6900 7028 7027
3 6900 6901 7028
3 6901 7029 7028
3 6901 6902 7029
3 6902 7030 7029
3 6902 6903 7030
3 6903 7031 7030
3 6903 6904 7031
3 6904 7032 7031
3 6904 6905 7032
3 6905 7033 7032
3 6905 6906 7033
3 6906 7034 7033
3 6906 6907 7034
3 6907 7035 7034
3 6907 6908 7035
3 6908 7036 7035
3 6908 6909 7036
3 6909 7037 7036
3 6909 6910 7037
3 6910 7038 7037
3 6910 6911 7038
3 6911 7039 7038
3 6911 6912 7039
3 6912 7040 7039
3 6912 6913 7040
3 6913 7041 7040
3 6913 6786 7041
3 6786 6914 7041
3 6914 6915 7042
3 6915 7043 7042
3 6915 6916 7043
3 6916 7044 7043
3 6916 6917 7044
3 6917 7045 7044
3 6917 6918 7045
3 6918 7046 7045
3 6918 6919 7046
3 6919 7047 7046
3 6919 6920 7047
3 6920 7048 7047
3 6920 6921 7048
3 6921 7049 7048
3 6921 6922 7049
3 6922 7050 7049
3 6922 6923 7050
3 6923 7051 7050
3 6923 6924 7051
3 6924 7052 7051
3 6924 6925 7052
3 6925 7053 7052
3 6925 6926 7053
3 6926 7054 7053
3 6926 6927 7054
3 6927 7055 7054
3 6927 6928 7055
3 6928 7056 7055
3 6928 6929 7056
3 6929 7057 7056
3 6929 6930 7057
3 6930 7058 7057
3 6930 6931 7058
3 6931 7059 7058
3 6931 6932 7059
3 6932 7060 7059
3 6932 6933 7060
3 6933 7061 7060
3 6933 6934 7061
3 6934 7062 7061
3 6934 6935 7062
3 6935 7063 7062
3 6935 6936 7063
3 6936 7064 7063
3 6936 6937 7064
3 6937 7065 7064
3 6937 6938 7065
3 6938 7066 7065
3 6938 6939 7066
3 6939 7067 7066
3 6939 6940 7067
3 6940 7068 7067
3 6940 6941 7068
3 6941 7069 7068
3 6941 6942 7069
3 6942 7070 7069
3 6942 6943 7070
3 6943 7071 7070
3 6943 6944 7071
3 6944 7072 7071
3 6944 6945 7072
3 6945 7073 7072
3 6945 6946 7073
3 6946 7074 7073
3 6946 6947 7074
3 6947 7075 7074
3 6947 6948 7075
3 6948 7076 7075
3 6948 6949 7076
3 6949 7077 7076
3 6949 6950 7077
3 6950 7078 7077
3 6950 6951 7078
3 6951 7079 7078
3 6951 6952 7079
3 6952 7080 7079
3 6952 6953 7080
3 6953 7081 7080
3 6953 6954 7081
3 6954 7082 7081
3 6954 6955 7082
3 6955 7083 7082
3 6955 6956 7083
3 6956 7084 7083
3 6956 6957 7084
3 6957 7085 7084
3 6957 6958 7085
3 6958 7086 7085
3 6958 6959 7086
3 6959 7087 7086
3 6959 6960 7087
3 6960 7088 7087
3 6960 6961 7088
3 6961 7089 7088
3 6961 6962 7089
3 6962 7090 7089
3 6962 6963 7090
3 6963 7091 7090
3 6963 6964 7091
3 6964 7092 7091
3 6964 6965 7092
3 6965 7093 7092
3 6965 6966 7093
3 6966 7094 7093
3 6966 6967 7094
3 6967 7095 7094
3 6967 6968 7095
3 6968 7096 7095
3 6968 6969 7096
3 6969 7097 7096
3 6969 6970 7097
3 6970 7098 7097
3 6970 6971 7098
3 6971 7099 7098
3 6971 6972 7099
3 6972 7100 7099
3 6972 6973 7100
3 6973 7101 7100
3 6973 6974 7101
3 6974 7102 7101
3 6974 6975 7102
3 6975 7103 7102
3 6975 6976 7103
3 6976 7104 7103
3 6976 6977 7104
3 6977 7105 7104
3 6977 6978 7105
3 6978 7106 7105
3 6978 6979 7106
3 6979 7107 7106
3 6979 6980 7107
3 6980 7108 7107
3 6980 6981 7108
3 6981 7109 7108
3 6981 6982 7109
3 6982 7110 7109
3 6982 6983 7110
3 6983 7111 7110
3 6983 6984 7111
3 6984 7112 7111
3 6984 6985 7112
3 6985 7113 7112
3 6985 6986 7113
3 6986 7114 7113
3 6986 6987 7114
3 6987 7115 7114
3 6987 6988 7115
3 6988 7116 7115
3 6988 6989 7116
3 6989 7117 7116
3 6989 6990 7117
3 6990 7118 7117
3 6990 6991 7118
3 6991 7119 7118
3 6991 6992 7119
3 6992 7120 7119
3 6992 6993 7120
3 6993 7121 7120
3 6993 6994 7121
3 6994 7122 7121
3 6994 6995 7122
3 6995 7123 7122
3 6995 6996 7123
3 6996 7124 7123
3 6996 6997 7124
3 6997 7125 7124
3 6997 6998 7125
3 6998 7126 7125
3 6998 6999 7126
3 6999 7127 7126
3 6999 7000 7127
3 7000 7128 7127
3 7000 7001 7128
3 7001 7129 7128
3 7001 7002 7129
3 7002 7130 7129
3 7002 7003 7130
3 7003 7131 7130
3 7003 7004 7131
3 7004 7132 7131
3 7004 7005 7132
3 7005 7133 7132
3 7005 7006 7133
3 7006 7134 7133
3 7006 7007 7134
3 7007 7135 7134
3 7007 7008 7135
3 7008 7136 7135
3 7008 7009 7136
3 7009 7137 7136
3 7009 7010 7137
3 7010 7138 7137
3 7010 7011 7138
3 7011 7139 7138
3 7011 7012 7139
3 7012 7140 7139
3 7012 7013 7140
3 7013 7141 7140
3 7013 7014 7141
3 7014 7142 7141
3 7014 7015 7142
3 7015 7143 7142
3 7015 7016 7143
3 7016 7144 7143
3 7016 7017 7144
3 7017 7145 7144
3 7017 7018 7145
3 7018 7146 7145
3 7018 7019 7146
3 7019 7147 7146
3 7019 7020 7147
3 7020 7148 7147
3 7020 7021 7148
3 7021 7149 7148
3 7021 7022 7149
3 7022 7150 7149
3 7022 7023 7150
3 7023 7151 7150
3 7023 7024 7151
3 7024 7152 7151
3 7024 7025 7152
3 7025 7153 7152
3 7025 7026 7153
3 7026 7154 7153
3 7026 7027 7154
3 7027 7155 7154
3 7027 7028 7155
3 7028 7156 7155
3 7028 7029 7156
3 7029 7157 7156
3 7029 7030 7157
3 7030 7158 7157
3 7030 7031 7158
3 7031 7159 7158
3 7031 7032 7159
3 7032 7160 7159
3 7032 7033 7160
3 7033 7161 7160
3 7033 7034 7161
3 7034 7162 7161
3 7034 7035 7162
3 7035 7163 7162
3 7035 7036 7163
3 7036 7164 7163
3 7036 7037 7164
3 7037 7165 7164
3 7037 7038 7165
3 7038 7166 7165
3 7038 7039 7166
3 7039 7167 7166
3 7039 7040 7167
3 7040 7168 7167
3 7040 7041 7168
3 7041 7169 7168
3 7041 6914 7169
3 6914 7042 7169
3 7042 7043 7170
3 7043 7171 7170
3 7043 7044 7171
3 7044 7172 7171
3 7044 7045 7172
3 7045 7173 7172
3 7045 7046 7173
3 7046 7174 7173
3 7046 7047 7174
3 7047 7175 7174
3 7047 7048 7175
3 7048 7176 7175
3 7048 7049 7176
3 7049 7177 7176
3 7049 7050 7177
3 7050 7178 7177
3 7050 7051 7178
3 7051 7179 7178
3 7051 7052 7179
3 7052 7180 7179
3 7052 7053 7180
3 7053 7181 7180
3 7053 7054 7181
3 7054 7182 7181
3 7054 7055 7182
3 7055 7183 7182
3 7055 7056 7183
3 7056 7184 7183
3 7056 7057 7184
3 7057 7185 7184
3 7057 7058 7185
3 7058 7186 7185
3 7058 7059 7186
3 7059 7187 7186
3 7059 7060 7187
3 7060 7188 7187
3 7060 7061 7188
3 7061 7189 7188
3 7061 7062 7189
3 7062 7190 7189
3 7062 7063 7190
3 7063 7191 7190
3 7063 7064 7191
3 7064 7192 7191
3 7064 7065 7192
3 7065 7193 7192
3 7065 7066 7193
3 7066 7194 7193
3 7066 7067 7194
3 7067 7195 7194
3 7067 7068 7195
3 7068 7196 7195
3 7068 7069 7196
3 7069 7197 7196
3 7069 7070 7197
3 7070 7198 7197
3 7070 7071 7198
3 7071 7199 7198
3 7071 7072 7199
3 7072 7200 7199
3 7072 7073 7200
3 7073 7201 7200
3 7073 7074 7201
3 7074 7202 7201
3 7074 7075 7202
3 7075 7203 7202
3 7075 7076 7203
3 7076 7204 7203
3 7076 7077 7204
3 7077 7205 7204
3 7077 7078 7205
3 7078 7206 7205
3 7078 7079 7206
3 7079 7207 7206
3 7079 7080 7207
3 7080 7208 7207
3 7080 7081 7208
3 7081 7209 7208
3 7081 7082 7209
3 7082 7210 7209
3 7082 7083 7210
3 7083 7211 7210
3 7083 7084 7211
3 7084 7212 7211
3 7084 7085 7212
3 7085 7213 7212
3 7085 7086 7213
3 7086 7214 7213
3 7086 7087 7214
3 7087 7215 7214
3 7087 7088 7215
3 7088 7216 7215
3 7088 7089 7216
3 7089 7217 7216
3 7089 7090 7217
3 7090 7218 7217
3 7090 7091 7218
3 7091 7219 7218
3 7091 7092 7219
3 7092 7220 7219
3 7092 7093 7220
3 7093 7221 7220
3 7093 7094 7221
3 7094 7222 7221
3 7094 7095 7222
3 7095 7223 7222
3 7095 7096 7223
3 7096 7224 7223
3 7096 7097 7224
3 7097 7225 7224
3 7097 7098 7225
3 7098 7226 7225
3 7098 7099 7226
3 7099 7227 7226
3 7099 7100 7227
3 7100 7228 7227
3 7100 7101 7228
3 7101 7229 7228
3 7101 7102 7229
3 7102 7230 7229
3 7102 7103 7230
3 7103 7231 7230
3 7103 7104 7231
3 7104 7232 7231
3 7104 7105 7232
3 7105 7233 7232
3 7105 7106 7233
3 7106 7234 7233
3 7106 7107 7234
3 7107 7235 7234
3 7107 7108 7235
3 7108 7236 7235
3 7108 7109 7236
3 7109 7237 7236
3 7109 7110 7237
3 7110 7238 7237
3 7110 7111 7238
3 7111 7239 7238
3 7111 7112 7239
3 7112 7240 7239
3 7112 7113 7240
3 7113 7241 7240
3 7113 7114 7241
3 7114 7242 7241
3 7114 7115 7242
3 7115 7243 7242
3 7115 7116 7243
3 7116 7244 7243
3 7116 7117 7244
3 7117 7245 7244
3 7117 7118 7245
3 7118 7246 7245
3 7118 7119 7246
3 7119 7247 7246
3 7119 7120 7247
3 7120 7248 7247
3 7120 7121 7248
3 7121 7249 7248
3 7121 7122 7249
3 7122 7250 7249
3 7122 7123 7250
3 7123 7251 7250
3 7123 7124 7251
3 7124 7252 7251
3 7124 7125 7252
3 7125 7253 7252
3 7125 7126 7253
3 7126 7254 7253
3 7126 7127 7254
3 7127 7255 7254
3 7127 7128 7255
3 7128 7256 7255
3 7128 7129 7256
3 7129 7257 7256
3 7129 7130 7257
3 7130 7258 7257
3 7130 7131 7258
3 7131 7259 7258
3 7131 7132 7259
3 7132 7260 7259
3 7132 7133 7260
3 7133 7261 7260
3 7133 7134 7261
3 7134 7262 7261
3 7134 7135 7262
3 7135 7263 7262
3 7135 7136 7263
3 7136 7264 7263
3 7136 7137 7264
3 7137 7265 7264
3 7137 7138 7265
3 7138 7266 7265
3 7138 7139 7266
3 7139 7267 7266
3 7139 7140 7267
3 7140 7268 7267
3 7140 7141 7268
3 7141 7269 7268
3 7141 7142 7269
3 7142 7270 7269
3 7142 7143 7270
3 7143 7271 7270
3 7143 7144 7271
3 7144 7272 7271
3 7144 7145 7272
3 7145 7273 7272
3 7145 7146 7273
3 7146 7274 7273
3 7146 7147 7274
3 7147 7275 7274
3 7147 7148 7275
3 7148 7276 7275
3 7148 7149 7276
3 7149 7277 7276
3 7149 7150 7277
3 7150 7278 7277
3 7150 7151 7278
3 7151 7279 7278
3 7151 7152 7279
3 7152 7280 7279
3 7152 7153 7280
3 7153 7281 7280
3 7153 7154 7281
3 7154 7282 7281
3 7154 7155 7282
3 7155 7283 7282
3 7155 7156 7283
3 7156 7284 7283
3 7156 7157 7284
3 7157 7285 7284
3 7157 7158 7285
3 7158 7286 7285
3 7158 7159 7286
3 7159 7287 7286
3 7159 7160 7287
3 7160 7288 7287
3 7160 7161 7288
3 7161 7289 7288
3 7161 7162 7289
3 7162 7290 7289
3 7162 7163 7290
3 7163 7291 7290
3 7163 7164 7291
3 7164 7292 7291
3 7164 7165 7292
3 7165 7293 7292
3 7165 7166 7293
3 7166 7294 7293
3 7166 7167 7294
3 7167 7295 7294
3 7167 7168 7295
3 7168 7296 7295
3 7168 7169 7296
3 7169 7297 7296
3 7169 7042 7297
3 7042 7170 7297
3 7170 7171 7298
3 7171 7299 7298
3 7171 7172 7299
3 7172 7300 7299
3 7172 7173 7300
3 7173 7301 7300
3 7173 7174 7301
3 7174 7302 7301
3 7174 7175 7302
3 7175 7303 7302
3 7175 7176 7303
3 7176 7304 7303
3 7176 7177 7304
3 7177 7305 7304
3 7177 7178 7305
3 7178 7306 7305
3 7178 7179 7306
3 7179 7307 7306
3 7179 7180 7307
3 7180 7308 7307
3 7180 7181 7308
3 7181 7309 7308
3 7181 7182 7309
3 7182 7310 7309
3 7182 7183 7310
3 7183 7311 7310
3 7183 7184 7311
3 7184 7312 7311
3 7184 7185 7312
3 7185 7313 7312
3 7185 7186 7313
3 7186 7314 7313
3 7186 7187 7314
3 7187 7315 7314
3 7187 7188 7315
3 7188 7316 7315
3 7188 7189 7316
3 7189 7317 7316
3 7189 7190 7317
3 7190 7318 7317
3 7190 7191 7318
3 7191 7319 7318
3 7191 7192 7319
3 7192 7320 7319
3 7192 7193 7320
3 7193 7321 7320
3 7193 7194 7321
3 7194 7322 7321
3 7194 7195 7322
3 7195 7323 7322
3 7195 7196 7323
3 7196 7324 7323
3 7196 7197 7324
3 7197 7325 7324
3 7197 7198 7325
3 7198 7326 7325
3 7198 7199 7326
3 7199 7327 7326
3 7199 7200 7327
3 7200 7328 7327
3 7200 7201 7328
3 7201 7329 7328
3 7201 7202 7329
3 7202 7330 7329
3 7202 7203 7330
3 7203 7331 7330
3 7203 7204 7331
3 7204 7332 7331
3 7204 7205 7332
3 7205 7333 7332
3 7205 7206 7333
3 7206 7334 7333
3 7206 7207 7334
3 7207 7335 7334
3 7207 7208 7335
3 7208 7336 7335
3 7208 7209 7336
3 7209 7337 7336
3 7209 7210 7337
3 7210 7338 7337
3 7210 7211 7338
3 7211 7339 7338
3 7211 7212 7339
3 7212 7340 7339
3 7212 7213 7340
3 7213 7341 7340
3 7213 7214 7341
3 7214 7342 7341
3 7214 7215 7342
3 7215 7343 7342
3 7215 7216 7343
3 7216 7344 7343
3 7216 7217 7344
3 7217 7345 7344
3 7217 7218 7345
3 7218 7346 7345
3 7218 7219 7346
3 7219 7347 7346
3 7219 7220 7347
3 7220 7348 7347
3 7220 7221 7348
3 7221 7349 7348
3 7221 7222 7349
3 7222 7350 7349
3 7222 7223 7350
3 7223 7351 7350
3 7223 7224 7351
3 7224 7352 7351
3 7224 7225 7352
3 7225 7353 7352
3 7225 7226 7353
3 7226 7354 7353
3 7226 7227 7354
3 7227 7355 7354
3 7227 7228 7355
3 7228 7356 7355
3 7228 7229 7356
3 7229 7357 7356
3 7229 7230 7357
3 7230 7358 7357
3 7230 7231 7358
3 7231 7359 7358
3 7231 7232 7359
3 7232 7360 7359
3 7232 7233 7360
3 7233 7361 7360
3 7233 7234 7361
3 7234 7362 7361
3 7234 7235 7362
3 7235 7363 7362
3 7235 7236 7363
3 7236 7364 7363
3 7236 7237 7364
3 7237 7365 7364
3 7237 7238 7365
3 7238 7366 7365
3 7238 7239 7366
3 7239 7367 7366
3 7239 7240 7367
3 7240 7368 7367
3 7240 7241 7368
3 7241 7369 7368
3 7241 7242 7369
3 7242 7370 7369
3 7242 7243 7370
3 7243 7371 7370
3 7243 7244 7371
3 7244 7372 7371
3 7244 7245 7372
3 7245 7373 7372
3 7245 7246 7373
3 7246 7374 7373
3 7246 7247 7374
3 7247 7375 7374
3 7247 7248 7375
3 7248 7376 7375
3 7248 7249 7376
3 7249 7377 7376
3 7249 7250 7377
3 7250 7378 7377
3 7250 7251 7378
3 7251 7379 7378
3 7251 7252 7379
3 7252 7380 7379
3 7252 7253 7380
3 7253 7381 7380
3 7253 7254 7381
3 7254 7382 7381
3 7254 7255 7382
3 7255 7383 7382
3 7255 7256 7383
3 7256 7384 7383
3 7256 7257 7384
3 7257 7385 7384
3 7257 7258 7385
3 7258 7386 7385
3 7258 7259 7386
3 7259 7387 7386
3 7259 7260 7387
3 7260 7388 7387
3 7260 7261 7388
3 7261 7389 7388
3 7261 7262 7389
3 7262 7390 7389
3 7262 7263 7390
3 7263 7391 7390
3 7263 7264 7391
3 7264 7392 7391
3 7264 7265 7392
3 7265 7393 7392
3 7265 7266 7393
3 7266 7394 7393
3 7266 7267 7394
3 7267 7395 7394
3 7267 7268 7395
3 7268 7396 7395
3 7268 7269 7396
3 7269 7397 7396
3 7269 7270 7397
3 7270 7398 7397
3 7270 7271 7398
3 7271 7399 7398
3 7271 7272 7399
3 7272 7400 7399
3 7272 7273 7400
3 7273 7401 7400
3 7273 7274 7401
3 7274 7402 7401
3 7274 7275 7402
3 7275 7403 7402
3 7275 7276 7403
3 7276 7404 7403
3 7276 7277 7404
3 7277 7405 7404
3 7277 7278 7405
3 7278 7406 7405
3 7278 7279 7406
3 7279 7407 7406
3 7279 7280 7407
3 7280 7408 7407
3 7280 7281 7408
3 7281 7409 7408
3 7281 7282 7409
3 7282 7410 7409
3 7282 7283 7410
3 7283 7411 7410
3 7283 7284 7411
3 7284 7412 7411
3 7284 7285 7412
3 7285 7413 7412
3 7285 7286 7413
3 7286 7414 7413
3 7286 7287 7414
3 7287 7415 7414
3 7287 7288 7415
3 7288 7416 7415
3 7288 7289 7416
3 7289 7417 7416
3 7289 7290 7417
3 7290 7418 7417
3 7290 7291 7418
3 7291 7419 7418
3 7291 7292 7419
3 7292 7420 7419
3 7292 7293 7420
3 7293 7421 7420
3 7293 7294 7421
3 7294 7422 7421
3 7294 7295 7422
3 7295 7423 7422
3 7295 7296 7423
3 7296 7424 7423
3 7296 7297 7424
3 7297 7425 7424
3 7297 7170 7425
3 7170 7298 7425
3 7298 7299 7426
3 7299 7427 7426
3 7299 7300 7427
3 7300 7428 7427
3 7300 7301 7428
3 7301 7429 7428
3 7301 7302 7429
3 7302 7430 7429
3 7302 7303 7430
3 7303 7431 7430
3 7303 7304 7431
3 7304 7432 7431
3 7304 7305 7432
3 7305 7433 7432
3 7305 7306 7433
3 7306 7434 7433
3 7306 7307 7434
3 7307 7435 7434
3 7307 7308 7435
3 7308 7436 7435
3 7308 7309 7436
3 7309 7437 7436
3 7309 7310 7437
3 7310 7438 7437
3 7310 7311 7438
3 7311 7439 7438
3 7311 7312 7439
3 7312 7440 7439
3 7312 7313 7440
3 7313 7441 7440
3 7313 7314 7441
3 7314 7442 7441
3 7314 7315 7442
3 7315 7443 7442
3 7315 7316 7443
3 7316 7444 7443
3 7316 7317 7444
3 7317 7445 7444
3 7317 7318 7445
3 7318 7446 7445
3 7318 7319 7446
3 7319 7447 7446
3 7319 7320 7447
3 7320 7448 7447
3 7320 7321 7448
3 7321 7449 7448
3 7321 7322 7449
3 7322 7450 7449
3 7322 7323 7450
3 7323 7451 7450
3 7323 7324 7451
3 7324 7452 7451
3 7324 7325 7452
3 7325 7453 7452
3 7325 7326 7453
3 7326 7454 7453
3 7326 7327 7454
3 7327 7455 7454
3 7327 7328 7455
3 7328 7456 7455
3 7328 7329 7456
3 7329 7457 7456
3 7329 7330 7457
3 7330 7458 7457
3 7330 7331 7458
3 7331 7459 7458
3 7331 7332 7459
3 7332 7460 7459
3 7332 7333 7460
3 7333 7461 7460
3 7333 7334 7461
3 7334 7462 7461
3 7334 7335 7462
3 7335 7463 7462
3 7335 7336 7463
3 7336 7464 7463
3 7336 7337 7464
3 7337 7465 7464
3 7337 7338 7465
3 7338 7466 7465
3 7338 7339 7466
3 7339 7467 7466
3 7339 7340 7467
3 7340 7468 7467
3 7340 7341 7468
3 7341 7469 7468
3 7341 7342 7469
3 7342 7470 7469
3 7342 7343 7470
3 7343 7471 7470
3 7343 7344 7471
3 7344 7472 7471
3 7344 7345 7472
3 7345 7473 7472
3 7345 7346 7473
3 7346 7474 7473
3 7346 7347 7474
3 7347 7475 7474
3 7347 7348 7475
3 7348 7476 7475
3 7348 7349 7476
3 7349 7477 7476
3 7349 7350 7477
3 7350 7478 7477
3 7350 7351 7478
3 7351 7479 7478
3 7351 7352 7479
3 7352 7480 7479
3 7352 7353 7480
3 7353 7481 7480
3 7353 7354 7481
3 7354 7482 7481
3 7354 7355 7482
3 7355 7483 7482
3 7355 7356 7483
3 7356 7484 7483
3 7356 7357 7484
3 7357 7485 7484
3 7357 7358 7485
3 7358 7486 7485
3 7358 7359 7486
3 7359 7487 7486
3 7359 7360 7487
3 7360 7488 7487
3 7360 7361 7488
3 7361 7489 7488
3 7361 7362 7489
3 7362 7490 7489
3 7362 7363 7490
3 7363 7491 7490
3 7363 7364 7491
3 7364 7492 7491
3 7364 7365 7492
3 7365 7493 7492
3 7365 7366 7493
3 7366 7494 7493
3 7366 7367 7494
3 7367 7495 7494
3 7367 7368 7495
3 7368 7496 7495
3 7368 7369 7496
3 7369 7497 7496
3 7369 7370 7497
3 7370 7498 7497
3 7370 7371 7498
3 7371 7499 7498
3 7371 7372 7499
3 7372 7500 7499
3 7372 7373 7500
3 7373 7501 7500
3 7373 7374 7501
3 7374 7502 7501
3 7374 7375 7502
3 7375 7503 7502
3 7375 7376 7503
3 7376 7504 7503
3 7376 7377 7504
3 7377 7505 7504
3 7377 7378 7505
3 7378 7506 7505
3 7378 7379 7506
3 7379 7507 7506
3 7379 7380 7507
3 7380 7508 7507
3 7380 7381 7508
3 7381 7509 7508
3 7381 7382 7509
3 7382 7510 7509
3 7382 7383 7510
3 7383 7511 7510
3 7383 7384 7511
3 7384 7512 7511
3 7384 7385 7512
3 7385 7513 7512
3 7385 7386 7513
3 7386 7514 7513
3 7386 7387 7514
3 7387 7515 7514
3 7387 7388 7515
3 7388 7516 7515
3 7388 7389 7516
3 7389 7517 7516
3 7389 7390 7517
3 7390 7518 7517
3 7390 7391 7518
3 7391 7519 7518
3 7391 7392 7519
3 7392 7520 7519
3 7392 7393 7520
3 7393 7521 7520
3 7393 7394 7521
3 7394 7522 7521
3 7394 7395 7522
3 7395 7523 7522
3 7395 7396 7523
3 7396 7524 7523
3 7396 7397 7524
3 7397 7525 7524
3 7397 7398 7525
3 7398 7526 7525
3 7398 7399 7526
3 7399 7527 7526
3 7399 7400 7527
3 7400 7528 7527
3 7400 7401 7528
3 7401 7529 7528
3 7401 7402 7529
3 7402 7530 7529
3 7402 7403 7530
3 7403 7531 7530
3 7403 7404 7531
3 7404 7532 7531
3 7404 7405 7532
3 7405 7533 7532
3 7405 7406 7533
3 7406 7534 7533
3 7406 7407 7534
3 7407 7535 7534
3 7407 7408 7535
3 7408 7536 7535
3 7408 7409 7536
3 7409 7537 7536
3 7409 7410 7537
3 7410 7538 7537
3 7410 7411 7538
3 7411 7539 7538
3 7411 7412 7539
3 7412 7540 7539
3 7412 7413 7540
3 7413 7541 7540
3 7413 7414 7541
3 7414 7542 7541
3 7414 7415 7542
3 7415 7543 7542
3 7415 7416 7543
3 7416 7544 7543
3 7416 7417 7544
3 7417 7545 7544
3 7417 7418 7545
3 7418 7546 7545
3 7418 7419 7546
3 7419 7547 7546
3 7419 7420 7547
3 7420 7548 7547
3 7420 7421 7548
3 7421 7549 7548
3 7421 7422 7549
3 7422 7550 7549
3 7422 7423 7550
3 7423 7551 7550
3 7423 7424 7551
3 7424 7552 7551
3 7424 7425 7552
3 7425 7553 7552
3 7425 7298 7553
3 7298 7426 7553
3 7426 7427 7554
3 7427 7555 7554
3 7427 7428 7555
3 7428 7556 7555
3 7428 7429 7556
3 7429 7557 7556
3 7429 7430 7557
3 7430 7558 7557
3 7430 7431 7558
3 7431 7559 7558
3 7431 7432 7559
3 7432 7560 7559
3 7432 7433 7560
3 7433 7561 7560
3 7433 7434 7561
3 7434 7562 7561
3 7434 7435 7562
3 7435 7563 7562
3 7435 7436 7563
3 7436 7564 7563
3 7436 7437 7564
3 7437 7565 7564
3 7437 7438 7565
3 7438 7566 7565
3 7438 7439 7566
3 7439 7567 7566
3 7439 7440 7567
3 7440 7568 7567
3 7440 7441 7568
3 7441 7569 7568
3 7441 7442 7569
3 7442 7570 7569
3 7442 7443 7570
3 7443 7571 7570
3 7443 7444 7571
3 7444 7572 7571
3 7444 7445 7572
3 7445 7573 7572
3 7445 7446 7573
3 7446 7574 7573
3 7446 7447 7574
3 7447 7575 7574
3 7447 7448 7575
3 7448 7576 7575
3 7448 7449 7576
3 7449 7577 7576
3 7449 7450 7577
3 7450 7578 7577
3 7450 7451 7578
3 7451 7579 7578
3 7451 7452 7579
3 7452 7580 7579
3 7452 7453 7580
3 7453 7581 7580
3 7453 7454 7581
3 7454 7582 7581
3 7454 7455 7582
3 7455 7583 7582
3 7455 7456 7583
3 7456 7584 7583
3 7456 7457 7584
3 7457 7585 7584
3 7457 7458 7585
3 7458 7586 7585
3 7458 7459 7586
3 7459 7587 7586
3 7459 7460 7587
3 7460 7588 7587
3 7460 7461 7588
3 7461 7589 7588
3 7461 7462 7589
3 7462 7590 7589
3 7462 7463 7590
3 7463 7591 7590
3 7463 7464 7591
3 7464 7592 7591
3 7464 7465 7592
3 7465 7593 7592
3 7465 7466 7593
3 7466 7594 7593
3 7466 7467 7594
3 7467 7595 7594
3 7467 7468 7595
3 7468 7596 7595
3 7468 7469 7596
3 7469 7597 7596
3 7469 7470 7597
3 7470 7598 7597
3 7470 7471 7598
3 7471 7599 7598
3 7471 7472 7599
3 7472 7600 7599
3 7472 7473 7600
3 7473 7601 7600
3 7473 7474 7601
3 7474 7602 7601
3 7474 7475 7602
3 7475 7603 7602
3 7475 7476 7603
3 7476 7604 7603
3 7476 7477 7604
3 7477 7605 7604
3 7477 7478 7605
3 7478 7606 7605
3 7478 7479 7606
3 7479 7607 7606
3 7479 7480 7607
3 7480 7608 7607
3 7480 7481 7608
3 7481 7609 7608
3 7481 7482 7609
3 7482 7610 7609
3 7482 7483 7610
3 7483 7611 7610
3 7483 7484 7611
3 7484 7612 7611
3 7484 7485 7612
3 7485 7613 7612
3 7485 7486 7613
3 7486 7614 7613
3 7486 7487 7614
3 7487 7615 7614
3 7487 7488 7615
3 7488 7616 7615
3 7488 7489 7616
3 7489 7617 7616
3 7489 7490 7617
3 7490 7618 7617
3 7490 7491 7618
3 7491 7619 7618
3 7491 7492 7619
3 7492 7620 7619
3 7492 7493 7620
3 7493 7621 7620
3 7493 7494 7621
3 7494 7622 7621
3 7494 7495 7622
3 7495 7623 7622
3 7495 7496 7623
3 7496 7624 7623
3 7496 7497 7624
3 7497 7625 7624
3 7497 7498 7625
3 7498 7626 7625
3 7498 7499 7626
3 7499 7627 7626
3 7499 7500 7627
3 7500 7628 7627
3 7500 7501 7628
3 7501 7629 7628
3 7501 7502 7629
3 7502 7630 7629
3 7502 7503 7630
3 7503 7631 7630
3 7503 7504 7631
3 7504 7632 7631
3 7504 7505 7632
3 7505 7633 7632
3 7505 7506 7633
3 7506 7634 7633
3 7506 7507 7634
3 7507 7635 7634
3 7507 7508 7635
3 7508 7636 7635
3 7508 7509 7636
3 7509 7637 7636
3 7509 7510 7637
3 7510 7638 7637
3 7510 7511 7638
3 7511 7639 7638
3 7511 7512 7639
3 7512 7640 7639
3 7512 7513 7640
3 7513 7641 7640
3 7513 7514 7641
3 7514 7642 7641
3 7514 7515 7642
3 7515 7643 7642
3 7515 7516 7643
3 7516 7644 7643
3 7516 7517 7644
3 7517 7645 7644
3 7517 7518 7645
3 7518 7646 7645
3 7518 7519 7646
3 7519 7647 7646
3 7519 7520 7647
3 7520 7648 7647
3 7520 7521 7648
3 7521 7649 7648
3 7521 7522 7649
3 7522 7650 7649
3 7522 7523 7650
3 7523 7651 7650
3 7523 7524 7651
3 7524 7652 7651
3 7524 7525 7652
3 7525 7653 7652
3 7525 7526 7653
3 7526 7654 7653
3 7526 7527 7654
3 7527 7655 7654
3 7527 7528 7655
3 7528 7656 7655
3 7528 7529 7656
3 7529 7657 7656
3 7529 7530 7657
3 7530 7658 7657
3 7530 7531 7658
3 7531 7659 7658
3 7531 7532 7659
3 7532 7660 7659
3 7532 7533 7660
3 7533 7661 7660
3 7533 7534 7661
3 7534 7662 7661
3 7534 7535 7662
3 7535 7663 7662
3 7535 7536 7663
3 7536 7664 7663
3 7536 7537 7664
3 7537 7665 7664
3 7537 7538 7665
3 7538 7666 7665
3 7538 7539 7666
3 7539 7667 7666
3 7539 7540 7667
3 7540 7668 7667
3 7540 7541 7668
3 7541 7669 7668
3 7541 7542 7669
3 7542 7670 7669
3 7542 7543 7670
3 7543 7671 7670
3 7543 7544 7671
3 7544 7672 7671
3 7544 7545 7672
3 7545 7673 7672
3 7545 7546 7673
3 7546 7674 7673
3 7546 7547 7674
3 7547 7675 7674
3 7547 7548 7675
3 7548 7676 7675
3 7548 7549 7676
3 7549 7677 7676
3 7549 7550 7677
3 7550 7678 7677
3 7550 7551 7678
3 7551 7679 7678
3 7551 7552 7679
3 7552 7680 7679
3 7552 7553 7680
3 7553 7681 7680
3 7553 7426 7681
3 7426 7554 7681
3 7554 7555 7682
3 7555 7683 7682
3 7555 7556 7683
3 7556 7684 7683
3 7556 7557 7684
3 7557 7685 7684
3 7557 7558 7685
3 7558 7686 7685
3 7558 7559 7686
3 7559 7687 7686
3 7559 7560 7687
3 7560 7688 7687
3 7560 7561 7688
3 7561 7689 7688
3 7561 7562 7689
3 7562 7690 7689
3 7562 7563 7690
3 7563 7691 7690
3 7563 7564 7691
3 7564 7692 7691
3 7564 7565 7692
3 7565 7693 7692
3 7565 7566 7693
3 7566 7694 7693
3 7566 7567 7694
3 7567 7695 7694
3 7567 7568 7695
3 7568 7696 7695
3 7568 7569 7696
3 7569 7697 7696
3 7569 7570 7697
3 7570 7698 7697
3 7570 7571 7698
3 7571 7699 7698
3 7571 7572 7699
3 7572 7700 7699
3 7572 7573 7700
3 7573 7701 7700
3 7573 7574 7701
3 7574 7702 7701
3 7574 7575 7702
3 7575 7703 7702
3 7575 7576 7703
3 7576 7704 7703
3 7576 7577 7704
3 7577 7705 7704
3 7577 7578 7705
3 7578 7706 7705
3 7578 7579 7706
3 7579 7707 7706
3 7579 7580 7707
3 7580 7708 7707
3 7580 7581 7708
3 7581 7709 7708
3 7581 7582 7709
3 7582 7710 7709
3 7582 7583 7710
3 7583 7711 7710
3 7583 7584 7711
3 7584 7712 7711
3 7584 7585 7712
3 7585 7713 7712
3 7585 7586 7713
3 7586 7714 7713
3 7586 7587 7714
3 7587 7715 7714
3 7587 7588 7715
3 7588 7716 7715
3 7588 7589 7716
3 7589 7717 7716
3 7589 7590 7717
3 7590 7718 7717
3 7590 7591 7718
3 7591 7719 7718
3 7591 7592 7719
3 7592 7720 7719
3 7592 7593 7720
3 7593 7721 7720
3 7593 7594 7721
3 7594 7722 7721
3 7594 7595 7722
3 7595 7723 7722
3 7595 7596 7723
3 7596 7724 7723
3 7596 7597 7724
3 7597 7725 7724
3 7597 7598 7725
3 7598 7726 7725
3 7598 7599 7726
3 7599 7727 7726
3 7599 7600 7727
3 7600 7728 7727
3 7600 7601 7728
3 7601 7729 7728
3 7601 7602 7729
3 7602 7730 7729
3 7602 7603 7730
3 7603 7731 7730
3 7603 7604 7731
3 7604 7732 7731
3 7604 7605 7732
3 7605 7733 7732
3 7605 7606 7733
3 7606 7734 7733
3 7606 7607 7734
3 7607 7735 7734
3 7607 7608 7735
3 7608 7736 7735
3 7608 7609 7736
3 7609 7737 7736
3 7609 7610 7737
3 7610 7738 7737
3 7610 7611 7738
3 7611 7739 7738
3 7611 7612 7739
3 7612 7740 7739
3 7612 7613 7740
3 7613 7741 7740
3 7613 7614 7741
3 7614 7742 7741
3 7614 7615 7742
3 7615 7743 7742
3 7615 7616 7743
3 7616 7744 7743
3 7616 7617 7744
3 7617 7745 7744
3 7617 7618 7745
3 7618 7746 7745
3 7618 7619 7746
3 7619 7747 7746
3 7619 7620 7747
3 7620 7748 7747
3 7620 7621 7748
3 7621 7749 7748
3 7621 7622 7749
3 7622 7750 7749
3 7622 7623 7750
3 7623 7751 7750
3 7623 7624 7751
3 7624 7752 7751
3 7624 7625 7752
3 7625 7753 7752
3 7625 7626 7753
3 7626 7754 7753
3 7626 7627 7754
3 7627 7755 7754
3 7627 7628 7755
3 7628 7756 7755
3 7628 7629 7756
3 7629 7757 7756
3 7629 7630 7757
3 7630 7758 7757
3 7630 7631 7758
3 7631 7759 7758
3 7631 7632 7759
3 7632 7760 7759
3 7632 7633 7760
3 7633 7761 7760
3 7633 7634 7761
3 7634 7762 7761
3 7634 7635 7762
3 7635 7763 7762
3 7635 7636 7763
3 7636 7764 7763
3 7636 7637 7764
3 7637 7765 7764
3 7637 7638 7765
3 7638 7766 7765
3 7638 7639 7766
3 7639 7767 7766
3 7639 7640 7767
3 7640 7768 7767
3 7640 7641 7768
3 7641 7769 7768
3 7641 7642 7769
3 7642 7770 7769
3 7642 7643 7770
3 7643 7771 7770
3 7643 7644 7771
3 7644 7772 7771
3 7644 7645 7772
3 7645 7773 7772
3 7645 7646 7773
3 7646 7774 7773
3 7646 7647 7774
3 7647 7775 7774
3 7647 7648 7775
3 7648 7776 7775
3 7648 7649 7776
3 7649 7777 7776
3 7649 7650 7777
3 7650 7778 7777
3 7650 7651 7778
3 7651 7779 7778
3 7651 7652 7779
3 7652 7780 7779
3 7652 7653 7780
3 7653 7781 7780
3 7653 7654 7781
3 7654 7782 7781
3 7654 7655 7782
3 7655 7783 7782
3 7655 7656 7783
3 7656 7784 7783
3 7656 7657 7784
3 7657 7785 7784
3 7657 7658 7785
3 7658 7786 7785
3 7658 7659 7786
3 7659 7787 7786
3 7659 7660 7787
3 7660 7788 7787
3 7660 7661 7788
3 7661 7789 7788
3 7661 7662 7789
3 7662 7790 7789
3 7662 7663 7790
3 7663 7791 7790
3 7663 7664 7791
3 7664 7792 7791
3 7664 7665 7792
3 7665 7793 7792
3 7665 7666 7793
3 7666 7794 7793
3 7666 7667 7794
3 7667 7795 7794
3 7667 7668 7795
3 7668 7796 7795
3 7668 7669 7796
3 7669 7797 7796
3 7669 7670 7797
3 7670 7798 7797
3 7670 7671 7798
3 7671 7799 7798
3 7671 7672 7799
3 7672 7800 7799
3 7672 7673 7800
3 7673 7801 7800
3 7673 7674 7801
3 7674 7802 7801
3 7674 7675 7802
3 7675 7803 7802
3 7675 7676 7803
3 7676 7804 7803
3 7676 7677 7804
3 7677 7805 7804
3 7677 7678 7805
3 7678 7806 7805
3 7678 7679 7806
3 7679 7807 7806
3 7679 7680 7807
3 7680 7808 7807
3 7680 7681 7808
3 7681 7809 7808
3 7681 7554 7809
3 7554 7682 7809
3 7682 7683 7810
3 7683 7811 7810
3 7683 7684 7811
3 7684 7812 7811
3 7684 7685 7812
3 7685 7813 7812
3 7685 7686 7813
3 7686 7814 7813
3 7686 7687 7814
3 7687 7815 7814
3 7687 7688 7815
3 7688 7816 7815
3 7688 7689 7816
3 7689 7817 7816
3 7689 7690 7817
3 7690 7818 7817
3 7690 7691 7818
3 7691 7819 7818
3 7691 7692 7819
3 7692 7820 7819
3 7692 7693 7820
3 7693 7821 7820
3 7693 7694 7821
3 7694 7822 7821
3 7694 7695 7822
3 7695 7823 7822
3 7695 7696 7823
3 7696 7824 7823
3 7696 7697 7824
3 7697 7825 7824
3 7697 7698 7825
3 7698 7826 7825
3 7698 7699 7826
3 7699 7827 7826
3 7699 7700 7827
3 7700 7828 7827
3 7700 7701 7828
3 7701 7829 7828
3 7701 7702 7829
3 7702 7830 7829
3 7702 7703 7830
3 7703 7831 7830
3 7703 7704 7831
3 7704 7832 7831
3 7704 7705 7832
3 7705 7833 7832
3 7705 7706 7833
3 7706 7834 7833
3 7706 7707 7834
3 7707 7835 7834
3 7707 7708 7835
3 7708 7836 7835
3 7708 7709 7836
3 7709 7837 7836
3 7709 7710 7837
3 7710 7838 7837
3 7710 7711 7838
3 7711 7839 7838
3 7711 7712 7839
3 7712 7840 7839
3 7712 7713 7840
3 7713 7841 7840
3 7713 7714 7841
3 7714 7842 7841
3 7714 7715 7842
3 7715 7843 7842
3 7715 7716 7843
3 7716 7844 7843
3 7716 7717 7844
3 7717 7845 7844
3 7717 7718 7845
3 7718 7846 7845
3 7718 7719 7846
3 7719 7847 7846
3 7719 7720 7847
3 7720 7848 7847
3 7720 7721 7848
3 7721 7849 7848
3 7721 7722 7849
3 7722 7850 7849
3 7722 7723 7850
3 7723 7851 7850
3 7723 7724 7851
3 7724 7852 7851
3 7724 7725 7852
3 7725 7853 7852
3 7725 7726 7853
3 7726 7854 7853
3 7726 7727 7854
3 7727 7855 7854
3 7727 7728 7855
3 7728 7856 7855
3 7728 7729 7856
3 7729 7857 7856
3 7729 7730 7857
3 7730 7858 7857
3 7730 7731 7858
3 7731 7859 7858
3 7731 7732 7859
3 7732 7860 7859
3 7732 7733 7860
3 7733 7861 7860
3 7733 7734 7861
3 7734 7862 7861
3 7734 7735 7862
3 7735 7863 7862
3 7735 7736 7863
3 7736 7864 7863
3 7736 7737 7864
3 7737 7865 7864
3 7737 7738 7865
3 7738 7866 7865
3 7738 7739 7866
3 7739 7867 7866
3 7739 7740 7867
3 7740 7868 7867
3 7740 7741 7868
3 7741 7869 7868
3 7741 7742 7869
3 7742 7870 7869
3 7742 7743 7870
3 7743 7871 7870
3 7743 7744 7871
3 7744 7872 7871
3 7744 7745 7872
3 7745 7873 7872
3 7745 7746 7873
3 7746 7874 7873
3 7746 7747 7874
3 7747 7875 7874
3 7747 7748 7875
3 7748 7876 7875
3 7748 7749 7876
3 7749 7877 7876
3 7749 7750 7877
3 7750 7878 7877
3 7750 7751 7878
3 7751 7879 7878
3 7751 7752 7879
3 7752 7880 7879
3 7752 7753 7880
3 7753 7881 7880
3 7753 7754 7881
3 7754 7882 7881
3 7754 7755 7882
3 7755 7883 7882
3 7755 7756 7883
3 7756 7884 7883
3 7756 7757 7884
3 7757 7885 7884
3 7757 7758 7885
3 7758 7886 7885
3 7758 7759 7886
3 7759 7887 7886
3 7759 7760 7887
3 7760 7888 7887
3 7760 7761 7888
3 7761 7889 7888
3 7761 7762 7889
3 7762 7890 7889
3 7762 7763 7890
3 7763 7891 7890
3 7763 7764 7891
3 7764 7892 7891
3 7764 7765 7892
3 7765 7893 7892
3 7765 7766 7893
3 7766 7894 7893
3 7766 7767 7894
3 7767 7895 7894
3 7767 7768 7895
3 7768 7896 7895
3 7768 7769 7896
3 7769 7897 7896
3 7769 7770 7897
3 7770 7898 7897
3 7770 7771 7898
3 7771 7899 7898
3 7771 7772 7899
3 7772 7900 7899
3 7772 7773 7900
3 7773 7901 7900
3 7773 7774 7901
3 7774 7902 7901
3 7774 7775 7902
3 7775 7903 7902
3 7775 7776 7903
3 7776 7904 7903
3 7776 7777 7904
3 7777 7905 7904
3 7777 7778 7905
3 7778 7906 7905
3 7778 7779 7906
3 7779 7907 7906
3 7779 7780 7907
3 7780 7908 7907
3 7780 7781 7908
3 7781 7909 7908
3 7781 7782 7909
3 7782 7910 7909
3 7782 7783 7910
3 7783 7911 7910
3 7783 7784 7911
3 7784 7912 7911
3 7784 7785 7912
3 7785 7913 7912
3 7785 7786 7913
3 7786 7914 7913
3 7786 7787 7914
3 7787 7915 7914
3 7787 7788 7915
3 7788 7916 7915
3 7788 7789 7916
3 7789 7917 7916
3 7789 7790 7917
3 7790 7918 7917
3 7790 7791 7918
3 7791 7919 7918
3 7791 7792 7919
3 7792 7920 7919
3 7792 7793 7920
3 7793 7921 7920
3 7793 7794 7921
3 7794 7922 7921
3 7794 7795 7922
3 7795 7923 7922
3 7795 7796 7923
3 7796 7924 7923
3 7796 7797 7924
3 7797 7925 7924
3 7797 7798 7925
3 7798 7926 7925
3 7798 7799 7926
3 7799 7927 7926
3 7799 7800 7927
3 7800 7928 7927
3 7800 7801 7928
3 7801 7929 7928
3 7801 7802 7929
3 7802 7930 7929
3 7802 7803 7930
3 7803 7931 7930
3 7803 7804 7931
3 7804 7932 7931
3 7804 7805 7932
3 7805 7933 7932
3 7805 7806 7933
3 7806 7934 7933
3 7806 7807 7934
3 7807 7935 7934
3 7807 7808 7935
3 7808 7936 7935
3 7808 7809 7936
3 7809 7937 7936
3 7809 7682 7937
3 7682 7810 7937
3 7810 7811 7938
3 7811 7939 7938
3 7811 7812 7939
3 7812 7940 7939
3 7812 7813 7940
3 7813 7941 7940
3 7813 7814 7941
3 7814 7942 7941
3 7814 7815 7942
3 7815 7943 7942
3 7815 7816 7943
3 7816 7944 7943
3 7816 7817 7944
3 7817 7945 7944
3 7817 7818 7945
3 7818 7946 7945
3 7818 7819 7946
3 7819 7947 7946
3 7819 7820 7947
3 7820 7948 7947
3 7820 7821 7948
3 7821 7949 7948
3 7821 7822 7949
3 7822 7950 7949
3 7822 7823 7950
3 7823 7951 7950
3 7823 7824 7951
3 7824 7952 7951
3 7824 7825 7952
3 7825 7953 7952
3 7825 7826 7953
3 7826 7954 7953
3 7826 7827 7954
3 7827 7955 7954
3 7827 7828 7955
3 7828 7956 7955
3 7828 7829 7956
3 7829 7957 7956
3 7829 7830 7957
3 7830 7958 7957
3 7830 7831 7958
3 7831 7959 7958
3 7831 7832 7959
3 7832 7960 7959
3 7832 7833 7960
3 7833 7961 7960
3 7833 7834 7961
3 7834 7962 7961
3 7834 7835 7962
3 7835 7963 7962
3 7835 7836 7963
3 7836 7964 7963
3 7836 7837 7964
3 7837 7965 7964
3 7837 7838 7965
3 7838 7966 7965
3 7838 7839 7966
3 7839 7967 7966
3 7839 7840 7967
3 7840 7968 7967
3 7840 7841 7968
3 7841 7969 7968
3 7841 7842 7969
3 7842 7970 7969
3 7842 7843 7970
3 7843 7971 7970
3 7843 7844 7971
3 7844 7972 7971
3 7844 7845 7972
3 7845 7973 7972
3 7845 7846 7973
3 7846 7974 7973
3 7846 7847 7974
3 7847 7975 7974
3 7847 7848 7975
3 7848 7976 7975
3 7848 7849 7976
3 7849 7977 7976
3 7849 7850 7977
3 7850 7978 7977
3 7850 7851 7978
3 7851 7979 7978
3 7851 7852 7979
3 7852 7980 7979
3 7852 7853 7980
3 7853 7981 7980
3 7853 7854 7981
3 7854 7982 7981
3 7854 7855 7982
3 7855 7983 7982
3 7855 7856 7983
3 7856 7984 7983
3 7856 7857 7984
3 7857 7985 7984
3 7857 7858 7985
3 7858 7986 7985
3 7858 7859 7986
3 7859 7987 7986
3 7859 7860 7987
3 7860 7988 7987
3 7860 7861 7988
3 7861 7989 7988
3 7861 7862 7989
3 7862 7990 7989
3 7862 7863 7990
3 7863 7991 7990
3 7863 7864 7991
3 7864 7992 7991
3 7864 7865 7992
3 7865 7993 7992
3 7865 7866 7993
3 7866 7994 7993
3 7866 7867 7994
3 7867 7995 7994
3 7867 7868 7995
3 7868 7996 7995
3 7868 7869 7996
3 7869 7997 7996
3 7869 7870 7997
3 7870 7998 7997
3 7870 7871 7998
3 7871 7999 7998
3 7871 7872 7999
3 7872 8000 7999
3 7872 7873 8000
3 7873 8001 8000
3 7873 7874 8001
3 7874 8002 8001
3 7874 7875 8002
3 7875 8003 8002
3 7875 7876 8003
3 7876 8004 8003
3 7876 7877 8004
3 7877 8005 8004
3 7877 7878 8005
3 7878 8006 8005
3 7878 7879 8006
3 7879 8007 8006
3 7879 7880 8007
3 7880 8008 8007
3 7880 7881 8008
3 7881 8009 8008
3 7881 7882 8009
3 7882 8010 8009
3 7882 7883 8010
3 7883 8011 8010
3 7883 7884 8011
3 7884 8012 8011
3 7884 7885 8012
3 7885 8013 8012
3 7885 7886 8013
3 7886 8014 8013
3 7886 7887 8014
3 7887 8015 8014
3 7887 7888 8015
3 7888 8016 8015
3 7888 7889 8016
3 7889 8017 8016
3 7889 7890 8017
3 7890 8018 8017
3 7890 7891 8018
3 7891 8019 8018
3 7891 7892 8019
3 7892 8020 8019
3 7892 7893 8020
3 7893 8021 8020
3 7893 7894 8021
3 7894 8022 8021
3 7894 7895 8022
3 7895 8023 8022
3 7895 7896 8023
3 7896 8024 8023
3 7896 7897 8024
3 7897 8025 8024
3 7897 7898 8025
3 7898 8026 8025
3 7898 7899 8026
3 7899 8027 8026
3 7899 7900 8027
3 7900 8028 8027
3 7900 7901 8028
3 7901 8029 8028
3 7901 7902 8029
3 7902 8030 8029
3 7902 7903 8030
3 7903 8031 8030
3 7903 7904 8031
3 7904 8032 8031
3 7904 7905 8032
3 7905 8033 8032
3 7905 7906 8033
3 7906 8034 8033
3 7906 7907 8034
3 7907 8035 8034
3 7907 7908 8035
3 7908 8036 8035
3 7908 7909 8036
3 7909 8037 8036
3 7909 7910 8037
3 7910 8038 8037
3 7910 7911 8038
3 7911 8039 8038
3 7911 7912 8039
3 7912 8040 8039
3 7912 7913 8040
3 7913 8041 8040
3 7913 7914 8041
3 7914 8042 8041
3 7914 7915 8042
3 7915 8043 8042
3 7915 7916 8043
3 7916 8044 8043
3 7916 7917 8044
3 7917 8045 8044
3 7917 7918 8045
3 7918 8046 8045
3 7918 7919 8046
3 7919 8047 8046
3 7919 7920 8047
3 7920 8048 8047
3 7920 7921 8048
3 7921 8049 8048
3 7921 7922 8049
3 7922 8050 8049
3 7922 7923 8050
3 7923 8051 8050
3 7923 7924 8051
3 7924 8052 8051
3 7924 7925 8052
3 7925 8053 8052
3 7925 7926 8053
3 7926 8054 8053
3 7926 7927 8054
3 7927 8055 8054
3 7927 7928 8055
3 7928 8056 8055
3 7928 7929 8056
3 7929 8057 8056
3 7929 7930 8057
3 7930 8058 8057
3 7930 7931 8058
3 7931 8059 8058
3 7931 7932 8059
3 7932 8060 8059
3 7932 7933 8060
3 7933 8061 8060
3 7933 7934 8061
3 7934 8062 8061
3 7934 7935 8062
3 7935 8063 8062
3 7935 7936 8063
3 7936 8064 8063
3 7936 7937 8064
3 7937 8065 8064
3 7937 7810 8065
3 7810 7938 8065
3 7938 7939 8066
3 7939 8067 8066
3 7939 7940 8067
3 7940 8068 8067
3 7940 7941 8068
3 7941 8069 8068
3 7941 7942 8069
3 7942 8070 8069
3 7942 7943 8070
3 7943 8071 8070
3 7943 7944 8071
3 7944 8072 8071
3 7944 7945 8072
3 7945 8073 8072
3 7945 7946 8073
3 7946 8074 8073
3 7946 7947 8074
3 7947 8075 8074
3 7947 7948 8075
3 7948 8076 8075
3 7948 7949 8076
3 7949 8077 8076
3 7949 7950 8077
3 7950 8078 8077
3 7950 7951 8078
3 7951 8079 8078
3 7951 7952 8079
3 7952 8080 8079
3 7952 7953 8080
3 7953 8081 8080
3 7953 7954 8081
3 7954 8082 8081
3 7954 7955 8082
3 7955 8083 8082
3 7955 7956 8083
3 7956 8084 8083
3 7956 7957 8084
3 7957 8085 8084
3 7957 7958 8085
3 7958 8086 8085
3 7958 7959 8086
3 7959 8087 8086
3 7959 7960 8087
3 7960 8088 8087
3 7960 7961 8088
3 7961 8089 8088
3 7961 7962 8089
3 7962 8090 8089
3 7962 7963 8090
3 7963 8091 8090
3 7963 7964 8091
3 7964 8092 8091
3 7964 7965 8092
3 7965 8093 8092
3 7965 7966 8093
3 7966 8094 8093
3 7966 7967 8094
3 7967 8095 8094
3 7967 7968 8095
3 7968 8096 8095
3 7968 7969 8096
3 7969 8097 8096
3 7969 7970 8097
3 7970 8098 8097
3 7970 7971 8098
3 7971 8099 8098
3 7971 7972 8099
3 7972 8100 8099
3 7972 7973 8100
3 7973 8101 8100
3 7973 7974 8101
3 7974 8102 8101
3 7974 7975 8102
3 7975 8103 8102
3 7975 7976 8103
3 7976 8104 8103
3 7976 7977 8104
3 7977 8105 8104
3 7977 7978 8105
3 7978 8106 8105
3 7978 7979 8106
3 7979 8107 8106
3 7979 7980 8107
3 7980 8108 8107
3 7980 7981 8108
3 7981 8109 8108
3 7981 7982 8109
3 7982 8110 8109
3 7982 7983 8110
3 7983 8111 8110
3 7983 7984 8111
3 7984 8112 8111
3 7984 7985 8112
3 7985 8113 8112
3 7985 7986 8113
3 7986 8114 8113
3 7986 7987 8114
3 7987 8115 8114
3 7987 7988 8115
3 7988 8116 8115
3 7988 7989 8116
3 7989 8117 8116
3 7989 7990 8117
3 7990 8118 8117
3 7990 7991 8118
3 7991 8119 8118
3 7991 7992 8119
3 7992 8120 8119
3 7992 7993 8120
3 7993 8121 8120
3 7993 7994 8121
3 7994 8122 8121
3 7994 7995 8122
3 7995 8123 8122
3 7995 7996 8123
3 7996 8124 8123
3 7996 7997 8124
3 7997 8125 8124
3 7997 7998 8125
3 7998 8126 8125
3 7998 7999 8126
3 7999 8127 8126
3 7999 8000 8127
3 8000 8128 8127
3 8000 8001 8128
3 8001 8129 8128
3 8001 8002 8129
3 8002 8130 8129
3 8002 8003 8130
3 8003 8131 8130
3 8003 8004 8131
3 8004 8132 8131
3 8004 8005 8132
3 8005 8133 8132
3 8005 8006 8133
3 8006 8134 8133
3 8006 8007 8134
3 8007 8135 8134
3 8007 8008 8135
3 8008 8136 8135
3 8008 8009 8136
3 8009 8137 8136
3 8009 8010 8137
3 8010 8138 8137
3 8010 8011 8138
3 8011 8139 8138
3 8011 8012 8139
3 8012 8140 8139
3 8012 8013 8140
3 8013 8141 8140
3 8013 8014 8141
3 8014 8142 8141
3 8014 8015 8142
3 8015 8143 8142
3 8015 8016 8143
3 8016 8144 8143
3 8016 8017 8144
3 8017 8145 8144
3 8017 8018 8145
3 8018 8146 8145
3 8018 8019 8146
3 8019 8147 8146
3 8019 8020 8147
3 8020 8148 8147
3 8020 8021 8148
3 8021 8149 8148
3 8021 8022 8149
3 8022 8150 8149
3 8022 8023 8150
3 8023 8151 8150
3 8023 8024 8151
3 8024 8152 8151
3 8024 8025 8152
3 8025 8153 8152
3 8025 8026 8153
3 8026 8154 8153
3 8026 8027 8154
3 8027 8155 8154
3 8027 8028 8155
3 8028 8156 8155
3 8028 8029 8156
3 8029 8157 8156
3 8029 8030 8157
3 8030 8158 8157
3 8030 8031 8158
3 8031 8159 8158
3 8031 8032 8159
3 8032 8160 8159
3 8032 8033 8160
3 8033 8161 8160
3 8033 8034 8161
3 8034 8162 8161
3 8034 8035 8162
3 8035 8163 8162
3 8035 8036 8163
3 8036 8164 8163
3 8036 8037 8164
3 8037 8165 8164
3 8037 8038 8165
3 8038 8166 8165
3 8038 8039 8166
3 8039 8167 8166
3 8039 8040 8167
3 8040 8168 8167
3 8040 8041 8168
3 8041 8169 8168
3 8041 8042 8169
3 8042 8170 8169
3 8042 8043 8170
3 8043 8171 8170
3 8043 8044 8171
3 8044 8172 8171
3 8044 8045 8172
3 8045 8173 8172
3 8045 8046 8173
3 8046 8174 8173
3 8046 8047 8174
3 8047 8175 8174
3 8047 8048 8175
3 8048 8176 8175
3 8048 8049 8176
3 8049 8177 8176
3 8049 8050 8177
3 8050 8178 8177
3 8050 8051 8178
3 8051 8179 8178
3 8051 8052 8179
3 8052 8180 8179
3 8052 8053 8180
3 8053 8181 8180
3 8053 8054 8181
3 8054 8182 8181
3 8054 8055 8182
3 8055 8183 8182
3 8055 8056 8183
3 8056 8184 8183
3 8056 8057 8184
3 8057 8185 8184
3 8057 8058 8185
3 8058 8186 8185
3 8058 8059 8186
3 8059 8187 8186
3 8059 8060 8187
3 8060 8188 8187
3 8060 8061 8188
3 8061 8189 8188
3 8061 8062 8189
3 8062 8190 8189
3 8062 8063 8190
3 8063 8191 8190
3 8063 8064 8191
3 8064 8192 8191
3 8064 8065 8192
3 8065 8193 8192
3 8065 7938 8193
3 7938 8066 8193
3 8066 8067 8194
3 8067 8195 8194
3 8067 8068 8195
3 8068 8196 8195
3 8068 8069 8196
3 8069 8197 8196
3 8069 8070 8197
3 8070 8198 8197
3 8070 8071 8198
3 8071 8199 8198
3 8071 8072 8199
3 8072 8200 8199
3 8072 8073 8200
3 8073 8201 8200
3 8073 8074 8201
3 8074 8202 8201
3 8074 8075 8202
3 8075 8203 8202
3 8075 8076 8203
3 8076 8204 8203
3 8076 8077 8204
3 8077 8205 8204
3 8077 8078 8205
3 8078 8206 8205
3 8078 8079 8206
3 8079 8207 8206
3 8079 8080 8207
3 8080 8208 8207
3 8080 8081 8208
3 8081 8209 8208
3 8081 8082 8209
3 8082 8210 8209
3 8082 8083 8210
3 8083 8211 8210
3 8083 8084 8211
3 8084 8212 8211
3 8084 8085 8212
3 8085 8213 8212
3 8085 8086 8213
3 8086 8214 8213
3 8086 8087 8214
3 8087 8215 8214
3 8087 8088 8215
3 8088 8216 8215
3 8088 8089 8216
3 8089 8217 8216
3 8089 8090 8217
3 8090 8218 8217
3 8090 8091 8218
3 8091 8219 8218
3 8091 8092 8219
3 8092 8220 8219
3 8092 8093 8220
3 8093 8221 8220
3 8093 8094 8221
3 8094 8222 8221
3 8094 8095 8222
3 8095 8223 8222
3 8095 8096 8223
3 8096 8224 8223
3 8096 8097 8224
3 8097 8225 8224
3 8097 8098 8225
3 8098 8226 8225
3 8098 8099 8226
3 8099 8227 8226
3 8099 8100 8227
3 8100 8228 8227
3 8100 8101 8228
3 8101 8229 8228
3 8101 8102 8229
3 8102 8230 8229
3 8102 8103 8230
3 8103 8231 8230
3 8103 8104 8231
3 8104 8232 8231
3 8104 8105 8232
3 8105 8233 8232
3 8105 8106 8233
3 8106 8234 8233
3 8106 8107 8234
3 8107 8235 8234
3 8107 8108 8235
3 8108 8236 8235
3 8108 8109 8236
3 8109 8237 8236
3 8109 8110 8237
3 8110 8238 8237
3 8110 8111 8238
3 8111 8239 8238
3 8111 8112 8239
3 8112 8240 8239
3 8112 8113 8240
3 8113 8241 8240
3 8113 8114 8241
3 8114 8242 8241
3 8114 8115 8242
3 8115 8243 8242
3 8115 8116 8243
3 8116 8244 8243
3 8116 8117 8244
3 8117 8245 8244
3 8117 8118 8245
3 8118 8246 8245
3 8118 8119 8246
3 8119 8247 8246
3 8119 8120 8247
3 8120 8248 8247
3 8120 8121 8248
3 8121 8249 8248
3 8121 8122 8249
3 8122 8250 8249
3 8122 8123 8250
3 8123 8251 8250
3 8123 8124 8251
3 8124 8252 8251
3 8124 8125 8252
3 8125 8253 8252
3 8125 8126 8253
3 8126 8254 8253
3 8126 8127 8254
3 8127 8255 8254
3 8127 8128 8255
3 8128 8256 8255
3 8128 8129 8256
3 8129 8257 8256
3 8129 8130 8257
3 8130 8258 8257
3 8130 8131 8258
3 8131 8259 8258
3 8131 8132 8259
3 8132 8260 8259
3 8132 8133 8260
3 8133 8261 8260
3 8133 8134 8261
3 8134 8262 8261
3 8134 8135 8262
3 8135 8263 8262
3 8135 8136 8263
3 8136 8264 8263
3 8136 8137 8264
3 8137 8265 8264
3 8137 8138 8265
3 8138 8266 8265
3 8138 8139 8266
3 8139 8267 8266
3 8139 8140 8267
3 8140 8268 8267
3 8140 8141 8268
3 8141 8269 8268
3 8141 8142 8269
3 8142 8270 8269
3 8142 8143 8270
3 8143 8271 8270
3 8143 8144 8271
3 8144 8272 8271
3 8144 8145 8272
3 8145 8273 8272
3 8145 8146 8273
3 8146 8274 8273
3 8146 8147 8274
3 8147 8275 8274
3 8147 8148 8275
3 8148 8276 8275
3 8148 8149 8276
3 8149 8277 8276
3 8149 8150 8277
3 8150 8278 8277
3 8150 8151 8278
3 8151 8279 8278
3 8151 8152 8279
3 8152 8280 8279
3 8152 8153 8280
3 8153 8281 8280
3 8153 8154 8281
3 8154 8282 8281
3 8154 8155 8282
3 8155 8283 8282
3 8155 8156 8283
3 8156 8284 8283
3 8156 8157 8284
3 8157 8285 8284
3 8157 8158 8285
3 8158 8286 8285
3 8158 8159 8286
3 8159 8287 8286
3 8159 8160 8287
3 8160 8288 8287
3 8160 8161 8288
3 8161 8289 8288
3 8161 8162 8289
3 8162 8290 8289
3 8162 8163 8290
3 8163 8291 8290
3 8163 8164 8291
3 8164 8292 8291
3 8164 8165 8292
3 8165 8293 8292
3 8165 8166 8293
3 8166 8294 8293
3 8166 8167 8294
3 8167 8295 8294
3 8167 8168 8295
3 8168 8296 8295
3 8168 8169 8296
3 8169 8297 8296
3 8169 8170 8297
3 8170 8298 8297
3 8170 8171 8298
3 8171 8299 8298
3 8171 8172 8299
3 8172 8300 8299
3 8172 8173 8300
3 8173 8301 8300
3 8173 8174 8301
3 8174 8302 8301
3 8174 8175 8302
3 8175 8303 8302
3 8175 8176 8303
3 8176 8304 8303
3 8176 8177 8304
3 8177 8305 8304
3 8177 8178 8305
3 8178 8306 8305
3 8178 8179 8306
3 8179 8307 8306
3 8179 8180 8307
3 8180 8308 8307
3 8180 8181 8308
3 8181 8309 8308
3 8181 8182 8309
3 8182 8310 8309
3 8182 8183 8310
3 8183 8311 8310
3 8183 8184 8311
3 8184 8312 8311
3 8184 8185 8312
3 8185 8313 8312
3 8185 8186 8313
3 8186 8314 8313
3 8186 8187 8314
3 8187 8315 8314
3 8187 8188 8315
3 8188 8316 8315
3 8188 8189 8316
3 8189 8317 8316
3 8189 8190 8317
3 8190 8318 8317
3 8190 8191 8318
3 8191 8319 8318
3 8191 8192 8319
3 8192 8320 8319
3 8192 8193 8320
3 8193 8321 8320
3 8193 8066 8321
3 8066 8194 8321
