OFF
2114 4224 0
0.000000 0.000000 5.000000
0.000000 0.000000 -5.000000
5.500000 0.000000 -5.000000
5.036292 0.496031 -5.000000
3.923141 0.780361 -5.000000
2.812773 0.853245 -5.000000
2.309699 0.956709 -5.000000
2.592266 1.385595 -5.000000
3.325878 2.222281 -5.000000
3.911943 3.210449 -5.000000
3.889087 3.889087 -5.000000
3.210449 3.911943 -5.000000
2.222281 3.325878 -5.000000
1.385595 2.592266 -5.000000
0.956709 2.309699 -5.000000
0.853245 2.812773 -5.000000
0.780361 3.923141 -5.000000
0.496031 5.036292 -5.000000
0.000000 5.500000 -5.000000
-0.496031 5.036292 -5.000000
-0.780361 3.923141 -5.000000
-0.853245 2.812773 -5.000000
-0.956709 2.309699 -5.000000
-1.385595 2.592266 -5.000000
-2.222281 3.325878 -5.000000
-3.210449 3.911943 -5.000000
-3.889087 3.889087 -5.000000
-3.911943 3.210449 -5.000000
-3.325878 2.222281 -5.000000
-2.592266 1.385595 -5.000000
-2.309699 0.956709 -5.000000
-2.812773 0.853245 -5.000000
-3.923141 0.780361 -5.000000
-5.036292 0.496031 -5.000000
-5.500000 0.000000 -5.000000
-5.036292 -0.496031 -5.000000
-3.923141 -0.780361 -5.000000
-2.812773 -0.853245 -5.000000
-2.309699 -0.956709 -5.000000
-2.592266 -1.385595 -5.000000
-3.325878 -2.222281 -5.000000
-3.911943 -3.210449 -5.000000
-3.889087 -3.889087 -5.000000
-3.210449 -3.911943 -5.000000
-2.222281 -3.325878 -5.000000
-1.385595 -2.592266 -5.000000
-0.956709 -2.309699 -5.000000
-0.853245 -2.812773 -5.000000
-0.780361 -3.923141 -5.000000
-0.496031 -5.036292 -5.000000
-0.000000 -5.500000 -5.000000
0.496031 -5.036292 -5.000000
0.780361 -3.923141 -5.000000
0.853245 -2.812773 -5.000000
0.956709 -2.309699 -5.000000
1.385595 -2.592266 -5.000000
2.222281 -3.325878 -5.000000
3.210449 -3.911943 -5.000000
3.889087 -3.889087 -5.000000
3.911943 -3.210449 -5.000000
3.325878 -2.222281 -5.000000
2.592266 -1.385595 -5.000000
2.309699 -0.956709 -5.000000
2.812773 -0.853245 -5.000000
3.923141 -0.780361 -5.000000
5.036292 -0.496031 -5.000000
5.500000 0.000000 -4.687500
5.036292 0.496031 -4.687500
3.923141 0.780361 -4.687500
2.812773 0.853245 -4.687500
2.309699 0.956709 -4.687500
2.592266 1.385595 -4.687500
3.325878 2.222281 -4.687500
3.911943 3.210449 -4.687500
3.889087 3.889087 -4.687500
3.210449 3.911943 -4.687500
2.222281 3.325878 -4.687500
1.385595 2.592266 -4.687500
0.956709 2.309699 -4.687500
0.853245 2.812773 -4.687500
0.780361 3.923141 -4.687500
0.496031 5.036292 -4.687500
0.000000 5.500000 -4.687500
-0.496031 5.036292 -4.687500
-0.780361 3.923141 -4.687500
-0.853245 2.812773 -4.687500
-0.956709 2.309699 -4.687500
-1.385595 2.592266 -4.687500
-2.222281 3.325878 -4.687500
-3.210449 3.911943 -4.687500
-3.889087 3.889087 -4.687500
-3.911943 3.210449 -4.687500
-3.325878 2.222281 -4.687500
-2.592266 1.385595 -4.687500
-2.309699 0.956709 -4.687500
-2.812773 0.853245 -4.687500
-3.923141 0.780361 -4.687500
-5.036292 0.496031 -4.687500
-5.500000 0.000000 -4.687500
-5.036292 -0.496031 -4.687500
-3.923141 -0.780361 -4.687500
-2.812773 -0.853245 -4.687500
-2.309699 -0.956709 -4.687500
-2.592266 -1.385595 -4.687500
-3.325878 -2.222281 -4.687500
-3.911943 -3.210449 -4.687500
-3.889087 -3.889087 -4.687500
-3.210449 -3.911943 -4.687500
-2.222281 -3.325878 -4.687500
-1.385595 -2.592266 -4.687500
-0.956709 -2.309699 -4.687500
-0.853245 -2.812773 -4.687500
-0.780361 -3.923141 -4.687500
-0.496031 -5.036292 -4.687500
-0.000000 -5.500000 -4.687500
0.496031 -5.036292 -4.687500
0.780361 -3.923141 -4.687500
0.853245 -2.812773 -4.687500
0.956709 -2.309699 -4.687500
1.385595 -2.592266 -4.687500
2.222281 -3.325878 -4.687500
3.210449 -3.911943 -4.687500
3.889087 -3.889087 -4.687500
3.911943 -3.210449 -4.687500
3.325878 -2.222281 -4.687500
2.592266 -1.385595 -4.687500
2.309699 -0.956709 -4.687500
2.812773 -0.853245 -4.687500
3.923141 -0.780361 -4.687500
5.036292 -0.496031 -4.687500
5.500000 0.000000 -4.375000
5.036292 0.496031 -4.375000
3.923141 0.780361 -4.375000
2.812773 0.853245 -4.375000
2.309699 0.956709 -4.375000
2.592266 1.385595 -4.375000
3.325878 2.222281 -4.375000
3.911943 3.210449 -4.375000
3.889087 3.889087 -4.375000
3.210449 3.911943 -4.375000
2.222281 3.325878 -4.375000
1.385595 2.592266 -4.375000
0.956709 2.309699 -4.375000
0.853245 2.812773 -4.375000
0.780361 3.923141 -4.375000
0.496031 5.036292 -4.375000
0.000000 5.500000 -4.375000
-0.496031 5.036292 -4.375000
-0.780361 3.923141 -4.375000
-0.853245 2.812773 -4.375000
-0.956709 2.309699 -4.375000
-1.385595 2.592266 -4.375000
-2.222281 3.325878 -4.375000
-3.210449 3.911943 -4.375000
-3.889087 3.889087 -4.375000
-3.911943 3.210449 -4.375000
-3.325878 2.222281 -4.375000
-2.592266 1.385595 -4.375000
-2.309699 0.956709 -4.375000
-2.812773 0.853245 -4.375000
-3.923141 0.780361 -4.375000
-5.036292 0.496031 -4.375000
-5.500000 0.000000 -4.375000
-5.036292 -0.496031 -4.375000
-3.923141 -0.780361 -4.375000
-2.812773 -0.853245 -4.375000
-2.309699 -0.956709 -4.375000
-2.592266 -1.385595 -4.375000
-3.325878 -2.222281 -4.375000
-3.911943 -3.210449 -4.375000
-3.889087 -3.889087 -4.375000
-3.210449 -3.911943 -4.375000
-2.222281 -3.325878 -4.375000
-1.385595 -2.592266 -4.375000
-0.956709 -2.309699 -4.375000
-0.853245 -2.812773 -4.375000
-0.780361 -3.923141 -4.375000
-0.496031 -5.036292 -4.375000
-0.000000 -5.500000 -4.375000
0.496031 -5.036292 -4.375000
0.780361 -3.923141 -4.375000
0.853245 -2.812773 -4.375000
0.956709 -2.309699 -4.375000
1.385595 -2.592266 -4.375000
2.222281 -3.325878 -4.375000
3.210449 -3.911943 -4.375000
3.889087 -3.889087 -4.375000
3.911943 -3.210449 -4.375000
3.325878 -2.222281 -4.375000
2.592266 -1.385595 -4.375000
2.309699 -0.956709 -4.375000
2.812773 -0.853245 -4.375000
3.923141 -0.780361 -4.375000
5.036292 -0.496031 -4.375000
5.500000 0.000000 -4.062500
5.036292 0.496031 -4.062500
3.923141 0.780361 -4.062500
2.812773 0.853245 -4.062500
2.309699 0.956709 -4.062500
2.592266 1.385595 -4.062500
3.325878 2.222281 -4.062500
3.911943 3.210449 -4.062500
3.889087 3.889087 -4.062500
3.210449 3.911943 -4.062500
2.222281 3.325878 -4.062500
1.385595 2.592266 -4.062500
0.956709 2.309699 -4.062500
0.853245 2.812773 -4.062500
0.780361 3.923141 -4.062500
0.496031 5.036292 -4.062500
0.000000 5.500000 -4.062500
-0.496031 5.036292 -4.062500
-0.780361 3.923141 -4.062500
-0.853245 2.812773 -4.062500
-0.956709 2.309699 -4.062500
-1.385595 2.592266 -4.062500
-2.222281 3.325878 -4.062500
-3.210449 3.911943 -4.062500
-3.889087 3.889087 -4.062500
-3.911943 3.210449 -4.062500
-3.325878 2.222281 -4.062500
-2.592266 1.385595 -4.062500
-2.309699 0.956709 -4.062500
-2.812773 0.853245 -4.062500
-3.923141 0.780361 -4.062500
-5.036292 0.496031 -4.062500
-5.500000 0.000000 -4.062500
-5.036292 -0.496031 -4.062500
-3.923141 -0.780361 -4.062500
-2.812773 -0.853245 -4.062500
-2.309699 -0.956709 -4.062500
-2.592266 -1.385595 -4.062500
-3.325878 -2.222281 -4.062500
-3.911943 -3.210449 -4.062500
-3.889087 -3.889087 -4.062500
-3.210449 -3.911943 -4.062500
-2.222281 -3.325878 -4.062500
-1.385595 -2.592266 -4.062500
-0.956709 -2.309699 -4.062500
-0.853245 -2.812773 -4.062500
-0.780361 -3.923141 -4.062500
-0.496031 -5.036292 -4.062500
-0.000000 -5.500000 -4.062500
0.496031 -5.036292 -4.062500
0.780361 -3.923141 -4.062500
0.853245 -2.812773 -4.062500
0.956709 -2.309699 -4.062500
1.385595 -2.592266 -4.062500
2.222281 -3.325878 -4.062500
3.210449 -3.911943 -4.062500
3.889087 -3.889087 -4.062500
3.911943 -3.210449 -4.062500
3.325878 -2.222281 -4.062500
2.592266 -1.385595 -4.062500
2.309699 -0.956709 -4.062500
2.812773 -0.853245 -4.062500
3.923141 -0.780361 -4.062500
5.036292 -0.496031 -4.062500
5.500000 0.000000 -3.750000
5.036292 0.496031 -3.750000
3.923141 0.780361 -3.750000
2.812773 0.853245 -3.750000
2.309699 0.956709 -3.750000
2.592266 1.385595 -3.750000
3.325878 2.222281 -3.750000
3.911943 3.210449 -3.750000
3.889087 3.889087 -3.750000
3.210449 3.911943 -3.750000
2.222281 3.325878 -3.750000
1.385595 2.592266 -3.750000
0.956709 2.309699 -3.750000
0.853245 2.812773 -3.750000
0.780361 3.923141 -3.750000
0.496031 5.036292 -3.750000
0.000000 5.500000 -3.750000
-0.496031 5.036292 -3.750000
-0.780361 3.923141 -3.750000
-0.853245 2.812773 -3.750000
-0.956709 2.309699 -3.750000
-1.385595 2.592266 -3.750000
-2.222281 3.325878 -3.750000
-3.210449 3.911943 -3.750000
-3.889087 3.889087 -3.750000
-3.911943 3.210449 -3.750000
-3.325878 2.222281 -3.750000
-2.592266 1.385595 -3.750000
-2.309699 0.956709 -3.750000
-2.812773 0.853245 -3.750000
-3.923141 0.780361 -3.750000
-5.036292 0.496031 -3.750000
-5.500000 0.000000 -3.750000
-5.036292 -0.496031 -3.750000
-3.923141 -0.780361 -3.750000
-2.812773 -0.853245 -3.750000
-2.309699 -0.956709 -3.750000
-2.592266 -1.385595 -3.750000
-3.325878 -2.222281 -3.750000
-3.911943 -3.210449 -3.750000
-3.889087 -3.889087 -3.750000
-3.210449 -3.911943 -3.750000
-2.222281 -3.325878 -3.750000
-1.385595 -2.592266 -3.750000
-0.956709 -2.309699 -3.750000
-0.853245 -2.812773 -3.750000
-0.780361 -3.923141 -3.750000
-0.496031 -5.036292 -3.750000
-0.000000 -5.500000 -3.750000
0.496031 -5.036292 -3.750000
0.780361 -3.923141 -3.750000
0.853245 -2.812773 -3.750000
0.956709 -2.309699 -3.750000
1.385595 -2.592266 -3.750000
2.222281 -3.325878 -3.750000
3.210449 -3.911943 -3.750000
3.889087 -3.889087 -3.750000
3.911943 -3.210449 -3.750000
3.325878 -2.222281 -3.750000
2.592266 -1.385595 -3.750000
2.309699 -0.956709 -3.750000
2.812773 -0.853245 -3.750000
3.923141 -0.780361 -3.750000
5.036292 -0.496031 -3.750000
5.500000 0.000000 -3.437500
5.036292 0.496031 -3.437500
3.923141 0.780361 -3.437500
2.812773 0.853245 -3.437500
2.309699 0.956709 -3.437500
2.592266 1.385595 -3.437500
3.325878 2.222281 -3.437500
3.911943 3.210449 -3.437500
3.889087 3.889087 -3.437500
3.210449 3.911943 -3.437500
2.222281 3.325878 -3.437500
1.385595 2.592266 -3.437500
0.956709 2.309699 -3.437500
0.853245 2.812773 -3.437500
0.780361 3.923141 -3.437500
0.496031 5.036292 -3.437500
0.000000 5.500000 -3.437500
-0.496031 5.036292 -3.437500
-0.780361 3.923141 -3.437500
-0.853245 2.812773 -3.437500
-0.956709 2.309699 -3.437500
-1.385595 2.592266 -3.437500
-2.222281 3.325878 -3.437500
-3.210449 3.911943 -3.437500
-3.889087 3.889087 -3.437500
-3.911943 3.210449 -3.437500
-3.325878 2.222281 -3.437500
-2.592266 1.385595 -3.437500
-2.309699 0.956709 -3.437500
-2.812773 0.853245 -3.437500
-3.923141 0.780361 -3.437500
-5.036292 0.496031 -3.437500
-5.500000 0.000000 -3.437500
-5.036292 -0.496031 -3.437500
-3.923141 -0.780361 -3.437500
-2.812773 -0.853245 -3.437500
-2.309699 -0.956709 -3.437500
-2.592266 -1.385595 -3.437500
-3.325878 -2.222281 -3.437500
-3.911943 -3.210449 -3.437500
-3.889087 -3.889087 -3.437500
-3.210449 -3.911943 -3.437500
-2.222281 -3.325878 -3.437500
-1.385595 -2.592266 -3.437500
-0.956709 -2.309699 -3.437500
-0.853245 -2.812773 -3.437500
-0.780361 -3.923141 -3.437500
-0.496031 -5.036292 -3.437500
-0.000000 -5.500000 -3.437500
0.496031 -5.036292 -3.437500
0.780361 -3.923141 -3.437500
0.853245 -2.812773 -3.437500
0.956709 -2.309699 -3.437500
1.385595 -2.592266 -3.437500
2.222281 -3.325878 -3.437500
3.210449 -3.911943 -3.437500
3.889087 -3.889087 -3.437500
3.911943 -3.210449 -3.437500
3.325878 -2.222281 -3.437500
2.592266 -1.385595 -3.437500
2.309699 -0.956709 -3.437500
2.812773 -0.853245 -3.437500
3.923141 -0.780361 -3.437500
5.036292 -0.496031 -3.437500
5.500000 0.000000 -3.125000
5.036292 0.496031 -3.125000
3.923141 0.780361 -3.125000
2.812773 0.853245 -3.125000
2.309699 0.956709 -3.125000
2.592266 1.385595 -3.125000
3.325878 2.222281 -3.125000
3.911943 3.210449 -3.125000
3.889087 3.889087 -3.125000
3.210449 3.911943 -3.125000
2.222281 3.325878 -3.125000
1.385595 2.592266 -3.125000
0.956709 2.309699 -3.125000
0.853245 2.812773 -3.125000
0.780361 3.923141 -3.125000
0.496031 5.036292 -3.125000
0.000000 5.500000 -3.125000
-0.496031 5.036292 -3.125000
-0.780361 3.923141 -3.125000
-0.853245 2.812773 -3.125000
-0.956709 2.309699 -3.125000
-1.385595 2.592266 -3.125000
-2.222281 3.325878 -3.125000
-3.210449 3.911943 -3.125000
-3.889087 3.889087 -3.125000
-3.911943 3.210449 -3.125000
-3.325878 2.222281 -3.125000
-2.592266 1.385595 -3.125000
-2.309699 0.956709 -3.125000
-2.812773 0.853245 -3.125000
-3.923141 0.780361 -3.125000
-5.036292 0.496031 -3.125000
-5.500000 0.000000 -3.125000
-5.036292 -0.496031 -3.125000
-3.923141 -0.780361 -3.125000
-2.812773 -0.853245 -3.125000
-2.309699 -0.956709 -3.125000
-2.592266 -1.385595 -3.125000
-3.325878 -2.222281 -3.125000
-3.911943 -3.210449 -3.125000
-3.889087 -3.889087 -3.125000
-3.210449 -3.911943 -3.125000
-2.222281 -3.325878 -3.125000
-1.385595 -2.592266 -3.125000
-0.956709 -2.309699 -3.125000
-0.853245 -2.812773 -3.125000
-0.780361 -3.923141 -3.125000
-0.496031 -5.036292 -3.125000
-0.000000 -5.500000 -3.125000
0.496031 -5.036292 -3.125000
0.780361 -3.923141 -3.125000
0.853245 -2.812773 -3.125000
0.956709 -2.309699 -3.125000
1.385595 -2.592266 -3.125000
2.222281 -3.325878 -3.125000
3.210449 -3.911943 -3.125000
3.889087 -3.889087 -3.125000
3.911943 -3.210449 -3.125000
3.325878 -2.222281 -3.125000
2.592266 -1.385595 -3.125000
2.309699 -0.956709 -3.125000
2.812773 -0.853245 -3.125000
3.923141 -0.780361 -3.125000
5.036292 -0.496031 -3.125000
5.500000 0.000000 -2.812500
5.036292 0.496031 -2.812500
3.923141 0.780361 -2.812500
2.812773 0.853245 -2.812500
2.309699 0.956709 -2.812500
2.592266 1.385595 -2.812500
3.325878 2.222281 -2.812500
3.911943 3.210449 -2.812500
3.889087 3.889087 -2.812500
3.210449 3.911943 -2.812500
2.222281 3.325878 -2.812500
1.385595 2.592266 -2.812500
0.956709 2.309699 -2.812500
0.853245 2.812773 -2.812500
0.780361 3.923141 -2.812500
0.496031 5.036292 -2.812500
0.000000 5.500000 -2.812500
-0.496031 5.036292 -2.812500
-0.780361 3.923141 -2.812500
-0.853245 2.812773 -2.812500
-0.956709 2.309699 -2.812500
-1.385595 2.592266 -2.812500
-2.222281 3.325878 -2.812500
-3.210449 3.911943 -2.812500
-3.889087 3.889087 -2.812500
-3.911943 3.210449 -2.812500
-3.325878 2.222281 -2.812500
-2.592266 1.385595 -2.812500
-2.309699 0.956709 -2.812500
-2.812773 0.853245 -2.812500
-3.923141 0.780361 -2.812500
-5.036292 0.496031 -2.812500
-5.500000 0.000000 -2.812500
-5.036292 -0.496031 -2.812500
-3.923141 -0.780361 -2.812500
-2.812773 -0.853245 -2.812500
-2.309699 -0.956709 -2.812500
-2.592266 -1.385595 -2.812500
-3.325878 -2.222281 -2.812500
-3.911943 -3.210449 -2.812500
-3.889087 -3.889087 -2.812500
-3.210449 -3.911943 -2.812500
-2.222281 -3.325878 -2.812500
-1.385595 -2.592266 -2.812500
-0.956709 -2.309699 -2.812500
-0.853245 -2.812773 -2.812500
-0.780361 -3.923141 -2.812500
-0.496031 -5.036292 -2.812500
-0.000000 -5.500000 -2.812500
0.496031 -5.036292 -2.812500
0.780361 -3.923141 -2.812500
0.853245 -2.812773 -2.812500
0.956709 -2.309699 -2.812500
1.385595 -2.592266 -2.812500
2.222281 -3.325878 -2.812500
3.210449 -3.911943 -2.812500
3.889087 -3.889087 -2.812500
3.911943 -3.210449 -2.812500
3.325878 -2.222281 -2.812500
2.592266 -1.385595 -2.812500
2.309699 -0.956709 -2.812500
2.812773 -0.853245 -2.812500
3.923141 -0.780361 -2.812500
5.036292 -0.496031 -2.812500
5.500000 0.000000 -2.500000
5.036292 0.496031 -2.500000
3.923141 0.780361 -2.500000
2.812773 0.853245 -2.500000
2.309699 0.956709 -2.500000
2.592266 1.385595 -2.500000
3.325878 2.222281 -2.500000
3.911943 3.210449 -2.500000
3.889087 3.889087 -2.500000
3.210449 3.911943 -2.500000
2.222281 3.325878 -2.500000
1.385595 2.592266 -2.500000
0.956709 2.309699 -2.500000
0.853245 2.812773 -2.500000
0.780361 3.923141 -2.500000
0.496031 5.036292 -2.500000
0.000000 5.500000 -2.500000
-0.496031 5.036292 -2.500000
-0.780361 3.923141 -2.500000
-0.853245 2.812773 -2.500000
-0.956709 2.309699 -2.500000
-1.385595 2.592266 -2.500000
-2.222281 3.325878 -2.500000
-3.210449 3.911943 -2.500000
-3.889087 3.889087 -2.500000
-3.911943 3.210449 -2.500000
-3.325878 2.222281 -2.500000
-2.592266 1.385595 -2.500000
-2.309699 0.956709 -2.500000
-2.812773 0.853245 -2.500000
-3.923141 0.780361 -2.500000
-5.036292 0.496031 -2.500000
-5.500000 0.000000 -2.500000
-5.036292 -0.496031 -2.500000
-3.923141 -0.780361 -2.500000
-2.812773 -0.853245 -2.500000
-2.309699 -0.956709 -2.500000
-2.592266 -1.385595 -2.500000
-3.325878 -2.222281 -2.500000
-3.911943 -3.210449 -2.500000
-3.889087 -3.889087 -2.500000
-3.210449 -3.911943 -2.500000
-2.222281 -3.325878 -2.500000
-1.385595 -2.592266 -2.500000
-0.956709 -2.309699 -2.500000
-0.853245 -2.812773 -2.500000
-0.780361 -3.923141 -2.500000
-0.496031 -5.036292 -2.500000
-0.000000 -5.500000 -2.500000
0.496031 -5.036292 -2.500000
0.780361 -3.923141 -2.500000
0.853245 -2.812773 -2.500000
0.956709 -2.309699 -2.500000
1.385595 -2.592266 -2.500000
2.222281 -3.325878 -2.500000
3.210449 -3.911943 -2.500000
3.889087 -3.889087 -2.500000
3.911943 -3.210449 -2.500000
3.325878 -2.222281 -2.500000
2.592266 -1.385595 -2.500000
2.309699 -0.956709 -2.500000
2.812773 -0.853245 -2.500000
3.923141 -0.780361 -2.500000
5.036292 -0.496031 -2.500000
5.500000 0.000000 -2.187500
5.036292 0.496031 -2.187500
3.923141 0.780361 -2.187500
2.812773 0.853245 -2.187500
2.309699 0.956709 -2.187500
2.592266 1.385595 -2.187500
3.325878 2.222281 -2.187500
3.911943 3.210449 -2.187500
3.889087 3.889087 -2.187500
3.210449 3.911943 -2.187500
2.222281 3.325878 -2.187500
1.385595 2.592266 -2.187500
0.956709 2.309699 -2.187500
0.853245 2.812773 -2.187500
0.780361 3.923141 -2.187500
0.496031 5.036292 -2.187500
0.000000 5.500000 -2.187500
-0.496031 5.036292 -2.187500
-0.780361 3.923141 -2.187500
-0.853245 2.812773 -2.187500
-0.956709 2.309699 -2.187500
-1.385595 2.592266 -2.187500
-2.222281 3.325878 -2.187500
-3.210449 3.911943 -2.187500
-3.889087 3.889087 -2.187500
-3.911943 3.210449 -2.187500
-3.325878 2.222281 -2.187500
-2.592266 1.385595 -2.187500
-2.309699 0.956709 -2.187500
-2.812773 0.853245 -2.187500
-3.923141 0.780361 -2.187500
-5.036292 0.496031 -2.187500
-5.500000 0.000000 -2.187500
-5.036292 -0.496031 -2.187500
-3.923141 -0.780361 -2.187500
-2.812773 -0.853245 -2.187500
-2.309699 -0.956709 -2.187500
-2.592266 -1.385595 -2.187500
-3.325878 -2.222281 -2.187500
-3.911943 -3.210449 -2.187500
-3.889087 -3.889087 -2.187500
-3.210449 -3.911943 -2.187500
-2.222281 -3.325878 -2.187500
-1.385595 -2.592266 -2.187500
-0.956709 -2.309699 -2.187500
-0.853245 -2.812773 -2.187500
-0.780361 -3.923141 -2.187500
-0.496031 -5.036292 -2.187500
-0.000000 -5.500000 -2.187500
0.496031 -5.036292 -2.187500
0.780361 -3.923141 -2.187500
0.853245 -2.812773 -2.187500
0.956709 -2.309699 -2.187500
1.385595 -2.592266 -2.187500
2.222281 -3.325878 -2.187500
3.210449 -3.911943 -2.187500
3.889087 -3.889087 -2.187500
3.911943 -3.210449 -2.187500
3.325878 -2.222281 -2.187500
2.592266 -1.385595 -2.187500
2.309699 -0.956709 -2.187500
2.812773 -0.853245 -2.187500
3.923141 -0.780361 -2.187500
5.036292 -0.496031 -2.187500
5.500000 0.000000 -1.875000
5.036292 0.496031 -1.875000
3.923141 0.780361 -1.875000
2.812773 0.853245 -1.875000
2.309699 0.956709 -1.875000
2.592266 1.385595 -1.875000
3.325878 2.222281 -1.875000
3.911943 3.210449 -1.875000
3.889087 3.889087 -1.875000
3.210449 3.911943 -1.875000
2.222281 3.325878 -1.875000
1.385595 2.592266 -1.875000
0.956709 2.309699 -1.875000
0.853245 2.812773 -1.875000
0.780361 3.923141 -1.875000
0.496031 5.036292 -1.875000
0.000000 5.500000 -1.875000
-0.496031 5.036292 -1.875000
-0.780361 3.923141 -1.875000
-0.853245 2.812773 -1.875000
-0.956709 2.309699 -1.875000
-1.385595 2.592266 -1.875000
-2.222281 3.325878 -1.875000
-3.210449 3.911943 -1.875000
-3.889087 3.889087 -1.875000
-3.911943 3.210449 -1.875000
-3.325878 2.222281 -1.875000
-2.592266 1.385595 -1.875000
-2.309699 0.956709 -1.875000
-2.812773 0.853245 -1.875000
-3.923141 0.780361 -1.875000
-5.036292 0.496031 -1.875000
-5.500000 0.000000 -1.875000
-5.036292 -0.496031 -1.875000
-3.923141 -0.780361 -1.875000
-2.812773 -0.853245 -1.875000
-2.309699 -0.956709 -1.875000
-2.592266 -1.385595 -1.875000
-3.325878 -2.222281 -1.875000
-3.911943 -3.210449 -1.875000
-3.889087 -3.889087 -1.875000
-3.210449 -3.911943 -1.875000
-2.222281 -3.325878 -1.875000
-1.385595 -2.592266 -1.875000
-0.956709 -2.309699 -1.875000
-0.853245 -2.812773 -1.875000
-0.780361 -3.923141 -1.875000
-0.496031 -5.036292 -1.875000
-0.000000 -5.500000 -1.875000
0.496031 -5.036292 -1.875000
0.780361 -3.923141 -1.875000
0.853245 -2.812773 -1.875000
0.956709 -2.309699 -1.875000
1.385595 -2.592266 -1.875000
2.222281 -3.325878 -1.875000
3.210449 -3.911943 -1.875000
3.889087 -3.889087 -1.875000
3.911943 -3.210449 -1.875000
3.325878 -2.222281 -1.875000
2.592266 -1.385595 -1.875000
2.309699 -0.956709 -1.875000
2.812773 -0.853245 -1.875000
3.923141 -0.780361 -1.875000
5.036292 -0.496031 -1.875000
5.500000 0.000000 -1.562500
5.036292 0.496031 -1.562500
3.923141 0.780361 -1.562500
2.812773 0.853245 -1.562500
2.309699 0.956709 -1.562500
2.592266 1.385595 -1.562500
3.325878 2.222281 -1.562500
3.911943 3.210449 -1.562500
3.889087 3.889087 -1.562500
3.210449 3.911943 -1.562500
2.222281 3.325878 -1.562500
1.385595 2.592266 -1.562500
0.956709 2.309699 -1.562500
0.853245 2.812773 -1.562500
0.780361 3.923141 -1.562500
0.496031 5.036292 -1.562500
0.000000 5.500000 -1.562500
-0.496031 5.036292 -1.562500
-0.780361 3.923141 -1.562500
-0.853245 2.812773 -1.562500
-0.956709 2.309699 -1.562500
-1.385595 2.592266 -1.562500
-2.222281 3.325878 -1.562500
-3.210449 3.911943 -1.562500
-3.889087 3.889087 -1.562500
-3.911943 3.210449 -1.562500
-3.325878 2.222281 -1.562500
-2.592266 1.385595 -1.562500
-2.309699 0.956709 -1.562500
-2.812773 0.853245 -1.562500
-3.923141 0.780361 -1.562500
-5.036292 0.496031 -1.562500
-5.500000 0.000000 -1.562500
-5.036292 -0.496031 -1.562500
-3.923141 -0.780361 -1.562500
-2.812773 -0.853245 -1.562500
-2.309699 -0.956709 -1.562500
-2.592266 -1.385595 -1.562500
-3.325878 -2.222281 -1.562500
-3.911943 -3.210449 -1.562500
-3.889087 -3.889087 -1.562500
-3.210449 -3.911943 -1.562500
-2.222281 -3.325878 -1.562500
-1.385595 -2.592266 -1.562500
-0.956709 -2.309699 -1.562500
-0.853245 -2.812773 -1.562500
-0.780361 -3.923141 -1.562500
-0.496031 -5.036292 -1.562500
-0.000000 -5.500000 -1.562500
0.496031 -5.036292 -1.562500
0.780361 -3.923141 -1.562500
0.853245 -2.812773 -1.562500
0.956709 -2.309699 -1.562500
1.385595 -2.592266 -1.562500
2.222281 -3.325878 -1.562500
3.210449 -3.911943 -1.562500
3.889087 -3.889087 -1.562500
3.911943 -3.210449 -1.562500
3.325878 -2.222281 -1.562500
2.592266 -1.385595 -1.562500
2.309699 -0.956709 -1.562500
2.812773 -0.853245 -1.562500
3.923141 -0.780361 -1.562500
5.036292 -0.496031 -1.562500
5.500000 0.000000 -1.250000
5.036292 0.496031 -1.250000
3.923141 0.780361 -1.250000
2.812773 0.853245 -1.250000
2.309699 0.956709 -1.250000
2.592266 1.385595 -1.250000
3.325878 2.222281 -1.250000
3.911943 3.210449 -1.250000
3.889087 3.889087 -1.250000
3.210449 3.911943 -1.250000
2.222281 3.325878 -1.250000
1.385595 2.592266 -1.250000
0.956709 2.309699 -1.250000
0.853245 2.812773 -1.250000
0.780361 3.923141 -1.250000
0.496031 5.036292 -1.250000
0.000000 5.500000 -1.250000
-0.496031 5.036292 -1.250000
-0.780361 3.923141 -1.250000
-0.853245 2.812773 -1.250000
-0.956709 2.309699 -1.250000
-1.385595 2.592266 -1.250000
-2.222281 3.325878 -1.250000
-3.210449 3.911943 -1.250000
-3.889087 3.889087 -1.250000
-3.911943 3.210449 -1.250000
-3.325878 2.222281 -1.250000
-2.592266 1.385595 -1.250000
-2.309699 0.956709 -1.250000
-2.812773 0.853245 -1.250000
-3.923141 0.780361 -1.250000
-5.036292 0.496031 -1.250000
-5.500000 0.000000 -1.250000
-5.036292 -0.496031 -1.250000
-3.923141 -0.780361 -1.250000
-2.812773 -0.853245 -1.250000
-2.309699 -0.956709 -1.250000
-2.592266 -1.385595 -1.250000
-3.325878 -2.222281 -1.250000
-3.911943 -3.210449 -1.250000
-3.889087 -3.889087 -1.250000
-3.210449 -3.911943 -1.250000
-2.222281 -3.325878 -1.250000
-1.385595 -2.592266 -1.250000
-0.956709 -2.309699 -1.250000
-0.853245 -2.812773 -1.250000
-0.780361 -3.923141 -1.250000
-0.496031 -5.036292 -1.250000
-0.000000 -5.500000 -1.250000
0.496031 -5.036292 -1.250000
0.780361 -3.923141 -1.250000
0.853245 -2.812773 -1.250000
0.956709 -2.309699 -1.250000
1.385595 -2.592266 -1.250000
2.222281 -3.325878 -1.250000
3.210449 -3.911943 -1.250000
3.889087 -3.889087 -1.250000
3.911943 -3.210449 -1.250000
3.325878 -2.222281 -1.250000
2.592266 -1.385595 -1.250000
2.309699 -0.956709 -1.250000
2.812773 -0.853245 -1.250000
3.923141 -0.780361 -1.250000
5.036292 -0.496031 -1.250000
5.500000 0.000000 -0.937500
5.036292 0.496031 -0.937500
3.923141 0.780361 -0.937500
2.812773 0.853245 -0.937500
2.309699 0.956709 -0.937500
2.592266 1.385595 -0.937500
3.325878 2.222281 -0.937500
3.911943 3.210449 -0.937500
3.889087 3.889087 -0.937500
3.210449 3.911943 -0.937500
2.222281 3.325878 -0.937500
1.385595 2.592266 -0.937500
0.956709 2.309699 -0.937500
0.853245 2.812773 -0.937500
0.780361 3.923141 -0.937500
0.496031 5.036292 -0.937500
0.000000 5.500000 -0.937500
-0.496031 5.036292 -0.937500
-0.780361 3.923141 -0.937500
-0.853245 2.812773 -0.937500
-0.956709 2.309699 -0.937500
-1.385595 2.592266 -0.937500
-2.222281 3.325878 -0.937500
-3.210449 3.911943 -0.937500
-3.889087 3.889087 -0.937500
-3.911943 3.210449 -0.937500
-3.325878 2.222281 -0.937500
-2.592266 1.385595 -0.937500
-2.309699 0.956709 -0.937500
-2.812773 0.853245 -0.937500
-3.923141 0.780361 -0.937500
-5.036292 0.496031 -0.937500
-5.500000 0.000000 -0.937500
-5.036292 -0.496031 -0.937500
-3.923141 -0.780361 -0.937500
-2.812773 -0.853245 -0.937500
-2.309699 -0.956709 -0.937500
-2.592266 -1.385595 -0.937500
-3.325878 -2.222281 -0.937500
-3.911943 -3.210449 -0.937500
-3.889087 -3.889087 -0.937500
-3.210449 -3.911943 -0.937500
-2.222281 -3.325878 -0.937500
-1.385595 -2.592266 -0.937500
-0.956709 -2.309699 -0.937500
-0.853245 -2.812773 -0.937500
-0.780361 -3.923141 -0.937500
-0.496031 -5.036292 -0.937500
-0.000000 -5.500000 -0.937500
0.496031 -5.036292 -0.937500
0.780361 -3.923141 -0.937500
0.853245 -2.812773 -0.937500
0.956709 -2.309699 -0.937500
1.385595 -2.592266 -0.937500
2.222281 -3.325878 -0.937500
3.210449 -3.911943 -0.937500
3.889087 -3.889087 -0.937500
3.911943 -3.210449 -0.937500
3.325878 -2.222281 -0.937500
2.592266 -1.385595 -0.937500
2.309699 -0.956709 -0.937500
2.812773 -0.853245 -0.937500
3.923141 -0.780361 -0.937500
5.036292 -0.496031 -0.937500
5.500000 0.000000 -0.625000
5.036292 0.496031 -0.625000
3.923141 0.780361 -0.625000
2.812773 0.853245 -0.625000
2.309699 0.956709 -0.625000
2.592266 1.385595 -0.625000
3.325878 2.222281 -0.625000
3.911943 3.210449 -0.625000
3.889087 3.889087 -0.625000
3.210449 3.911943 -0.625000
2.222281 3.325878 -0.625000
1.385595 2.592266 -0.625000
0.956709 2.309699 -0.625000
0.853245 2.812773 -0.625000
0.780361 3.923141 -0.625000
0.496031 5.036292 -0.625000
0.000000 5.500000 -0.625000
-0.496031 5.036292 -0.625000
-0.780361 3.923141 -0.625000
-0.853245 2.812773 -0.625000
-0.956709 2.309699 -0.625000
-1.385595 2.592266 -0.625000
-2.222281 3.325878 -0.625000
-3.210449 3.911943 -0.625000
-3.889087 3.889087 -0.625000
-3.911943 3.210449 -0.625000
-3.325878 2.222281 -0.625000
-2.592266 1.385595 -0.625000
-2.309699 0.956709 -0.625000
-2.812773 0.853245 -0.625000
-3.923141 0.780361 -0.625000
-5.036292 0.496031 -0.625000
-5.500000 0.000000 -0.625000
-5.036292 -0.496031 -0.625000
-3.923141 -0.780361 -0.625000
-2.812773 -0.853245 -0.625000
-2.309699 -0.956709 -0.625000
-2.592266 -1.385595 -0.625000
-3.325878 -2.222281 -0.625000
-3.911943 -3.210449 -0.625000
-3.889087 -3.889087 -0.625000
-3.210449 -3.911943 -0.625000
-2.222281 -3.325878 -0.625000
-1.385595 -2.592266 -0.625000
-0.956709 -2.309699 -0.625000
-0.853245 -2.812773 -0.625000
-0.780361 -3.923141 -0.625000
-0.496031 -5.036292 -0.625000
-0.000000 -5.500000 -0.625000
0.496031 -5.036292 -0.625000
0.780361 -3.923141 -0.625000
0.853245 -2.812773 -0.625000
0.956709 -2.309699 -0.625000
1.385595 -2.592266 -0.625000
2.222281 -3.325878 -0.625000
3.210449 -3.911943 -0.625000
3.889087 -3.889087 -0.625000
3.911943 -3.210449 -0.625000
3.325878 -2.222281 -0.625000
2.592266 -1.385595 -0.625000
2.309699 -0.956709 -0.625000
2.812773 -0.853245 -0.625000
3.923141 -0.780361 -0.625000
5.036292 -0.496031 -0.625000
5.500000 0.000000 -0.312500
5.036292 0.496031 -0.312500
3.923141 0.780361 -0.312500
2.812773 0.853245 -0.312500
2.309699 0.956709 -0.312500
2.592266 1.385595 -0.312500
3.325878 2.222281 -0.312500
3.911943 3.210449 -0.312500
3.889087 3.889087 -0.312500
3.210449 3.911943 -0.312500
2.222281 3.325878 -0.312500
1.385595 2.592266 -0.312500
0.956709 2.309699 -0.312500
0.853245 2.812773 -0.312500
0.780361 3.923141 -0.312500
0.496031 5.036292 -0.312500
0.000000 5.500000 -0.312500
-0.496031 5.036292 -0.312500
-0.780361 3.923141 -0.312500
-0.853245 2.812773 -0.312500
-0.956709 2.309699 -0.312500
-1.385595 2.592266 -0.312500
-2.222281 3.325878 -0.312500
-3.210449 3.911943 -0.312500
-3.889087 3.889087 -0.312500
-3.911943 3.210449 -0.312500
-3.325878 2.222281 -0.312500
-2.592266 1.385595 -0.312500
-2.309699 0.956709 -0.312500
-2.812773 0.853245 -0.312500
-3.923141 0.780361 -0.312500
-5.036292 0.496031 -0.312500
-5.500000 0.000000 -0.312500
-5.036292 -0.496031 -0.312500
-3.923141 -0.780361 -0.312500
-2.812773 -0.853245 -0.312500
-2.309699 -0.956709 -0.312500
-2.592266 -1.385595 -0.312500
-3.325878 -2.222281 -0.312500
-3.911943 -3.210449 -0.312500
-3.889087 -3.889087 -0.312500
-3.210449 -3.911943 -0.312500
-2.222281 -3.325878 -0.312500
-1.385595 -2.592266 -0.312500
-0.956709 -2.309699 -0.312500
-0.853245 -2.812773 -0.312500
-0.780361 -3.923141 -0.312500
-0.496031 -5.036292 -0.312500
-0.000000 -5.500000 -0.312500
0.496031 -5.036292 -0.312500
0.780361 -3.923141 -0.312500
0.853245 -2.812773 -0.312500
0.956709 -2.309699 -0.312500
1.385595 -2.592266 -0.312500
2.222281 -3.325878 -0.312500
3.210449 -3.911943 -0.312500
3.889087 -3.889087 -0.312500
3.911943 -3.210449 -0.312500
3.325878 -2.222281 -0.312500
2.592266 -1.385595 -0.312500
2.309699 -0.956709 -0.312500
2.812773 -0.853245 -0.312500
3.923141 -0.780361 -0.312500
5.036292 -0.496031 -0.312500
5.500000 0.000000 0.000000
5.036292 0.496031 0.000000
3.923141 0.780361 0.000000
2.812773 0.853245 0.000000
2.309699 0.956709 0.000000
2.592266 1.385595 0.000000
3.325878 2.222281 0.000000
3.911943 3.210449 0.000000
3.889087 3.889087 0.000000
3.210449 3.911943 0.000000
2.222281 3.325878 0.000000
1.385595 2.592266 0.000000
0.956709 2.309699 0.000000
0.853245 2.812773 0.000000
0.780361 3.923141 0.000000
0.496031 5.036292 0.000000
0.000000 5.500000 0.000000
-0.496031 5.036292 0.000000
-0.780361 3.923141 0.000000
-0.853245 2.812773 0.000000
-0.956709 2.309699 0.000000
-1.385595 2.592266 0.000000
-2.222281 3.325878 0.000000
-3.210449 3.911943 0.000000
-3.889087 3.889087 0.000000
-3.911943 3.210449 0.000000
-3.325878 2.222281 0.000000
-2.592266 1.385595 0.000000
-2.309699 0.956709 0.000000
-2.812773 0.853245 0.000000
-3.923141 0.780361 0.000000
-5.036292 0.496031 0.000000
-5.500000 0.000000 0.000000
-5.036292 -0.496031 0.000000
-3.923141 -0.780361 0.000000
-2.812773 -0.853245 0.000000
-2.309699 -0.956709 0.000000
-2.592266 -1.385595 0.000000
-3.325878 -2.222281 0.000000
-3.911943 -3.210449 0.000000
-3.889087 -3.889087 0.000000
-3.210449 -3.911943 0.000000
-2.222281 -3.325878 0.000000
-1.385595 -2.592266 0.000000
-0.956709 -2.309699 0.000000
-0.853245 -2.812773 0.000000
-0.780361 -3.923141 0.000000
-0.496031 -5.036292 0.000000
-0.000000 -5.500000 0.000000
0.496031 -5.036292 0.000000
0.780361 -3.923141 0.000000
0.853245 -2.812773 0.000000
0.956709 -2.309699 0.000000
1.385595 -2.592266 0.000000
2.222281 -3.325878 0.000000
3.210449 -3.911943 0.000000
3.889087 -3.889087 0.000000
3.911943 -3.210449 0.000000
3.325878 -2.222281 0.000000
2.592266 -1.385595 0.000000
2.309699 -0.956709 0.000000
2.812773 -0.853245 0.000000
3.923141 -0.780361 0.000000
5.036292 -0.496031 0.000000
5.500000 0.000000 0.312500
5.036292 0.496031 0.312500
3.923141 0.780361 0.312500
2.812773 0.853245 0.312500
2.309699 0.956709 0.312500
2.592266 1.385595 0.312500
3.325878 2.222281 0.312500
3.911943 3.210449 0.312500
3.889087 3.889087 0.312500
3.210449 3.911943 0.312500
2.222281 3.325878 0.312500
1.385595 2.592266 0.312500
0.956709 2.309699 0.312500
0.853245 2.812773 0.312500
0.780361 3.923141 0.312500
0.496031 5.036292 0.312500
0.000000 5.500000 0.312500
-0.496031 5.036292 0.312500
-0.780361 3.923141 0.312500
-0.853245 2.812773 0.312500
-0.956709 2.309699 0.312500
-1.385595 2.592266 0.312500
-2.222281 3.325878 0.312500
-3.210449 3.911943 0.312500
-3.889087 3.889087 0.312500
-3.911943 3.210449 0.312500
-3.325878 2.222281 0.312500
-2.592266 1.385595 0.312500
-2.309699 0.956709 0.312500
-2.812773 0.853245 0.312500
-3.923141 0.780361 0.312500
-5.036292 0.496031 0.312500
-5.500000 0.000000 0.312500
-5.036292 -0.496031 0.312500
-3.923141 -0.780361 0.312500
-2.812773 -0.853245 0.312500
-2.309699 -0.956709 0.312500
-2.592266 -1.385595 0.312500
-3.325878 -2.222281 0.312500
-3.911943 -3.210449 0.312500
-3.889087 -3.889087 0.312500
-3.210449 -3.911943 0.312500
-2.222281 -3.325878 0.312500
-1.385595 -2.592266 0.312500
-0.956709 -2.309699 0.312500
-0.853245 -2.812773 0.312500
-0.780361 -3.923141 0.312500
-0.496031 -5.036292 0.312500
-0.000000 -5.500000 0.312500
0.496031 -5.036292 0.312500
0.780361 -3.923141 0.312500
0.853245 -2.812773 0.312500
0.956709 -2.309699 0.312500
1.385595 -2.592266 0.312500
2.222281 -3.325878 0.312500
3.210449 -3.911943 0.312500
3.889087 -3.889087 0.312500
3.911943 -3.210449 0.312500
3.325878 -2.222281 0.312500
2.592266 -1.385595 0.312500
2.309699 -0.956709 0.312500
2.812773 -0.853245 0.312500
3.923141 -0.780361 0.312500
5.036292 -0.496031 0.312500
5.500000 0.000000 0.625000
5.036292 0.496031 0.625000
3.923141 0.780361 0.625000
2.812773 0.853245 0.625000
2.309699 0.956709 0.625000
2.592266 1.385595 0.625000
3.325878 2.222281 0.625000
3.911943 3.210449 0.625000
3.889087 3.889087 0.625000
3.210449 3.911943 0.625000
2.222281 3.325878 0.625000
1.385595 2.592266 0.625000
0.956709 2.309699 0.625000
0.853245 2.812773 0.625000
0.780361 3.923141 0.625000
0.496031 5.036292 0.625000
0.000000 5.500000 0.625000
-0.496031 5.036292 0.625000
-0.780361 3.923141 0.625000
-0.853245 2.812773 0.625000
-0.956709 2.309699 0.625000
-1.385595 2.592266 0.625000
-2.222281 3.325878 0.625000
-3.210449 3.911943 0.625000
-3.889087 3.889087 0.625000
-3.911943 3.210449 0.625000
-3.325878 2.222281 0.625000
-2.592266 1.385595 0.625000
-2.309699 0.956709 0.625000
-2.812773 0.853245 0.625000
-3.923141 0.780361 0.625000
-5.036292 0.496031 0.625000
-5.500000 0.000000 0.625000
-5.036292 -0.496031 0.625000
-3.923141 -0.780361 0.625000
-2.812773 -0.853245 0.625000
-2.309699 -0.956709 0.625000
-2.592266 -1.385595 0.625000
-3.325878 -2.222281 0.625000
-3.911943 -3.210449 0.625000
-3.889087 -3.889087 0.625000
-3.210449 -3.911943 0.625000
-2.222281 -3.325878 0.625000
-1.385595 -2.592266 0.625000
-0.956709 -2.309699 0.625000
-0.853245 -2.812773 0.625000
-0.780361 -3.923141 0.625000
-0.496031 -5.036292 0.625000
-0.000000 -5.500000 0.625000
0.496031 -5.036292 0.625000
0.780361 -3.923141 0.625000
0.853245 -2.812773 0.625000
0.956709 -2.309699 0.625000
1.385595 -2.592266 0.625000
2.222281 -3.325878 0.625000
3.210449 -3.911943 0.625000
3.889087 -3.889087 0.625000
3.911943 -3.210449 0.625000
3.325878 -2.222281 0.625000
2.592266 -1.385595 0.625000
2.309699 -0.956709 0.625000
2.812773 -0.853245 0.625000
3.923141 -0.780361 0.625000
5.036292 -0.496031 0.625000
5.500000 0.000000 0.937500
5.036292 0.496031 0.937500
3.923141 0.780361 0.937500
2.812773 0.853245 0.937500
2.309699 0.956709 0.937500
2.592266 1.385595 0.937500
3.325878 2.222281 0.937500
3.911943 3.210449 0.937500
3.889087 3.889087 0.937500
3.210449 3.911943 0.937500
2.222281 3.325878 0.937500
1.385595 2.592266 0.937500
0.956709 2.309699 0.937500
0.853245 2.812773 0.937500
0.780361 3.923141 0.937500
0.496031 5.036292 0.937500
0.000000 5.500000 0.937500
-0.496031 5.036292 0.937500
-0.780361 3.923141 0.937500
-0.853245 2.812773 0.937500
-0.956709 2.309699 0.937500
-1.385595 2.592266 0.937500
-2.222281 3.325878 0.937500
-3.210449 3.911943 0.937500
-3.889087 3.889087 0.937500
-3.911943 3.210449 0.937500
-3.325878 2.222281 0.937500
-2.592266 1.385595 0.937500
-2.309699 0.956709 0.937500
-2.812773 0.853245 0.937500
-3.923141 0.780361 0.937500
-5.036292 0.496031 0.937500
-5.500000 0.000000 0.937500
-5.036292 -0.496031 0.937500
-3.923141 -0.780361 0.937500
-2.812773 -0.853245 0.937500
-2.309699 -0.956709 0.937500
-2.592266 -1.385595 0.937500
-3.325878 -2.222281 0.937500
-3.911943 -3.210449 0.937500
-3.889087 -3.889087 0.937500
-3.210449 -3.911943 0.937500
-2.222281 -3.325878 0.937500
-1.385595 -2.592266 0.937500
-0.956709 -2.309699 0.937500
-0.853245 -2.812773 0.937500
-0.780361 -3.923141 0.937500
-0.496031 -5.036292 0.937500
-0.000000 -5.500000 0.937500
0.496031 -5.036292 0.937500
0.780361 -3.923141 0.937500
0.853245 -2.812773 0.937500
0.956709 -2.309699 0.937500
1.385595 -2.592266 0.937500
2.222281 -3.325878 0.937500
3.210449 -3.911943 0.937500
3.889087 -3.889087 0.937500
3.911943 -3.210449 0.937500
3.325878 -2.222281 0.937500
2.592266 -1.385595 0.937500
2.309699 -0.956709 0.937500
2.812773 -0.853245 0.937500
3.923141 -0.780361 0.937500
5.036292 -0.496031 0.937500
5.500000 0.000000 1.250000
5.036292 0.496031 1.250000
3.923141 0.780361 1.250000
2.812773 0.853245 1.250000
2.309699 0.956709 1.250000
2.592266 1.385595 1.250000
3.325878 2.222281 1.250000
3.911943 3.210449 1.250000
3.889087 3.889087 1.250000
3.210449 3.911943 1.250000
2.222281 3.325878 1.250000
1.385595 2.592266 1.250000
0.956709 2.309699 1.250000
0.853245 2.812773 1.250000
0.780361 3.923141 1.250000
0.496031 5.036292 1.250000
0.000000 5.500000 1.250000
-0.496031 5.036292 1.250000
-0.780361 3.923141 1.250000
-0.853245 2.812773 1.250000
-0.956709 2.309699 1.250000
-1.385595 2.592266 1.250000
-2.222281 3.325878 1.250000
-3.210449 3.911943 1.250000
-3.889087 3.889087 1.250000
-3.911943 3.210449 1.250000
-3.325878 2.222281 1.250000
-2.592266 1.385595 1.250000
-2.309699 0.956709 1.250000
-2.812773 0.853245 1.250000
-3.923141 0.780361 1.250000
-5.036292 0.496031 1.250000
-5.500000 0.000000 1.250000
-5.036292 -0.496031 1.250000
-3.923141 -0.780361 1.250000
-2.812773 -0.853245 1.250000
-2.309699 -0.956709 1.250000
-2.592266 -1.385595 1.250000
-3.325878 -2.222281 1.250000
-3.911943 -3.210449 1.250000
-3.889087 -3.889087 1.250000
-3.210449 -3.911943 1.250000
-2.222281 -3.325878 1.250000
-1.385595 -2.592266 1.250000
-0.956709 -2.309699 1.250000
-0.853245 -2.812773 1.250000
-0.780361 -3.923141 1.250000
-0.496031 -5.036292 1.250000
-0.000000 -5.500000 1.250000
0.496031 -5.036292 1.250000
0.780361 -3.923141 1.250000
0.853245 -2.812773 1.250000
0.956709 -2.309699 1.250000
1.385595 -2.592266 1.250000
2.222281 -3.325878 1.250000
3.210449 -3.911943 1.250000
3.889087 -3.889087 1.250000
3.911943 -3.210449 1.250000
3.325878 -2.222281 1.250000
2.592266 -1.385595 1.250000
2.309699 -0.956709 1.250000
2.812773 -0.853245 1.250000
3.923141 -0.780361 1.250000
5.036292 -0.496031 1.250000
5.500000 0.000000 1.562500
5.036292 0.496031 1.562500
3.923141 0.780361 1.562500
2.812773 0.853245 1.562500
2.309699 0.956709 1.562500
2.592266 1.385595 1.562500
3.325878 2.222281 1.562500
3.911943 3.210449 1.562500
3.889087 3.889087 1.562500
3.210449 3.911943 1.562500
2.222281 3.325878 1.562500
1.385595 2.592266 1.562500
0.956709 2.309699 1.562500
0.853245 2.812773 1.562500
0.780361 3.923141 1.562500
0.496031 5.036292 1.562500
0.000000 5.500000 1.562500
-0.496031 5.036292 1.562500
-0.780361 3.923141 1.562500
-0.853245 2.812773 1.562500
-0.956709 2.309699 1.562500
-1.385595 2.592266 1.562500
-2.222281 3.325878 1.562500
-3.210449 3.911943 1.562500
-3.889087 3.889087 1.562500
-3.911943 3.210449 1.562500
-3.325878 2.222281 1.562500
-2.592266 1.385595 1.562500
-2.309699 0.956709 1.562500
-2.812773 0.853245 1.562500
-3.923141 0.780361 1.562500
-5.036292 0.496031 1.562500
-5.500000 0.000000 1.562500
-5.036292 -0.496031 1.562500
-3.923141 -0.780361 1.562500
-2.812773 -0.853245 1.562500
-2.309699 -0.956709 1.562500
-2.592266 -1.385595 1.562500
-3.325878 -2.222281 1.562500
-3.911943 -3.210449 1.562500
-3.889087 -3.889087 1.562500
-3.210449 -3.911943 1.562500
-2.222281 -3.325878 1.562500
-1.385595 -2.592266 1.562500
-0.956709 -2.309699 1.562500
-0.853245 -2.812773 1.562500
-0.780361 -3.923141 1.562500
-0.496031 -5.036292 1.562500
-0.000000 -5.500000 1.562500
0.496031 -5.036292 1.562500
0.780361 -3.923141 1.562500
0.853245 -2.812773 1.562500
0.956709 -2.309699 1.562500
1.385595 -2.592266 1.562500
2.222281 -3.325878 1.562500
3.210449 -3.911943 1.562500
3.889087 -3.889087 1.562500
3.911943 -3.210449 1.562500
3.325878 -2.222281 1.562500
2.592266 -1.385595 1.562500
2.309699 -0.956709 1.562500
2.812773 -0.853245 1.562500
3.923141 -0.780361 1.562500
5.036292 -0.496031 1.562500
5.500000 0.000000 1.875000
5.036292 0.496031 1.875000
3.923141 0.780361 1.875000
2.812773 0.853245 1.875000
2.309699 0.956709 1.875000
2.592266 1.385595 1.875000
3.325878 2.222281 1.875000
3.911943 3.210449 1.875000
3.889087 3.889087 1.875000
3.210449 3.911943 1.875000
2.222281 3.325878 1.875000
1.385595 2.592266 1.875000
0.956709 2.309699 1.875000
0.853245 2.812773 1.875000
0.780361 3.923141 1.875000
0.496031 5.036292 1.875000
0.000000 5.500000 1.875000
-0.496031 5.036292 1.875000
-0.780361 3.923141 1.875000
-0.853245 2.812773 1.875000
-0.956709 2.309699 1.875000
-1.385595 2.592266 1.875000
-2.222281 3.325878 1.875000
-3.210449 3.911943 1.875000
-3.889087 3.889087 1.875000
-3.911943 3.210449 1.875000
-3.325878 2.222281 1.875000
-2.592266 1.385595 1.875000
-2.309699 0.956709 1.875000
-2.812773 0.853245 1.875000
-3.923141 0.780361 1.875000
-5.036292 0.496031 1.875000
-5.500000 0.000000 1.875000
-5.036292 -0.496031 1.875000
-3.923141 -0.780361 1.875000
-2.812773 -0.853245 1.875000
-2.309699 -0.956709 1.875000
-2.592266 -1.385595 1.875000
-3.325878 -2.222281 1.875000
-3.911943 -3.210449 1.875000
-3.889087 -3.889087 1.875000
-3.210449 -3.911943 1.875000
-2.222281 -3.325878 1.875000
-1.385595 -2.592266 1.875000
-0.956709 -2.309699 1.875000
-0.853245 -2.812773 1.875000
-0.780361 -3.923141 1.875000
-0.496031 -5.036292 1.875000
-0.000000 -5.500000 1.875000
0.496031 -5.036292 1.875000
0.780361 -3.923141 1.875000
0.853245 -2.812773 1.875000
0.956709 -2.309699 1.875000
1.385595 -2.592266 1.875000
2.222281 -3.325878 1.875000
3.210449 -3.911943 1.875000
3.889087 -3.889087 1.875000
3.911943 -3.210449 1.875000
3.325878 -2.222281 1.875000
2.592266 -1.385595 1.875000
2.309699 -0.956709 1.875000
2.812773 -0.853245 1.875000
3.923141 -0.780361 1.875000
5.036292 -0.496031 1.875000
5.500000 0.000000 2.187500
5.036292 0.496031 2.187500
3.923141 0.780361 2.187500
2.812773 0.853245 2.187500
2.309699 0.956709 2.187500
2.592266 1.385595 2.187500
3.325878 2.222281 2.187500
3.911943 3.210449 2.187500
3.889087 3.889087 2.187500
3.210449 3.911943 2.187500
2.222281 3.325878 2.187500
1.385595 2.592266 2.187500
0.956709 2.309699 2.187500
0.853245 2.812773 2.187500
0.780361 3.923141 2.187500
0.496031 5.036292 2.187500
0.000000 5.500000 2.187500
-0.496031 5.036292 2.187500
-0.780361 3.923141 2.187500
-0.853245 2.812773 2.187500
-0.956709 2.309699 2.187500
-1.385595 2.592266 2.187500
-2.222281 3.325878 2.187500
-3.210449 3.911943 2.187500
-3.889087 3.889087 2.187500
-3.911943 3.210449 2.187500
-3.325878 2.222281 2.187500
-2.592266 1.385595 2.187500
-2.309699 0.956709 2.187500
-2.812773 0.853245 2.187500
-3.923141 0.780361 2.187500
-5.036292 0.496031 2.187500
-5.500000 0.000000 2.187500
-5.036292 -0.496031 2.187500
-3.923141 -0.780361 2.187500
-2.812773 -0.853245 2.187500
-2.309699 -0.956709 2.187500
-2.592266 -1.385595 2.187500
-3.325878 -2.222281 2.187500
-3.911943 -3.210449 2.187500
-3.889087 -3.889087 2.187500
-3.210449 -3.911943 2.187500
-2.222281 -3.325878 2.187500
-1.385595 -2.592266 2.187500
-0.956709 -2.309699 2.187500
-0.853245 -2.812773 2.187500
-0.780361 -3.923141 2.187500
-0.496031 -5.036292 2.187500
-0.000000 -5.500000 2.187500
0.496031 -5.036292 2.187500
0.780361 -3.923141 2.187500
0.853245 -2.812773 2.187500
0.956709 -2.309699 2.187500
1.385595 -2.592266 2.187500
2.222281 -3.325878 2.187500
3.210449 -3.911943 2.187500
3.889087 -3.889087 2.187500
3.911943 -3.210449 2.187500
3.325878 -2.222281 2.187500
2.592266 -1.385595 2.187500
2.309699 -0.956709 2.187500
2.812773 -0.853245 2.187500
3.923141 -0.780361 2.187500
5.036292 -0.496031 2.187500
5.500000 0.000000 2.500000
5.036292 0.496031 2.500000
3.923141 0.780361 2.500000
2.812773 0.853245 2.500000
2.309699 0.956709 2.500000
2.592266 1.385595 2.500000
3.325878 2.222281 2.500000
3.911943 3.210449 2.500000
3.889087 3.889087 2.500000
3.210449 3.911943 2.500000
2.222281 3.325878 2.500000
1.385595 2.592266 2.500000
0.956709 2.309699 2.500000
0.853245 2.812773 2.500000
0.780361 3.923141 2.500000
0.496031 5.036292 2.500000
0.000000 5.500000 2.500000
-0.496031 5.036292 2.500000
-0.780361 3.923141 2.500000
-0.853245 2.812773 2.500000
-0.956709 2.309699 2.500000
-1.385595 2.592266 2.500000
-2.222281 3.325878 2.500000
-3.210449 3.911943 2.500000
-3.889087 3.889087 2.500000
-3.911943 3.210449 2.500000
-3.325878 2.222281 2.500000
-2.592266 1.385595 2.500000
-2.309699 0.956709 2.500000
-2.812773 0.853245 2.500000
-3.923141 0.780361 2.500000
-5.036292 0.496031 2.500000
-5.500000 0.000000 2.500000
-5.036292 -0.496031 2.500000
-3.923141 -0.780361 2.500000
-2.812773 -0.853245 2.500000
-2.309699 -0.956709 2.500000
-2.592266 -1.385595 2.500000
-3.325878 -2.222281 2.500000
-3.911943 -3.210449 2.500000
-3.889087 -3.889087 2.500000
-3.210449 -3.911943 2.500000
-2.222281 -3.325878 2.500000
-1.385595 -2.592266 2.500000
-0.956709 -2.309699 2.500000
-0.853245 -2.812773 2.500000
-0.780361 -3.923141 2.500000
-0.496031 -5.036292 2.500000
-0.000000 -5.500000 2.500000
0.496031 -5.036292 2.500000
0.780361 -3.923141 2.500000
0.853245 -2.812773 2.500000
0.956709 -2.309699 2.500000
1.385595 -2.592266 2.500000
2.222281 -3.325878 2.500000
3.210449 -3.911943 2.500000
3.889087 -3.889087 2.500000
3.911943 -3.210449 2.500000
3.325878 -2.222281 2.500000
2.592266 -1.385595 2.500000
2.309699 -0.956709 2.500000
2.812773 -0.853245 2.500000
3.923141 -0.780361 2.500000
5.036292 -0.496031 2.500000
5.500000 0.000000 2.812500
5.036292 0.496031 2.812500
3.923141 0.780361 2.812500
2.812773 0.853245 2.812500
2.309699 0.956709 2.812500
2.592266 1.385595 2.812500
3.325878 2.222281 2.812500
3.911943 3.210449 2.812500
3.889087 3.889087 2.812500
3.210449 3.911943 2.812500
2.222281 3.325878 2.812500
1.385595 2.592266 2.812500
0.956709 2.309699 2.812500
0.853245 2.812773 2.812500
0.780361 3.923141 2.812500
0.496031 5.036292 2.812500
0.000000 5.500000 2.812500
-0.496031 5.036292 2.812500
-0.780361 3.923141 2.812500
-0.853245 2.812773 2.812500
-0.956709 2.309699 2.812500
-1.385595 2.592266 2.812500
-2.222281 3.325878 2.812500
-3.210449 3.911943 2.812500
-3.889087 3.889087 2.812500
-3.911943 3.210449 2.812500
-3.325878 2.222281 2.812500
-2.592266 1.385595 2.812500
-2.309699 0.956709 2.812500
-2.812773 0.853245 2.812500
-3.923141 0.780361 2.812500
-5.036292 0.496031 2.812500
-5.500000 0.000000 2.812500
-5.036292 -0.496031 2.812500
-3.923141 -0.780361 2.812500
-2.812773 -0.853245 2.812500
-2.309699 -0.956709 2.812500
-2.592266 -1.385595 2.812500
-3.325878 -2.222281 2.812500
-3.911943 -3.210449 2.812500
-3.889087 -3.889087 2.812500
-3.210449 -3.911943 2.812500
-2.222281 -3.325878 2.812500
-1.385595 -2.592266 2.812500
-0.956709 -2.309699 2.812500
-0.853245 -2.812773 2.812500
-0.780361 -3.923141 2.812500
-0.496031 -5.036292 2.812500
-0.000000 -5.500000 2.812500
0.496031 -5.036292 2.812500
0.780361 -3.923141 2.812500
0.853245 -2.812773 2.812500
0.956709 -2.309699 2.812500
1.385595 -2.592266 2.812500
2.222281 -3.325878 2.812500
3.210449 -3.911943 2.812500
3.889087 -3.889087 2.812500
3.911943 -3.210449 2.812500
3.325878 -2.222281 2.812500
2.592266 -1.385595 2.812500
2.309699 -0.956709 2.812500
2.812773 -0.853245 2.812500
3.923141 -0.780361 2.812500
5.036292 -0.496031 2.812500
5.500000 0.000000 3.125000
5.036292 0.496031 3.125000
3.923141 0.780361 3.125000
2.812773 0.853245 3.125000
2.309699 0.956709 3.125000
2.592266 1.385595 3.125000
3.325878 2.222281 3.125000
3.911943 3.210449 3.125000
3.889087 3.889087 3.125000
3.210449 3.911943 3.125000
2.222281 3.325878 3.125000
1.385595 2.592266 3.125000
0.956709 2.309699 3.125000
0.853245 2.812773 3.125000
0.780361 3.923141 3.125000
0.496031 5.036292 3.125000
0.000000 5.500000 3.125000
-0.496031 5.036292 3.125000
-0.780361 3.923141 3.125000
-0.853245 2.812773 3.125000
-0.956709 2.309699 3.125000
-1.385595 2.592266 3.125000
-2.222281 3.325878 3.125000
-3.210449 3.911943 3.125000
-3.889087 3.889087 3.125000
-3.911943 3.210449 3.125000
-3.325878 2.222281 3.125000
-2.592266 1.385595 3.125000
-2.309699 0.956709 3.125000
-2.812773 0.853245 3.125000
-3.923141 0.780361 3.125000
-5.036292 0.496031 3.125000
-5.500000 0.000000 3.125000
-5.036292 -0.496031 3.125000
-3.923141 -0.780361 3.125000
-2.812773 -0.853245 3.125000
-2.309699 -0.956709 3.125000
-2.592266 -1.385595 3.125000
-3.325878 -2.222281 3.125000
-3.911943 -3.210449 3.125000
-3.889087 -3.889087 3.125000
-3.210449 -3.911943 3.125000
-2.222281 -3.325878 3.125000
-1.385595 -2.592266 3.125000
-0.956709 -2.309699 3.125000
-0.853245 -2.812773 3.125000
-0.780361 -3.923141 3.125000
-0.496031 -5.036292 3.125000
-0.000000 -5.500000 3.125000
0.496031 -5.036292 3.125000
0.780361 -3.923141 3.125000
0.853245 -2.812773 3.125000
0.956709 -2.309699 3.125000
1.385595 -2.592266 3.125000
2.222281 -3.325878 3.125000
3.210449 -3.911943 3.125000
3.889087 -3.889087 3.125000
3.911943 -3.210449 3.125000
3.325878 -2.222281 3.125000
2.592266 -1.385595 3.125000
2.309699 -0.956709 3.125000
2.812773 -0.853245 3.125000
3.923141 -0.780361 3.125000
5.036292 -0.496031 3.125000
5.500000 0.000000 3.437500
5.036292 0.496031 3.437500
3.923141 0.780361 3.437500
2.812773 0.853245 3.437500
2.309699 0.956709 3.437500
2.592266 1.385595 3.437500
3.325878 2.222281 3.437500
3.911943 3.210449 3.437500
3.889087 3.889087 3.437500
3.210449 3.911943 3.437500
2.222281 3.325878 3.437500
1.385595 2.592266 3.437500
0.956709 2.309699 3.437500
0.853245 2.812773 3.437500
0.780361 3.923141 3.437500
0.496031 5.036292 3.437500
0.000000 5.500000 3.437500
-0.496031 5.036292 3.437500
-0.780361 3.923141 3.437500
-0.853245 2.812773 3.437500
-0.956709 2.309699 3.437500
-1.385595 2.592266 3.437500
-2.222281 3.325878 3.437500
-3.210449 3.911943 3.437500
-3.889087 3.889087 3.437500
-3.911943 3.210449 3.437500
-3.325878 2.222281 3.437500
-2.592266 1.385595 3.437500
-2.309699 0.956709 3.437500
-2.812773 0.853245 3.437500
-3.923141 0.780361 3.437500
-5.036292 0.496031 3.437500
-5.500000 0.000000 3.437500
-5.036292 -0.496031 3.437500
-3.923141 -0.780361 3.437500
-2.812773 -0.853245 3.437500
-2.309699 -0.956709 3.437500
-2.592266 -1.385595 3.437500
-3.325878 -2.222281 3.437500
-3.911943 -3.210449 3.437500
-3.889087 -3.889087 3.437500
-3.210449 -3.911943 3.437500
-2.222281 -3.325878 3.437500
-1.385595 -2.592266 3.437500
-0.956709 -2.309699 3.437500
-0.853245 -2.812773 3.437500
-0.780361 -3.923141 3.437500
-0.496031 -5.036292 3.437500
-0.000000 -5.500000 3.437500
0.496031 -5.036292 3.437500
0.780361 -3.923141 3.437500
0.853245 -2.812773 3.437500
0.956709 -2.309699 3.437500
1.385595 -2.592266 3.437500
2.222281 -3.325878 3.437500
3.210449 -3.911943 3.437500
3.889087 -3.889087 3.437500
3.911943 -3.210449 3.437500
3.325878 -2.222281 3.437500
2.592266 -1.385595 3.437500
2.309699 -0.956709 3.437500
2.812773 -0.853245 3.437500
3.923141 -0.780361 3.437500
5.036292 -0.496031 3.437500
5.500000 0.000000 3.750000
5.036292 0.496031 3.750000
3.923141 0.780361 3.750000
2.812773 0.853245 3.750000
2.309699 0.956709 3.750000
2.592266 1.385595 3.750000
3.325878 2.222281 3.750000
3.911943 3.210449 3.750000
3.889087 3.889087 3.750000
3.210449 3.911943 3.750000
2.222281 3.325878 3.750000
1.385595 2.592266 3.750000
0.956709 2.309699 3.750000
0.853245 2.812773 3.750000
0.780361 3.923141 3.750000
0.496031 5.036292 3.750000
0.000000 5.500000 3.750000
-0.496031 5.036292 3.750000
-0.780361 3.923141 3.750000
-0.853245 2.812773 3.750000
-0.956709 2.309699 3.750000
-1.385595 2.592266 3.750000
-2.222281 3.325878 3.750000
-3.210449 3.911943 3.750000
-3.889087 3.889087 3.750000
-3.911943 3.210449 3.750000
-3.325878 2.222281 3.750000
-2.592266 1.385595 3.750000
-2.309699 0.956709 3.750000
-2.812773 0.853245 3.750000
-3.923141 0.780361 3.750000
-5.036292 0.496031 3.750000
-5.500000 0.000000 3.750000
-5.036292 -0.496031 3.750000
-3.923141 -0.780361 3.750000
-2.812773 -0.853245 3.750000
-2.309699 -0.956709 3.750000
-2.592266 -1.385595 3.750000
-3.325878 -2.222281 3.750000
-3.911943 -3.210449 3.750000
-3.889087 -3.889087 3.750000
-3.210449 -3.911943 3.750000
-2.222281 -3.325878 3.750000
-1.385595 -2.592266 3.750000
-0.956709 -2.309699 3.750000
-0.853245 -2.812773 3.750000
-0.780361 -3.923141 3.750000
-0.496031 -5.036292 3.750000
-0.000000 -5.500000 3.750000
0.496031 -5.036292 3.750000
0.780361 -3.923141 3.750000
0.853245 -2.812773 3.750000
0.956709 -2.309699 3.750000
1.385595 -2.592266 3.750000
2.222281 -3.325878 3.750000
3.210449 -3.911943 3.750000
3.889087 -3.889087 3.750000
3.911943 -3.210449 3.750000
3.325878 -2.222281 3.750000
2.592266 -1.385595 3.750000
2.309699 -0.956709 3.750000
2.812773 -0.853245 3.750000
3.923141 -0.780361 3.750000
5.036292 -0.496031 3.750000
5.500000 0.000000 4.062500
5.036292 0.496031 4.062500
3.923141 0.780361 4.062500
2.812773 0.853245 4.062500
2.309699 0.956709 4.062500
2.592266 1.385595 4.062500
3.325878 2.222281 4.062500
3.911943 3.210449 4.062500
3.889087 3.889087 4.062500
3.210449 3.911943 4.062500
2.222281 3.325878 4.062500
1.385595 2.592266 4.062500
0.956709 2.309699 4.062500
0.853245 2.812773 4.062500
0.780361 3.923141 4.062500
0.496031 5.036292 4.062500
0.000000 5.500000 4.062500
-0.496031 5.036292 4.062500
-0.780361 3.923141 4.062500
-0.853245 2.812773 4.062500
-0.956709 2.309699 4.062500
-1.385595 2.592266 4.062500
-2.222281 3.325878 4.062500
-3.210449 3.911943 4.062500
-3.889087 3.889087 4.062500
-3.911943 3.210449 4.062500
-3.325878 2.222281 4.062500
-2.592266 1.385595 4.062500
-2.309699 0.956709 4.062500
-2.812773 0.853245 4.062500
-3.923141 0.780361 4.062500
-5.036292 0.496031 4.062500
-5.500000 0.000000 4.062500
-5.036292 -0.496031 4.062500
-3.923141 -0.780361 4.062500
-2.812773 -0.853245 4.062500
-2.309699 -0.956709 4.062500
-2.592266 -1.385595 4.062500
-3.325878 -2.222281 4.062500
-3.911943 -3.210449 4.062500
-3.889087 -3.889087 4.062500
-3.210449 -3.911943 4.062500
-2.222281 -3.325878 4.062500
-1.385595 -2.592266 4.062500
-0.956709 -2.309699 4.062500
-0.853245 -2.812773 4.062500
-0.780361 -3.923141 4.062500
-0.496031 -5.036292 4.062500
-0.000000 -5.500000 4.062500
0.496031 -5.036292 4.062500
0.780361 -3.923141 4.062500
0.853245 -2.812773 4.062500
0.956709 -2.309699 4.062500
1.385595 -2.592266 4.062500
2.222281 -3.325878 4.062500
3.210449 -3.911943 4.062500
3.889087 -3.889087 4.062500
3.911943 -3.210449 4.062500
3.325878 -2.222281 4.062500
2.592266 -1.385595 4.062500
2.309699 -0.956709 4.062500
2.812773 -0.853245 4.062500
3.923141 -0.780361 4.062500
5.036292 -0.496031 4.062500
5.500000 0.000000 4.375000
5.036292 0.496031 4.375000
3.923141 0.780361 4.375000
2.812773 0.853245 4.375000
2.309699 0.956709 4.375000
2.592266 1.385595 4.375000
3.325878 2.222281 4.375000
3.911943 3.210449 4.375000
3.889087 3.889087 4.375000
3.210449 3.911943 4.375000
2.222281 3.325878 4.375000
1.385595 2.592266 4.375000
0.956709 2.309699 4.375000
0.853245 2.812773 4.375000
0.780361 3.923141 4.375000
0.496031 5.036292 4.375000
0.000000 5.500000 4.375000
-0.496031 5.036292 4.375000
-0.780361 3.923141 4.375000
-0.853245 2.812773 4.375000
-0.956709 2.309699 4.375000
-1.385595 2.592266 4.375000
-2.222281 3.325878 4.375000
-3.210449 3.911943 4.375000
-3.889087 3.889087 4.375000
-3.911943 3.210449 4.375000
-3.325878 2.222281 4.375000
-2.592266 1.385595 4.375000
-2.309699 0.956709 4.375000
-2.812773 0.853245 4.375000
-3.923141 0.780361 4.375000
-5.036292 0.496031 4.375000
-5.500000 0.000000 4.375000
-5.036292 -0.496031 4.375000
-3.923141 -0.780361 4.375000
-2.812773 -0.853245 4.375000
-2.309699 -0.956709 4.375000
-2.592266 -1.385595 4.375000
-3.325878 -2.222281 4.375000
-3.911943 -3.210449 4.375000
-3.889087 -3.889087 4.375000
-3.210449 -3.911943 4.375000
-2.222281 -3.325878 4.375000
-1.385595 -2.592266 4.375000
-0.956709 -2.309699 4.375000
-0.853245 -2.812773 4.375000
-0.780361 -3.923141 4.375000
-0.496031 -5.036292 4.375000
-0.000000 -5.500000 4.375000
0.496031 -5.036292 4.375000
0.780361 -3.923141 4.375000
0.853245 -2.812773 4.375000
0.956709 -2.309699 4.375000
1.385595 -2.592266 4.375000
2.222281 -3.325878 4.375000
3.210449 -3.911943 4.375000
3.889087 -3.889087 4.375000
3.911943 -3.210449 4.375000
3.325878 -2.222281 4.375000
2.592266 -1.385595 4.375000
2.309699 -0.956709 4.375000
2.812773 -0.853245 4.375000
3.923141 -0.780361 4.375000
5.036292 -0.496031 4.375000
5.500000 0.000000 4.687500
5.036292 0.496031 4.687500
3.923141 0.780361 4.687500
2.812773 0.853245 4.687500
2.309699 0.956709 4.687500
2.592266 1.385595 4.687500
3.325878 2.222281 4.687500
3.911943 3.210449 4.687500
3.889087 3.889087 4.687500
3.210449 3.911943 4.687500
2.222281 3.325878 4.687500
1.385595 2.592266 4.687500
0.956709 2.309699 4.687500
0.853245 2.812773 4.687500
0.780361 3.923141 4.687500
0.496031 5.036292 4.687500
0.000000 5.500000 4.687500
-0.496031 5.036292 4.687500
-0.780361 3.923141 4.687500
-0.853245 2.812773 4.687500
-0.956709 2.309699 4.687500
-1.385595 2.592266 4.687500
-2.222281 3.325878 4.687500
-3.210449 3.911943 4.687500
-3.889087 3.889087 4.687500
-3.911943 3.210449 4.687500
-3.325878 2.222281 4.687500
-2.592266 1.385595 4.687500
-2.309699 0.956709 4.687500
-2.812773 0.853245 4.687500
-3.923141 0.780361 4.687500
-5.036292 0.496031 4.687500
-5.500000 0.000000 4.687500
-5.036292 -0.496031 4.687500
-3.923141 -0.780361 4.687500
-2.812773 -0.853245 4.687500
-2.309699 -0.956709 4.687500
-2.592266 -1.385595 4.687500
-3.325878 -2.222281 4.687500
-3.911943 -3.210449 4.687500
-3.889087 -3.889087 4.687500
-3.210449 -3.911943 4.687500
-2.222281 -3.325878 4.687500
-1.385595 -2.592266 4.687500
-0.956709 -2.309699 4.687500
-0.853245 -2.812773 4.687500
-0.780361 -3.923141 4.687500
-0.496031 -5.036292 4.687500
-0.000000 -5.500000 4.687500
0.496031 -5.036292 4.687500
0.780361 -3.923141 4.687500
0.853245 -2.812773 4.687500
0.956709 -2.309699 4.687500
1.385595 -2.592266 4.687500
2.222281 -3.325878 4.687500
3.210449 -3.911943 4.687500
3.889087 -3.889087 4.687500
3.911943 -3.210449 4.687500
3.325878 -2.222281 4.687500
2.592266 -1.385595 4.687500
2.309699 -0.956709 4.687500
2.812773 -0.853245 4.687500
3.923141 -0.780361 4.687500
5.036292 -0.496031 4.687500
5.500000 0.000000 5.000000
5.036292 0.496031 5.000000
3.923141 0.780361 5.000000
2.812773 0.853245 5.000000
2.309699 0.956709 5.000000
2.592266 1.385595 5.000000
3.325878 2.222281 5.000000
3.911943 3.210449 5.000000
3.889087 3.889087 5.000000
3.210449 3.911943 5.000000
2.222281 3.325878 5.000000
1.385595 2.592266 5.000000
0.956709 2.309699 5.000000
0.853245 2.812773 5.000000
0.780361 3.923141 5.000000
0.496031 5.036292 5.000000
0.000000 5.500000 5.000000
-0.496031 5.036292 5.000000
-0.780361 3.923141 5.000000
-0.853245 2.812773 5.000000
-0.956709 2.309699 5.000000
-1.385595 2.592266 5.000000
-2.222281 3.325878 5.000000
-3.210449 3.911943 5.000000
-3.889087 3.889087 5.000000
-3.911943 3.210449 5.000000
-3.325878 2.222281 5.000000
-2.592266 1.385595 5.000000
-2.309699 0.956709 5.000000
-2.812773 0.853245 5.000000
-3.923141 0.780361 5.000000
-5.036292 0.496031 5.000000
-5.500000 0.000000 5.000000
-5.036292 -0.496031 5.000000
-3.923141 -0.780361 5.000000
-2.812773 -0.853245 5.000000
-2.309699 -0.956709 5.000000
-2.592266 -1.385595 5.000000
-3.325878 -2.222281 5.000000
-3.911943 -3.210449 5.000000
-3.889087 -3.889087 5.000000
-3.210449 -3.911943 5.000000
-2.222281 -3.325878 5.000000
-1.385595 -2.592266 5.000000
-0.956709 -2.309699 5.000000
-0.853245 -2.812773 5.000000
-0.780361 -3.923141 5.000000
-0.496031 -5.036292 5.000000
-0.000000 -5.500000 5.000000
0.496031 -5.036292 5.000000
0.780361 -3.923141 5.000000
0.853245 -2.812773 5.000000
0.956709 -2.309699 5.000000
1.385595 -2.592266 5.000000
2.222281 -3.325878 5.000000
3.210449 -3.911943 5.000000
3.889087 -3.889087 5.000000
3.911943 -3.210449 5.000000
3.325878 -2.222281 5.000000
2.592266 -1.385595 5.000000
2.309699 -0.956709 5.000000
2.812773 -0.853245 5.000000
3.923141 -0.780361 5.000000
5.036292 -0.496031 5.000000
3 1 3 2
3 0 2050 2051
3 1 4 3
3 0 2051 2052
3 1 5 4
3 0 2052 2053
3 1 6 5
3 0 2053 2054
3 1 7 6
3 0 2054 2055
3 1 8 7
3 0 2055 2056
3 1 9 8
3 0 2056 2057
3 1 10 9
3 0 2057 2058
3 1 11 10
3 0 2058 2059
3 1 12 11
3 0 2059 2060
3 1 13 12
3 0 2060 2061
3 1 14 13
3 0 2061 2062
3 1 15 14
3 0 2062 2063
3 1 16 15
3 0 2063 2064
3 1 17 16
3 0 2064 2065
3 1 18 17
3 0 2065 2066
3 1 19 18
3 0 2066 2067
3 1 20 19
3 0 2067 2068
3 1 21 20
3 0 2068 2069
3 1 22 21
3 0 2069 2070
3 1 23 22
3 0 2070 2071
3 1 24 23
3 0 2071 2072
3 1 25 24
3 0 2072 2073
3 1 26 25
3 0 2073 2074
3 1 27 26
3 0 2074 2075
3 1 28 27
3 0 2075 2076
3 1 29 28
3 0 2076 2077
3 1 30 29
3 0 2077 2078
3 1 31 30
3 0 2078 2079
3 1 32 31
3 0 2079 2080
3 1 33 32
3 0 2080 2081
3 1 34 33
3 0 2081 2082
3 1 35 34
3 0 2082 2083
3 1 36 35
3 0 2083 2084
3 1 37 36
3 0 2084 2085
3 1 38 37
3 0 2085 2086
3 1 39 38
3 0 2086 2087
3 1 40 39
3 0 2087 2088
3 1 41 40
3 0 2088 2089
3 1 42 41
3 0 2089 2090
3 1 43 42
3 0 2090 2091
3 1 44 43
3 0 2091 2092
3 1 45 44
3 0 2092 2093
3 1 46 45
3 0 2093 2094
3 1 47 46
3 0 2094 2095
3 1 48 47
3 0 2095 2096
3 1 49 48
3 0 2096 2097
3 1 50 49
3 0 2097 2098
3 1 51 50
3 0 2098 2099
3 1 52 51
3 0 2099 2100
3 1 53 52
3 0 2100 2101
3 1 54 53
3 0 2101 2102
3 1 55 54
3 0 2102 2103
3 1 56 55
3 0 2103 2104
3 1 57 56
3 0 2104 2105
3 1 58 57
3 0 2105 2106
3 1 59 58
3 0 2106 2107
3 1 60 59
3 0 2107 2108
3 1 61 60
3 0 2108 2109
3 1 62 61
3 0 2109 2110
3 1 63 62
3 0 2110 2111
3 1 64 63
3 0 2111 2112
3 1 65 64
3 0 2112 2113
3 1 2 65
3 0 2113 2050
3 2 3 66
3 3 67 66
3 3 4 67
3 4 68 67
3 4 5 68
3 5 69 68
3 5 6 69
3 6 70 69
3 6 7 70
3 7 71 70
3 7 8 71
3 8 72 71
3 8 9 72
3 9 73 72
3 9 10 73
3 10 74 73
3 10 11 74
3 11 75 74
3 11 12 75
3 12 76 75
3 12 13 76
3 13 77 76
3 13 14 77
3 14 78 77
3 14 15 78
3 15 79 78
3 15 16 79
3 16 80 79
3 16 17 80
3 17 81 80
3 17 18 81
3 18 82 81
3 18 19 82
3 19 83 82
3 19 20 83
3 20 84 83
3 20 21 84
3 21 85 84
3 21 22 85
3 22 86 85
3 22 23 86
3 23 87 86
3 23 24 87
3 24 88 87
3 24 25 88
3 25 89 88
3 25 26 89
3 26 90 89
3 26 27 90
3 27 91 90
3 27 28 91
3 28 92 91
3 28 29 92
3 29 93 92
3 29 30 93
3 30 94 93
3 30 31 94
3 31 95 94
3 31 32 95
3 32 96 95
3 32 33 96
3 33 97 96
3 33 34 97
3 34 98 97
3 34 35 98
3 35 99 98
3 35 36 99
3 36 100 99
3 36 37 100
3 37 101 100
3 37 38 101
3 38 102 101
3 38 39 102
3 39 103 102
3 39 40 103
3 40 104 103
3 40 41 104
3 41 105 104
3 41 42 105
3 42 106 105
3 42 43 106
3 43 107 106
3 43 44 107
3 44 108 107
3 44 45 108
3 45 109 108
3 45 46 109
3 46 110 109
3 46 47 110
3 47 111 110
3 47 48 111
3 48 112 111
3 48 49 112
3 49 113 112
3 49 50 113
3 50 114 113
3 50 51 114
3 51 115 114
3 51 52 115
3 52 116 115
3 52 53 116
3 53 117 116
3 53 54 117
3 54 118 117
3 54 55 118
3 55 119 118
3 55 56 119
3 56 120 119
3 56 57 120
3 57 121 120
3 57 58 121
3 58 122 121
3 58 59 122
3 59 123 122
3 59 60 123
3 60 124 123
3 60 61 124
3 61 125 124
3 61 62 125
3 62 126 125
3 62 63 126
3 63 127 126
3 63 64 127
3 64 128 127
3 64 65 128
3 65 129 128
3 65 2 129
3 2 66 129
3 66 67 130
3 67 131 130
3 67 68 131
3 68 132 131
3 68 69 132
3 69 133 132
3 69 70 133
3 70 134 133
3 70 71 134
3 71 135 134
3 71 72 135
3 72 136 135
3 72 73 136
3 73 137 136
3 73 74 137
3 74 138 137
3 74 75 138
3 75 139 138
3 75 76 139
3 76 140 139
3 76 77 140
3 77 141 140
3 77 78 141
3 78 142 141
3 78 79 142
3 79 143 142
3 79 80 143
3 80 144 143
3 80 81 144
3 81 145 144
3 81 82 145
3 82 146 145
3 82 83 146
3 83 147 146
3 83 84 147
3 84 148 147
3 84 85 148
3 85 149 148
3 85 86 149
3 86 150 149
3 86 87 150
3 87 151 150
3 87 88 151
3 88 152 151
3 88 89 152
3 89 153 152
3 89 90 153
3 90 154 153
3 90 91 154
3 91 155 154
3 91 92 155
3 92 156 155
3 92 93 156
3 93 157 156
3 93 94 157
3 94 158 157
3 94 95 158
3 95 159 158
3 95 96 159
3 96 160 159
3 96 97 160
3 97 161 160
3 97 98 161
3 98 162 161
3 98 99 162
3 99 163 162
3 99 100 163
3 100 164 163
3 100 101 164
3 101 165 164
3 101 102 165
3 102 166 165
3 102 103 166
3 103 167 166
3 103 104 167
3 104 168 167
3 104 105 168
3 105 169 168
3 105 106 169
3 106 170 169
3 106 107 170
3 107 171 170
3 107 108 171
3 108 172 171
3 108 109 172
3 109 173 172
3 109 110 173
3 110 174 173
3 110 111 174
3 111 175 174
3 111 112 175
3 112 176 175
3 112 113 176
3 113 177 176
3 113 114 177
3 114 178 177
3 114 115 178
3 115 179 178
3 115 116 179
3 116 180 179
3 116 117 180
3 117 181 180
3 117 118 181
3 118 182 181
3 118 119 182
3 119 183 182
3 119 120 183
3 120 184 183
3 120 121 184
3 121 185 184
3 121 122 185
3 122 186 185
3 122 123 186
3 123 187 186
3 123 124 187
3 124 188 187
3 124 125 188
3 125 189 188
3 125 126 189
3 126 190 189
3 126 127 190
3 127 191 190
3 127 128 191
3 128 192 191
3 128 129 192
3 129 193 192
3 129 66 193
3 66 130 193
3 130 131 194
3 131 195 194
3 131 132 195
3 132 196 195
3 132 133 196
3 133 197 196
3 133 134 197
3 134 198 197
3 134 135 198
3 135 199 198
3 135 136 199
3 136 200 199
3 136 137 200
3 137 201 200
3 137 138 201
3 138 202 201
3 138 139 202
3 139 203 202
3 139 140 203
3 140 204 203
3 140 141 204
3 141 205 204
3 141 142 205
3 142 206 205
3 142 143 206
3 143 207 206
3 143 144 207
3 144 208 207
3 144 145 208
3 145 209 208
3 145 146 209
3 146 210 209
3 146 147 210
3 147 211 210
3 147 148 211
3 148 212 211
3 148 149 212
3 149 213 212
3 149 150 213
3 150 214 213
3 150 151 214
3 151 215 214
3 151 152 215
3 152 216 215
3 152 153 216
3 153 217 216
3 153 154 217
3 154 218 217
3 154 155 218
3 155 219 218
3 155 156 219
3 156 220 219
3 156 157 220
3 157 221 220
3 157 158 221
3 158 222 221
3 158 159 222
3 159 223 222
3 159 160 223
3 160 224 223
3 160 161 224
3 161 225 224
3 161 162 225
3 162 226 225
3 162 163 226
3 163 227 226
3 163 164 227
3 164 228 227
3 164 165 228
3 165 229 228
3 165 166 229
3 166 230 229
3 166 167 230
3 167 231 230
3 167 168 231
3 168 232 231
3 168 169 232
3 169 233 232
3 169 170 233
3 170 234 233
3 170 171 234
3 171 235 234
3 171 172 235
3 172 236 235
3 172 173 236
3 173 237 236
3 173 174 237
3 174 238 237
3 174 175 238
3 175 239 238
3 175 176 239
3 176 240 239
3 176 177 240
3 177 241 240
3 177 178 241
3 178 242 241
3 178 179 242
3 179 243 242
3 179 180 243
3 180 244 243
3 180 181 244
3 181 245 244
3 181 182 245
3 182 246 245
3 182 183 246
3 183 247 246
3 183 184 247
3 184 248 247
3 184 185 248
3 185 249 248
3 185 186 249
3 186 250 249
3 186 187 250
3 187 251 250
3 187 188 251
3 188 252 251
3 188 189 252
3 189 253 252
3 189 190 253
3 190 254 253
3 190 191 254
3 191 255 254
3 191 192 255
3 192 256 255
3 192 193 256
3 193 257 256
3 193 130 257
3 130 194 257
3 194 195 258
3 195 259 258
3 195 196 259
3 196 260 259
3 196 197 260
3 197 261 260
3 197 198 261
3 198 262 261
3 198 199 262
3 199 263 262
3 199 200 263
3 200 264 263
3 200 201 264
3 201 265 264
3 201 202 265
3 202 266 265
3 202 203 266
3 203 267 266
3 203 204 267
3 204 268 267
3 204 205 268
3 205 269 268
3 205 206 269
3 206 270 269
3 206 207 270
3 207 271 270
3 207 208 271
3 208 272 271
3 208 209 272
3 209 273 272
3 209 210 273
3 210 274 273
3 210 211 274
3 211 275 274
3 211 212 275
3 212 276 275
3 212 213 276
3 213 277 276
3 213 214 277
3 214 278 277
3 214 215 278
3 215 279 278
3 215 216 279
3 216 280 279
3 216 217 280
3 217 281 280
3 217 218 281
3 218 282 281
3 218 219 282
3 219 283 282
3 219 220 283
3 220 284 283
3 220 221 284
3 221 285 284
3 221 222 285
3 222 286 285
3 222 223 286
3 223 287 286
3 223 224 287
3 224 288 287
3 224 225 288
3 225 289 288
3 225 226 289
3 226 290 289
3 226 227 290
3 227 291 290
3 227 228 291
3 228 292 291
3 228 229 292
3 229 293 292
3 229 230 293
3 230 294 293
3 230 231 294
3 231 295 294
3 231 232 295
3 232 296 295
3 232 233 296
3 233 297 296
3 233 234 297
3 234 298 297
3 234 235 298
3 235 299 298
3 235 236 299
3 236 300 299
3 236 237 300
3 237 301 300
3 237 238 301
3 238 302 301
3 238 239 302
3 239 303 302
3 239 240 303
3 240 304 303
3 240 241 304
3 241 305 304
3 241 242 305
3 242 306 305
3 242 243 306
3 243 307 306
3 243 244 307
3 244 308 307
3 244 245 308
3 245 309 308
3 245 246 309
3 246 310 309
3 246 247 310
3 247 311 310
3 247 248 311
3 248 312 311
3 248 249 312
3 249 313 312
3 249 250 313
3 250 314 313
3 250 251 314
3 251 315 314
3 251 252 315
3 252 316 315
3 252 253 316
3 253 317 316
3 253 254 317
3 254 318 317
3 254 255 318
3 255 319 318
3 255 256 319
3 256 320 319
3 256 257 320
3 257 321 320
3 257 194 321
3 194 258 321
3 258 259 322
3 259 323 322
3 259 260 323
3 260 324 323
3 260 261 324
3 261 325 324
3 261 262 325
3 262 326 325
3 262 263 326
3 263 327 326
3 263 264 327
3 264 328 327
3 264 265 328
3 265 329 328
3 265 266 329
3 266 330 329
3 266 267 330
3 267 331 330
3 267 268 331
3 268 332 331
3 268 269 332
3 269 333 332
3 269 270 333
3 270 334 333
3 270 271 334
3 271 335 334
3 271 272 335
3 272 336 335
3 272 273 336
3 273 337 336
3 273 274 337
3 274 338 337
3 274 275 338
3 275 339 338
3 275 276 339
3 276 340 339
3 276 277 340
3 277 341 340
3 277 278 341
3 278 342 341
3 278 279 342
3 279 343 342
3 279 280 343
3 280 344 343
3 280 281 344
3 281 345 344
3 281 282 345
3 282 346 345
3 282 283 346
3 283 347 346
3 283 284 347
3 284 348 347
3 284 285 348
3 285 349 348
3 285 286 349
3 286 350 349
3 286 287 350
3 287 351 350
3 287 288 351
3 288 352 351
3 288 289 352
3 289 353 352
3 289 290 353
3 290 354 353
3 290 291 354
3 291 355 354
3 291 292 355
3 292 356 355
3 292 293 356
3 293 357 356
3 293 294 357
3 294 358 357
3 294 295 358
3 295 359 358
3 295 296 359
3 296 360 359
3 296 297 360
3 297 361 360
3 297 298 361
3 298 362 361
3 298 299 362
3 299 363 362
3 299 300 363
3 300 364 363
3 300 301 364
3 301 365 364
3 301 302 365
3 302 366 365
3 302 303 366
3 303 367 366
3 303 304 367
3 304 368 367
3 304 305 368
3 305 369 368
3 305 306 369
3 306 370 369
3 306 307 370
3 307 371 370
3 307 308 371
3 308 372 371
3 308 309 372
3 309 373 372
3 309 310 373
3 310 374 373
3 310 311 374
3 311 375 374
3 311 312 375
3 312 376 375
3 312 313 376
3 313 377 376
3 313 314 377
3 314 378 377
3 314 315 378
3 315 379 378
3 315 316 379
3 316 380 379
3 316 317 380
3 317 381 380
3 317 318 381
3 318 382 381
3 318 319 382
3 319 383 382
3 319 320 383
3 320 384 383
3 320 321 384
3 321 385 384
3 321 258 385
3 258 322 385
3 322 323 386
3 323 387 386
3 323 324 387
3 324 388 387
3 324 325 388
3 325 389 388
3 325 326 389
3 326 390 389
3 326 327 390
3 327 391 390
3 327 328 391
3 328 392 391
3 328 329 392
3 329 393 392
3 329 330 393
3 330 394 393
3 330 331 394
3 331 395 394
3 331 332 395
3 332 396 395
3 332 333 396
3 333 397 396
3 333 334 397
3 334 398 397
3 334 335 398
3 335 399 398
3 335 336 399
3 336 400 399
3 336 337 400
3 337 401 400
3 337 338 401
3 338 402 401
3 338 339 402
3 339 403 402
3 339 340 403
3 340 404 403
3 340 341 404
3 341 405 404
3 341 342 405
3 342 406 405
3 342 343 406
3 343 407 406
3 343 344 407
3 344 408 407
3 344 345 408
3 345 409 408
3 345 346 409
3 346 410 409
3 346 347 410
3 347 411 410
3 347 348 411
3 348 412 411
3 348 349 412
3 349 413 412
3 349 350 413
3 350 414 413
3 350 351 414
3 351 415 414
3 351 352 415
3 352 416 415
3 352 353 416
3 353 417 416
3 353 354 417
3 354 418 417
3 354 355 418
3 355 419 418
3 355 356 419
3 356 420 419
3 356 357 420
3 357 421 420
3 357 358 421
3 358 422 421
3 358 359 422
3 359 423 422
3 359 360 423
3 360 424 423
3 360 361 424
3 361 425 424
3 361 362 425
3 362 426 425
3 362 363 426
3 363 427 426
3 363 364 427
3 364 428 427
3 364 365 428
3 365 429 428
3 365 366 429
3 366 430 429
3 366 367 430
3 367 431 430
3 367 368 431
3 368 432 431
3 368 369 432
3 369 433 432
3 369 370 433
3 370 434 433
3 370 371 434
3 371 435 434
3 371 372 435
3 372 436 435
3 372 373 436
3 373 437 436
3 373 374 437
3 374 438 437
3 374 375 438
3 375 439 438
3 375 376 439
3 376 440 439
3 376 377 440
3 377 441 440
3 377 378 441
3 378 442 441
3 378 379 442
3 379 443 442
3 379 380 443
3 380 444 443
3 380 381 444
3 381 445 444
3 381 382 445
3 382 446 445
3 382 383 446
3 383 447 446
3 383 384 447
3 384 448 447
3 384 385 448
3 385 449 448
3 385 322 449
3 322 386 449
3 386 387 450
3 387 451 450
3 387 388 451
3 388 452 451
3 388 389 452
3 389 453 452
3 389 390 453
3 390 454 453
3 390 391 454
3 391 455 454
3 391 392 455
3 392 456 455
3 392 393 456
3 393 457 456
3 393 394 457
3 394 458 457
3 394 395 458
3 395 459 458
3 395 396 459
3 396 460 459
3 396 397 460
3 397 461 460
3 397 398 461
3 398 462 461
3 398 399 462
3 399 463 462
3 399 400 463
3 400 464 463
3 400 401 464
3 401 465 464
3 401 402 465
3 402 466 465
3 402 403 466
3 403 467 466
3 403 404 467
3 404 468 467
3 404 405 468
3 405 469 468
3 405 406 469
3 406 470 469
3 406 407 470
3 407 471 470
3 407 408 471
3 408 472 471
3 408 409 472
3 409 473 472
3 409 410 473
3 410 474 473
3 410 411 474
3 411 475 474
3 411 412 475
3 412 476 475
3 412 413 476
3 413 477 476
3 413 414 477
3 414 478 477
3 414 415 478
3 415 479 478
3 415 416 479
3 416 480 479
3 416 417 480
3 417 481 480
3 417 418 481
3 418 482 481
3 418 419 482
3 419 483 482
3 419 420 483
3 420 484 483
3 420 421 484
3 421 485 484
3 421 422 485
3 422 486 485
3 422 423 486
3 423 487 486
3 423 424 487
3 424 488 487
3 424 425 488
3 425 489 488
3 425 426 489
3 426 490 489
3 426 427 490
3 427 491 490
3 427 428 491
3 428 492 491
3 428 429 492
3 429 493 492
3 429 430 493
3 430 494 493
3 430 431 494
3 431 495 494
3 431 432 495
3 432 496 495
3 432 433 496
3 433 497 496
3 433 434 497
3 434 498 497
3 434 435 498
3 435 499 498
3 435 436 499
3 436 500 499
3 436 437 500
3 437 501 500
3 437 438 501
3 438 502 501
3 438 439 502
3 439 503 502
3 439 440 503
3 440 504 503
3 440 441 504
3 441 505 504
3 441 442 505
3 442 506 505
3 442 443 506
3 443 507 506
3 443 444 507
3 444 508 507
3 444 445 508
3 445 509 508
3 445 446 509
3 446 510 509
3 446 447 510
3 447 511 510
3 447 448 511
3 448 512 511
3 448 449 512
3 449 513 512
3 449 386 513
3 386 450 513
3 450 451 514
3 451 515 514
3 451 452 515
3 452 516 515
3 452 453 516
3 453 517 516
3 453 454 517
3 454 518 517
3 454 455 518
3 455 519 518
3 455 456 519
3 456 520 519
3 456 457 520
3 457 521 520
3 457 458 521
3 458 522 521
3 458 459 522
3 459 523 522
3 459 460 523
3 460 524 523
3 460 461 524
3 461 525 524
3 461 462 525
3 462 526 525
3 462 463 526
3 463 527 526
3 463 464 527
3 464 528 527
3 464 465 528
3 465 529 528
3 465 466 529
3 466 530 529
3 466 467 530
3 467 531 530
3 467 468 531
3 468 532 531
3 468 469 532
3 469 533 532
3 469 470 533
3 470 534 533
3 470 471 534
3 471 535 534
3 471 472 535
3 472 536 535
3 472 473 536
3 473 537 536
3 473 474 537
3 474 538 537
3 474 475 538
3 475 539 538
3 475 476 539
3 476 540 539
3 476 477 540
3 477 541 540
3 477 478 541
3 478 542 541
3 478 479 542
3 479 543 542
3 479 480 543
3 480 544 543
3 480 481 544
3 481 545 544
3 481 482 545
3 482 546 545
3 482 483 546
3 483 547 546
3 483 484 547
3 484 548 547
3 484 485 548
3 485 549 548
3 485 486 549
3 486 550 549
3 486 487 550
3 487 551 550
3 487 488 551
3 488 552 551
3 488 489 552
3 489 553 552
3 489 490 553
3 490 554 553
3 490 491 554
3 491 555 554
3 491 492 555
3 492 556 555
3 492 493 556
3 493 557 556
3 493 494 557
3 494 558 557
3 494 495 558
3 495 559 558
3 495 496 559
3 496 560 559
3 496 497 560
3 497 561 560
3 497 498 561
3 498 562 561
3 498 499 562
3 499 563 562
3 499 500 563
3 500 564 563
3 500 501 564
3 501 565 564
3 501 502 565
3 502 566 565
3 502 503 566
3 503 567 566
3 503 504 567
3 504 568 567
3 504 505 568
3 505 569 568
3 505 506 569
3 506 570 569
3 506 507 570
3 507 571 570
3 507 508 571
3 508 572 571
3 508 509 572
3 509 573 572
3 509 510 573
3 510 574 573
3 510 511 574
3 511 575 574
3 511 512 575
3 512 576 575
3 512 513 576
3 513 577 576
3 513 450 577
3 450 514 577
3 514 515 578
3 515 579 578
3 515 516 579
3 516 580 579
3 516 517 580
3 517 581 580
3 517 518 581
3 518 582 581
3 518 519 582
3 519 583 582
3 519 520 583
3 520 584 583
3 520 521 584
3 521 585 584
3 521 522 585
3 522 586 585
3 522 523 586
3 523 587 586
3 523 524 587
3 524 588 587
3 524 525 588
3 525 589 588
3 525 526 589
3 526 590 589
3 526 527 590
3 527 591 590
3 527 528 591
3 528 592 591
3 528 529 592
3 529 593 592
3 529 530 593
3 530 594 593
3 530 531 594
3 531 595 594
3 531 532 595
3 532 596 595
3 532 533 596
3 533 597 596
3 533 534 597
3 534 598 597
3 534 535 598
3 535 599 598
3 535 536 599
3 536 600 599
3 536 537 600
3 537 601 600
3 537 538 601
3 538 602 601
3 538 539 602
3 539 603 602
3 539 540 603
3 540 604 603
3 540 541 604
3 541 605 604
3 541 542 605
3 542 606 605
3 542 543 606
3 543 607 606
3 543 544 607
3 544 608 607
3 544 545 608
3 545 609 608
3 545 546 609
3 546 610 609
3 546 547 610
3 547 611 610
3 547 548 611
3 548 612 611
3 548 549 612
3 549 613 612
3 549 550 613
3 550 614 613
3 550 551 614
3 551 615 614
3 551 552 615
3 552 616 615
3 552 553 616
3 553 617 616
3 553 554 617
3 554 618 617
3 554 555 618
3 555 619 618
3 555 556 619
3 556 620 619
3 556 557 620
3 557 621 620
3 557 558 621
3 558 622 621
3 558 559 622
3 559 623 622
3 559 560 623
3 560 624 623
3 560 561 624
3 561 625 624
3 561 562 625
3 562 626 625
3 562 563 626
3 563 627 626
3 563 564 627
3 564 628 627
3 564 565 628
3 565 629 628
3 565 566 629
3 566 630 629
3 566 567 630
3 567 631 630
3 567 568 631
3 568 632 631
3 568 569 632
3 569 633 632
3 569 570 633
3 570 634 633
3 570 571 634
3 571 635 634
3 571 572 635
3 572 636 635
3 572 573 636
3 573 637 636
3 573 574 637
3 574 638 637
3 574 575 638
3 575 639 638
3 575 576 639
3 576 640 639
3 576 577 640
3 577 641 640
3 577 514 641
3 514 578 641
3 578 579 642
3 579 643 642
3 579 580 643
3 580 644 643
3 580 581 644
3 581 645 644
3 581 582 645
3 582 646 645
3 582 583 646
3 583 647 646
3 583 584 647
3 584 648 647
3 584 585 648
3 585 649 648
3 585 586 649
3 586 650 649
3 586 587 650
3 587 651 650
3 587 588 651
3 588 652 651
3 588 589 652
3 589 653 652
3 589 590 653
3 590 654 653
3 590 591 654
3 591 655 654
3 591 592 655
3 592 656 655
3 592 593 656
3 593 657 656
3 593 594 657
3 594 658 657
3 594 595 658
3 595 659 658
3 595 596 659
3 596 660 659
3 596 597 660
3 597 661 660
3 597 598 661
3 598 662 661
3 598 599 662
3 599 663 662
3 599 600 663
3 600 664 663
3 600 601 664
3 601 665 664
3 601 602 665
3 602 666 665
3 602 603 666
3 603 667 666
3 603 604 667
3 604 668 667
3 604 605 668
3 605 669 668
3 605 606 669
3 606 670 669
3 606 607 670
3 607 671 670
3 607 608 671
3 608 672 671
3 608 609 672
3 609 673 672
3 609 610 673
3 610 674 673
3 610 611 674
3 611 675 674
3 611 612 675
3 612 676 675
3 612 613 676
3 613 677 676
3 613 614 677
3 614 678 677
3 614 615 678
3 615 679 678
3 615 616 679
3 616 680 679
3 616 617 680
3 617 681 680
3 617 618 681
3 618 682 681
3 618 619 682
3 619 683 682
3 619 620 683
3 620 684 683
3 620 621 684
3 621 685 684
3 621 622 685
3 622 686 685
3 622 623 686
3 623 687 686
3 623 624 687
3 624 688 687
3 624 625 688
3 625 689 688
3 625 626 689
3 626 690 689
3 626 627 690
3 627 691 690
3 627 628 691
3 628 692 691
3 628 629 692
3 629 693 692
3 629 630 693
3 630 694 693
3 630 631 694
3 631 695 694
3 631 632 695
3 632 696 695
3 632 633 696
3 633 697 696
3 633 634 697
3 634 698 697
3 634 635 698
3 635 699 698
3 635 636 699
3 636 700 699
3 636 637 700
3 637 701 700
3 637 638 701
3 638 702 701
3 638 639 702
3 639 703 702
3 639 640 703
3 640 704 703
3 640 641 704
3 641 705 704
3 641 578 705
3 578 642 705
3 642 643 706
3 643 707 706
3 643 644 707
3 644 708 707
3 644 645 708
3 645 709 708
3 645 646 709
3 646 710 709
3 646 647 710
3 647 711 710
3 647 648 711
3 648 712 711
3 648 649 712
3 649 713 712
3 649 650 713
3 650 714 713
3 650 651 714
3 651 715 714
3 651 652 715
3 652 716 715
3 652 653 716
3 653 717 716
3 653 654 717
3 654 718 717
3 654 655 718
3 655 719 718
3 655 656 719
3 656 720 719
3 656 657 720
3 657 721 720
3 657 658 721
3 658 722 721
3 658 659 722
3 659 723 722
3 659 660 723
3 660 724 723
3 660 661 724
3 661 725 724
3 661 662 725
3 662 726 725
3 662 663 726
3 663 727 726
3 663 664 727
3 664 728 727
3 664 665 728
3 665 729 728
3 665 666 729
3 666 730 729
3 666 667 730
3 667 731 730
3 667 668 731
3 668 732 731
3 668 669 732
3 669 733 732
3 669 670 733
3 670 734 733
3 670 671 734
3 671 735 734
3 671 672 735
3 672 736 735
3 672 673 736
3 673 737 736
3 673 674 737
3 674 738 737
3 674 675 738
3 675 739 738
3 675 676 739
3 676 740 739
3 676 677 740
3 677 741 740
3 677 678 741
3 678 742 741
3 678 679 742
3 679 743 742
3 679 680 743
3 680 744 743
3 680 681 744
3 681 745 744
3 681 682 745
3 682 746 745
3 682 683 746
3 683 747 746
3 683 684 747
3 684 748 747
3 684 685 748
3 685 749 748
3 685 686 749
3 686 750 749
3 686 687 750
3 687 751 750
3 687 688 751
3 688 752 751
3 688 689 752
3 689 753 752
3 689 690 753
3 690 754 753
3 690 691 754
3 691 755 754
3 691 692 755
3 692 756 755
3 692 693 756
3 693 757 756
3 693 694 757
3 694 758 757
3 694 695 758
3 695 759 758
3 695 696 759
3 696 760 759
3 696 697 760
3 697 761 760
3 697 698 761
3 698 762 761
3 698 699 762
3 699 763 762
3 699 700 763
3 700 764 763
3 700 701 764
3 701 765 764
3 701 702 765
3 702 766 765
3 702 703 766
3 703 767 766
3 703 704 767
3 704 768 767
3 704 705 768
3 705 769 768
3 705 642 769
3 642 706 769
3 706 707 770
3 707 771 770
3 707 708 771
3 708 772 771
3 708 709 772
3 709 773 772
3 709 710 773
3 710 774 773
3 710 711 774
3 711 775 774
3 711 712 775
3 712 776 775
3 712 713 776
3 713 777 776
3 713 714 777
3 714 778 777
3 714 715 778
3 715 779 778
3 715 716 779
3 716 780 779
3 716 717 780
3 717 781 780
3 717 718 781
3 718 782 781
3 718 719 782
3 719 783 782
3 719 720 783
3 720 784 783
3 720 721 784
3 721 785 784
3 721 722 785
3 722 786 785
3 722 723 786
3 723 787 786
3 723 724 787
3 724 788 787
3 724 725 788
3 725 789 788
3 725 726 789
3 726 790 789
3 726 727 790
3 727 791 790
3 727 728 791
3 728 792 791
3 728 729 792
3 729 793 792
3 729 730 793
3 730 794 793
3 730 731 794
3 731 795 794
3 731 732 795
3 732 796 795
3 732 733 796
3 733 797 796
3 733 734 797
3 734 798 797
3 734 735 798
3 735 799 798
3 735 736 799
3 736 800 799
3 736 737 800
3 737 801 800
3 737 738 801
3 738 802 801
3 738 739 802
3 739 803 802
3 739 740 803
3 740 804 803
3 740 741 804
3 741 805 804
3 741 742 805
3 742 806 805
3 742 743 806
3 743 807 806
3 743 744 807
3 744 808 807
3 744 745 808
3 745 809 808
3 745 746 809
3 746 810 809
3 746 747 810
3 747 811 810
3 747 748 811
3 748 812 811
3 748 749 812
3 749 813 812
3 749 750 813
3 750 814 813
3 750 751 814
3 751 815 814
3 751 752 815
3 752 816 815
3 752 753 816
3 753 817 816
3 753 754 817
3 754 818 817
3 754 755 818
3 755 819 818
3 755 756 819
3 756 820 819
3 756 757 820
3 757 821 820
3 757 758 821
3 758 822 821
3 758 759 822
3 759 823 822
3 759 760 823
3 760 824 823
3 760 761 824
3 761 825 824
3 761 762 825
3 762 826 825
3 762 763 826
3 763 827 826
3 763 764 827
3 764 828 827
3 764 765 828
3 765 829 828
3 765 766 829
3 766 830 829
3 766 767 830
3 767 831 830
3 767 768 831
3 768 832 831
3 768 769 832
3 769 833 832
3 769 706 833
3 706 770 833
3 770 771 834
3 771 835 834
3 771 772 835
3 772 836 835
3 772 773 836
3 773 837 836
3 773 774 837
3 774 838 837
3 774 775 838
3 775 839 838
3 775 776 839
3 776 840 839
3 776 777 840
3 777 841 840
3 777 778 841
3 778 842 841
3 778 779 842
3 779 843 842
3 779 780 843
3 780 844 843
3 780 781 844
3 781 845 844
3 781 782 845
3 782 846 845
3 782 783 846
3 783 847 846
3 783 784 847
3 784 848 847
3 784 785 848
3 785 849 848
3 785 786 849
3 786 850 849
3 786 787 850
3 787 851 850
3 787 788 851
3 788 852 851
3 788 789 852
3 789 853 852
3 789 790 853
3 790 854 853
3 790 791 854
3 791 855 854
3 791 792 855
3 792 856 855
3 792 793 856
3 793 857 856
3 793 794 857
3 794 858 857
3 794 795 858
3 795 859 858
3 795 796 859
3 796 860 859
3 796 797 860
3 797 861 860
3 797 798 861
3 798 862 861
3 798 799 862
3 799 863 862
3 799 800 863
3 800 864 863
3 800 801 864
3 801 865 864
3 801 802 865
3 802 866 865
3 802 803 866
3 803 867 866
3 803 804 867
3 804 868 867
3 804 805 868
3 805 869 868
3 805 806 869
3 806 870 869
3 806 807 870
3 807 871 870
3 807 808 871
3 808 872 871
3 808 809 872
3 809 873 872
3 809 810 873
3 810 874 873
3 810 811 874
3 811 875 874
3 811 812 875
3 812 876 875
3 812 813 876
3 813 877 876
3 813 814 877
3 814 878 877
3 814 815 878
3 815 879 878
3 815 816 879
3 816 880 879
3 816 817 880
3 817 881 880
3 817 818 881
3 818 882 881
3 818 819 882
3 819 883 882
3 819 820 883
3 820 884 883
3 820 821 884
3 821 885 884
3 821 822 885
3 822 886 885
3 822 823 886
3 823 887 886
3 823 824 887
3 824 888 887
3 824 825 888
3 825 889 888
3 825 826 889
3 826 890 889
3 826 827 890
3 827 891 890
3 827 828 891
3 828 892 891
3 828 829 892
3 829 893 892
3 829 830 893
3 830 894 893
3 830 831 894
3 831 895 894
3 831 832 895
3 832 896 895
3 832 833 896
3 833 897 896
3 833 770 897
3 770 834 897
3 834 835 898
3 835 899 898
3 835 836 899
3 836 900 899
3 836 837 900
3 837 901 900
3 837 838 901
3 838 902 901
3 838 839 902
3 839 903 902
3 839 840 903
3 840 904 903
3 840 841 904
3 841 905 904
3 841 842 905
3 842 906 905
3 842 843 906
3 843 907 906
3 843 844 907
3 844 908 907
3 844 845 908
3 845 909 908
3 845 846 909
3 846 910 909
3 846 847 910
3 847 911 910
3 847 848 911
3 848 912 911
3 848 849 912
3 849 913 912
3 849 850 913
3 850 914 913
3 850 851 914
3 851 915 914
3 851 852 915
3 852 916 915
3 852 853 916
3 853 917 916
3 853 854 917
3 854 918 917
3 854 855 918
3 855 919 918
3 855 856 919
3 856 920 919
3 856 857 920
3 857 921 920
3 857 858 921
3 858 922 921
3 858 859 922
3 859 923 922
3 859 860 923
3 860 924 923
3 860 861 924
3 861 925 924
3 861 862 925
3 862 926 925
3 862 863 926
3 863 927 926
3 863 864 927
3 864 928 927
3 864 865 928
3 865 929 928
3 865 866 929
3 866 930 929
3 866 867 930
3 867 931 930
3 867 868 931
3 868 932 931
3 868 869 932
3 869 933 932
3 869 870 933
3 870 934 933
3 870 871 934
3 871 935 934
3 871 872 935
3 872 936 935
3 872 873 936
3 873 937 936
3 873 874 937
3 874 938 937
3 874 875 938
3 875 939 938
3 875 876 939
3 876 940 939
3 876 877 940
3 877 941 940
3 877 878 941
3 878 942 941
3 878 879 942
3 879 943 942
3 879 880 943
3 880 944 943
3 880 881 944
3 881 945 944
3 881 882 945
3 882 946 945
3 882 883 946
3 883 947 946
3 883 884 947
3 884 948 947
3 884 885 948
3 885 949 948
3 885 886 949
3 886 950 949
3 886 887 950
3 887 951 950
3 887 888 951
3 888 952 951
3 888 889 952
3 889 953 952
3 889 890 953
3 890 954 953
3 890 891 954
3 891 955 954
3 891 892 955
3 892 956 955
3 892 893 956
3 893 957 956
3 893 894 957
3 894 958 957
3 894 895 958
3 895 959 958
3 895 896 959
3 896 960 959
3 896 897 960
3 897 961 960
3 897 834 961
3 834 898 961
3 898 899 962
3 899 963 962
3 899 900 963
3 900 964 963
3 900 901 964
3 901 965 964
3 901 902 965
3 902 966 965
3 902 903 966
3 903 967 966
3 903 904 967
3 904 968 967
3 904 905 968
3 905 969 968
3 905 906 969
3 906 970 969
3 906 907 970
3 907 971 970
3 907 908 971
3 908 972 971
3 908 909 972
3 909 973 972
3 909 910 973
3 910 974 973
3 910 911 974
3 911 975 974
3 911 912 975
3 912 976 975
3 912 913 976
3 913 977 976
3 913 914 977
3 914 978 977
3 914 915 978
3 915 979 978
3 915 916 979
3 916 980 979
3 916 917 980
3 917 981 980
3 917 918 981
3 918 982 981
3 918 919 982
3 919 983 982
3 919 920 983
3 920 984 983
3 920 921 984
3 921 985 984
3 921 922 985
3 922 986 985
3 922 923 986
3 923 987 986
3 923 924 987
3 924 988 987
3 924 925 988
3 925 989 988
3 925 926 989
3 926 990 989
3 926 927 990
3 927 991 990
3 927 928 991
3 928 992 991
3 928 929 992
3 929 993 992
3 929 930 993
3 930 994 993
3 930 931 994
3 931 995 994
3 931 932 995
3 932 996 995
3 932 933 996
3 933 997 996
3 933 934 997
3 934 998 997
3 934 935 998
3 935 999 998
3 935 936 999
3 936 1000 999
3 936 937 1000
3 937 1001 1000
3 937 938 1001
3 938 1002 1001
3 938 939 1002
3 939 1003 1002
3 939 940 1003
3 940 1004 1003
3 940 941 1004
3 941 1005 1004
3 941 942 1005
3 942 1006 1005
3 942 943 1006
3 943 1007 1006
3 943 944 1007
3 944 1008 1007
3 944 945 1008
3 945 1009 1008
3 945 946 1009
3 946 1010 1009
3 946 947 1010
3 947 1011 1010
3 947 948 1011
3 948 1012 1011
3 948 949 1012
3 949 1013 1012
3 949 950 1013
3 950 1014 1013
3 950 951 1014
3 951 1015 1014
3 951 952 1015
3 952 1016 1015
3 952 953 1016
3 953 1017 1016
3 953 954 1017
3 954 1018 1017
3 954 955 1018
3 955 1019 1018
3 955 956 1019
3 956 1020 1019
3 956 957 1020
3 957 1021 1020
3 957 958 1021
3 958 1022 1021
3 958 959 1022
3 959 1023 1022
3 959 960 1023
3 960 1024 1023
3 960 961 1024
3 961 1025 1024
3 961 898 1025
3 898 962 1025
3 962 963 1026
3 963 1027 1026
3 963 964 1027
3 964 1028 1027
3 964 965 1028
3 965 1029 1028
3 965 966 1029
3 966 1030 1029
3 966 967 1030
3 967 1031 1030
3 967 968 1031
3 968 1032 1031
3 968 969 1032
3 969 1033 1032
3 969 970 1033
3 970 1034 1033
3 970 971 1034
3 971 1035 1034
3 971 972 1035
3 972 1036 1035
3 972 973 1036
3 973 1037 1036
3 973 974 1037
3 974 1038 1037
3 974 975 1038
3 975 1039 1038
3 975 976 1039
3 976 1040 1039
3 976 977 1040
3 977 1041 1040
3 977 978 1041
3 978 1042 1041
3 978 979 1042
3 979 1043 1042
3 979 980 1043
3 980 1044 1043
3 980 981 1044
3 981 1045 1044
3 981 982 1045
3 982 1046 1045
3 982 983 1046
3 983 1047 1046
3 983 984 1047
3 984 1048 1047
3 984 985 1048
3 985 1049 1048
3 985 986 1049
3 986 1050 1049
3 986 987 1050
3 987 1051 1050
3 987 988 1051
3 988 1052 1051
3 988 989 1052
3 989 1053 1052
3 989 990 1053
3 990 1054 1053
3 990 991 1054
3 991 1055 1054
3 991 992 1055
3 992 1056 1055
3 992 993 1056
3 993 1057 1056
3 993 994 1057
3 994 1058 1057
3 994 995 1058
3 995 1059 1058
3 995 996 1059
3 996 1060 1059
3 996 997 1060
3 997 1061 1060
3 997 998 1061
3 998 1062 1061
3 998 999 1062
3 999 1063 1062
3 999 1000 1063
3 1000 1064 1063
3 1000 1001 1064
3 1001 1065 1064
3 1001 1002 1065
3 1002 1066 1065
3 1002 1003 1066
3 1003 1067 1066
3 1003 1004 1067
3 1004 1068 1067
3 1004 1005 1068
3 1005 1069 1068
3 1005 1006 1069
3 1006 1070 1069
3 1006 1007 1070
3 1007 1071 1070
3 1007 1008 1071
3 1008 1072 1071
3 1008 1009 1072
3 1009 1073 1072
3 1009 1010 1073
3 1010 1074 1073
3 1010 1011 1074
3 1011 1075 1074
3 1011 1012 1075
3 1012 1076 1075
3 1012 1013 1076
3 1013 1077 1076
3 1013 1014 1077
3 1014 1078 1077
3 1014 1015 1078
3 1015 1079 1078
3 1015 1016 1079
3 1016 1080 1079
3 1016 1017 1080
3 1017 1081 1080
3 1017 1018 1081
3 1018 1082 1081
3 1018 1019 1082
3 1019 1083 1082
3 1019 1020 1083
3 1020 1084 1083
3 1020 1021 1084
3 1021 1085 1084
3 1021 1022 1085
3 1022 1086 1085
3 1022 1023 1086
3 1023 1087 1086
3 1023 1024 1087
3 1024 1088 1087
3 1024 1025 1088
3 1025 1089 1088
3 1025 962 1089
3 962 1026 1089
3 1026 1027 1090
3 1027 1091 1090
3 1027 1028 1091
3 1028 1092 1091
3 1028 1029 1092
3 1029 1093 1092
3 1029 1030 1093
3 1030 1094 1093
3 1030 1031 1094
3 1031 1095 1094
3 1031 1032 1095
3 1032 1096 1095
3 1032 1033 1096
3 1033 1097 1096
3 1033 1034 1097
3 1034 1098 1097
3 1034 1035 1098
3 1035 1099 1098
3 1035 1036 1099
3 1036 1100 1099
3 1036 1037 1100
3 1037 1101 1100
3 1037 1038 1101
3 1038 1102 1101
3 1038 1039 1102
3 1039 1103 1102
3 1039 1040 1103
3 1040 1104 1103
3 1040 1041 1104
3 1041 1105 1104
3 1041 1042 1105
3 1042 1106 1105
3 1042 1043 1106
3 1043 1107 1106
3 1043 1044 1107
3 1044 1108 1107
3 1044 1045 1108
3 1045 1109 1108
3 1045 1046 1109
3 1046 1110 1109
3 1046 1047 1110
3 1047 1111 1110
3 1047 1048 1111
3 1048 1112 1111
3 1048 1049 1112
3 1049 1113 1112
3 1049 1050 1113
3 1050 1114 1113
3 1050 1051 1114
3 1051 1115 1114
3 1051 1052 1115
3 1052 1116 1115
3 1052 1053 1116
3 1053 1117 1116
3 1053 1054 1117
3 1054 1118 1117
3 1054 1055 1118
3 1055 1119 1118
3 1055 1056 1119
3 1056 1120 1119
3 1056 1057 1120
3 1057 1121 1120
3 1057 1058 1121
3 1058 1122 1121
3 1058 1059 1122
3 1059 1123 1122
3 1059 1060 1123
3 1060 1124 1123
3 1060 1061 1124
3 1061 1125 1124
3 1061 1062 1125
3 1062 1126 1125
3 1062 1063 1126
3 1063 1127 1126
3 1063 1064 1127
3 1064 1128 1127
3 1064 1065 1128
3 1065 1129 1128
3 1065 1066 1129
3 1066 1130 1129
3 1066 1067 1130
3 1067 1131 1130
3 1067 1068 1131
3 1068 1132 1131
3 1068 1069 1132
3 1069 1133 1132
3 1069 1070 1133
3 1070 1134 1133
3 1070 1071 1134
3 1071 1135 1134
3 1071 1072 1135
3 1072 1136 1135
3 1072 1073 1136
3 1073 1137 1136
3 1073 1074 1137
3 1074 1138 1137
3 1074 1075 1138
3 1075 1139 1138
3 1075 1076 1139
3 1076 1140 1139
3 1076 1077 1140
3 1077 1141 1140
3 1077 1078 1141
3 1078 1142 1141
3 1078 1079 1142
3 1079 1143 1142
3 1079 1080 1143
3 1080 1144 1143
3 1080 1081 1144
3 1081 1145 1144
3 1081 1082 1145
3 1082 1146 1145
3 1082 1083 1146
3 1083 1147 1146
3 1083 1084 1147
3 1084 1148 1147
3 1084 1085 1148
3 1085 1149 1148
3 1085 1086 1149
3 1086 1150 1149
3 1086 1087 1150
3 1087 1151 1150
3 1087 1088 1151
3 1088 1152 1151
3 1088 1089 1152
3 1089 1153 1152
3 1089 1026 1153
3 1026 1090 1153
3 1090 1091 1154
3 1091 1155 1154
3 1091 1092 1155
3 1092 1156 1155
3 1092 1093 1156
3 1093 1157 1156
3 1093 1094 1157
3 1094 1158 1157
3 1094 1095 1158
3 1095 1159 1158
3 1095 1096 1159
3 1096 1160 1159
3 1096 1097 1160
3 1097 1161 1160
3 1097 1098 1161
3 1098 1162 1161
3 1098 1099 1162
3 1099 1163 1162
3 1099 1100 1163
3 1100 1164 1163
3 1100 1101 1164
3 1101 1165 1164
3 1101 1102 1165
3 1102 1166 1165
3 1102 1103 1166
3 1103 1167 1166
3 1103 1104 1167
3 1104 1168 1167
3 1104 1105 1168
3 1105 1169 1168
3 1105 1106 1169
3 1106 1170 1169
3 1106 1107 1170
3 1107 1171 1170
3 1107 1108 1171
3 1108 1172 1171
3 1108 1109 1172
3 1109 1173 1172
3 1109 1110 1173
3 1110 1174 1173
3 1110 1111 1174
3 1111 1175 1174
3 1111 1112 1175
3 1112 1176 1175
3 1112 1113 1176
3 1113 1177 1176
3 1113 1114 1177
3 1114 1178 1177
3 1114 1115 1178
3 1115 1179 1178
3 1115 1116 1179
3 1116 1180 1179
3 1116 1117 1180
3 1117 1181 1180
3 1117 1118 1181
3 1118 1182 1181
3 1118 1119 1182
3 1119 1183 1182
3 1119 1120 1183
3 1120 1184 1183
3 1120 1121 1184
3 1121 1185 1184
3 1121 1122 1185
3 1122 1186 1185
3 1122 1123 1186
3 1123 1187 1186
3 1123 1124 1187
3 1124 1188 1187
3 1124 1125 1188
3 1125 1189 1188
3 1125 1126 1189
3 1126 1190 1189
3 1126 1127 1190
3 1127 1191 1190
3 1127 1128 1191
3 1128 1192 1191
3 1128 1129 1192
3 1129 1193 1192
3 1129 1130 1193
3 1130 1194 1193
3 1130 1131 1194
3 1131 1195 1194
3 1131 1132 1195
3 1132 1196 1195
3 1132 1133 1196
3 1133 1197 1196
3 1133 1134 1197
3 1134 1198 1197
3 1134 1135 1198
3 1135 1199 1198
3 1135 1136 1199
3 1136 1200 1199
3 1136 1137 1200
3 1137 1201 1200
3 1137 1138 1201
3 1138 1202 1201
3 1138 1139 1202
3 1139 1203 1202
3 1139 1140 1203
3 1140 1204 1203
3 1140 1141 1204
3 1141 1205 1204
3 1141 1142 1205
3 1142 1206 1205
3 1142 1143 1206
3 1143 1207 1206
3 1143 1144 1207
3 1144 1208 1207
3 1144 1145 1208
3 1145 1209 1208
3 1145 1146 1209
3 1146 1210 1209
3 1146 1147 1210
3 1147 1211 1210
3 1147 1148 1211
3 1148 1212 1211
3 1148 1149 1212
3 1149 1213 1212
3 1149 1150 1213
3 1150 1214 1213
3 1150 1151 1214
3 1151 1215 1214
3 1151 1152 1215
3 1152 1216 1215
3 1152 1153 1216
3 1153 1217 1216
3 1153 1090 1217
3 1090 1154 1217
3 1154 1155 1218
3 1155 1219 1218
3 1155 1156 1219
3 1156 1220 1219
3 1156 1157 1220
3 1157 1221 1220
3 1157 1158 1221
3 1158 1222 1221
3 1158 1159 1222
3 1159 1223 1222
3 1159 1160 1223
3 1160 1224 1223
3 1160 1161 1224
3 1161 1225 1224
3 1161 1162 1225
3 1162 1226 1225
3 1162 1163 1226
3 1163 1227 1226
3 1163 1164 1227
3 1164 1228 1227
3 1164 1165 1228
3 1165 1229 1228
3 1165 1166 1229
3 1166 1230 1229
3 1166 1167 1230
3 1167 1231 1230
3 1167 1168 1231
3 1168 1232 1231
3 1168 1169 1232
3 1169 1233 1232
3 1169 1170 1233
3 1170 1234 1233
3 1170 1171 1234
3 1171 1235 1234
3 1171 1172 1235
3 1172 1236 1235
3 1172 1173 1236
3 1173 1237 1236
3 1173 1174 1237
3 1174 1238 1237
3 1174 1175 1238
3 1175 1239 1238
3 1175 1176 1239
3 1176 1240 1239
3 1176 1177 1240
3 1177 1241 1240
3 1177 1178 1241
3 1178 1242 1241
3 1178 1179 1242
3 1179 1243 1242
3 1179 1180 1243
3 1180 1244 1243
3 1180 1181 1244
3 1181 1245 1244
3 1181 1182 1245
3 1182 1246 1245
3 1182 1183 1246
3 1183 1247 1246
3 1183 1184 1247
3 1184 1248 1247
3 1184 1185 1248
3 1185 1249 1248
3 1185 1186 1249
3 1186 1250 1249
3 1186 1187 1250
3 1187 1251 1250
3 1187 1188 1251
3 1188 1252 1251
3 1188 1189 1252
3 1189 1253 1252
3 1189 1190 1253
3 1190 1254 1253
3 1190 1191 1254
3 1191 1255 1254
3 1191 1192 1255
3 1192 1256 1255
3 1192 1193 1256
3 1193 1257 1256
3 1193 1194 1257
3 1194 1258 1257
3 1194 1195 1258
3 1195 1259 1258
3 1195 1196 1259
3 1196 1260 1259
3 1196 1197 1260
3 1197 1261 1260
3 1197 1198 1261
3 1198 1262 1261
3 1198 1199 1262
3 1199 1263 1262
3 1199 1200 1263
3 1200 1264 1263
3 1200 1201 1264
3 1201 1265 1264
3 1201 1202 1265
3 1202 1266 1265
3 1202 1203 1266
3 1203 1267 1266
3 1203 1204 1267
3 1204 1268 1267
3 1204 1205 1268
3 1205 1269 1268
3 1205 1206 1269
3 1206 1270 1269
3 1206 1207 1270
3 1207 1271 1270
3 1207 1208 1271
3 1208 1272 1271
3 1208 1209 1272
3 1209 1273 1272
3 1209 1210 1273
3 1210 1274 1273
3 1210 1211 1274
3 1211 1275 1274
3 1211 1212 1275
3 1212 1276 1275
3 1212 1213 1276
3 1213 1277 1276
3 1213 1214 1277
3 1214 1278 1277
3 1214 1215 1278
3 1215 1279 1278
3 1215 1216 1279
3 1216 1280 1279
3 1216 1217 1280
3 1217 1281 1280
3 1217 1154 1281
3 1154 1218 1281
3 1218 1219 1282
3 1219 1283 1282
3 1219 1220 1283
3 1220 1284 1283
3 1220 1221 1284
3 1221 1285 1284
3 1221 1222 1285
3 1222 1286 1285
3 1222 1223 1286
3 1223 1287 1286
3 1223 1224 1287
3 1224 1288 1287
3 1224 1225 1288
3 1225 1289 1288
3 1225 1226 1289
3 1226 1290 1289
3 1226 1227 1290
3 1227 1291 1290
3 1227 1228 1291
3 1228 1292 1291
3 1228 1229 1292
3 1229 1293 1292
3 1229 1230 1293
3 1230 1294 1293
3 1230 1231 1294
3 1231 1295 1294
3 1231 1232 1295
3 1232 1296 1295
3 1232 1233 1296
3 1233 1297 1296
3 1233 1234 1297
3 1234 1298 1297
3 1234 1235 1298
3 1235 1299 1298
3 1235 1236 1299
3 1236 1300 1299
3 1236 1237 1300
3 1237 1301 1300
3 1237 1238 1301
3 1238 1302 1301
3 1238 1239 1302
3 1239 1303 1302
3 1239 1240 1303
3 1240 1304 1303
3 1240 1241 1304
3 1241 1305 1304
3 1241 1242 1305
3 1242 1306 1305
3 1242 1243 1306
3 1243 1307 1306
3 1243 1244 1307
3 1244 1308 1307
3 1244 1245 1308
3 1245 1309 1308
3 1245 1246 1309
3 1246 1310 1309
3 1246 1247 1310
3 1247 1311 1310
3 1247 1248 1311
3 1248 1312 1311
3 1248 1249 1312
3 1249 1313 1312
3 1249 1250 1313
3 1250 1314 1313
3 1250 1251 1314
3 1251 1315 1314
3 1251 1252 1315
3 1252 1316 1315
3 1252 1253 1316
3 1253 1317 1316
3 1253 1254 1317
3 1254 1318 1317
3 1254 1255 1318
3 1255 1319 1318
3 1255 1256 1319
3 1256 1320 1319
3 1256 1257 1320
3 1257 1321 1320
3 1257 1258 1321
3 1258 1322 1321
3 1258 1259 1322
3 1259 1323 1322
3 1259 1260 1323
3 1260 1324 1323
3 1260 1261 1324
3 1261 1325 1324
3 1261 1262 1325
3 1262 1326 1325
3 1262 1263 1326
3 1263 1327 1326
3 1263 1264 1327
3 1264 1328 1327
3 1264 1265 1328
3 1265 1329 1328
3 1265 1266 1329
3 1266 1330 1329
3 1266 1267 1330
3 1267 1331 1330
3 1267 1268 1331
3 1268 1332 1331
3 1268 1269 1332
3 1269 1333 1332
3 1269 1270 1333
3 1270 1334 1333
3 1270 1271 1334
3 1271 1335 1334
3 1271 1272 1335
3 1272 1336 1335
3 1272 1273 1336
3 1273 1337 1336
3 1273 1274 1337
3 1274 1338 1337
3 1274 1275 1338
3 1275 1339 1338
3 1275 1276 1339
3 1276 1340 1339
3 1276 1277 1340
3 1277 1341 1340
3 1277 1278 1341
3 1278 1342 1341
3 1278 1279 1342
3 1279 1343 1342
3 1279 1280 1343
3 1280 1344 1343
3 1280 1281 1344
3 1281 1345 1344
3 1281 1218 1345
3 1218 1282 1345
3 1282 1283 1346
3 1283 1347 1346
3 1283 1284 1347
3 1284 1348 1347
3 1284 1285 1348
3 1285 1349 1348
3 1285 1286 1349
3 1286 1350 1349
3 1286 1287 1350
3 1287 1351 1350
3 1287 1288 1351
3 1288 1352 1351
3 1288 1289 1352
3 1289 1353 1352
3 1289 1290 1353
3 1290 1354 1353
3 1290 1291 1354
3 1291 1355 1354
3 1291 1292 1355
3 1292 1356 1355
3 1292 1293 1356
3 1293 1357 1356
3 1293 1294 1357
3 1294 1358 1357
3 1294 1295 1358
3 1295 1359 1358
3 1295 1296 1359
3 1296 1360 1359
3 1296 1297 1360
3 1297 1361 1360
3 1297 1298 1361
3 1298 1362 1361
3 1298 1299 1362
3 1299 1363 1362
3 1299 1300 1363
3 1300 1364 1363
3 1300 1301 1364
3 1301 1365 1364
3 1301 1302 1365
3 1302 1366 1365
3 1302 1303 1366
3 1303 1367 1366
3 1303 1304 1367
3 1304 1368 1367
3 1304 1305 1368
3 1305 1369 1368
3 1305 1306 1369
3 1306 1370 1369
3 1306 1307 1370
3 1307 1371 1370
3 1307 1308 1371
3 1308 1372 1371
3 1308 1309 1372
3 1309 1373 1372
3 1309 1310 1373
3 1310 1374 1373
3 1310 1311 1374
3 1311 1375 1374
3 1311 1312 1375
3 1312 1376 1375
3 1312 1313 1376
3 1313 1377 1376
3 1313 1314 1377
3 1314 1378 1377
3 1314 1315 1378
3 1315 1379 1378
3 1315 1316 1379
3 1316 1380 1379
3 1316 1317 1380
3 1317 1381 1380
3 1317 1318 1381
3 1318 1382 1381
3 1318 1319 1382
3 1319 1383 1382
3 1319 1320 1383
3 1320 1384 1383
3 1320 1321 1384
3 1321 1385 1384
3 1321 1322 1385
3 1322 1386 1385
3 1322 1323 1386
3 1323 1387 1386
3 1323 1324 1387
3 1324 1388 1387
3 1324 1325 1388
3 1325 1389 1388
3 1325 1326 1389
3 1326 1390 1389
3 1326 1327 1390
3 1327 1391 1390
3 1327 1328 1391
3 1328 1392 1391
3 1328 1329 1392
3 1329 1393 1392
3 1329 1330 1393
3 1330 1394 1393
3 1330 1331 1394
3 1331 1395 1394
3 1331 1332 1395
3 1332 1396 1395
3 1332 1333 1396
3 1333 1397 1396
3 1333 1334 1397
3 1334 1398 1397
3 1334 1335 1398
3 1335 1399 1398
3 1335 1336 1399
3 1336 1400 1399
3 1336 1337 1400
3 1337 1401 1400
3 1337 1338 1401
3 1338 1402 1401
3 1338 1339 1402
3 1339 1403 1402
3 1339 1340 1403
3 1340 1404 1403
3 1340 1341 1404
3 1341 1405 1404
3 1341 1342 1405
3 1342 1406 1405
3 1342 1343 1406
3 1343 1407 1406
3 1343 1344 1407
3 1344 1408 1407
3 1344 1345 1408
3 1345 1409 1408
3 1345 1282 1409
3 1282 1346 1409
3 1346 1347 1410
3 1347 1411 1410
3 1347 1348 1411
3 1348 1412 1411
3 1348 1349 1412
3 1349 1413 1412
3 1349 1350 1413
3 1350 1414 1413
3 1350 1351 1414
3 1351 1415 1414
3 1351 1352 1415
3 1352 1416 1415
3 1352 1353 1416
3 1353 1417 1416
3 1353 1354 1417
3 1354 1418 1417
3 1354 1355 1418
3 1355 1419 1418
3 1355 1356 1419
3 1356 1420 1419
3 1356 1357 1420
3 1357 1421 1420
3 1357 1358 1421
3 1358 1422 1421
3 1358 1359 1422
3 1359 1423 1422
3 1359 1360 1423
3 1360 1424 1423
3 1360 1361 1424
3 1361 1425 1424
3 1361 1362 1425
3 1362 1426 1425
3 1362 1363 1426
3 1363 1427 1426
3 1363 1364 1427
3 1364 1428 1427
3 1364 1365 1428
3 1365 1429 1428
3 1365 1366 1429
3 1366 1430 1429
3 1366 1367 1430
3 1367 1431 1430
3 1367 1368 1431
3 1368 1432 1431
3 1368 1369 1432
3 1369 1433 1432
3 1369 1370 1433
3 1370 1434 1433
3 1370 1371 1434
3 1371 1435 1434
3 1371 1372 1435
3 1372 1436 1435
3 1372 1373 1436
3 1373 1437 1436
3 1373 1374 1437
3 1374 1438 1437
3 1374 1375 1438
3 1375 1439 1438
3 1375 1376 1439
3 1376 1440 1439
3 1376 1377 1440
3 1377 1441 1440
3 1377 1378 1441
3 1378 1442 1441
3 1378 1379 1442
3 1379 1443 1442
3 1379 1380 1443
3 1380 1444 1443
3 1380 1381 1444
3 1381 1445 1444
3 1381 1382 1445
3 1382 1446 1445
3 1382 1383 1446
3 1383 1447 1446
3 1383 1384 1447
3 1384 1448 1447
3 1384 1385 1448
3 1385 1449 1448
3 1385 1386 1449
3 1386 1450 1449
3 1386 1387 1450
3 1387 1451 1450
3 1387 1388 1451
3 1388 1452 1451
3 1388 1389 1452
3 1389 1453 1452
3 1389 1390 1453
3 1390 1454 1453
3 1390 1391 1454
3 1391 1455 1454
3 1391 1392 1455
3 1392 1456 1455
3 1392 1393 1456
3 1393 1457 1456
3 1393 1394 1457
3 1394 1458 1457
3 1394 1395 1458
3 1395 1459 1458
3 1395 1396 1459
3 1396 1460 1459
3 1396 1397 1460
3 1397 1461 1460
3 1397 1398 1461
3 1398 1462 1461
3 1398 1399 1462
3 1399 1463 1462
3 1399 1400 1463
3 1400 1464 1463
3 1400 1401 1464
3 1401 1465 1464
3 1401 1402 1465
3 1402 1466 1465
3 1402 1403 1466
3 1403 1467 1466
3 1403 1404 1467
3 1404 1468 1467
3 1404 1405 1468
3 1405 1469 1468
3 1405 1406 1469
3 1406 1470 1469
3 1406 1407 1470
3 1407 1471 1470
3 1407 1408 1471
3 1408 1472 1471
3 1408 1409 1472
3 1409 1473 1472
3 1409 1346 1473
3 1346 1410 1473
3 1410 1411 1474
3 1411 1475 1474
3 1411 1412 1475
3 1412 1476 1475
3 1412 1413 1476
3 1413 1477 1476
3 1413 1414 1477
3 1414 1478 1477
3 1414 1415 1478
3 1415 1479 1478
3 1415 1416 1479
3 1416 1480 1479
3 1416 1417 1480
3 1417 1481 1480
3 1417 1418 1481
3 1418 1482 1481
3 1418 1419 1482
3 1419 1483 1482
3 1419 1420 1483
3 1420 1484 1483
3 1420 1421 1484
3 1421 1485 1484
3 1421 1422 1485
3 1422 1486 1485
3 1422 1423 1486
3 1423 1487 1486
3 1423 1424 1487
3 1424 1488 1487
3 1424 1425 1488
3 1425 1489 1488
3 1425 1426 1489
3 1426 1490 1489
3 1426 1427 1490
3 1427 1491 1490
3 1427 1428 1491
3 1428 1492 1491
3 1428 1429 1492
3 1429 1493 1492
3 1429 1430 1493
3 1430 1494 1493
3 1430 1431 1494
3 1431 1495 1494
3 1431 1432 1495
3 1432 1496 1495
3 1432 1433 1496
3 1433 1497 1496
3 1433 1434 1497
3 1434 1498 1497
3 1434 1435 1498
3 1435 1499 1498
3 1435 1436 1499
3 1436 1500 1499
3 1436 1437 1500
3 1437 1501 1500
3 1437 1438 1501
3 1438 1502 1501
3 1438 1439 1502
3 1439 1503 1502
3 1439 1440 1503
3 1440 1504 1503
3 1440 1441 1504
3 1441 1505 1504
3 1441 1442 1505
3 1442 1506 1505
3 1442 1443 1506
3 1443 1507 1506
3 1443 1444 1507
3 1444 1508 1507
3 1444 1445 1508
3 1445 1509 1508
3 1445 1446 1509
3 1446 1510 1509
3 1446 1447 1510
3 1447 1511 1510
3 1447 1448 1511
3 1448 1512 1511
3 1448 1449 1512
3 1449 1513 1512
3 1449 1450 1513
3 1450 1514 1513
3 1450 1451 1514
3 1451 1515 1514
3 1451 1452 1515
3 1452 1516 1515
3 1452 1453 1516
3 1453 1517 1516
3 1453 1454 1517
3 1454 1518 1517
3 1454 1455 1518
3 1455 1519 1518
3 1455 1456 1519
3 1456 1520 1519
3 1456 1457 1520
3 1457 1521 1520
3 1457 1458 1521
3 1458 1522 1521
3 1458 1459 1522
3 1459 1523 1522
3 1459 1460 1523
3 1460 1524 1523
3 1460 1461 1524
3 1461 1525 1524
3 1461 1462 1525
3 1462 1526 1525
3 1462 1463 1526
3 1463 1527 1526
3 1463 1464 1527
3 1464 1528 1527
3 1464 1465 1528
3 1465 1529 1528
3 1465 1466 1529
3 1466 1530 1529
3 1466 1467 1530
3 1467 1531 1530
3 1467 1468 1531
3 1468 1532 1531
3 1468 1469 1532
3 1469 1533 1532
3 1469 1470 1533
3 1470 1534 1533
3 1470 1471 1534
3 1471 1535 1534
3 1471 1472 1535
3 1472 1536 1535
3 1472 1473 1536
3 1473 1537 1536
3 1473 1410 1537
3 1410 1474 1537
3 1474 1475 1538
3 1475 1539 1538
3 1475 1476 1539
3 1476 1540 1539
3 1476 1477 1540
3 1477 1541 1540
3 1477 1478 1541
3 1478 1542 1541
3 1478 1479 1542
3 1479 1543 1542
3 1479 1480 1543
3 1480 1544 1543
3 1480 1481 1544
3 1481 1545 1544
3 1481 1482 1545
3 1482 1546 1545
3 1482 1483 1546
3 1483 1547 1546
3 1483 1484 1547
3 1484 1548 1547
3 1484 1485 1548
3 1485 1549 1548
3 1485 1486 1549
3 1486 1550 1549
3 1486 1487 1550
3 1487 1551 1550
3 1487 1488 1551
3 1488 1552 1551
3 1488 1489 1552
3 1489 1553 1552
3 1489 1490 1553
3 1490 1554 1553
3 1490 1491 1554
3 1491 1555 1554
3 1491 1492 1555
3 1492 1556 1555
3 1492 1493 1556
3 1493 1557 1556
3 1493 1494 1557
3 1494 1558 1557
3 1494 1495 1558
3 1495 1559 1558
3 1495 1496 1559
3 1496 1560 1559
3 1496 1497 1560
3 1497 1561 1560
3 1497 1498 1561
3 1498 1562 1561
3 1498 1499 1562
3 1499 1563 1562
3 1499 1500 1563
3 1500 1564 1563
3 1500 1501 1564
3 1501 1565 1564
3 1501 1502 1565
3 1502 1566 1565
3 1502 1503 1566
3 1503 1567 1566
3 1503 1504 1567
3 1504 1568 1567
3 1504 1505 1568
3 1505 1569 1568
3 1505 1506 1569
3 1506 1570 1569
3 1506 1507 1570
3 1507 1571 1570
3 1507 1508 1571
3 1508 1572 1571
3 1508 1509 1572
3 1509 1573 1572
3 1509 1510 1573
3 1510 1574 1573
3 1510 1511 1574
3 1511 1575 1574
3 1511 1512 1575
3 1512 1576 1575
3 1512 1513 1576
3 1513 1577 1576
3 1513 1514 1577
3 1514 1578 1577
3 1514 1515 1578
3 1515 1579 1578
3 1515 1516 1579
3 1516 1580 1579
3 1516 1517 1580
3 1517 1581 1580
3 1517 1518 1581
3 1518 1582 1581
3 1518 1519 1582
3 1519 1583 1582
3 1519 1520 1583
3 1520 1584 1583
3 1520 1521 1584
3 1521 1585 1584
3 1521 1522 1585
3 1522 1586 1585
3 1522 1523 1586
3 1523 1587 1586
3 1523 1524 1587
3 1524 1588 1587
3 1524 1525 1588
3 1525 1589 1588
3 1525 1526 1589
3 1526 1590 1589
3 1526 1527 1590
3 1527 1591 1590
3 1527 1528 1591
3 1528 1592 1591
3 1528 1529 1592
3 1529 1593 1592
3 1529 1530 1593
3 1530 1594 1593
3 1530 1531 1594
3 1531 1595 1594
3 1531 1532 1595
3 1532 1596 1595
3 1532 1533 1596
3 1533 1597 1596
3 1533 1534 1597
3 1534 1598 1597
3 1534 1535 1598
3 1535 1599 1598
3 1535 1536 1599
3 1536 1600 1599
3 1536 1537 1600
3 1537 1601 1600
3 1537 1474 1601
3 1474 1538 1601
3 1538 1539 1602
3 1539 1603 1602
3 1539 1540 1603
3 1540 1604 1603
3 1540 1541 1604
3 1541 1605 1604
3 1541 1542 1605
3 1542 1606 1605
3 1542 1543 1606
3 1543 1607 1606
3 1543 1544 1607
3 1544 1608 1607
3 1544 1545 1608
3 1545 1609 1608
3 1545 1546 1609
3 1546 1610 1609
3 1546 1547 1610
3 1547 1611 1610
3 1547 1548 1611
3 1548 1612 1611
3 1548 1549 1612
3 1549 1613 1612
3 1549 1550 1613
3 1550 1614 1613
3 1550 1551 1614
3 1551 1615 1614
3 1551 1552 1615
3 1552 1616 1615
3 1552 1553 1616
3 1553 1617 1616
3 1553 1554 1617
3 1554 1618 1617
3 1554 1555 1618
3 1555 1619 1618
3 1555 1556 1619
3 1556 1620 1619
3 1556 1557 1620
3 1557 1621 1620
3 1557 1558 1621
3 1558 1622 1621
3 1558 1559 1622
3 1559 1623 1622
3 1559 1560 1623
3 1560 1624 1623
3 1560 1561 1624
3 1561 1625 1624
3 1561 1562 1625
3 1562 1626 1625
3 1562 1563 1626
3 1563 1627 1626
3 1563 1564 1627
3 1564 1628 1627
3 1564 1565 1628
3 1565 1629 1628
3 1565 1566 1629
3 1566 1630 1629
3 1566 1567 1630
3 1567 1631 1630
3 1567 1568 1631
3 1568 1632 1631
3 1568 1569 1632
3 1569 1633 1632
3 1569 1570 1633
3 1570 1634 1633
3 1570 1571 1634
3 1571 1635 1634
3 1571 1572 1635
3 1572 1636 1635
3 1572 1573 1636
3 1573 1637 1636
3 1573 1574 1637
3 1574 1638 1637
3 1574 1575 1638
3 1575 1639 1638
3 1575 1576 1639
3 1576 1640 1639
3 1576 1577 1640
3 1577 1641 1640
3 1577 1578 1641
3 1578 1642 1641
3 1578 1579 1642
3 1579 1643 1642
3 1579 1580 1643
3 1580 1644 1643
3 1580 1581 1644
3 1581 1645 1644
3 1581 1582 1645
3 1582 1646 1645
3 1582 1583 1646
3 1583 1647 1646
3 1583 1584 1647
3 1584 1648 1647
3 1584 1585 1648
3 1585 1649 1648
3 1585 1586 1649
3 1586 1650 1649
3 1586 1587 1650
3 1587 1651 1650
3 1587 1588 1651
3 1588 1652 1651
3 1588 1589 1652
3 1589 1653 1652
3 1589 1590 1653
3 1590 1654 1653
3 1590 1591 1654
3 1591 1655 1654
3 1591 1592 1655
3 1592 1656 1655
3 1592 1593 1656
3 1593 1657 1656
3 1593 1594 1657
3 1594 1658 1657
3 1594 1595 1658
3 1595 1659 1658
3 1595 1596 1659
3 1596 1660 1659
3 1596 1597 1660
3 1597 1661 1660
3 1597 1598 1661
3 1598 1662 1661
3 1598 1599 1662
3 1599 1663 1662
3 1599 1600 1663
3 1600 1664 1663
3 1600 1601 1664
3 1601 1665 1664
3 1601 1538 1665
3 1538 1602 1665
3 1602 1603 1666
3 1603 1667 1666
3 1603 1604 1667
3 1604 1668 1667
3 1604 1605 1668
3 1605 1669 1668
3 1605 1606 1669
3 1606 1670 1669
3 1606 1607 1670
3 1607 1671 1670
3 1607 1608 1671
3 1608 1672 1671
3 1608 1609 1672
3 1609 1673 1672
3 1609 1610 1673
3 1610 1674 1673
3 1610 1611 1674
3 1611 1675 1674
3 1611 1612 1675
3 1612 1676 1675
3 1612 1613 1676
3 1613 1677 1676
3 1613 1614 1677
3 1614 1678 1677
3 1614 1615 1678
3 1615 1679 1678
3 1615 1616 1679
3 1616 1680 1679
3 1616 1617 1680
3 1617 1681 1680
3 1617 1618 1681
3 1618 1682 1681
3 1618 1619 1682
3 1619 1683 1682
3 1619 1620 1683
3 1620 1684 1683
3 1620 1621 1684
3 1621 1685 1684
3 1621 1622 1685
3 1622 1686 1685
3 1622 1623 1686
3 1623 1687 1686
3 1623 1624 1687
3 1624 1688 1687
3 1624 1625 1688
3 1625 1689 1688
3 1625 1626 1689
3 1626 1690 1689
3 1626 1627 1690
3 1627 1691 1690
3 1627 1628 1691
3 1628 1692 1691
3 1628 1629 1692
3 1629 1693 1692
3 1629 1630 1693
3 1630 1694 1693
3 1630 1631 1694
3 1631 1695 1694
3 1631 1632 1695
3 1632 1696 1695
3 1632 1633 1696
3 1633 1697 1696
3 1633 1634 1697
3 1634 1698 1697
3 1634 1635 1698
3 1635 1699 1698
3 1635 1636 1699
3 1636 1700 1699
3 1636 1637 1700
3 1637 1701 1700
3 1637 1638 1701
3 1638 1702 1701
3 1638 1639 1702
3 1639 1703 1702
3 1639 1640 1703
3 1640 1704 1703
3 1640 1641 1704
3 1641 1705 1704
3 1641 1642 1705
3 1642 1706 1705
3 1642 1643 1706
3 1643 1707 1706
3 1643 1644 1707
3 1644 1708 1707
3 1644 1645 1708
3 1645 1709 1708
3 1645 1646 1709
3 1646 1710 1709
3 1646 1647 1710
3 1647 1711 1710
3 1647 1648 1711
3 1648 1712 1711
3 1648 1649 1712
3 1649 1713 1712
3 1649 1650 1713
3 1650 1714 1713
3 1650 1651 1714
3 1651 1715 1714
3 1651 1652 1715
3 1652 1716 1715
3 1652 1653 1716
3 1653 1717 1716
3 1653 1654 1717
3 1654 1718 1717
3 1654 1655 1718
3 1655 1719 1718
3 1655 1656 1719
3 1656 1720 1719
3 1656 1657 1720
3 1657 1721 1720
3 1657 1658 1721
3 1658 1722 1721
3 1658 1659 1722
3 1659 1723 1722
3 1659 1660 1723
3 1660 1724 1723
3 1660 1661 1724
3 1661 1725 1724
3 1661 1662 1725
3 1662 1726 1725
3 1662 1663 1726
3 1663 1727 1726
3 1663 1664 1727
3 1664 1728 1727
3 1664 1665 1728
3 1665 1729 1728
3 1665 1602 1729
3 1602 1666 1729
3 1666 1667 1730
3 1667 1731 1730
3 1667 1668 1731
3 1668 1732 1731
3 1668 1669 1732
3 1669 1733 1732
3 1669 1670 1733
3 1670 1734 1733
3 1670 1671 1734
3 1671 1735 1734
3 1671 1672 1735
3 1672 1736 1735
3 1672 1673 1736
3 1673 1737 1736
3 1673 1674 1737
3 1674 1738 1737
3 1674 1675 1738
3 1675 1739 1738
3 1675 1676 1739
3 1676 1740 1739
3 1676 1677 1740
3 1677 1741 1740
3 1677 1678 1741
3 1678 1742 1741
3 1678 1679 1742
3 1679 1743 1742
3 1679 1680 1743
3 1680 1744 1743
3 1680 1681 1744
3 1681 1745 1744
3 1681 1682 1745
3 1682 1746 1745
3 1682 1683 1746
3 1683 1747 1746
3 1683 1684 1747
3 1684 1748 1747
3 1684 1685 1748
3 1685 1749 1748
3 1685 1686 1749
3 1686 1750 1749
3 1686 1687 1750
3 1687 1751 1750
3 1687 1688 1751
3 1688 1752 1751
3 1688 1689 1752
3 1689 1753 1752
3 1689 1690 1753
3 1690 1754 1753
3 1690 1691 1754
3 1691 1755 1754
3 1691 1692 1755
3 1692 1756 1755
3 1692 1693 1756
3 1693 1757 1756
3 1693 1694 1757
3 1694 1758 1757
3 1694 1695 1758
3 1695 1759 1758
3 1695 1696 1759
3 1696 1760 1759
3 1696 1697 1760
3 1697 1761 1760
3 1697 1698 1761
3 1698 1762 1761
3 1698 1699 1762
3 1699 1763 1762
3 1699 1700 1763
3 1700 1764 1763
3 1700 1701 1764
3 1701 1765 1764
3 1701 1702 1765
3 1702 1766 1765
3 1702 1703 1766
3 1703 1767 1766
3 1703 1704 1767
3 1704 1768 1767
3 1704 1705 1768
3 1705 1769 1768
3 1705 1706 1769
3 1706 1770 1769
3 1706 1707 1770
3 1707 1771 1770
3 1707 1708 1771
3 1708 1772 1771
3 1708 1709 1772
3 1709 1773 1772
3 1709 1710 1773
3 1710 1774 1773
3 1710 1711 1774
3 1711 1775 1774
3 1711 1712 1775
3 1712 1776 1775
3 1712 1713 1776
3 1713 1777 1776
3 1713 1714 1777
3 1714 1778 1777
3 1714 1715 1778
3 1715 1779 1778
3 1715 1716 1779
3 1716 1780 1779
3 1716 1717 1780
3 1717 1781 1780
3 1717 1718 1781
3 1718 1782 1781
3 1718 1719 1782
3 1719 1783 1782
3 1719 1720 1783
3 1720 1784 1783
3 1720 1721 1784
3 1721 1785 1784
3 1721 1722 1785
3 1722 1786 1785
3 1722 1723 1786
3 1723 1787 1786
3 1723 1724 1787
3 1724 1788 1787
3 1724 1725 1788
3 1725 1789 1788
3 1725 1726 1789
3 1726 1790 1789
3 1726 1727 1790
3 1727 1791 1790
3 1727 1728 1791
3 1728 1792 1791
3 1728 1729 1792
3 1729 1793 1792
3 1729 1666 1793
3 1666 1730 1793
3 1730 1731 1794
3 1731 1795 1794
3 1731 1732 1795
3 1732 1796 1795
3 1732 1733 1796
3 1733 1797 1796
3 1733 1734 1797
3 1734 1798 1797
3 1734 1735 1798
3 1735 1799 1798
3 1735 1736 1799
3 1736 1800 1799
3 1736 1737 1800
3 1737 1801 1800
3 1737 1738 1801
3 1738 1802 1801
3 1738 1739 1802
3 1739 1803 1802
3 1739 1740 1803
3 1740 1804 1803
3 1740 1741 1804
3 1741 1805 1804
3 1741 1742 1805
3 1742 1806 1805
3 1742 1743 1806
3 1743 1807 1806
3 1743 1744 1807
3 1744 1808 1807
3 1744 1745 1808
3 1745 1809 1808
3 1745 1746 1809
3 1746 1810 1809
3 1746 1747 1810
3 1747 1811 1810
3 1747 1748 1811
3 1748 1812 1811
3 1748 1749 1812
3 1749 1813 1812
3 1749 1750 1813
3 1750 1814 1813
3 1750 1751 1814
3 1751 1815 1814
3 1751 1752 1815
3 1752 1816 1815
3 1752 1753 1816
3 1753 1817 1816
3 1753 1754 1817
3 1754 1818 1817
3 1754 1755 1818
3 1755 1819 1818
3 1755 1756 1819
3 1756 1820 1819
3 1756 1757 1820
3 1757 1821 1820
3 1757 1758 1821
3 1758 1822 1821
3 1758 1759 1822
3 1759 1823 1822
3 1759 1760 1823
3 1760 1824 1823
3 1760 1761 1824
3 1761 1825 1824
3 1761 1762 1825
3 1762 1826 1825
3 1762 1763 1826
3 1763 1827 1826
3 1763 1764 1827
3 1764 1828 1827
3 1764 1765 1828
3 1765 1829 1828
3 1765 1766 1829
3 1766 1830 1829
3 1766 1767 1830
3 1767 1831 1830
3 1767 1768 1831
3 1768 1832 1831
3 1768 1769 1832
3 1769 1833 1832
3 1769 1770 1833
3 1770 1834 1833
3 1770 1771 1834
3 1771 1835 1834
3 1771 1772 1835
3 1772 1836 1835
3 1772 1773 1836
3 1773 1837 1836
3 1773 1774 1837
3 1774 1838 1837
3 1774 1775 1838
3 1775 1839 1838
3 1775 1776 1839
3 1776 1840 1839
3 1776 1777 1840
3 1777 1841 1840
3 1777 1778 1841
3 1778 1842 1841
3 1778 1779 1842
3 1779 1843 1842
3 1779 1780 1843
3 1780 1844 1843
3 1780 1781 1844
3 1781 1845 1844
3 1781 1782 1845
3 1782 1846 1845
3 1782 1783 1846
3 1783 1847 1846
3 1783 1784 1847
3 1784 1848 1847
3 1784 1785 1848
3 1785 1849 1848
3 1785 1786 1849
3 1786 1850 1849
3 1786 1787 1850
3 1787 1851 1850
3 1787 1788 1851
3 1788 1852 1851
3 1788 1789 1852
3 1789 1853 1852
3 1789 1790 1853
3 1790 1854 1853
3 1790 1791 1854
3 1791 1855 1854
3 1791 1792 1855
3 1792 1856 1855
3 1792 1793 1856
3 1793 1857 1856
3 1793 1730 1857
3 1730 1794 1857
3 1794 1795 1858
3 1795 1859 1858
3 1795 1796 1859
3 1796 1860 1859
3 1796 1797 1860
3 1797 1861 1860
3 1797 1798 1861
3 1798 1862 1861
3 1798 1799 1862
3 1799 1863 1862
3 1799 1800 1863
3 1800 1864 1863
3 1800 1801 1864
3 1801 1865 1864
3 1801 1802 1865
3 1802 1866 1865
3 1802 1803 1866
3 1803 1867 1866
3 1803 1804 1867
3 1804 1868 1867
3 1804 1805 1868
3 1805 1869 1868
3 1805 1806 1869
3 1806 1870 1869
3 1806 1807 1870
3 1807 1871 1870
3 1807 1808 1871
3 1808 1872 1871
3 1808 1809 1872
3 1809 1873 1872
3 1809 1810 1873
3 1810 1874 1873
3 1810 1811 1874
3 1811 1875 1874
3 1811 1812 1875
3 1812 1876 1875
3 1812 1813 1876
3 1813 1877 1876
3 1813 1814 1877
3 1814 1878 1877
3 1814 1815 1878
3 1815 1879 1878
3 1815 1816 1879
3 1816 1880 1879
3 1816 1817 1880
3 1817 1881 1880
3 1817 1818 1881
3 1818 1882 1881
3 1818 1819 1882
3 1819 1883 1882
3 1819 1820 1883
3 1820 1884 1883
3 1820 1821 1884
3 1821 1885 1884
3 1821 1822 1885
3 1822 1886 1885
3 1822 1823 1886
3 1823 1887 1886
3 1823 1824 1887
3 1824 1888 1887
3 1824 1825 1888
3 1825 1889 1888
3 1825 1826 1889
3 1826 1890 1889
3 1826 1827 1890
3 1827 1891 1890
3 1827 1828 1891
3 1828 1892 1891
3 1828 1829 1892
3 1829 1893 1892
3 1829 1830 1893
3 1830 1894 1893
3 1830 1831 1894
3 1831 1895 1894
3 1831 1832 1895
3 1832 1896 1895
3 1832 1833 1896
3 1833 1897 1896
3 1833 1834 1897
3 1834 1898 1897
3 1834 1835 1898
3 1835 1899 1898
3 1835 1836 1899
3 1836 1900 1899
3 1836 1837 1900
3 1837 1901 1900
3 1837 1838 1901
3 1838 1902 1901
3 1838 1839 1902
3 1839 1903 1902
3 1839 1840 1903
3 1840 1904 1903
3 1840 1841 1904
3 1841 1905 1904
3 1841 1842 1905
3 1842 1906 1905
3 1842 1843 1906
3 1843 1907 1906
3 1843 1844 1907
3 1844 1908 1907
3 1844 1845 1908
3 1845 1909 1908
3 1845 1846 1909
3 1846 1910 1909
3 1846 1847 1910
3 1847 1911 1910
3 1847 1848 1911
3 1848 1912 1911
3 1848 1849 1912
3 1849 1913 1912
3 1849 1850 1913
3 1850 1914 1913
3 1850 1851 1914
3 1851 1915 1914
3 1851 1852 1915
3 1852 1916 1915
3 1852 1853 1916
3 1853 1917 1916
3 1853 1854 1917
3 1854 1918 1917
3 1854 1855 1918
3 1855 1919 1918
3 1855 1856 1919
3 1856 1920 1919
3 1856 1857 1920
3 1857 1921 1920
3 1857 1794 1921
3 1794 1858 1921
3 1858 1859 1922
3 1859 1923 1922
3 1859 1860 1923
3 1860 1924 1923
3 1860 1861 1924
3 1861 1925 1924
3 1861 1862 1925
3 1862 1926 1925
3 1862 1863 1926
3 1863 1927 1926
3 1863 1864 1927
3 1864 1928 1927
3 1864 1865 1928
3 1865 1929 1928
3 1865 1866 1929
3 1866 1930 1929
3 1866 1867 1930
3 1867 1931 1930
3 1867 1868 1931
3 1868 1932 1931
3 1868 1869 1932
3 1869 1933 1932
3 1869 1870 1933
3 1870 1934 1933
3 1870 1871 1934
3 1871 1935 1934
3 1871 1872 1935
3 1872 1936 1935
3 1872 1873 1936
3 1873 1937 1936
3 1873 1874 1937
3 1874 1938 1937
3 1874 1875 1938
3 1875 1939 1938
3 1875 1876 1939
3 1876 1940 1939
3 1876 1877 1940
3 1877 1941 1940
3 1877 1878 1941
3 1878 1942 1941
3 1878 1879 1942
3 1879 1943 1942
3 1879 1880 1943
3 1880 1944 1943
3 1880 1881 1944
3 1881 1945 1944
3 1881 1882 1945
3 1882 1946 1945
3 1882 1883 1946
3 1883 1947 1946
3 1883 1884 1947
3 1884 1948 1947
3 1884 1885 1948
3 1885 1949 1948
3 1885 1886 1949
3 1886 1950 1949
3 1886 1887 1950
3 1887 1951 1950
3 1887 1888 1951
3 1888 1952 1951
3 1888 1889 1952
3 1889 1953 1952
3 1889 1890 1953
3 1890 1954 1953
3 1890 1891 1954
3 1891 1955 1954
3 1891 1892 1955
3 1892 1956 1955
3 1892 1893 1956
3 1893 1957 1956
3 1893 1894 1957
3 1894 1958 1957
3 1894 1895 1958
3 1895 1959 1958
3 1895 1896 1959
3 1896 1960 1959
3 1896 1897 1960
3 1897 1961 1960
3 1897 1898 1961
3 1898 1962 1961
3 1898 1899 1962
3 1899 1963 1962
3 1899 1900 1963
3 1900 1964 1963
3 1900 1901 1964
3 1901 1965 1964
3 1901 1902 1965
3 1902 1966 1965
3 1902 1903 1966
3 1903 1967 1966
3 1903 1904 1967
3 1904 1968 1967
3 1904 1905 1968
3 1905 1969 1968
3 1905 1906 1969
3 1906 1970 1969
3 1906 1907 1970
3 1907 1971 1970
3 1907 1908 1971
3 1908 1972 1971
3 1908 1909 1972
3 1909 1973 1972
3 1909 1910 1973
3 1910 1974 1973
3 1910 1911 1974
3 1911 1975 1974
3 1911 1912 1975
3 1912 1976 1975
3 1912 1913 1976
3 1913 1977 1976
3 1913 1914 1977
3 1914 1978 1977
3 1914 1915 1978
3 1915 1979 1978
3 1915 1916 1979
3 1916 1980 1979
3 1916 1917 1980
3 1917 1981 1980
3 1917 1918 1981
3 1918 1982 1981
3 1918 1919 1982
3 1919 1983 1982
3 1919 1920 1983
3 1920 1984 1983
3 1920 1921 1984
3 1921 1985 1984
3 1921 1858 1985
3 1858 1922 1985
3 1922 1923 1986
3 1923 1987 1986
3 1923 1924 1987
3 1924 1988 1987
3 1924 1925 1988
3 1925 1989 1988
3 1925 1926 1989
3 1926 1990 1989
3 1926 1927 1990
3 1927 1991 1990
3 1927 1928 1991
3 1928 1992 1991
3 1928 1929 1992
3 1929 1993 1992
3 1929 1930 1993
3 1930 1994 1993
3 1930 1931 1994
3 1931 1995 1994
3 1931 1932 1995
3 1932 1996 1995
3 1932 1933 1996
3 1933 1997 1996
3 1933 1934 1997
3 1934 1998 1997
3 1934 1935 1998
3 1935 1999 1998
3 1935 1936 1999
3 1936 2000 1999
3 1936 1937 2000
3 1937 2001 2000
3 1937 1938 2001
3 1938 2002 2001
3 1938 1939 2002
3 1939 2003 2002
3 1939 1940 2003
3 1940 2004 2003
3 1940 1941 2004
3 1941 2005 2004
3 1941 1942 2005
3 1942 2006 2005
3 1942 1943 2006
3 1943 2007 2006
3 1943 1944 2007
3 1944 2008 2007
3 1944 1945 2008
3 1945 2009 2008
3 1945 1946 2009
3 1946 2010 2009
3 1946 1947 2010
3 1947 2011 2010
3 1947 1948 2011
3 1948 2012 2011
3 1948 1949 2012
3 1949 2013 2012
3 1949 1950 2013
3 1950 2014 2013
3 1950 1951 2014
3 1951 2015 2014
3 1951 1952 2015
3 1952 2016 2015
3 1952 1953 2016
3 1953 2017 2016
3 1953 1954 2017
3 1954 2018 2017
3 1954 1955 2018
3 1955 2019 2018
3 1955 1956 2019
3 1956 2020 2019
3 1956 1957 2020
3 1957 2021 2020
3 1957 1958 2021
3 1958 2022 2021
3 1958 1959 2022
3 1959 2023 2022
3 1959 1960 2023
3 1960 2024 2023
3 1960 1961 2024
3 1961 2025 2024
3 1961 1962 2025
3 1962 2026 2025
3 1962 1963 2026
3 1963 2027 2026
3 1963 1964 2027
3 1964 2028 2027
3 1964 1965 2028
3 1965 2029 2028
3 1965 1966 2029
3 1966 2030 2029
3 1966 1967 2030
3 1967 2031 2030
3 1967 1968 2031
3 1968 2032 2031
3 1968 1969 2032
3 1969 2033 2032
3 1969 1970 2033
3 1970 2034 2033
3 1970 1971 2034
3 1971 2035 2034
3 1971 1972 2035
3 1972 2036 2035
3 1972 1973 2036
3 1973 2037 2036
3 1973 1974 2037
3 1974 2038 2037
3 1974 1975 2038
3 1975 2039 2038
3 1975 1976 2039
3 1976 2040 2039
3 1976 1977 2040
3 1977 2041 2040
3 1977 1978 2041
3 1978 2042 2041
3 1978 1979 2042
3 1979 2043 2042
3 1979 1980 2043
3 1980 2044 2043
3 1980 1981 2044
3 1981 2045 2044
3 1981 1982 2045
3 1982 2046 2045
3 1982 1983 2046
3 1983 2047 2046
3 1983 1984 2047
3 1984 2048 2047
3 1984 1985 2048
3 1985 2049 2048
3 1985 1922 2049
3 1922 1986 2049
3 1986 1987 2050
3 1987 2051 2050
3 1987 1988 2051
3 1988 2052 2051
3 1988 1989 2052
3 1989 2053 2052
3 1989 1990 2053
3 1990 2054 2053
3 1990 1991 2054
3 1991 2055 2054
3 1991 1992 2055
3 1992 2056 2055
3 1992 1993 2056
3 1993 2057 2056
3 1993 1994 2057
3 1994 2058 2057
3 1994 1995 2058
3 1995 2059 2058
3 1995 1996 2059
3 1996 2060 2059
3 1996 1997 2060
3 1997 2061 2060
3 1997 1998 2061
3 1998 2062 2061
3 1998 1999 2062
3 1999 2063 2062
3 1999 2000 2063
3 2000 2064 2063
3 2000 2001 2064
3 2001 2065 2064
3 2001 2002 2065
3 2002 2066 2065
3 2002 2003 2066
3 2003 2067 2066
3 2003 2004 2067
3 2004 2068 2067
3 2004 2005 2068
3 2005 2069 2068
3 2005 2006 2069
3 2006 2070 2069
3 2006 2007 2070
3 2007 2071 2070
3 2007 2008 2071
3 2008 2072 2071
3 2008 2009 2072
3 2009 2073 2072
3 2009 2010 2073
3 2010 2074 2073
3 2010 2011 2074
3 2011 2075 2074
3 2011 2012 2075
3 2012 2076 2075
3 2012 2013 2076
3 2013 2077 2076
3 2013 2014 2077
3 2014 2078 2077
3 2014 2015 2078
3 2015 2079 2078
3 2015 2016 2079
3 2016 2080 2079
3 2016 2017 2080
3 2017 2081 2080
3 2017 2018 2081
3 2018 2082 2081
3 2018 2019 2082
3 2019 2083 2082
3 2019 2020 2083
3 2020 2084 2083
3 2020 2021 2084
3 2021 2085 2084
3 2021 2022 2085
3 2022 2086 2085
3 2022 2023 2086
3 2023 2087 2086
3 2023 2024 2087
3 2024 2088 2087
3 2024 2025 2088
3 2025 2089 2088
3 2025 2026 2089
3 2026 2090 2089
3 2026 2027 2090
3 2027 2091 2090
3 2027 2028 2091
3 2028 2092 2091
3 2028 2029 2092
3 2029 2093 2092
3 2029 2030 2093
3 2030 2094 2093
3 2030 2031 2094
3 2031 2095 2094
3 2031 2032 2095
3 2032 2096 2095
3 2032 2033 2096
3 2033 2097 2096
3 2033 2034 2097
3 2034 2098 2097
3 2034 2035 2098
3 2035 2099 2098
3 2035 2036 2099
3 2036 2100 2099
3 2036 2037 2100
3 2037 2101 2100
3 2037 2038 2101
3 2038 2102 2101
3 2038 2039 2102
3 2039 2103 2102
3 2039 2040 2103
3 2040 2104 2103
3 2040 2041 2104
3 2041 2105 2104
3 2041 2042 2105
3 2042 2106 2105
3 2042 2043 2106
3 2043 2107 2106
3 2043 2044 2107
3 2044 2108 2107
3 2044 2045 2108
3 2045 2109 2108
3 2045 2046 2109
3 2046 2110 2109
3 2046 2047 2110
3 2047 2111 2110
3 2047 2048 2111
3 2048 2112 2111
3 2048 2049 2112
3 2049 2113 2112
3 2049 1986 2113
3 1986 2050 2113
