OFF
4162 8320 0
0.000000 0.000000 10.000000
0.000000 0.000000 -10.000000
4.000000 0.000000 -10.000000
3.980739 0.392069 -10.000000
3.923141 0.780361 -10.000000
3.827761 1.161139 -10.000000
3.695518 1.530734 -10.000000
3.527685 1.885587 -10.000000
3.325878 2.222281 -10.000000
3.092042 2.537573 -10.000000
2.828427 2.828427 -10.000000
2.537573 3.092042 -10.000000
2.222281 3.325878 -10.000000
1.885587 3.527685 -10.000000
1.530734 3.695518 -10.000000
1.161139 3.827761 -10.000000
0.780361 3.923141 -10.000000
0.392069 3.980739 -10.000000
0.000000 4.000000 -10.000000
-0.392069 3.980739 -10.000000
-0.780361 3.923141 -10.000000
-1.161139 3.827761 -10.000000
-1.530734 3.695518 -10.000000
-1.885587 3.527685 -10.000000
-2.222281 3.325878 -10.000000
-2.537573 3.092042 -10.000000
-2.828427 2.828427 -10.000000
-3.092042 2.537573 -10.000000
-3.325878 2.222281 -10.000000
-3.527685 1.885587 -10.000000
-3.695518 1.530734 -10.000000
-3.827761 1.161139 -10.000000
-3.923141 0.780361 -10.000000
-3.980739 0.392069 -10.000000
-4.000000 0.000000 -10.000000
-3.980739 -0.392069 -10.000000
-3.923141 -0.780361 -10.000000
-3.827761 -1.161139 -10.000000
-3.695518 -1.530734 -10.000000
-3.527685 -1.885587 -10.000000
-3.325878 -2.222281 -10.000000
-3.092042 -2.537573 -10.000000
-2.828427 -2.828427 -10.000000
-2.537573 -3.092042 -10.000000
-2.222281 -3.325878 -10.000000
-1.885587 -3.527685 -10.000000
-1.530734 -3.695518 -10.000000
-1.161139 -3.827761 -10.000000
-0.780361 -3.923141 -10.000000
-0.392069 -3.980739 -10.000000
-0.000000 -4.000000 -10.000000
0.392069 -3.980739 -10.000000
0.780361 -3.923141 -10.000000
1.161139 -3.827761 -10.000000
1.530734 -3.695518 -10.000000
1.885587 -3.527685 -10.000000
2.222281 -3.325878 -10.000000
2.537573 -3.092042 -10.000000
2.828427 -2.828427 -10.000000
3.092042 -2.537573 -10.000000
3.325878 -2.222281 -10.000000
3.527685 -1.885587 -10.000000
3.695518 -1.530734 -10.000000
3.827761 -1.161139 -10.000000
3.923141 -0.780361 -10.000000
3.980739 -0.392069 -10.000000
3.877331 0.000000 -9.687500
3.858660 0.380045 -9.687500
3.802829 0.756430 -9.687500
3.710374 1.125530 -9.687500
3.582187 1.483790 -9.687500
3.419500 1.827761 -9.687500
3.223883 2.154130 -9.687500
2.997217 2.459753 -9.687500
2.741687 2.741687 -9.687500
2.459753 2.997217 -9.687500
2.154130 3.223883 -9.687500
1.827761 3.419500 -9.687500
1.483790 3.582187 -9.687500
1.125530 3.710374 -9.687500
0.756430 3.802829 -9.687500
0.380045 3.858660 -9.687500
0.000000 3.877331 -9.687500
-0.380045 3.858660 -9.687500
-0.756430 3.802829 -9.687500
-1.125530 3.710374 -9.687500
-1.483790 3.582187 -9.687500
-1.827761 3.419500 -9.687500
-2.154130 3.223883 -9.687500
-2.459753 2.997217 -9.687500
-2.741687 2.741687 -9.687500
-2.997217 2.459753 -9.687500
-3.223883 2.154130 -9.687500
-3.419500 1.827761 -9.687500
-3.582187 1.483790 -9.687500
-3.710374 1.125530 -9.687500
-3.802829 0.756430 -9.687500
-3.858660 0.380045 -9.687500
-3.877331 0.000000 -9.687500
-3.858660 -0.380045 -9.687500
-3.802829 -0.756430 -9.687500
-3.710374 -1.125530 -9.687500
-3.582187 -1.483790 -9.687500
-3.419500 -1.827761 -9.687500
-3.223883 -2.154130 -9.687500
-2.997217 -2.459753 -9.687500
-2.741687 -2.741687 -9.687500
-2.459753 -2.997217 -9.687500
-2.154130 -3.223883 -9.687500
-1.827761 -3.419500 -9.687500
-1.483790 -3.582187 -9.687500
-1.125530 -3.710374 -9.687500
-0.756430 -3.802829 -9.687500
-0.380045 -3.858660 -9.687500
-0.000000 -3.877331 -9.687500
0.380045 -3.858660 -9.687500
0.756430 -3.802829 -9.687500
1.125530 -3.710374 -9.687500
1.483790 -3.582187 -9.687500
1.827761 -3.419500 -9.687500
2.154130 -3.223883 -9.687500
2.459753 -2.997217 -9.687500
2.741687 -2.741687 -9.687500
2.997217 -2.459753 -9.687500
3.223883 -2.154130 -9.687500
3.419500 -1.827761 -9.687500
3.582187 -1.483790 -9.687500
3.710374 -1.125530 -9.687500
3.802829 -0.756430 -9.687500
3.858660 -0.380045 -9.687500
3.754957 0.000000 -9.375000
3.736876 0.368050 -9.375000
3.682807 0.732556 -9.375000
3.593270 1.090007 -9.375000
3.469128 1.436960 -9.375000
3.311577 1.770075 -9.375000
3.122133 2.086142 -9.375000
2.902621 2.382120 -9.375000
2.655156 2.655156 -9.375000
2.382120 2.902621 -9.375000
2.086142 3.122133 -9.375000
1.770075 3.311577 -9.375000
1.436960 3.469128 -9.375000
1.090007 3.593270 -9.375000
0.732556 3.682807 -9.375000
0.368050 3.736876 -9.375000
0.000000 3.754957 -9.375000
-0.368050 3.736876 -9.375000
-0.732556 3.682807 -9.375000
-1.090007 3.593270 -9.375000
-1.436960 3.469128 -9.375000
-1.770075 3.311577 -9.375000
-2.086142 3.122133 -9.375000
-2.382120 2.902621 -9.375000
-2.655156 2.655156 -9.375000
-2.902621 2.382120 -9.375000
-3.122133 2.086142 -9.375000
-3.311577 1.770075 -9.375000
-3.469128 1.436960 -9.375000
-3.593270 1.090007 -9.375000
-3.682807 0.732556 -9.375000
-3.736876 0.368050 -9.375000
-3.754957 0.000000 -9.375000
-3.736876 -0.368050 -9.375000
-3.682807 -0.732556 -9.375000
-3.593270 -1.090007 -9.375000
-3.469128 -1.436960 -9.375000
-3.311577 -1.770075 -9.375000
-3.122133 -2.086142 -9.375000
-2.902621 -2.382120 -9.375000
-2.655156 -2.655156 -9.375000
-2.382120 -2.902621 -9.375000
-2.086142 -3.122133 -9.375000
-1.770075 -3.311577 -9.375000
-1.436960 -3.469128 -9.375000
-1.090007 -3.593270 -9.375000
-0.732556 -3.682807 -9.375000
-0.368050 -3.736876 -9.375000
-0.000000 -3.754957 -9.375000
0.368050 -3.736876 -9.375000
0.732556 -3.682807 -9.375000
1.090007 -3.593270 -9.375000
1.436960 -3.469128 -9.375000
1.770075 -3.311577 -9.375000
2.086142 -3.122133 -9.375000
2.382120 -2.902621 -9.375000
2.655156 -2.655156 -9.375000
2.902621 -2.382120 -9.375000
3.122133 -2.086142 -9.375000
3.311577 -1.770075 -9.375000
3.469128 -1.436960 -9.375000
3.593270 -1.090007 -9.375000
3.682807 -0.732556 -9.375000
3.736876 -0.368050 -9.375000
3.633174 0.000000 -9.062500
3.615679 0.356113 -9.062500
3.563363 0.708797 -9.062500
3.476731 1.054655 -9.062500
3.356615 1.390355 -9.062500
3.204173 1.712666 -9.062500
3.020874 2.018483 -9.062500
2.808481 2.304861 -9.062500
2.569042 2.569042 -9.062500
2.304861 2.808481 -9.062500
2.018483 3.020874 -9.062500
1.712666 3.204173 -9.062500
1.390355 3.356615 -9.062500
1.054655 3.476731 -9.062500
0.708797 3.563363 -9.062500
0.356113 3.615679 -9.062500
0.000000 3.633174 -9.062500
-0.356113 3.615679 -9.062500
-0.708797 3.563363 -9.062500
-1.054655 3.476731 -9.062500
-1.390355 3.356615 -9.062500
-1.712666 3.204173 -9.062500
-2.018483 3.020874 -9.062500
-2.304861 2.808481 -9.062500
-2.569042 2.569042 -9.062500
-2.808481 2.304861 -9.062500
-3.020874 2.018483 -9.062500
-3.204173 1.712666 -9.062500
-3.356615 1.390355 -9.062500
-3.476731 1.054655 -9.062500
-3.563363 0.708797 -9.062500
-3.615679 0.356113 -9.062500
-3.633174 0.000000 -9.062500
-3.615679 -0.356113 -9.062500
-3.563363 -0.708797 -9.062500
-3.476731 -1.054655 -9.062500
-3.356615 -1.390355 -9.062500
-3.204173 -1.712666 -9.062500
-3.020874 -2.018483 -9.062500
-2.808481 -2.304861 -9.062500
-2.569042 -2.569042 -9.062500
-2.304861 -2.808481 -9.062500
-2.018483 -3.020874 -9.062500
-1.712666 -3.204173 -9.062500
-1.390355 -3.356615 -9.062500
-1.054655 -3.476731 -9.062500
-0.708797 -3.563363 -9.062500
-0.356113 -3.615679 -9.062500
-0.000000 -3.633174 -9.062500
0.356113 -3.615679 -9.062500
0.708797 -3.563363 -9.062500
1.054655 -3.476731 -9.062500
1.390355 -3.356615 -9.062500
1.712666 -3.204173 -9.062500
2.018483 -3.020874 -9.062500
2.304861 -2.808481 -9.062500
2.569042 -2.569042 -9.062500
2.808481 -2.304861 -9.062500
3.020874 -2.018483 -9.062500
3.204173 -1.712666 -9.062500
3.356615 -1.390355 -9.062500
3.476731 -1.054655 -9.062500
3.563363 -0.708797 -9.062500
3.615679 -0.356113 -9.062500
3.512274 0.000000 -8.750000
3.495362 0.344263 -8.750000
3.444787 0.685211 -8.750000
3.361037 1.019559 -8.750000
3.244918 1.344089 -8.750000
3.097549 1.655675 -8.750000
2.920349 1.951315 -8.750000
2.715025 2.228163 -8.750000
2.483553 2.483553 -8.750000
2.228163 2.715025 -8.750000
1.951315 2.920349 -8.750000
1.655675 3.097549 -8.750000
1.344089 3.244918 -8.750000
1.019559 3.361037 -8.750000
0.685211 3.444787 -8.750000
0.344263 3.495362 -8.750000
0.000000 3.512274 -8.750000
-0.344263 3.495362 -8.750000
-0.685211 3.444787 -8.750000
-1.019559 3.361037 -8.750000
-1.344089 3.244918 -8.750000
-1.655675 3.097549 -8.750000
-1.951315 2.920349 -8.750000
-2.228163 2.715025 -8.750000
-2.483553 2.483553 -8.750000
-2.715025 2.228163 -8.750000
-2.920349 1.951315 -8.750000
-3.097549 1.655675 -8.750000
-3.244918 1.344089 -8.750000
-3.361037 1.019559 -8.750000
-3.444787 0.685211 -8.750000
-3.495362 0.344263 -8.750000
-3.512274 0.000000 -8.750000
-3.495362 -0.344263 -8.750000
-3.444787 -0.685211 -8.750000
-3.361037 -1.019559 -8.750000
-3.244918 -1.344089 -8.750000
-3.097549 -1.655675 -8.750000
-2.920349 -1.951315 -8.750000
-2.715025 -2.228163 -8.750000
-2.483553 -2.483553 -8.750000
-2.228163 -2.715025 -8.750000
-1.951315 -2.920349 -8.750000
-1.655675 -3.097549 -8.750000
-1.344089 -3.244918 -8.750000
-1.019559 -3.361037 -8.750000
-0.685211 -3.444787 -8.750000
-0.344263 -3.495362 -8.750000
-0.000000 -3.512274 -8.750000
0.344263 -3.495362 -8.750000
0.685211 -3.444787 -8.750000
1.019559 -3.361037 -8.750000
1.344089 -3.244918 -8.750000
1.655675 -3.097549 -8.750000
1.951315 -2.920349 -8.750000
2.228163 -2.715025 -8.750000
2.483553 -2.483553 -8.750000
2.715025 -2.228163 -8.750000
2.920349 -1.951315 -8.750000
3.097549 -1.655675 -8.750000
3.244918 -1.344089 -8.750000
3.361037 -1.019559 -8.750000
3.444787 -0.685211 -8.750000
3.495362 -0.344263 -8.750000
3.392550 0.000000 -8.437500
3.376213 0.332528 -8.437500
3.327363 0.661854 -8.437500
3.246468 0.984805 -8.437500
3.134307 1.298273 -8.437500
2.991962 1.599237 -8.437500
2.820802 1.884800 -8.437500
2.622476 2.152211 -8.437500
2.398895 2.398895 -8.437500
2.152211 2.622476 -8.437500
1.884800 2.820802 -8.437500
1.599237 2.991962 -8.437500
1.298273 3.134307 -8.437500
0.984805 3.246468 -8.437500
0.661854 3.327363 -8.437500
0.332528 3.376213 -8.437500
0.000000 3.392550 -8.437500
-0.332528 3.376213 -8.437500
-0.661854 3.327363 -8.437500
-0.984805 3.246468 -8.437500
-1.298273 3.134307 -8.437500
-1.599237 2.991962 -8.437500
-1.884800 2.820802 -8.437500
-2.152211 2.622476 -8.437500
-2.398895 2.398895 -8.437500
-2.622476 2.152211 -8.437500
-2.820802 1.884800 -8.437500
-2.991962 1.599237 -8.437500
-3.134307 1.298273 -8.437500
-3.246468 0.984805 -8.437500
-3.327363 0.661854 -8.437500
-3.376213 0.332528 -8.437500
-3.392550 0.000000 -8.437500
-3.376213 -0.332528 -8.437500
-3.327363 -0.661854 -8.437500
-3.246468 -0.984805 -8.437500
-3.134307 -1.298273 -8.437500
-2.991962 -1.599237 -8.437500
-2.820802 -1.884800 -8.437500
-2.622476 -2.152211 -8.437500
-2.398895 -2.398895 -8.437500
-2.152211 -2.622476 -8.437500
-1.884800 -2.820802 -8.437500
-1.599237 -2.991962 -8.437500
-1.298273 -3.134307 -8.437500
-0.984805 -3.246468 -8.437500
-0.661854 -3.327363 -8.437500
-0.332528 -3.376213 -8.437500
-0.000000 -3.392550 -8.437500
0.332528 -3.376213 -8.437500
0.661854 -3.327363 -8.437500
0.984805 -3.246468 -8.437500
1.298273 -3.134307 -8.437500
1.599237 -2.991962 -8.437500
1.884800 -2.820802 -8.437500
2.152211 -2.622476 -8.437500
2.398895 -2.398895 -8.437500
2.622476 -2.152211 -8.437500
2.820802 -1.884800 -8.437500
2.991962 -1.599237 -8.437500
3.134307 -1.298273 -8.437500
3.246468 -0.984805 -8.437500
3.327363 -0.661854 -8.437500
3.376213 -0.332528 -8.437500
3.274288 0.000000 -8.125000
3.258522 0.320936 -8.125000
3.211374 0.638782 -8.125000
3.133299 0.950476 -8.125000
3.025048 1.253016 -8.125000
2.887664 1.543489 -8.125000
2.722471 1.819097 -8.125000
2.531059 2.077187 -8.125000
2.315271 2.315271 -8.125000
2.077187 2.531059 -8.125000
1.819097 2.722471 -8.125000
1.543489 2.887664 -8.125000
1.253016 3.025048 -8.125000
0.950476 3.133299 -8.125000
0.638782 3.211374 -8.125000
0.320936 3.258522 -8.125000
0.000000 3.274288 -8.125000
-0.320936 3.258522 -8.125000
-0.638782 3.211374 -8.125000
-0.950476 3.133299 -8.125000
-1.253016 3.025048 -8.125000
-1.543489 2.887664 -8.125000
-1.819097 2.722471 -8.125000
-2.077187 2.531059 -8.125000
-2.315271 2.315271 -8.125000
-2.531059 2.077187 -8.125000
-2.722471 1.819097 -8.125000
-2.887664 1.543489 -8.125000
-3.025048 1.253016 -8.125000
-3.133299 0.950476 -8.125000
-3.211374 0.638782 -8.125000
-3.258522 0.320936 -8.125000
-3.274288 0.000000 -8.125000
-3.258522 -0.320936 -8.125000
-3.211374 -0.638782 -8.125000
-3.133299 -0.950476 -8.125000
-3.025048 -1.253016 -8.125000
-2.887664 -1.543489 -8.125000
-2.722471 -1.819097 -8.125000
-2.531059 -2.077187 -8.125000
-2.315271 -2.315271 -8.125000
-2.077187 -2.531059 -8.125000
-1.819097 -2.722471 -8.125000
-1.543489 -2.887664 -8.125000
-1.253016 -3.025048 -8.125000
-0.950476 -3.133299 -8.125000
-0.638782 -3.211374 -8.125000
-0.320936 -3.258522 -8.125000
-0.000000 -3.274288 -8.125000
0.320936 -3.258522 -8.125000
0.638782 -3.211374 -8.125000
0.950476 -3.133299 -8.125000
1.253016 -3.025048 -8.125000
1.543489 -2.887664 -8.125000
1.819097 -2.722471 -8.125000
2.077187 -2.531059 -8.125000
2.315271 -2.315271 -8.125000
2.531059 -2.077187 -8.125000
2.722471 -1.819097 -8.125000
2.887664 -1.543489 -8.125000
3.025048 -1.253016 -8.125000
3.133299 -0.950476 -8.125000
3.211374 -0.638782 -8.125000
3.258522 -0.320936 -8.125000
3.157775 0.000000 -7.812500
3.142570 0.309516 -7.812500
3.097100 0.616051 -7.812500
3.021803 0.916654 -7.812500
2.917404 1.208428 -7.812500
2.784909 1.488565 -7.812500
2.625594 1.754366 -7.812500
2.440993 2.003271 -7.812500
2.232884 2.232884 -7.812500
2.003271 2.440993 -7.812500
1.754366 2.625594 -7.812500
1.488565 2.784909 -7.812500
1.208428 2.917404 -7.812500
0.916654 3.021803 -7.812500
0.616051 3.097100 -7.812500
0.309516 3.142570 -7.812500
0.000000 3.157775 -7.812500
-0.309516 3.142570 -7.812500
-0.616051 3.097100 -7.812500
-0.916654 3.021803 -7.812500
-1.208428 2.917404 -7.812500
-1.488565 2.784909 -7.812500
-1.754366 2.625594 -7.812500
-2.003271 2.440993 -7.812500
-2.232884 2.232884 -7.812500
-2.440993 2.003271 -7.812500
-2.625594 1.754366 -7.812500
-2.784909 1.488565 -7.812500
-2.917404 1.208428 -7.812500
-3.021803 0.916654 -7.812500
-3.097100 0.616051 -7.812500
-3.142570 0.309516 -7.812500
-3.157775 0.000000 -7.812500
-3.142570 -0.309516 -7.812500
-3.097100 -0.616051 -7.812500
-3.021803 -0.916654 -7.812500
-2.917404 -1.208428 -7.812500
-2.784909 -1.488565 -7.812500
-2.625594 -1.754366 -7.812500
-2.440993 -2.003271 -7.812500
-2.232884 -2.232884 -7.812500
-2.003271 -2.440993 -7.812500
-1.754366 -2.625594 -7.812500
-1.488565 -2.784909 -7.812500
-1.208428 -2.917404 -7.812500
-0.916654 -3.021803 -7.812500
-0.616051 -3.097100 -7.812500
-0.309516 -3.142570 -7.812500
-0.000000 -3.157775 -7.812500
0.309516 -3.142570 -7.812500
0.616051 -3.097100 -7.812500
0.916654 -3.021803 -7.812500
1.208428 -2.917404 -7.812500
1.488565 -2.784909 -7.812500
1.754366 -2.625594 -7.812500
2.003271 -2.440993 -7.812500
2.232884 -2.232884 -7.812500
2.440993 -2.003271 -7.812500
2.625594 -1.754366 -7.812500
2.784909 -1.488565 -7.812500
2.917404 -1.208428 -7.812500
3.021803 -0.916654 -7.812500
3.097100 -0.616051 -7.812500
3.142570 -0.309516 -7.812500
3.043291 0.000000 -7.500000
3.028637 0.298295 -7.500000
2.984815 0.593717 -7.500000
2.912248 0.883421 -7.500000
2.811635 1.164617 -7.500000
2.683943 1.434598 -7.500000
2.530404 1.690762 -7.500000
2.352496 1.930644 -7.500000
2.151932 2.151932 -7.500000
1.930644 2.352496 -7.500000
1.690762 2.530404 -7.500000
1.434598 2.683943 -7.500000
1.164617 2.811635 -7.500000
0.883421 2.912248 -7.500000
0.593717 2.984815 -7.500000
0.298295 3.028637 -7.500000
0.000000 3.043291 -7.500000
-0.298295 3.028637 -7.500000
-0.593717 2.984815 -7.500000
-0.883421 2.912248 -7.500000
-1.164617 2.811635 -7.500000
-1.434598 2.683943 -7.500000
-1.690762 2.530404 -7.500000
-1.930644 2.352496 -7.500000
-2.151932 2.151932 -7.500000
-2.352496 1.930644 -7.500000
-2.530404 1.690762 -7.500000
-2.683943 1.434598 -7.500000
-2.811635 1.164617 -7.500000
-2.912248 0.883421 -7.500000
-2.984815 0.593717 -7.500000
-3.028637 0.298295 -7.500000
-3.043291 0.000000 -7.500000
-3.028637 -0.298295 -7.500000
-2.984815 -0.593717 -7.500000
-2.912248 -0.883421 -7.500000
-2.811635 -1.164617 -7.500000
-2.683943 -1.434598 -7.500000
-2.530404 -1.690762 -7.500000
-2.352496 -1.930644 -7.500000
-2.151932 -2.151932 -7.500000
-1.930644 -2.352496 -7.500000
-1.690762 -2.530404 -7.500000
-1.434598 -2.683943 -7.500000
-1.164617 -2.811635 -7.500000
-0.883421 -2.912248 -7.500000
-0.593717 -2.984815 -7.500000
-0.298295 -3.028637 -7.500000
-0.000000 -3.043291 -7.500000
0.298295 -3.028637 -7.500000
0.593717 -2.984815 -7.500000
0.883421 -2.912248 -7.500000
1.164617 -2.811635 -7.500000
1.434598 -2.683943 -7.500000
1.690762 -2.530404 -7.500000
1.930644 -2.352496 -7.500000
2.151932 -2.151932 -7.500000
2.352496 -1.930644 -7.500000
2.530404 -1.690762 -7.500000
2.683943 -1.434598 -7.500000
2.811635 -1.164617 -7.500000
2.912248 -0.883421 -7.500000
2.984815 -0.593717 -7.500000
3.028637 -0.298295 -7.500000
2.931112 0.000000 -7.187500
2.916998 0.287299 -7.187500
2.874792 0.571832 -7.187500
2.804900 0.850857 -7.187500
2.707995 1.121688 -7.187500
2.585010 1.381717 -7.187500
2.437131 1.628439 -7.187500
2.265780 1.859478 -7.187500
2.072609 2.072609 -7.187500
1.859478 2.265780 -7.187500
1.628439 2.437131 -7.187500
1.381717 2.585010 -7.187500
1.121688 2.707995 -7.187500
0.850857 2.804900 -7.187500
0.571832 2.874792 -7.187500
0.287299 2.916998 -7.187500
0.000000 2.931112 -7.187500
-0.287299 2.916998 -7.187500
-0.571832 2.874792 -7.187500
-0.850857 2.804900 -7.187500
-1.121688 2.707995 -7.187500
-1.381717 2.585010 -7.187500
-1.628439 2.437131 -7.187500
-1.859478 2.265780 -7.187500
-2.072609 2.072609 -7.187500
-2.265780 1.859478 -7.187500
-2.437131 1.628439 -7.187500
-2.585010 1.381717 -7.187500
-2.707995 1.121688 -7.187500
-2.804900 0.850857 -7.187500
-2.874792 0.571832 -7.187500
-2.916998 0.287299 -7.187500
-2.931112 0.000000 -7.187500
-2.916998 -0.287299 -7.187500
-2.874792 -0.571832 -7.187500
-2.804900 -0.850857 -7.187500
-2.707995 -1.121688 -7.187500
-2.585010 -1.381717 -7.187500
-2.437131 -1.628439 -7.187500
-2.265780 -1.859478 -7.187500
-2.072609 -2.072609 -7.187500
-1.859478 -2.265780 -7.187500
-1.628439 -2.437131 -7.187500
-1.381717 -2.585010 -7.187500
-1.121688 -2.707995 -7.187500
-0.850857 -2.804900 -7.187500
-0.571832 -2.874792 -7.187500
-0.287299 -2.916998 -7.187500
-0.000000 -2.931112 -7.187500
0.287299 -2.916998 -7.187500
0.571832 -2.874792 -7.187500
0.850857 -2.804900 -7.187500
1.121688 -2.707995 -7.187500
1.381717 -2.585010 -7.187500
1.628439 -2.437131 -7.187500
1.859478 -2.265780 -7.187500
2.072609 -2.072609 -7.187500
2.265780 -1.859478 -7.187500
2.437131 -1.628439 -7.187500
2.585010 -1.381717 -7.187500
2.707995 -1.121688 -7.187500
2.804900 -0.850857 -7.187500
2.874792 -0.571832 -7.187500
2.916998 -0.287299 -7.187500
2.821508 0.000000 -6.875000
2.807922 0.276556 -6.875000
2.767294 0.550449 -6.875000
2.700015 0.819041 -6.875000
2.606734 1.079744 -6.875000
2.488348 1.330050 -6.875000
2.345998 1.567546 -6.875000
2.181055 1.789946 -6.875000
1.995108 1.995108 -6.875000
1.789946 2.181055 -6.875000
1.567546 2.345998 -6.875000
1.330050 2.488348 -6.875000
1.079744 2.606734 -6.875000
0.819041 2.700015 -6.875000
0.550449 2.767294 -6.875000
0.276556 2.807922 -6.875000
0.000000 2.821508 -6.875000
-0.276556 2.807922 -6.875000
-0.550449 2.767294 -6.875000
-0.819041 2.700015 -6.875000
-1.079744 2.606734 -6.875000
-1.330050 2.488348 -6.875000
-1.567546 2.345998 -6.875000
-1.789946 2.181055 -6.875000
-1.995108 1.995108 -6.875000
-2.181055 1.789946 -6.875000
-2.345998 1.567546 -6.875000
-2.488348 1.330050 -6.875000
-2.606734 1.079744 -6.875000
-2.700015 0.819041 -6.875000
-2.767294 0.550449 -6.875000
-2.807922 0.276556 -6.875000
-2.821508 0.000000 -6.875000
-2.807922 -0.276556 -6.875000
-2.767294 -0.550449 -6.875000
-2.700015 -0.819041 -6.875000
-2.606734 -1.079744 -6.875000
-2.488348 -1.330050 -6.875000
-2.345998 -1.567546 -6.875000
-2.181055 -1.789946 -6.875000
-1.995108 -1.995108 -6.875000
-1.789946 -2.181055 -6.875000
-1.567546 -2.345998 -6.875000
-1.330050 -2.488348 -6.875000
-1.079744 -2.606734 -6.875000
-0.819041 -2.700015 -6.875000
-0.550449 -2.767294 -6.875000
-0.276556 -2.807922 -6.875000
-0.000000 -2.821508 -6.875000
0.276556 -2.807922 -6.875000
0.550449 -2.767294 -6.875000
0.819041 -2.700015 -6.875000
1.079744 -2.606734 -6.875000
1.330050 -2.488348 -6.875000
1.567546 -2.345998 -6.875000
1.789946 -2.181055 -6.875000
1.995108 -1.995108 -6.875000
2.181055 -1.789946 -6.875000
2.345998 -1.567546 -6.875000
2.488348 -1.330050 -6.875000
2.606734 -1.079744 -6.875000
2.700015 -0.819041 -6.875000
2.767294 -0.550449 -6.875000
2.807922 -0.276556 -6.875000
2.714743 0.000000 -6.562500
2.701671 0.266091 -6.562500
2.662580 0.529620 -6.562500
2.597847 0.788048 -6.562500
2.508096 1.038887 -6.562500
2.394190 1.279721 -6.562500
2.257226 1.508230 -6.562500
2.098525 1.722215 -6.562500
1.919613 1.919613 -6.562500
1.722215 2.098525 -6.562500
1.508230 2.257226 -6.562500
1.279721 2.394190 -6.562500
1.038887 2.508096 -6.562500
0.788048 2.597847 -6.562500
0.529620 2.662580 -6.562500
0.266091 2.701671 -6.562500
0.000000 2.714743 -6.562500
-0.266091 2.701671 -6.562500
-0.529620 2.662580 -6.562500
-0.788048 2.597847 -6.562500
-1.038887 2.508096 -6.562500
-1.279721 2.394190 -6.562500
-1.508230 2.257226 -6.562500
-1.722215 2.098525 -6.562500
-1.919613 1.919613 -6.562500
-2.098525 1.722215 -6.562500
-2.257226 1.508230 -6.562500
-2.394190 1.279721 -6.562500
-2.508096 1.038887 -6.562500
-2.597847 0.788048 -6.562500
-2.662580 0.529620 -6.562500
-2.701671 0.266091 -6.562500
-2.714743 0.000000 -6.562500
-2.701671 -0.266091 -6.562500
-2.662580 -0.529620 -6.562500
-2.597847 -0.788048 -6.562500
-2.508096 -1.038887 -6.562500
-2.394190 -1.279721 -6.562500
-2.257226 -1.508230 -6.562500
-2.098525 -1.722215 -6.562500
-1.919613 -1.919613 -6.562500
-1.722215 -2.098525 -6.562500
-1.508230 -2.257226 -6.562500
-1.279721 -2.394190 -6.562500
-1.038887 -2.508096 -6.562500
-0.788048 -2.597847 -6.562500
-0.529620 -2.662580 -6.562500
-0.266091 -2.701671 -6.562500
-0.000000 -2.714743 -6.562500
0.266091 -2.701671 -6.562500
0.529620 -2.662580 -6.562500
0.788048 -2.597847 -6.562500
1.038887 -2.508096 -6.562500
1.279721 -2.394190 -6.562500
1.508230 -2.257226 -6.562500
1.722215 -2.098525 -6.562500
1.919613 -1.919613 -6.562500
2.098525 -1.722215 -6.562500
2.257226 -1.508230 -6.562500
2.394190 -1.279721 -6.562500
2.508096 -1.038887 -6.562500
2.597847 -0.788048 -6.562500
2.662580 -0.529620 -6.562500
2.701671 -0.266091 -6.562500
2.611074 0.000000 -6.250000
2.598501 0.255930 -6.250000
2.560903 0.509395 -6.250000
2.498642 0.757955 -6.250000
2.412318 0.999215 -6.250000
2.302762 1.230852 -6.250000
2.171029 1.450635 -6.250000
2.018388 1.656448 -6.250000
1.846308 1.846308 -6.250000
1.656448 2.018388 -6.250000
1.450635 2.171029 -6.250000
1.230852 2.302762 -6.250000
0.999215 2.412318 -6.250000
0.757955 2.498642 -6.250000
0.509395 2.560903 -6.250000
0.255930 2.598501 -6.250000
0.000000 2.611074 -6.250000
-0.255930 2.598501 -6.250000
-0.509395 2.560903 -6.250000
-0.757955 2.498642 -6.250000
-0.999215 2.412318 -6.250000
-1.230852 2.302762 -6.250000
-1.450635 2.171029 -6.250000
-1.656448 2.018388 -6.250000
-1.846308 1.846308 -6.250000
-2.018388 1.656448 -6.250000
-2.171029 1.450635 -6.250000
-2.302762 1.230852 -6.250000
-2.412318 0.999215 -6.250000
-2.498642 0.757955 -6.250000
-2.560903 0.509395 -6.250000
-2.598501 0.255930 -6.250000
-2.611074 0.000000 -6.250000
-2.598501 -0.255930 -6.250000
-2.560903 -0.509395 -6.250000
-2.498642 -0.757955 -6.250000
-2.412318 -0.999215 -6.250000
-2.302762 -1.230852 -6.250000
-2.171029 -1.450635 -6.250000
-2.018388 -1.656448 -6.250000
-1.846308 -1.846308 -6.250000
-1.656448 -2.018388 -6.250000
-1.450635 -2.171029 -6.250000
-1.230852 -2.302762 -6.250000
-0.999215 -2.412318 -6.250000
-0.757955 -2.498642 -6.250000
-0.509395 -2.560903 -6.250000
-0.255930 -2.598501 -6.250000
-0.000000 -2.611074 -6.250000
0.255930 -2.598501 -6.250000
0.509395 -2.560903 -6.250000
0.757955 -2.498642 -6.250000
0.999215 -2.412318 -6.250000
1.230852 -2.302762 -6.250000
1.450635 -2.171029 -6.250000
1.656448 -2.018388 -6.250000
1.846308 -1.846308 -6.250000
2.018388 -1.656448 -6.250000
2.171029 -1.450635 -6.250000
2.302762 -1.230852 -6.250000
2.412318 -0.999215 -6.250000
2.498642 -0.757955 -6.250000
2.560903 -0.509395 -6.250000
2.598501 -0.255930 -6.250000
2.510752 0.000000 -5.937500
2.498662 0.246097 -5.937500
2.462508 0.489823 -5.937500
2.402640 0.728833 -5.937500
2.319632 0.960823 -5.937500
2.214285 1.183560 -5.937500
2.087614 1.394899 -5.937500
1.940837 1.592804 -5.937500
1.775370 1.775370 -5.937500
1.592804 1.940837 -5.937500
1.394899 2.087614 -5.937500
1.183560 2.214285 -5.937500
0.960823 2.319632 -5.937500
0.728833 2.402640 -5.937500
0.489823 2.462508 -5.937500
0.246097 2.498662 -5.937500
0.000000 2.510752 -5.937500
-0.246097 2.498662 -5.937500
-0.489823 2.462508 -5.937500
-0.728833 2.402640 -5.937500
-0.960823 2.319632 -5.937500
-1.183560 2.214285 -5.937500
-1.394899 2.087614 -5.937500
-1.592804 1.940837 -5.937500
-1.775370 1.775370 -5.937500
-1.940837 1.592804 -5.937500
-2.087614 1.394899 -5.937500
-2.214285 1.183560 -5.937500
-2.319632 0.960823 -5.937500
-2.402640 0.728833 -5.937500
-2.462508 0.489823 -5.937500
-2.498662 0.246097 -5.937500
-2.510752 0.000000 -5.937500
-2.498662 -0.246097 -5.937500
-2.462508 -0.489823 -5.937500
-2.402640 -0.728833 -5.937500
-2.319632 -0.960823 -5.937500
-2.214285 -1.183560 -5.937500
-2.087614 -1.394899 -5.937500
-1.940837 -1.592804 -5.937500
-1.775370 -1.775370 -5.937500
-1.592804 -1.940837 -5.937500
-1.394899 -2.087614 -5.937500
-1.183560 -2.214285 -5.937500
-0.960823 -2.319632 -5.937500
-0.728833 -2.402640 -5.937500
-0.489823 -2.462508 -5.937500
-0.246097 -2.498662 -5.937500
-0.000000 -2.510752 -5.937500
0.246097 -2.498662 -5.937500
0.489823 -2.462508 -5.937500
0.728833 -2.402640 -5.937500
0.960823 -2.319632 -5.937500
1.183560 -2.214285 -5.937500
1.394899 -2.087614 -5.937500
1.592804 -1.940837 -5.937500
1.775370 -1.775370 -5.937500
1.940837 -1.592804 -5.937500
2.087614 -1.394899 -5.937500
2.214285 -1.183560 -5.937500
2.319632 -0.960823 -5.937500
2.402640 -0.728833 -5.937500
2.462508 -0.489823 -5.937500
2.498662 -0.246097 -5.937500
2.414017 0.000000 -5.625000
2.402393 0.236615 -5.625000
2.367632 0.470951 -5.625000
2.310070 0.700752 -5.625000
2.230261 0.923804 -5.625000
2.128973 1.137960 -5.625000
2.007182 1.341156 -5.625000
1.866060 1.531436 -5.625000
1.706968 1.706968 -5.625000
1.531436 1.866060 -5.625000
1.341156 2.007182 -5.625000
1.137960 2.128973 -5.625000
0.923804 2.230261 -5.625000
0.700752 2.310070 -5.625000
0.470951 2.367632 -5.625000
0.236615 2.402393 -5.625000
0.000000 2.414017 -5.625000
-0.236615 2.402393 -5.625000
-0.470951 2.367632 -5.625000
-0.700752 2.310070 -5.625000
-0.923804 2.230261 -5.625000
-1.137960 2.128973 -5.625000
-1.341156 2.007182 -5.625000
-1.531436 1.866060 -5.625000
-1.706968 1.706968 -5.625000
-1.866060 1.531436 -5.625000
-2.007182 1.341156 -5.625000
-2.128973 1.137960 -5.625000
-2.230261 0.923804 -5.625000
-2.310070 0.700752 -5.625000
-2.367632 0.470951 -5.625000
-2.402393 0.236615 -5.625000
-2.414017 0.000000 -5.625000
-2.402393 -0.236615 -5.625000
-2.367632 -0.470951 -5.625000
-2.310070 -0.700752 -5.625000
-2.230261 -0.923804 -5.625000
-2.128973 -1.137960 -5.625000
-2.007182 -1.341156 -5.625000
-1.866060 -1.531436 -5.625000
-1.706968 -1.706968 -5.625000
-1.531436 -1.866060 -5.625000
-1.341156 -2.007182 -5.625000
-1.137960 -2.128973 -5.625000
-0.923804 -2.230261 -5.625000
-0.700752 -2.310070 -5.625000
-0.470951 -2.367632 -5.625000
-0.236615 -2.402393 -5.625000
-0.000000 -2.414017 -5.625000
0.236615 -2.402393 -5.625000
0.470951 -2.367632 -5.625000
0.700752 -2.310070 -5.625000
0.923804 -2.230261 -5.625000
1.137960 -2.128973 -5.625000
1.341156 -2.007182 -5.625000
1.531436 -1.866060 -5.625000
1.706968 -1.706968 -5.625000
1.866060 -1.531436 -5.625000
2.007182 -1.341156 -5.625000
2.128973 -1.137960 -5.625000
2.230261 -0.923804 -5.625000
2.310070 -0.700752 -5.625000
2.367632 -0.470951 -5.625000
2.402393 -0.236615 -5.625000
2.321103 0.000000 -5.312500
2.309926 0.227508 -5.312500
2.276503 0.452825 -5.312500
2.221157 0.673781 -5.312500
2.144419 0.888248 -5.312500
2.047030 1.094160 -5.312500
1.929926 1.289536 -5.312500
1.794237 1.472492 -5.312500
1.641267 1.641267 -5.312500
1.472492 1.794237 -5.312500
1.289536 1.929926 -5.312500
1.094160 2.047030 -5.312500
0.888248 2.144419 -5.312500
0.673781 2.221157 -5.312500
0.452825 2.276503 -5.312500
0.227508 2.309926 -5.312500
0.000000 2.321103 -5.312500
-0.227508 2.309926 -5.312500
-0.452825 2.276503 -5.312500
-0.673781 2.221157 -5.312500
-0.888248 2.144419 -5.312500
-1.094160 2.047030 -5.312500
-1.289536 1.929926 -5.312500
-1.472492 1.794237 -5.312500
-1.641267 1.641267 -5.312500
-1.794237 1.472492 -5.312500
-1.929926 1.289536 -5.312500
-2.047030 1.094160 -5.312500
-2.144419 0.888248 -5.312500
-2.221157 0.673781 -5.312500
-2.276503 0.452825 -5.312500
-2.309926 0.227508 -5.312500
-2.321103 0.000000 -5.312500
-2.309926 -0.227508 -5.312500
-2.276503 -0.452825 -5.312500
-2.221157 -0.673781 -5.312500
-2.144419 -0.888248 -5.312500
-2.047030 -1.094160 -5.312500
-1.929926 -1.289536 -5.312500
-1.794237 -1.472492 -5.312500
-1.641267 -1.641267 -5.312500
-1.472492 -1.794237 -5.312500
-1.289536 -1.929926 -5.312500
-1.094160 -2.047030 -5.312500
-0.888248 -2.144419 -5.312500
-0.673781 -2.221157 -5.312500
-0.452825 -2.276503 -5.312500
-0.227508 -2.309926 -5.312500
-0.000000 -2.321103 -5.312500
0.227508 -2.309926 -5.312500
0.452825 -2.276503 -5.312500
0.673781 -2.221157 -5.312500
0.888248 -2.144419 -5.312500
1.094160 -2.047030 -5.312500
1.289536 -1.929926 -5.312500
1.472492 -1.794237 -5.312500
1.641267 -1.641267 -5.312500
1.794237 -1.472492 -5.312500
1.929926 -1.289536 -5.312500
2.047030 -1.094160 -5.312500
2.144419 -0.888248 -5.312500
2.221157 -0.673781 -5.312500
2.276503 -0.452825 -5.312500
2.309926 -0.227508 -5.312500
2.232233 0.000000 -5.000000
2.221484 0.218797 -5.000000
2.189341 0.435487 -5.000000
2.136114 0.647983 -5.000000
2.062314 0.854239 -5.000000
1.968654 1.052267 -5.000000
1.856034 1.240162 -5.000000
1.725539 1.416114 -5.000000
1.578427 1.578427 -5.000000
1.416114 1.725539 -5.000000
1.240162 1.856034 -5.000000
1.052267 1.968654 -5.000000
0.854239 2.062314 -5.000000
0.647983 2.136114 -5.000000
0.435487 2.189341 -5.000000
0.218797 2.221484 -5.000000
0.000000 2.232233 -5.000000
-0.218797 2.221484 -5.000000
-0.435487 2.189341 -5.000000
-0.647983 2.136114 -5.000000
-0.854239 2.062314 -5.000000
-1.052267 1.968654 -5.000000
-1.240162 1.856034 -5.000000
-1.416114 1.725539 -5.000000
-1.578427 1.578427 -5.000000
-1.725539 1.416114 -5.000000
-1.856034 1.240162 -5.000000
-1.968654 1.052267 -5.000000
-2.062314 0.854239 -5.000000
-2.136114 0.647983 -5.000000
-2.189341 0.435487 -5.000000
-2.221484 0.218797 -5.000000
-2.232233 0.000000 -5.000000
-2.221484 -0.218797 -5.000000
-2.189341 -0.435487 -5.000000
-2.136114 -0.647983 -5.000000
-2.062314 -0.854239 -5.000000
-1.968654 -1.052267 -5.000000
-1.856034 -1.240162 -5.000000
-1.725539 -1.416114 -5.000000
-1.578427 -1.578427 -5.000000
-1.416114 -1.725539 -5.000000
-1.240162 -1.856034 -5.000000
-1.052267 -1.968654 -5.000000
-0.854239 -2.062314 -5.000000
-0.647983 -2.136114 -5.000000
-0.435487 -2.189341 -5.000000
-0.218797 -2.221484 -5.000000
-0.000000 -2.232233 -5.000000
0.218797 -2.221484 -5.000000
0.435487 -2.189341 -5.000000
0.647983 -2.136114 -5.000000
0.854239 -2.062314 -5.000000
1.052267 -1.968654 -5.000000
1.240162 -1.856034 -5.000000
1.416114 -1.725539 -5.000000
1.578427 -1.578427 -5.000000
1.725539 -1.416114 -5.000000
1.856034 -1.240162 -5.000000
1.968654 -1.052267 -5.000000
2.062314 -0.854239 -5.000000
2.136114 -0.647983 -5.000000
2.189341 -0.435487 -5.000000
2.221484 -0.218797 -5.000000
2.147622 0.000000 -4.687500
2.137281 0.210504 -4.687500
2.106356 0.418980 -4.687500
2.055146 0.623422 -4.687500
1.984144 0.821859 -4.687500
1.894034 1.012382 -4.687500
1.785683 1.193155 -4.687500
1.660134 1.362437 -4.687500
1.518598 1.518598 -4.687500
1.362437 1.660134 -4.687500
1.193155 1.785683 -4.687500
1.012382 1.894034 -4.687500
0.821859 1.984144 -4.687500
0.623422 2.055146 -4.687500
0.418980 2.106356 -4.687500
0.210504 2.137281 -4.687500
0.000000 2.147622 -4.687500
-0.210504 2.137281 -4.687500
-0.418980 2.106356 -4.687500
-0.623422 2.055146 -4.687500
-0.821859 1.984144 -4.687500
-1.012382 1.894034 -4.687500
-1.193155 1.785683 -4.687500
-1.362437 1.660134 -4.687500
-1.518598 1.518598 -4.687500
-1.660134 1.362437 -4.687500
-1.785683 1.193155 -4.687500
-1.894034 1.012382 -4.687500
-1.984144 0.821859 -4.687500
-2.055146 0.623422 -4.687500
-2.106356 0.418980 -4.687500
-2.137281 0.210504 -4.687500
-2.147622 0.000000 -4.687500
-2.137281 -0.210504 -4.687500
-2.106356 -0.418980 -4.687500
-2.055146 -0.623422 -4.687500
-1.984144 -0.821859 -4.687500
-1.894034 -1.012382 -4.687500
-1.785683 -1.193155 -4.687500
-1.660134 -1.362437 -4.687500
-1.518598 -1.518598 -4.687500
-1.362437 -1.660134 -4.687500
-1.193155 -1.785683 -4.687500
-1.012382 -1.894034 -4.687500
-0.821859 -1.984144 -4.687500
-0.623422 -2.055146 -4.687500
-0.418980 -2.106356 -4.687500
-0.210504 -2.137281 -4.687500
-0.000000 -2.147622 -4.687500
0.210504 -2.137281 -4.687500
0.418980 -2.106356 -4.687500
0.623422 -2.055146 -4.687500
0.821859 -1.984144 -4.687500
1.012382 -1.894034 -4.687500
1.193155 -1.785683 -4.687500
1.362437 -1.660134 -4.687500
1.518598 -1.518598 -4.687500
1.660134 -1.362437 -4.687500
1.785683 -1.193155 -4.687500
1.894034 -1.012382 -4.687500
1.984144 -0.821859 -4.687500
2.055146 -0.623422 -4.687500
2.106356 -0.418980 -4.687500
2.137281 -0.210504 -4.687500
2.067474 0.000000 -4.375000
2.057518 0.202648 -4.375000
2.027748 0.403344 -4.375000
1.978449 0.600156 -4.375000
1.910097 0.791188 -4.375000
1.823349 0.974600 -4.375000
1.719042 1.148627 -4.375000
1.598179 1.311592 -4.375000
1.461925 1.461925 -4.375000
1.311592 1.598179 -4.375000
1.148627 1.719042 -4.375000
0.974600 1.823349 -4.375000
0.791188 1.910097 -4.375000
0.600156 1.978449 -4.375000
0.403344 2.027748 -4.375000
0.202648 2.057518 -4.375000
0.000000 2.067474 -4.375000
-0.202648 2.057518 -4.375000
-0.403344 2.027748 -4.375000
-0.600156 1.978449 -4.375000
-0.791188 1.910097 -4.375000
-0.974600 1.823349 -4.375000
-1.148627 1.719042 -4.375000
-1.311592 1.598179 -4.375000
-1.461925 1.461925 -4.375000
-1.598179 1.311592 -4.375000
-1.719042 1.148627 -4.375000
-1.823349 0.974600 -4.375000
-1.910097 0.791188 -4.375000
-1.978449 0.600156 -4.375000
-2.027748 0.403344 -4.375000
-2.057518 0.202648 -4.375000
-2.067474 0.000000 -4.375000
-2.057518 -0.202648 -4.375000
-2.027748 -0.403344 -4.375000
-1.978449 -0.600156 -4.375000
-1.910097 -0.791188 -4.375000
-1.823349 -0.974600 -4.375000
-1.719042 -1.148627 -4.375000
-1.598179 -1.311592 -4.375000
-1.461925 -1.461925 -4.375000
-1.311592 -1.598179 -4.375000
-1.148627 -1.719042 -4.375000
-0.974600 -1.823349 -4.375000
-0.791188 -1.910097 -4.375000
-0.600156 -1.978449 -4.375000
-0.403344 -2.027748 -4.375000
-0.202648 -2.057518 -4.375000
-0.000000 -2.067474 -4.375000
0.202648 -2.057518 -4.375000
0.403344 -2.027748 -4.375000
0.600156 -1.978449 -4.375000
0.791188 -1.910097 -4.375000
0.974600 -1.823349 -4.375000
1.148627 -1.719042 -4.375000
1.311592 -1.598179 -4.375000
1.461925 -1.461925 -4.375000
1.598179 -1.311592 -4.375000
1.719042 -1.148627 -4.375000
1.823349 -0.974600 -4.375000
1.910097 -0.791188 -4.375000
1.978449 -0.600156 -4.375000
2.027748 -0.403344 -4.375000
2.057518 -0.202648 -4.375000
1.991981 0.000000 -4.062500
1.982389 0.195248 -4.062500
1.953706 0.388616 -4.062500
1.906207 0.578242 -4.062500
1.840351 0.762298 -4.062500
1.756771 0.939013 -4.062500
1.656272 1.106685 -4.062500
1.539822 1.263699 -4.062500
1.408543 1.408543 -4.062500
1.263699 1.539822 -4.062500
1.106685 1.656272 -4.062500
0.939013 1.756771 -4.062500
0.762298 1.840351 -4.062500
0.578242 1.906207 -4.062500
0.388616 1.953706 -4.062500
0.195248 1.982389 -4.062500
0.000000 1.991981 -4.062500
-0.195248 1.982389 -4.062500
-0.388616 1.953706 -4.062500
-0.578242 1.906207 -4.062500
-0.762298 1.840351 -4.062500
-0.939013 1.756771 -4.062500
-1.106685 1.656272 -4.062500
-1.263699 1.539822 -4.062500
-1.408543 1.408543 -4.062500
-1.539822 1.263699 -4.062500
-1.656272 1.106685 -4.062500
-1.756771 0.939013 -4.062500
-1.840351 0.762298 -4.062500
-1.906207 0.578242 -4.062500
-1.953706 0.388616 -4.062500
-1.982389 0.195248 -4.062500
-1.991981 0.000000 -4.062500
-1.982389 -0.195248 -4.062500
-1.953706 -0.388616 -4.062500
-1.906207 -0.578242 -4.062500
-1.840351 -0.762298 -4.062500
-1.756771 -0.939013 -4.062500
-1.656272 -1.106685 -4.062500
-1.539822 -1.263699 -4.062500
-1.408543 -1.408543 -4.062500
-1.263699 -1.539822 -4.062500
-1.106685 -1.656272 -4.062500
-0.939013 -1.756771 -4.062500
-0.762298 -1.840351 -4.062500
-0.578242 -1.906207 -4.062500
-0.388616 -1.953706 -4.062500
-0.195248 -1.982389 -4.062500
-0.000000 -1.991981 -4.062500
0.195248 -1.982389 -4.062500
0.388616 -1.953706 -4.062500
0.578242 -1.906207 -4.062500
0.762298 -1.840351 -4.062500
0.939013 -1.756771 -4.062500
1.106685 -1.656272 -4.062500
1.263699 -1.539822 -4.062500
1.408543 -1.408543 -4.062500
1.539822 -1.263699 -4.062500
1.656272 -1.106685 -4.062500
1.756771 -0.939013 -4.062500
1.840351 -0.762298 -4.062500
1.906207 -0.578242 -4.062500
1.953706 -0.388616 -4.062500
1.982389 -0.195248 -4.062500
1.921326 0.000000 -3.750000
1.912074 0.188323 -3.750000
1.884408 0.374832 -3.750000
1.838594 0.557731 -3.750000
1.775074 0.735260 -3.750000
1.694458 0.905707 -3.750000
1.597524 1.067432 -3.750000
1.485205 1.218876 -3.750000
1.358583 1.358583 -3.750000
1.218876 1.485205 -3.750000
1.067432 1.597524 -3.750000
0.905707 1.694458 -3.750000
0.735260 1.775074 -3.750000
0.557731 1.838594 -3.750000
0.374832 1.884408 -3.750000
0.188323 1.912074 -3.750000
0.000000 1.921326 -3.750000
-0.188323 1.912074 -3.750000
-0.374832 1.884408 -3.750000
-0.557731 1.838594 -3.750000
-0.735260 1.775074 -3.750000
-0.905707 1.694458 -3.750000
-1.067432 1.597524 -3.750000
-1.218876 1.485205 -3.750000
-1.358583 1.358583 -3.750000
-1.485205 1.218876 -3.750000
-1.597524 1.067432 -3.750000
-1.694458 0.905707 -3.750000
-1.775074 0.735260 -3.750000
-1.838594 0.557731 -3.750000
-1.884408 0.374832 -3.750000
-1.912074 0.188323 -3.750000
-1.921326 0.000000 -3.750000
-1.912074 -0.188323 -3.750000
-1.884408 -0.374832 -3.750000
-1.838594 -0.557731 -3.750000
-1.775074 -0.735260 -3.750000
-1.694458 -0.905707 -3.750000
-1.597524 -1.067432 -3.750000
-1.485205 -1.218876 -3.750000
-1.358583 -1.358583 -3.750000
-1.218876 -1.485205 -3.750000
-1.067432 -1.597524 -3.750000
-0.905707 -1.694458 -3.750000
-0.735260 -1.775074 -3.750000
-0.557731 -1.838594 -3.750000
-0.374832 -1.884408 -3.750000
-0.188323 -1.912074 -3.750000
-0.000000 -1.921326 -3.750000
0.188323 -1.912074 -3.750000
0.374832 -1.884408 -3.750000
0.557731 -1.838594 -3.750000
0.735260 -1.775074 -3.750000
0.905707 -1.694458 -3.750000
1.067432 -1.597524 -3.750000
1.218876 -1.485205 -3.750000
1.358583 -1.358583 -3.750000
1.485205 -1.218876 -3.750000
1.597524 -1.067432 -3.750000
1.694458 -0.905707 -3.750000
1.775074 -0.735260 -3.750000
1.838594 -0.557731 -3.750000
1.884408 -0.374832 -3.750000
1.912074 -0.188323 -3.750000
1.855678 0.000000 -3.437500
1.846743 0.181888 -3.437500
1.820022 0.362025 -3.437500
1.775774 0.538675 -3.437500
1.714423 0.710137 -3.437500
1.636562 0.874761 -3.437500
1.542940 1.030960 -3.437500
1.434459 1.177230 -3.437500
1.312163 1.312163 -3.437500
1.177230 1.434459 -3.437500
1.030960 1.542940 -3.437500
0.874761 1.636562 -3.437500
0.710137 1.714423 -3.437500
0.538675 1.775774 -3.437500
0.362025 1.820022 -3.437500
0.181888 1.846743 -3.437500
0.000000 1.855678 -3.437500
-0.181888 1.846743 -3.437500
-0.362025 1.820022 -3.437500
-0.538675 1.775774 -3.437500
-0.710137 1.714423 -3.437500
-0.874761 1.636562 -3.437500
-1.030960 1.542940 -3.437500
-1.177230 1.434459 -3.437500
-1.312163 1.312163 -3.437500
-1.434459 1.177230 -3.437500
-1.542940 1.030960 -3.437500
-1.636562 0.874761 -3.437500
-1.714423 0.710137 -3.437500
-1.775774 0.538675 -3.437500
-1.820022 0.362025 -3.437500
-1.846743 0.181888 -3.437500
-1.855678 0.000000 -3.437500
-1.846743 -0.181888 -3.437500
-1.820022 -0.362025 -3.437500
-1.775774 -0.538675 -3.437500
-1.714423 -0.710137 -3.437500
-1.636562 -0.874761 -3.437500
-1.542940 -1.030960 -3.437500
-1.434459 -1.177230 -3.437500
-1.312163 -1.312163 -3.437500
-1.177230 -1.434459 -3.437500
-1.030960 -1.542940 -3.437500
-0.874761 -1.636562 -3.437500
-0.710137 -1.714423 -3.437500
-0.538675 -1.775774 -3.437500
-0.362025 -1.820022 -3.437500
-0.181888 -1.846743 -3.437500
-0.000000 -1.855678 -3.437500
0.181888 -1.846743 -3.437500
0.362025 -1.820022 -3.437500
0.538675 -1.775774 -3.437500
0.710137 -1.714423 -3.437500
0.874761 -1.636562 -3.437500
1.030960 -1.542940 -3.437500
1.177230 -1.434459 -3.437500
1.312163 -1.312163 -3.437500
1.434459 -1.177230 -3.437500
1.542940 -1.030960 -3.437500
1.636562 -0.874761 -3.437500
1.714423 -0.710137 -3.437500
1.775774 -0.538675 -3.437500
1.820022 -0.362025 -3.437500
1.846743 -0.181888 -3.437500
1.795197 0.000000 -3.125000
1.786552 0.175960 -3.125000
1.760703 0.350226 -3.125000
1.717896 0.521118 -3.125000
1.658546 0.686992 -3.125000
1.583222 0.846250 -3.125000
1.492652 0.997358 -3.125000
1.387706 1.138861 -3.125000
1.269396 1.269396 -3.125000
1.138861 1.387706 -3.125000
0.997358 1.492652 -3.125000
0.846250 1.583222 -3.125000
0.686992 1.658546 -3.125000
0.521118 1.717896 -3.125000
0.350226 1.760703 -3.125000
0.175960 1.786552 -3.125000
0.000000 1.795197 -3.125000
-0.175960 1.786552 -3.125000
-0.350226 1.760703 -3.125000
-0.521118 1.717896 -3.125000
-0.686992 1.658546 -3.125000
-0.846250 1.583222 -3.125000
-0.997358 1.492652 -3.125000
-1.138861 1.387706 -3.125000
-1.269396 1.269396 -3.125000
-1.387706 1.138861 -3.125000
-1.492652 0.997358 -3.125000
-1.583222 0.846250 -3.125000
-1.658546 0.686992 -3.125000
-1.717896 0.521118 -3.125000
-1.760703 0.350226 -3.125000
-1.786552 0.175960 -3.125000
-1.795197 0.000000 -3.125000
-1.786552 -0.175960 -3.125000
-1.760703 -0.350226 -3.125000
-1.717896 -0.521118 -3.125000
-1.658546 -0.686992 -3.125000
-1.583222 -0.846250 -3.125000
-1.492652 -0.997358 -3.125000
-1.387706 -1.138861 -3.125000
-1.269396 -1.269396 -3.125000
-1.138861 -1.387706 -3.125000
-0.997358 -1.492652 -3.125000
-0.846250 -1.583222 -3.125000
-0.686992 -1.658546 -3.125000
-0.521118 -1.717896 -3.125000
-0.350226 -1.760703 -3.125000
-0.175960 -1.786552 -3.125000
-0.000000 -1.795197 -3.125000
0.175960 -1.786552 -3.125000
0.350226 -1.760703 -3.125000
0.521118 -1.717896 -3.125000
0.686992 -1.658546 -3.125000
0.846250 -1.583222 -3.125000
0.997358 -1.492652 -3.125000
1.138861 -1.387706 -3.125000
1.269396 -1.269396 -3.125000
1.387706 -1.138861 -3.125000
1.492652 -0.997358 -3.125000
1.583222 -0.846250 -3.125000
1.658546 -0.686992 -3.125000
1.717896 -0.521118 -3.125000
1.760703 -0.350226 -3.125000
1.786552 -0.175960 -3.125000
1.740027 0.000000 -2.812500
1.731648 0.170552 -2.812500
1.706593 0.339462 -2.812500
1.665102 0.505103 -2.812500
1.607575 0.665879 -2.812500
1.534567 0.820243 -2.812500
1.446779 0.966707 -2.812500
1.345059 1.103861 -2.812500
1.230385 1.230385 -2.812500
1.103861 1.345059 -2.812500
0.966707 1.446779 -2.812500
0.820243 1.534567 -2.812500
0.665879 1.607575 -2.812500
0.505103 1.665102 -2.812500
0.339462 1.706593 -2.812500
0.170552 1.731648 -2.812500
0.000000 1.740027 -2.812500
-0.170552 1.731648 -2.812500
-0.339462 1.706593 -2.812500
-0.505103 1.665102 -2.812500
-0.665879 1.607575 -2.812500
-0.820243 1.534567 -2.812500
-0.966707 1.446779 -2.812500
-1.103861 1.345059 -2.812500
-1.230385 1.230385 -2.812500
-1.345059 1.103861 -2.812500
-1.446779 0.966707 -2.812500
-1.534567 0.820243 -2.812500
-1.607575 0.665879 -2.812500
-1.665102 0.505103 -2.812500
-1.706593 0.339462 -2.812500
-1.731648 0.170552 -2.812500
-1.740027 0.000000 -2.812500
-1.731648 -0.170552 -2.812500
-1.706593 -0.339462 -2.812500
-1.665102 -0.505103 -2.812500
-1.607575 -0.665879 -2.812500
-1.534567 -0.820243 -2.812500
-1.446779 -0.966707 -2.812500
-1.345059 -1.103861 -2.812500
-1.230385 -1.230385 -2.812500
-1.103861 -1.345059 -2.812500
-0.966707 -1.446779 -2.812500
-0.820243 -1.534567 -2.812500
-0.665879 -1.607575 -2.812500
-0.505103 -1.665102 -2.812500
-0.339462 -1.706593 -2.812500
-0.170552 -1.731648 -2.812500
-0.000000 -1.740027 -2.812500
0.170552 -1.731648 -2.812500
0.339462 -1.706593 -2.812500
0.505103 -1.665102 -2.812500
0.665879 -1.607575 -2.812500
0.820243 -1.534567 -2.812500
0.966707 -1.446779 -2.812500
1.103861 -1.345059 -2.812500
1.230385 -1.230385 -2.812500
1.345059 -1.103861 -2.812500
1.446779 -0.966707 -2.812500
1.534567 -0.820243 -2.812500
1.607575 -0.665879 -2.812500
1.665102 -0.505103 -2.812500
1.706593 -0.339462 -2.812500
1.731648 -0.170552 -2.812500
1.690301 0.000000 -2.500000
1.682162 0.165678 -2.500000
1.657823 0.329761 -2.500000
1.617517 0.490669 -2.500000
1.561635 0.646850 -2.500000
1.490713 0.796802 -2.500000
1.405434 0.939081 -2.500000
1.306620 1.072316 -2.500000
1.195223 1.195223 -2.500000
1.072316 1.306620 -2.500000
0.939081 1.405434 -2.500000
0.796802 1.490713 -2.500000
0.646850 1.561635 -2.500000
0.490669 1.617517 -2.500000
0.329761 1.657823 -2.500000
0.165678 1.682162 -2.500000
0.000000 1.690301 -2.500000
-0.165678 1.682162 -2.500000
-0.329761 1.657823 -2.500000
-0.490669 1.617517 -2.500000
-0.646850 1.561635 -2.500000
-0.796802 1.490713 -2.500000
-0.939081 1.405434 -2.500000
-1.072316 1.306620 -2.500000
-1.195223 1.195223 -2.500000
-1.306620 1.072316 -2.500000
-1.405434 0.939081 -2.500000
-1.490713 0.796802 -2.500000
-1.561635 0.646850 -2.500000
-1.617517 0.490669 -2.500000
-1.657823 0.329761 -2.500000
-1.682162 0.165678 -2.500000
-1.690301 0.000000 -2.500000
-1.682162 -0.165678 -2.500000
-1.657823 -0.329761 -2.500000
-1.617517 -0.490669 -2.500000
-1.561635 -0.646850 -2.500000
-1.490713 -0.796802 -2.500000
-1.405434 -0.939081 -2.500000
-1.306620 -1.072316 -2.500000
-1.195223 -1.195223 -2.500000
-1.072316 -1.306620 -2.500000
-0.939081 -1.405434 -2.500000
-0.796802 -1.490713 -2.500000
-0.646850 -1.561635 -2.500000
-0.490669 -1.617517 -2.500000
-0.329761 -1.657823 -2.500000
-0.165678 -1.682162 -2.500000
-0.000000 -1.690301 -2.500000
0.165678 -1.682162 -2.500000
0.329761 -1.657823 -2.500000
0.490669 -1.617517 -2.500000
0.646850 -1.561635 -2.500000
0.796802 -1.490713 -2.500000
0.939081 -1.405434 -2.500000
1.072316 -1.306620 -2.500000
1.195223 -1.195223 -2.500000
1.306620 -1.072316 -2.500000
1.405434 -0.939081 -2.500000
1.490713 -0.796802 -2.500000
1.561635 -0.646850 -2.500000
1.617517 -0.490669 -2.500000
1.657823 -0.329761 -2.500000
1.682162 -0.165678 -2.500000
1.646140 0.000000 -2.187500
1.638213 0.161350 -2.187500
1.614510 0.321146 -2.187500
1.575258 0.477849 -2.187500
1.520835 0.629950 -2.187500
1.451766 0.775985 -2.187500
1.368715 0.914546 -2.187500
1.272483 1.044300 -2.187500
1.163997 1.163997 -2.187500
1.044300 1.272483 -2.187500
0.914546 1.368715 -2.187500
0.775985 1.451766 -2.187500
0.629950 1.520835 -2.187500
0.477849 1.575258 -2.187500
0.321146 1.614510 -2.187500
0.161350 1.638213 -2.187500
0.000000 1.646140 -2.187500
-0.161350 1.638213 -2.187500
-0.321146 1.614510 -2.187500
-0.477849 1.575258 -2.187500
-0.629950 1.520835 -2.187500
-0.775985 1.451766 -2.187500
-0.914546 1.368715 -2.187500
-1.044300 1.272483 -2.187500
-1.163997 1.163997 -2.187500
-1.272483 1.044300 -2.187500
-1.368715 0.914546 -2.187500
-1.451766 0.775985 -2.187500
-1.520835 0.629950 -2.187500
-1.575258 0.477849 -2.187500
-1.614510 0.321146 -2.187500
-1.638213 0.161350 -2.187500
-1.646140 0.000000 -2.187500
-1.638213 -0.161350 -2.187500
-1.614510 -0.321146 -2.187500
-1.575258 -0.477849 -2.187500
-1.520835 -0.629950 -2.187500
-1.451766 -0.775985 -2.187500
-1.368715 -0.914546 -2.187500
-1.272483 -1.044300 -2.187500
-1.163997 -1.163997 -2.187500
-1.044300 -1.272483 -2.187500
-0.914546 -1.368715 -2.187500
-0.775985 -1.451766 -2.187500
-0.629950 -1.520835 -2.187500
-0.477849 -1.575258 -2.187500
-0.321146 -1.614510 -2.187500
-0.161350 -1.638213 -2.187500
-0.000000 -1.646140 -2.187500
0.161350 -1.638213 -2.187500
0.321146 -1.614510 -2.187500
0.477849 -1.575258 -2.187500
0.629950 -1.520835 -2.187500
0.775985 -1.451766 -2.187500
0.914546 -1.368715 -2.187500
1.044300 -1.272483 -2.187500
1.163997 -1.163997 -2.187500
1.272483 -1.044300 -2.187500
1.368715 -0.914546 -2.187500
1.451766 -0.775985 -2.187500
1.520835 -0.629950 -2.187500
1.575258 -0.477849 -2.187500
1.614510 -0.321146 -2.187500
1.638213 -0.161350 -2.187500
1.607649 0.000000 -1.875000
1.599908 0.157577 -1.875000
1.576759 0.313637 -1.875000
1.538424 0.466676 -1.875000
1.485274 0.615221 -1.875000
1.417820 0.757841 -1.875000
1.336711 0.893162 -1.875000
1.242730 1.019882 -1.875000
1.136780 1.136780 -1.875000
1.019882 1.242730 -1.875000
0.893162 1.336711 -1.875000
0.757841 1.417820 -1.875000
0.615221 1.485274 -1.875000
0.466676 1.538424 -1.875000
0.313637 1.576759 -1.875000
0.157577 1.599908 -1.875000
0.000000 1.607649 -1.875000
-0.157577 1.599908 -1.875000
-0.313637 1.576759 -1.875000
-0.466676 1.538424 -1.875000
-0.615221 1.485274 -1.875000
-0.757841 1.417820 -1.875000
-0.893162 1.336711 -1.875000
-1.019882 1.242730 -1.875000
-1.136780 1.136780 -1.875000
-1.242730 1.019882 -1.875000
-1.336711 0.893162 -1.875000
-1.417820 0.757841 -1.875000
-1.485274 0.615221 -1.875000
-1.538424 0.466676 -1.875000
-1.576759 0.313637 -1.875000
-1.599908 0.157577 -1.875000
-1.607649 0.000000 -1.875000
-1.599908 -0.157577 -1.875000
-1.576759 -0.313637 -1.875000
-1.538424 -0.466676 -1.875000
-1.485274 -0.615221 -1.875000
-1.417820 -0.757841 -1.875000
-1.336711 -0.893162 -1.875000
-1.242730 -1.019882 -1.875000
-1.136780 -1.136780 -1.875000
-1.019882 -1.242730 -1.875000
-0.893162 -1.336711 -1.875000
-0.757841 -1.417820 -1.875000
-0.615221 -1.485274 -1.875000
-0.466676 -1.538424 -1.875000
-0.313637 -1.576759 -1.875000
-0.157577 -1.599908 -1.875000
-0.000000 -1.607649 -1.875000
0.157577 -1.599908 -1.875000
0.313637 -1.576759 -1.875000
0.466676 -1.538424 -1.875000
0.615221 -1.485274 -1.875000
0.757841 -1.417820 -1.875000
0.893162 -1.336711 -1.875000
1.019882 -1.242730 -1.875000
1.136780 -1.136780 -1.875000
1.242730 -1.019882 -1.875000
1.336711 -0.893162 -1.875000
1.417820 -0.757841 -1.875000
1.485274 -0.615221 -1.875000
1.538424 -0.466676 -1.875000
1.576759 -0.313637 -1.875000
1.599908 -0.157577 -1.875000
1.574922 0.000000 -1.562500
1.567338 0.154369 -1.562500
1.544660 0.307252 -1.562500
1.507106 0.457176 -1.562500
1.455038 0.602697 -1.562500
1.388957 0.742413 -1.562500
1.309500 0.874980 -1.562500
1.217431 0.999120 -1.562500
1.113638 1.113638 -1.562500
0.999120 1.217431 -1.562500
0.874980 1.309500 -1.562500
0.742413 1.388957 -1.562500
0.602697 1.455038 -1.562500
0.457176 1.507106 -1.562500
0.307252 1.544660 -1.562500
0.154369 1.567338 -1.562500
0.000000 1.574922 -1.562500
-0.154369 1.567338 -1.562500
-0.307252 1.544660 -1.562500
-0.457176 1.507106 -1.562500
-0.602697 1.455038 -1.562500
-0.742413 1.388957 -1.562500
-0.874980 1.309500 -1.562500
-0.999120 1.217431 -1.562500
-1.113638 1.113638 -1.562500
-1.217431 0.999120 -1.562500
-1.309500 0.874980 -1.562500
-1.388957 0.742413 -1.562500
-1.455038 0.602697 -1.562500
-1.507106 0.457176 -1.562500
-1.544660 0.307252 -1.562500
-1.567338 0.154369 -1.562500
-1.574922 0.000000 -1.562500
-1.567338 -0.154369 -1.562500
-1.544660 -0.307252 -1.562500
-1.507106 -0.457176 -1.562500
-1.455038 -0.602697 -1.562500
-1.388957 -0.742413 -1.562500
-1.309500 -0.874980 -1.562500
-1.217431 -0.999120 -1.562500
-1.113638 -1.113638 -1.562500
-0.999120 -1.217431 -1.562500
-0.874980 -1.309500 -1.562500
-0.742413 -1.388957 -1.562500
-0.602697 -1.455038 -1.562500
-0.457176 -1.507106 -1.562500
-0.307252 -1.544660 -1.562500
-0.154369 -1.567338 -1.562500
-0.000000 -1.574922 -1.562500
0.154369 -1.567338 -1.562500
0.307252 -1.544660 -1.562500
0.457176 -1.507106 -1.562500
0.602697 -1.455038 -1.562500
0.742413 -1.388957 -1.562500
0.874980 -1.309500 -1.562500
0.999120 -1.217431 -1.562500
1.113638 -1.113638 -1.562500
1.217431 -0.999120 -1.562500
1.309500 -0.874980 -1.562500
1.388957 -0.742413 -1.562500
1.455038 -0.602697 -1.562500
1.507106 -0.457176 -1.562500
1.544660 -0.307252 -1.562500
1.567338 -0.154369 -1.562500
1.548037 0.000000 -1.250000
1.540583 0.151734 -1.250000
1.518292 0.302007 -1.250000
1.481379 0.449371 -1.250000
1.430200 0.592408 -1.250000
1.365247 0.729739 -1.250000
1.287146 0.860043 -1.250000
1.196649 0.982064 -1.250000
1.094627 1.094627 -1.250000
0.982064 1.196649 -1.250000
0.860043 1.287146 -1.250000
0.729739 1.365247 -1.250000
0.592408 1.430200 -1.250000
0.449371 1.481379 -1.250000
0.302007 1.518292 -1.250000
0.151734 1.540583 -1.250000
0.000000 1.548037 -1.250000
-0.151734 1.540583 -1.250000
-0.302007 1.518292 -1.250000
-0.449371 1.481379 -1.250000
-0.592408 1.430200 -1.250000
-0.729739 1.365247 -1.250000
-0.860043 1.287146 -1.250000
-0.982064 1.196649 -1.250000
-1.094627 1.094627 -1.250000
-1.196649 0.982064 -1.250000
-1.287146 0.860043 -1.250000
-1.365247 0.729739 -1.250000
-1.430200 0.592408 -1.250000
-1.481379 0.449371 -1.250000
-1.518292 0.302007 -1.250000
-1.540583 0.151734 -1.250000
-1.548037 0.000000 -1.250000
-1.540583 -0.151734 -1.250000
-1.518292 -0.302007 -1.250000
-1.481379 -0.449371 -1.250000
-1.430200 -0.592408 -1.250000
-1.365247 -0.729739 -1.250000
-1.287146 -0.860043 -1.250000
-1.196649 -0.982064 -1.250000
-1.094627 -1.094627 -1.250000
-0.982064 -1.196649 -1.250000
-0.860043 -1.287146 -1.250000
-0.729739 -1.365247 -1.250000
-0.592408 -1.430200 -1.250000
-0.449371 -1.481379 -1.250000
-0.302007 -1.518292 -1.250000
-0.151734 -1.540583 -1.250000
-0.000000 -1.548037 -1.250000
0.151734 -1.540583 -1.250000
0.302007 -1.518292 -1.250000
0.449371 -1.481379 -1.250000
0.592408 -1.430200 -1.250000
0.729739 -1.365247 -1.250000
0.860043 -1.287146 -1.250000
0.982064 -1.196649 -1.250000
1.094627 -1.094627 -1.250000
1.196649 -0.982064 -1.250000
1.287146 -0.860043 -1.250000
1.365247 -0.729739 -1.250000
1.430200 -0.592408 -1.250000
1.481379 -0.449371 -1.250000
1.518292 -0.302007 -1.250000
1.540583 -0.151734 -1.250000
1.527059 0.000000 -0.937500
1.519706 0.149678 -0.937500
1.497717 0.297914 -0.937500
1.461304 0.443282 -0.937500
1.410818 0.584380 -0.937500
1.346746 0.719850 -0.937500
1.269703 0.848388 -0.937500
1.180432 0.968756 -0.937500
1.079794 1.079794 -0.937500
0.968756 1.180432 -0.937500
0.848388 1.269703 -0.937500
0.719850 1.346746 -0.937500
0.584380 1.410818 -0.937500
0.443282 1.461304 -0.937500
0.297914 1.497717 -0.937500
0.149678 1.519706 -0.937500
0.000000 1.527059 -0.937500
-0.149678 1.519706 -0.937500
-0.297914 1.497717 -0.937500
-0.443282 1.461304 -0.937500
-0.584380 1.410818 -0.937500
-0.719850 1.346746 -0.937500
-0.848388 1.269703 -0.937500
-0.968756 1.180432 -0.937500
-1.079794 1.079794 -0.937500
-1.180432 0.968756 -0.937500
-1.269703 0.848388 -0.937500
-1.346746 0.719850 -0.937500
-1.410818 0.584380 -0.937500
-1.461304 0.443282 -0.937500
-1.497717 0.297914 -0.937500
-1.519706 0.149678 -0.937500
-1.527059 0.000000 -0.937500
-1.519706 -0.149678 -0.937500
-1.497717 -0.297914 -0.937500
-1.461304 -0.443282 -0.937500
-1.410818 -0.584380 -0.937500
-1.346746 -0.719850 -0.937500
-1.269703 -0.848388 -0.937500
-1.180432 -0.968756 -0.937500
-1.079794 -1.079794 -0.937500
-0.968756 -1.180432 -0.937500
-0.848388 -1.269703 -0.937500
-0.719850 -1.346746 -0.937500
-0.584380 -1.410818 -0.937500
-0.443282 -1.461304 -0.937500
-0.297914 -1.497717 -0.937500
-0.149678 -1.519706 -0.937500
-0.000000 -1.527059 -0.937500
0.149678 -1.519706 -0.937500
0.297914 -1.497717 -0.937500
0.443282 -1.461304 -0.937500
0.584380 -1.410818 -0.937500
0.719850 -1.346746 -0.937500
0.848388 -1.269703 -0.937500
0.968756 -1.180432 -0.937500
1.079794 -1.079794 -0.937500
1.180432 -0.968756 -0.937500
1.269703 -0.848388 -0.937500
1.346746 -0.719850 -0.937500
1.410818 -0.584380 -0.937500
1.461304 -0.443282 -0.937500
1.497717 -0.297914 -0.937500
1.519706 -0.149678 -0.937500
1.512038 0.000000 -0.625000
1.504757 0.148206 -0.625000
1.482985 0.294984 -0.625000
1.446930 0.438922 -0.625000
1.396941 0.578632 -0.625000
1.333499 0.712770 -0.625000
1.257214 0.840043 -0.625000
1.168821 0.959227 -0.625000
1.069172 1.069172 -0.625000
0.959227 1.168821 -0.625000
0.840043 1.257214 -0.625000
0.712770 1.333499 -0.625000
0.578632 1.396941 -0.625000
0.438922 1.446930 -0.625000
0.294984 1.482985 -0.625000
0.148206 1.504757 -0.625000
0.000000 1.512038 -0.625000
-0.148206 1.504757 -0.625000
-0.294984 1.482985 -0.625000
-0.438922 1.446930 -0.625000
-0.578632 1.396941 -0.625000
-0.712770 1.333499 -0.625000
-0.840043 1.257214 -0.625000
-0.959227 1.168821 -0.625000
-1.069172 1.069172 -0.625000
-1.168821 0.959227 -0.625000
-1.257214 0.840043 -0.625000
-1.333499 0.712770 -0.625000
-1.396941 0.578632 -0.625000
-1.446930 0.438922 -0.625000
-1.482985 0.294984 -0.625000
-1.504757 0.148206 -0.625000
-1.512038 0.000000 -0.625000
-1.504757 -0.148206 -0.625000
-1.482985 -0.294984 -0.625000
-1.446930 -0.438922 -0.625000
-1.396941 -0.578632 -0.625000
-1.333499 -0.712770 -0.625000
-1.257214 -0.840043 -0.625000
-1.168821 -0.959227 -0.625000
-1.069172 -1.069172 -0.625000
-0.959227 -1.168821 -0.625000
-0.840043 -1.257214 -0.625000
-0.712770 -1.333499 -0.625000
-0.578632 -1.396941 -0.625000
-0.438922 -1.446930 -0.625000
-0.294984 -1.482985 -0.625000
-0.148206 -1.504757 -0.625000
-0.000000 -1.512038 -0.625000
0.148206 -1.504757 -0.625000
0.294984 -1.482985 -0.625000
0.438922 -1.446930 -0.625000
0.578632 -1.396941 -0.625000
0.712770 -1.333499 -0.625000
0.840043 -1.257214 -0.625000
0.959227 -1.168821 -0.625000
1.069172 -1.069172 -0.625000
1.168821 -0.959227 -0.625000
1.257214 -0.840043 -0.625000
1.333499 -0.712770 -0.625000
1.396941 -0.578632 -0.625000
1.446930 -0.438922 -0.625000
1.482985 -0.294984 -0.625000
1.504757 -0.148206 -0.625000
1.503011 0.000000 -0.312500
1.495774 0.147321 -0.312500
1.474131 0.293223 -0.312500
1.438292 0.436301 -0.312500
1.388601 0.575178 -0.312500
1.325538 0.708515 -0.312500
1.249708 0.835028 -0.312500
1.161843 0.953500 -0.312500
1.062790 1.062790 -0.312500
0.953500 1.161843 -0.312500
0.835028 1.249708 -0.312500
0.708515 1.325538 -0.312500
0.575178 1.388601 -0.312500
0.436301 1.438292 -0.312500
0.293223 1.474131 -0.312500
0.147321 1.495774 -0.312500
0.000000 1.503011 -0.312500
-0.147321 1.495774 -0.312500
-0.293223 1.474131 -0.312500
-0.436301 1.438292 -0.312500
-0.575178 1.388601 -0.312500
-0.708515 1.325538 -0.312500
-0.835028 1.249708 -0.312500
-0.953500 1.161843 -0.312500
-1.062790 1.062790 -0.312500
-1.161843 0.953500 -0.312500
-1.249708 0.835028 -0.312500
-1.325538 0.708515 -0.312500
-1.388601 0.575178 -0.312500
-1.438292 0.436301 -0.312500
-1.474131 0.293223 -0.312500
-1.495774 0.147321 -0.312500
-1.503011 0.000000 -0.312500
-1.495774 -0.147321 -0.312500
-1.474131 -0.293223 -0.312500
-1.438292 -0.436301 -0.312500
-1.388601 -0.575178 -0.312500
-1.325538 -0.708515 -0.312500
-1.249708 -0.835028 -0.312500
-1.161843 -0.953500 -0.312500
-1.062790 -1.062790 -0.312500
-0.953500 -1.161843 -0.312500
-0.835028 -1.249708 -0.312500
-0.708515 -1.325538 -0.312500
-0.575178 -1.388601 -0.312500
-0.436301 -1.438292 -0.312500
-0.293223 -1.474131 -0.312500
-0.147321 -1.495774 -0.312500
-0.000000 -1.503011 -0.312500
0.147321 -1.495774 -0.312500
0.293223 -1.474131 -0.312500
0.436301 -1.438292 -0.312500
0.575178 -1.388601 -0.312500
0.708515 -1.325538 -0.312500
0.835028 -1.249708 -0.312500
0.953500 -1.161843 -0.312500
1.062790 -1.062790 -0.312500
1.161843 -0.953500 -0.312500
1.249708 -0.835028 -0.312500
1.325538 -0.708515 -0.312500
1.388601 -0.575178 -0.312500
1.438292 -0.436301 -0.312500
1.474131 -0.293223 -0.312500
1.495774 -0.147321 -0.312500
1.500000 0.000000 0.000000
1.492777 0.147026 0.000000
1.471178 0.292635 0.000000
1.435411 0.435427 0.000000
1.385819 0.574025 0.000000
1.322882 0.707095 0.000000
1.247204 0.833355 0.000000
1.159516 0.951590 0.000000
1.060660 1.060660 0.000000
0.951590 1.159516 0.000000
0.833355 1.247204 0.000000
0.707095 1.322882 0.000000
0.574025 1.385819 0.000000
0.435427 1.435411 0.000000
0.292635 1.471178 0.000000
0.147026 1.492777 0.000000
0.000000 1.500000 0.000000
-0.147026 1.492777 0.000000
-0.292635 1.471178 0.000000
-0.435427 1.435411 0.000000
-0.574025 1.385819 0.000000
-0.707095 1.322882 0.000000
-0.833355 1.247204 0.000000
-0.951590 1.159516 0.000000
-1.060660 1.060660 0.000000
-1.159516 0.951590 0.000000
-1.247204 0.833355 0.000000
-1.322882 0.707095 0.000000
-1.385819 0.574025 0.000000
-1.435411 0.435427 0.000000
-1.471178 0.292635 0.000000
-1.492777 0.147026 0.000000
-1.500000 0.000000 0.000000
-1.492777 -0.147026 0.000000
-1.471178 -0.292635 0.000000
-1.435411 -0.435427 0.000000
-1.385819 -0.574025 0.000000
-1.322882 -0.707095 0.000000
-1.247204 -0.833355 0.000000
-1.159516 -0.951590 0.000000
-1.060660 -1.060660 0.000000
-0.951590 -1.159516 0.000000
-0.833355 -1.247204 0.000000
-0.707095 -1.322882 0.000000
-0.574025 -1.385819 0.000000
-0.435427 -1.435411 0.000000
-0.292635 -1.471178 0.000000
-0.147026 -1.492777 0.000000
-0.000000 -1.500000 0.000000
0.147026 -1.492777 0.000000
0.292635 -1.471178 0.000000
0.435427 -1.435411 0.000000
0.574025 -1.385819 0.000000
0.707095 -1.322882 0.000000
0.833355 -1.247204 0.000000
0.951590 -1.159516 0.000000
1.060660 -1.060660 0.000000
1.159516 -0.951590 0.000000
1.247204 -0.833355 0.000000
1.322882 -0.707095 0.000000
1.385819 -0.574025 0.000000
1.435411 -0.435427 0.000000
1.471178 -0.292635 0.000000
1.492777 -0.147026 0.000000
1.503011 0.000000 0.312500
1.495774 0.147321 0.312500
1.474131 0.293223 0.312500
1.438292 0.436301 0.312500
1.388601 0.575178 0.312500
1.325538 0.708515 0.312500
1.249708 0.835028 0.312500
1.161843 0.953500 0.312500
1.062790 1.062790 0.312500
0.953500 1.161843 0.312500
0.835028 1.249708 0.312500
0.708515 1.325538 0.312500
0.575178 1.388601 0.312500
0.436301 1.438292 0.312500
0.293223 1.474131 0.312500
0.147321 1.495774 0.312500
0.000000 1.503011 0.312500
-0.147321 1.495774 0.312500
-0.293223 1.474131 0.312500
-0.436301 1.438292 0.312500
-0.575178 1.388601 0.312500
-0.708515 1.325538 0.312500
-0.835028 1.249708 0.312500
-0.953500 1.161843 0.312500
-1.062790 1.062790 0.312500
-1.161843 0.953500 0.312500
-1.249708 0.835028 0.312500
-1.325538 0.708515 0.312500
-1.388601 0.575178 0.312500
-1.438292 0.436301 0.312500
-1.474131 0.293223 0.312500
-1.495774 0.147321 0.312500
-1.503011 0.000000 0.312500
-1.495774 -0.147321 0.312500
-1.474131 -0.293223 0.312500
-1.438292 -0.436301 0.312500
-1.388601 -0.575178 0.312500
-1.325538 -0.708515 0.312500
-1.249708 -0.835028 0.312500
-1.161843 -0.953500 0.312500
-1.062790 -1.062790 0.312500
-0.953500 -1.161843 0.312500
-0.835028 -1.249708 0.312500
-0.708515 -1.325538 0.312500
-0.575178 -1.388601 0.312500
-0.436301 -1.438292 0.312500
-0.293223 -1.474131 0.312500
-0.147321 -1.495774 0.312500
-0.000000 -1.503011 0.312500
0.147321 -1.495774 0.312500
0.293223 -1.474131 0.312500
0.436301 -1.438292 0.312500
0.575178 -1.388601 0.312500
0.708515 -1.325538 0.312500
0.835028 -1.249708 0.312500
0.953500 -1.161843 0.312500
1.062790 -1.062790 0.312500
1.161843 -0.953500 0.312500
1.249708 -0.835028 0.312500
1.325538 -0.708515 0.312500
1.388601 -0.575178 0.312500
1.438292 -0.436301 0.312500
1.474131 -0.293223 0.312500
1.495774 -0.147321 0.312500
1.512038 0.000000 0.625000
1.504757 0.148206 0.625000
1.482985 0.294984 0.625000
1.446930 0.438922 0.625000
1.396941 0.578632 0.625000
1.333499 0.712770 0.625000
1.257214 0.840043 0.625000
1.168821 0.959227 0.625000
1.069172 1.069172 0.625000
0.959227 1.168821 0.625000
0.840043 1.257214 0.625000
0.712770 1.333499 0.625000
0.578632 1.396941 0.625000
0.438922 1.446930 0.625000
0.294984 1.482985 0.625000
0.148206 1.504757 0.625000
0.000000 1.512038 0.625000
-0.148206 1.504757 0.625000
-0.294984 1.482985 0.625000
-0.438922 1.446930 0.625000
-0.578632 1.396941 0.625000
-0.712770 1.333499 0.625000
-0.840043 1.257214 0.625000
-0.959227 1.168821 0.625000
-1.069172 1.069172 0.625000
-1.168821 0.959227 0.625000
-1.257214 0.840043 0.625000
-1.333499 0.712770 0.625000
-1.396941 0.578632 0.625000
-1.446930 0.438922 0.625000
-1.482985 0.294984 0.625000
-1.504757 0.148206 0.625000
-1.512038 0.000000 0.625000
-1.504757 -0.148206 0.625000
-1.482985 -0.294984 0.625000
-1.446930 -0.438922 0.625000
-1.396941 -0.578632 0.625000
-1.333499 -0.712770 0.625000
-1.257214 -0.840043 0.625000
-1.168821 -0.959227 0.625000
-1.069172 -1.069172 0.625000
-0.959227 -1.168821 0.625000
-0.840043 -1.257214 0.625000
-0.712770 -1.333499 0.625000
-0.578632 -1.396941 0.625000
-0.438922 -1.446930 0.625000
-0.294984 -1.482985 0.625000
-0.148206 -1.504757 0.625000
-0.000000 -1.512038 0.625000
0.148206 -1.504757 0.625000
0.294984 -1.482985 0.625000
0.438922 -1.446930 0.625000
0.578632 -1.396941 0.625000
0.712770 -1.333499 0.625000
0.840043 -1.257214 0.625000
0.959227 -1.168821 0.625000
1.069172 -1.069172 0.625000
1.168821 -0.959227 0.625000
1.257214 -0.840043 0.625000
1.333499 -0.712770 0.625000
1.396941 -0.578632 0.625000
1.446930 -0.438922 0.625000
1.482985 -0.294984 0.625000
1.504757 -0.148206 0.625000
1.527059 0.000000 0.937500
1.519706 0.149678 0.937500
1.497717 0.297914 0.937500
1.461304 0.443282 0.937500
1.410818 0.584380 0.937500
1.346746 0.719850 0.937500
1.269703 0.848388 0.937500
1.180432 0.968756 0.937500
1.079794 1.079794 0.937500
0.968756 1.180432 0.937500
0.848388 1.269703 0.937500
0.719850 1.346746 0.937500
0.584380 1.410818 0.937500
0.443282 1.461304 0.937500
0.297914 1.497717 0.937500
0.149678 1.519706 0.937500
0.000000 1.527059 0.937500
-0.149678 1.519706 0.937500
-0.297914 1.497717 0.937500
-0.443282 1.461304 0.937500
-0.584380 1.410818 0.937500
-0.719850 1.346746 0.937500
-0.848388 1.269703 0.937500
-0.968756 1.180432 0.937500
-1.079794 1.079794 0.937500
-1.180432 0.968756 0.937500
-1.269703 0.848388 0.937500
-1.346746 0.719850 0.937500
-1.410818 0.584380 0.937500
-1.461304 0.443282 0.937500
-1.497717 0.297914 0.937500
-1.519706 0.149678 0.937500
-1.527059 0.000000 0.937500
-1.519706 -0.149678 0.937500
-1.497717 -0.297914 0.937500
-1.461304 -0.443282 0.937500
-1.410818 -0.584380 0.937500
-1.346746 -0.719850 0.937500
-1.269703 -0.848388 0.937500
-1.180432 -0.968756 0.937500
-1.079794 -1.079794 0.937500
-0.968756 -1.180432 0.937500
-0.848388 -1.269703 0.937500
-0.719850 -1.346746 0.937500
-0.584380 -1.410818 0.937500
-0.443282 -1.461304 0.937500
-0.297914 -1.497717 0.937500
-0.149678 -1.519706 0.937500
-0.000000 -1.527059 0.937500
0.149678 -1.519706 0.937500
0.297914 -1.497717 0.937500
0.443282 -1.461304 0.937500
0.584380 -1.410818 0.937500
0.719850 -1.346746 0.937500
0.848388 -1.269703 0.937500
0.968756 -1.180432 0.937500
1.079794 -1.079794 0.937500
1.180432 -0.968756 0.937500
1.269703 -0.848388 0.937500
1.346746 -0.719850 0.937500
1.410818 -0.584380 0.937500
1.461304 -0.443282 0.937500
1.497717 -0.297914 0.937500
1.519706 -0.149678 0.937500
1.548037 0.000000 1.250000
1.540583 0.151734 1.250000
1.518292 0.302007 1.250000
1.481379 0.449371 1.250000
1.430200 0.592408 1.250000
1.365247 0.729739 1.250000
1.287146 0.860043 1.250000
1.196649 0.982064 1.250000
1.094627 1.094627 1.250000
0.982064 1.196649 1.250000
0.860043 1.287146 1.250000
0.729739 1.365247 1.250000
0.592408 1.430200 1.250000
0.449371 1.481379 1.250000
0.302007 1.518292 1.250000
0.151734 1.540583 1.250000
0.000000 1.548037 1.250000
-0.151734 1.540583 1.250000
-0.302007 1.518292 1.250000
-0.449371 1.481379 1.250000
-0.592408 1.430200 1.250000
-0.729739 1.365247 1.250000
-0.860043 1.287146 1.250000
-0.982064 1.196649 1.250000
-1.094627 1.094627 1.250000
-1.196649 0.982064 1.250000
-1.287146 0.860043 1.250000
-1.365247 0.729739 1.250000
-1.430200 0.592408 1.250000
-1.481379 0.449371 1.250000
-1.518292 0.302007 1.250000
-1.540583 0.151734 1.250000
-1.548037 0.000000 1.250000
-1.540583 -0.151734 1.250000
-1.518292 -0.302007 1.250000
-1.481379 -0.449371 1.250000
-1.430200 -0.592408 1.250000
-1.365247 -0.729739 1.250000
-1.287146 -0.860043 1.250000
-1.196649 -0.982064 1.250000
-1.094627 -1.094627 1.250000
-0.982064 -1.196649 1.250000
-0.860043 -1.287146 1.250000
-0.729739 -1.365247 1.250000
-0.592408 -1.430200 1.250000
-0.449371 -1.481379 1.250000
-0.302007 -1.518292 1.250000
-0.151734 -1.540583 1.250000
-0.000000 -1.548037 1.250000
0.151734 -1.540583 1.250000
0.302007 -1.518292 1.250000
0.449371 -1.481379 1.250000
0.592408 -1.430200 1.250000
0.729739 -1.365247 1.250000
0.860043 -1.287146 1.250000
0.982064 -1.196649 1.250000
1.094627 -1.094627 1.250000
1.196649 -0.982064 1.250000
1.287146 -0.860043 1.250000
1.365247 -0.729739 1.250000
1.430200 -0.592408 1.250000
1.481379 -0.449371 1.250000
1.518292 -0.302007 1.250000
1.540583 -0.151734 1.250000
1.574922 0.000000 1.562500
1.567338 0.154369 1.562500
1.544660 0.307252 1.562500
1.507106 0.457176 1.562500
1.455038 0.602697 1.562500
1.388957 0.742413 1.562500
1.309500 0.874980 1.562500
1.217431 0.999120 1.562500
1.113638 1.113638 1.562500
0.999120 1.217431 1.562500
0.874980 1.309500 1.562500
0.742413 1.388957 1.562500
0.602697 1.455038 1.562500
0.457176 1.507106 1.562500
0.307252 1.544660 1.562500
0.154369 1.567338 1.562500
0.000000 1.574922 1.562500
-0.154369 1.567338 1.562500
-0.307252 1.544660 1.562500
-0.457176 1.507106 1.562500
-0.602697 1.455038 1.562500
-0.742413 1.388957 1.562500
-0.874980 1.309500 1.562500
-0.999120 1.217431 1.562500
-1.113638 1.113638 1.562500
-1.217431 0.999120 1.562500
-1.309500 0.874980 1.562500
-1.388957 0.742413 1.562500
-1.455038 0.602697 1.562500
-1.507106 0.457176 1.562500
-1.544660 0.307252 1.562500
-1.567338 0.154369 1.562500
-1.574922 0.000000 1.562500
-1.567338 -0.154369 1.562500
-1.544660 -0.307252 1.562500
-1.507106 -0.457176 1.562500
-1.455038 -0.602697 1.562500
-1.388957 -0.742413 1.562500
-1.309500 -0.874980 1.562500
-1.217431 -0.999120 1.562500
-1.113638 -1.113638 1.562500
-0.999120 -1.217431 1.562500
-0.874980 -1.309500 1.562500
-0.742413 -1.388957 1.562500
-0.602697 -1.455038 1.562500
-0.457176 -1.507106 1.562500
-0.307252 -1.544660 1.562500
-0.154369 -1.567338 1.562500
-0.000000 -1.574922 1.562500
0.154369 -1.567338 1.562500
0.307252 -1.544660 1.562500
0.457176 -1.507106 1.562500
0.602697 -1.455038 1.562500
0.742413 -1.388957 1.562500
0.874980 -1.309500 1.562500
0.999120 -1.217431 1.562500
1.113638 -1.113638 1.562500
1.217431 -0.999120 1.562500
1.309500 -0.874980 1.562500
1.388957 -0.742413 1.562500
1.455038 -0.602697 1.562500
1.507106 -0.457176 1.562500
1.544660 -0.307252 1.562500
1.567338 -0.154369 1.562500
1.607649 0.000000 1.875000
1.599908 0.157577 1.875000
1.576759 0.313637 1.875000
1.538424 0.466676 1.875000
1.485274 0.615221 1.875000
1.417820 0.757841 1.875000
1.336711 0.893162 1.875000
1.242730 1.019882 1.875000
1.136780 1.136780 1.875000
1.019882 1.242730 1.875000
0.893162 1.336711 1.875000
0.757841 1.417820 1.875000
0.615221 1.485274 1.875000
0.466676 1.538424 1.875000
0.313637 1.576759 1.875000
0.157577 1.599908 1.875000
0.000000 1.607649 1.875000
-0.157577 1.599908 1.875000
-0.313637 1.576759 1.875000
-0.466676 1.538424 1.875000
-0.615221 1.485274 1.875000
-0.757841 1.417820 1.875000
-0.893162 1.336711 1.875000
-1.019882 1.242730 1.875000
-1.136780 1.136780 1.875000
-1.242730 1.019882 1.875000
-1.336711 0.893162 1.875000
-1.417820 0.757841 1.875000
-1.485274 0.615221 1.875000
-1.538424 0.466676 1.875000
-1.576759 0.313637 1.875000
-1.599908 0.157577 1.875000
-1.607649 0.000000 1.875000
-1.599908 -0.157577 1.875000
-1.576759 -0.313637 1.875000
-1.538424 -0.466676 1.875000
-1.485274 -0.615221 1.875000
-1.417820 -0.757841 1.875000
-1.336711 -0.893162 1.875000
-1.242730 -1.019882 1.875000
-1.136780 -1.136780 1.875000
-1.019882 -1.242730 1.875000
-0.893162 -1.336711 1.875000
-0.757841 -1.417820 1.875000
-0.615221 -1.485274 1.875000
-0.466676 -1.538424 1.875000
-0.313637 -1.576759 1.875000
-0.157577 -1.599908 1.875000
-0.000000 -1.607649 1.875000
0.157577 -1.599908 1.875000
0.313637 -1.576759 1.875000
0.466676 -1.538424 1.875000
0.615221 -1.485274 1.875000
0.757841 -1.417820 1.875000
0.893162 -1.336711 1.875000
1.019882 -1.242730 1.875000
1.136780 -1.136780 1.875000
1.242730 -1.019882 1.875000
1.336711 -0.893162 1.875000
1.417820 -0.757841 1.875000
1.485274 -0.615221 1.875000
1.538424 -0.466676 1.875000
1.576759 -0.313637 1.875000
1.599908 -0.157577 1.875000
1.646140 0.000000 2.187500
1.638213 0.161350 2.187500
1.614510 0.321146 2.187500
1.575258 0.477849 2.187500
1.520835 0.629950 2.187500
1.451766 0.775985 2.187500
1.368715 0.914546 2.187500
1.272483 1.044300 2.187500
1.163997 1.163997 2.187500
1.044300 1.272483 2.187500
0.914546 1.368715 2.187500
0.775985 1.451766 2.187500
0.629950 1.520835 2.187500
0.477849 1.575258 2.187500
0.321146 1.614510 2.187500
0.161350 1.638213 2.187500
0.000000 1.646140 2.187500
-0.161350 1.638213 2.187500
-0.321146 1.614510 2.187500
-0.477849 1.575258 2.187500
-0.629950 1.520835 2.187500
-0.775985 1.451766 2.187500
-0.914546 1.368715 2.187500
-1.044300 1.272483 2.187500
-1.163997 1.163997 2.187500
-1.272483 1.044300 2.187500
-1.368715 0.914546 2.187500
-1.451766 0.775985 2.187500
-1.520835 0.629950 2.187500
-1.575258 0.477849 2.187500
-1.614510 0.321146 2.187500
-1.638213 0.161350 2.187500
-1.646140 0.000000 2.187500
-1.638213 -0.161350 2.187500
-1.614510 -0.321146 2.187500
-1.575258 -0.477849 2.187500
-1.520835 -0.629950 2.187500
-1.451766 -0.775985 2.187500
-1.368715 -0.914546 2.187500
-1.272483 -1.044300 2.187500
-1.163997 -1.163997 2.187500
-1.044300 -1.272483 2.187500
-0.914546 -1.368715 2.187500
-0.775985 -1.451766 2.187500
-0.629950 -1.520835 2.187500
-0.477849 -1.575258 2.187500
-0.321146 -1.614510 2.187500
-0.161350 -1.638213 2.187500
-0.000000 -1.646140 2.187500
0.161350 -1.638213 2.187500
0.321146 -1.614510 2.187500
0.477849 -1.575258 2.187500
0.629950 -1.520835 2.187500
0.775985 -1.451766 2.187500
0.914546 -1.368715 2.187500
1.044300 -1.272483 2.187500
1.163997 -1.163997 2.187500
1.272483 -1.044300 2.187500
1.368715 -0.914546 2.187500
1.451766 -0.775985 2.187500
1.520835 -0.629950 2.187500
1.575258 -0.477849 2.187500
1.614510 -0.321146 2.187500
1.638213 -0.161350 2.187500
1.690301 0.000000 2.500000
1.682162 0.165678 2.500000
1.657823 0.329761 2.500000
1.617517 0.490669 2.500000
1.561635 0.646850 2.500000
1.490713 0.796802 2.500000
1.405434 0.939081 2.500000
1.306620 1.072316 2.500000
1.195223 1.195223 2.500000
1.072316 1.306620 2.500000
0.939081 1.405434 2.500000
0.796802 1.490713 2.500000
0.646850 1.561635 2.500000
0.490669 1.617517 2.500000
0.329761 1.657823 2.500000
0.165678 1.682162 2.500000
0.000000 1.690301 2.500000
-0.165678 1.682162 2.500000
-0.329761 1.657823 2.500000
-0.490669 1.617517 2.500000
-0.646850 1.561635 2.500000
-0.796802 1.490713 2.500000
-0.939081 1.405434 2.500000
-1.072316 1.306620 2.500000
-1.195223 1.195223 2.500000
-1.306620 1.072316 2.500000
-1.405434 0.939081 2.500000
-1.490713 0.796802 2.500000
-1.561635 0.646850 2.500000
-1.617517 0.490669 2.500000
-1.657823 0.329761 2.500000
-1.682162 0.165678 2.500000
-1.690301 0.000000 2.500000
-1.682162 -0.165678 2.500000
-1.657823 -0.329761 2.500000
-1.617517 -0.490669 2.500000
-1.561635 -0.646850 2.500000
-1.490713 -0.796802 2.500000
-1.405434 -0.939081 2.500000
-1.306620 -1.072316 2.500000
-1.195223 -1.195223 2.500000
-1.072316 -1.306620 2.500000
-0.939081 -1.405434 2.500000
-0.796802 -1.490713 2.500000
-0.646850 -1.561635 2.500000
-0.490669 -1.617517 2.500000
-0.329761 -1.657823 2.500000
-0.165678 -1.682162 2.500000
-0.000000 -1.690301 2.500000
0.165678 -1.682162 2.500000
0.329761 -1.657823 2.500000
0.490669 -1.617517 2.500000
0.646850 -1.561635 2.500000
0.796802 -1.490713 2.500000
0.939081 -1.405434 2.500000
1.072316 -1.306620 2.500000
1.195223 -1.195223 2.500000
1.306620 -1.072316 2.500000
1.405434 -0.939081 2.500000
1.490713 -0.796802 2.500000
1.561635 -0.646850 2.500000
1.617517 -0.490669 2.500000
1.657823 -0.329761 2.500000
1.682162 -0.165678 2.500000
1.740027 0.000000 2.812500
1.731648 0.170552 2.812500
1.706593 0.339462 2.812500
1.665102 0.505103 2.812500
1.607575 0.665879 2.812500
1.534567 0.820243 2.812500
1.446779 0.966707 2.812500
1.345059 1.103861 2.812500
1.230385 1.230385 2.812500
1.103861 1.345059 2.812500
0.966707 1.446779 2.812500
0.820243 1.534567 2.812500
0.665879 1.607575 2.812500
0.505103 1.665102 2.812500
0.339462 1.706593 2.812500
0.170552 1.731648 2.812500
0.000000 1.740027 2.812500
-0.170552 1.731648 2.812500
-0.339462 1.706593 2.812500
-0.505103 1.665102 2.812500
-0.665879 1.607575 2.812500
-0.820243 1.534567 2.812500
-0.966707 1.446779 2.812500
-1.103861 1.345059 2.812500
-1.230385 1.230385 2.812500
-1.345059 1.103861 2.812500
-1.446779 0.966707 2.812500
-1.534567 0.820243 2.812500
-1.607575 0.665879 2.812500
-1.665102 0.505103 2.812500
-1.706593 0.339462 2.812500
-1.731648 0.170552 2.812500
-1.740027 0.000000 2.812500
-1.731648 -0.170552 2.812500
-1.706593 -0.339462 2.812500
-1.665102 -0.505103 2.812500
-1.607575 -0.665879 2.812500
-1.534567 -0.820243 2.812500
-1.446779 -0.966707 2.812500
-1.345059 -1.103861 2.812500
-1.230385 -1.230385 2.812500
-1.103861 -1.345059 2.812500
-0.966707 -1.446779 2.812500
-0.820243 -1.534567 2.812500
-0.665879 -1.607575 2.812500
-0.505103 -1.665102 2.812500
-0.339462 -1.706593 2.812500
-0.170552 -1.731648 2.812500
-0.000000 -1.740027 2.812500
0.170552 -1.731648 2.812500
0.339462 -1.706593 2.812500
0.505103 -1.665102 2.812500
0.665879 -1.607575 2.812500
0.820243 -1.534567 2.812500
0.966707 -1.446779 2.812500
1.103861 -1.345059 2.812500
1.230385 -1.230385 2.812500
1.345059 -1.103861 2.812500
1.446779 -0.966707 2.812500
1.534567 -0.820243 2.812500
1.607575 -0.665879 2.812500
1.665102 -0.505103 2.812500
1.706593 -0.339462 2.812500
1.731648 -0.170552 2.812500
1.795197 0.000000 3.125000
1.786552 0.175960 3.125000
1.760703 0.350226 3.125000
1.717896 0.521118 3.125000
1.658546 0.686992 3.125000
1.583222 0.846250 3.125000
1.492652 0.997358 3.125000
1.387706 1.138861 3.125000
1.269396 1.269396 3.125000
1.138861 1.387706 3.125000
0.997358 1.492652 3.125000
0.846250 1.583222 3.125000
0.686992 1.658546 3.125000
0.521118 1.717896 3.125000
0.350226 1.760703 3.125000
0.175960 1.786552 3.125000
0.000000 1.795197 3.125000
-0.175960 1.786552 3.125000
-0.350226 1.760703 3.125000
-0.521118 1.717896 3.125000
-0.686992 1.658546 3.125000
-0.846250 1.583222 3.125000
-0.997358 1.492652 3.125000
-1.138861 1.387706 3.125000
-1.269396 1.269396 3.125000
-1.387706 1.138861 3.125000
-1.492652 0.997358 3.125000
-1.583222 0.846250 3.125000
-1.658546 0.686992 3.125000
-1.717896 0.521118 3.125000
-1.760703 0.350226 3.125000
-1.786552 0.175960 3.125000
-1.795197 0.000000 3.125000
-1.786552 -0.175960 3.125000
-1.760703 -0.350226 3.125000
-1.717896 -0.521118 3.125000
-1.658546 -0.686992 3.125000
-1.583222 -0.846250 3.125000
-1.492652 -0.997358 3.125000
-1.387706 -1.138861 3.125000
-1.269396 -1.269396 3.125000
-1.138861 -1.387706 3.125000
-0.997358 -1.492652 3.125000
-0.846250 -1.583222 3.125000
-0.686992 -1.658546 3.125000
-0.521118 -1.717896 3.125000
-0.350226 -1.760703 3.125000
-0.175960 -1.786552 3.125000
-0.000000 -1.795197 3.125000
0.175960 -1.786552 3.125000
0.350226 -1.760703 3.125000
0.521118 -1.717896 3.125000
0.686992 -1.658546 3.125000
0.846250 -1.583222 3.125000
0.997358 -1.492652 3.125000
1.138861 -1.387706 3.125000
1.269396 -1.269396 3.125000
1.387706 -1.138861 3.125000
1.492652 -0.997358 3.125000
1.583222 -0.846250 3.125000
1.658546 -0.686992 3.125000
1.717896 -0.521118 3.125000
1.760703 -0.350226 3.125000
1.786552 -0.175960 3.125000
1.855678 0.000000 3.437500
1.846743 0.181888 3.437500
1.820022 0.362025 3.437500
1.775774 0.538675 3.437500
1.714423 0.710137 3.437500
1.636562 0.874761 3.437500
1.542940 1.030960 3.437500
1.434459 1.177230 3.437500
1.312163 1.312163 3.437500
1.177230 1.434459 3.437500
1.030960 1.542940 3.437500
0.874761 1.636562 3.437500
0.710137 1.714423 3.437500
0.538675 1.775774 3.437500
0.362025 1.820022 3.437500
0.181888 1.846743 3.437500
0.000000 1.855678 3.437500
-0.181888 1.846743 3.437500
-0.362025 1.820022 3.437500
-0.538675 1.775774 3.437500
-0.710137 1.714423 3.437500
-0.874761 1.636562 3.437500
-1.030960 1.542940 3.437500
-1.177230 1.434459 3.437500
-1.312163 1.312163 3.437500
-1.434459 1.177230 3.437500
-1.542940 1.030960 3.437500
-1.636562 0.874761 3.437500
-1.714423 0.710137 3.437500
-1.775774 0.538675 3.437500
-1.820022 0.362025 3.437500
-1.846743 0.181888 3.437500
-1.855678 0.000000 3.437500
-1.846743 -0.181888 3.437500
-1.820022 -0.362025 3.437500
-1.775774 -0.538675 3.437500
-1.714423 -0.710137 3.437500
-1.636562 -0.874761 3.437500
-1.542940 -1.030960 3.437500
-1.434459 -1.177230 3.437500
-1.312163 -1.312163 3.437500
-1.177230 -1.434459 3.437500
-1.030960 -1.542940 3.437500
-0.874761 -1.636562 3.437500
-0.710137 -1.714423 3.437500
-0.538675 -1.775774 3.437500
-0.362025 -1.820022 3.437500
-0.181888 -1.846743 3.437500
-0.000000 -1.855678 3.437500
0.181888 -1.846743 3.437500
0.362025 -1.820022 3.437500
0.538675 -1.775774 3.437500
0.710137 -1.714423 3.437500
0.874761 -1.636562 3.437500
1.030960 -1.542940 3.437500
1.177230 -1.434459 3.437500
1.312163 -1.312163 3.437500
1.434459 -1.177230 3.437500
1.542940 -1.030960 3.437500
1.636562 -0.874761 3.437500
1.714423 -0.710137 3.437500
1.775774 -0.538675 3.437500
1.820022 -0.362025 3.437500
1.846743 -0.181888 3.437500
1.921326 0.000000 3.750000
1.912074 0.188323 3.750000
1.884408 0.374832 3.750000
1.838594 0.557731 3.750000
1.775074 0.735260 3.750000
1.694458 0.905707 3.750000
1.597524 1.067432 3.750000
1.485205 1.218876 3.750000
1.358583 1.358583 3.750000
1.218876 1.485205 3.750000
1.067432 1.597524 3.750000
0.905707 1.694458 3.750000
0.735260 1.775074 3.750000
0.557731 1.838594 3.750000
0.374832 1.884408 3.750000
0.188323 1.912074 3.750000
0.000000 1.921326 3.750000
-0.188323 1.912074 3.750000
-0.374832 1.884408 3.750000
-0.557731 1.838594 3.750000
-0.735260 1.775074 3.750000
-0.905707 1.694458 3.750000
-1.067432 1.597524 3.750000
-1.218876 1.485205 3.750000
-1.358583 1.358583 3.750000
-1.485205 1.218876 3.750000
-1.597524 1.067432 3.750000
-1.694458 0.905707 3.750000
-1.775074 0.735260 3.750000
-1.838594 0.557731 3.750000
-1.884408 0.374832 3.750000
-1.912074 0.188323 3.750000
-1.921326 0.000000 3.750000
-1.912074 -0.188323 3.750000
-1.884408 -0.374832 3.750000
-1.838594 -0.557731 3.750000
-1.775074 -0.735260 3.750000
-1.694458 -0.905707 3.750000
-1.597524 -1.067432 3.750000
-1.485205 -1.218876 3.750000
-1.358583 -1.358583 3.750000
-1.218876 -1.485205 3.750000
-1.067432 -1.597524 3.750000
-0.905707 -1.694458 3.750000
-0.735260 -1.775074 3.750000
-0.557731 -1.838594 3.750000
-0.374832 -1.884408 3.750000
-0.188323 -1.912074 3.750000
-0.000000 -1.921326 3.750000
0.188323 -1.912074 3.750000
0.374832 -1.884408 3.750000
0.557731 -1.838594 3.750000
0.735260 -1.775074 3.750000
0.905707 -1.694458 3.750000
1.067432 -1.597524 3.750000
1.218876 -1.485205 3.750000
1.358583 -1.358583 3.750000
1.485205 -1.218876 3.750000
1.597524 -1.067432 3.750000
1.694458 -0.905707 3.750000
1.775074 -0.735260 3.750000
1.838594 -0.557731 3.750000
1.884408 -0.374832 3.750000
1.912074 -0.188323 3.750000
1.991981 0.000000 4.062500
1.982389 0.195248 4.062500
1.953706 0.388616 4.062500
1.906207 0.578242 4.062500
1.840351 0.762298 4.062500
1.756771 0.939013 4.062500
1.656272 1.106685 4.062500
1.539822 1.263699 4.062500
1.408543 1.408543 4.062500
1.263699 1.539822 4.062500
1.106685 1.656272 4.062500
0.939013 1.756771 4.062500
0.762298 1.840351 4.062500
0.578242 1.906207 4.062500
0.388616 1.953706 4.062500
0.195248 1.982389 4.062500
0.000000 1.991981 4.062500
-0.195248 1.982389 4.062500
-0.388616 1.953706 4.062500
-0.578242 1.906207 4.062500
-0.762298 1.840351 4.062500
-0.939013 1.756771 4.062500
-1.106685 1.656272 4.062500
-1.263699 1.539822 4.062500
-1.408543 1.408543 4.062500
-1.539822 1.263699 4.062500
-1.656272 1.106685 4.062500
-1.756771 0.939013 4.062500
-1.840351 0.762298 4.062500
-1.906207 0.578242 4.062500
-1.953706 0.388616 4.062500
-1.982389 0.195248 4.062500
-1.991981 0.000000 4.062500
-1.982389 -0.195248 4.062500
-1.953706 -0.388616 4.062500
-1.906207 -0.578242 4.062500
-1.840351 -0.762298 4.062500
-1.756771 -0.939013 4.062500
-1.656272 -1.106685 4.062500
-1.539822 -1.263699 4.062500
-1.408543 -1.408543 4.062500
-1.263699 -1.539822 4.062500
-1.106685 -1.656272 4.062500
-0.939013 -1.756771 4.062500
-0.762298 -1.840351 4.062500
-0.578242 -1.906207 4.062500
-0.388616 -1.953706 4.062500
-0.195248 -1.982389 4.062500
-0.000000 -1.991981 4.062500
0.195248 -1.982389 4.062500
0.388616 -1.953706 4.062500
0.578242 -1.906207 4.062500
0.762298 -1.840351 4.062500
0.939013 -1.756771 4.062500
1.106685 -1.656272 4.062500
1.263699 -1.539822 4.062500
1.408543 -1.408543 4.062500
1.539822 -1.263699 4.062500
1.656272 -1.106685 4.062500
1.756771 -0.939013 4.062500
1.840351 -0.762298 4.062500
1.906207 -0.578242 4.062500
1.953706 -0.388616 4.062500
1.982389 -0.195248 4.062500
2.067474 0.000000 4.375000
2.057518 0.202648 4.375000
2.027748 0.403344 4.375000
1.978449 0.600156 4.375000
1.910097 0.791188 4.375000
1.823349 0.974600 4.375000
1.719042 1.148627 4.375000
1.598179 1.311592 4.375000
1.461925 1.461925 4.375000
1.311592 1.598179 4.375000
1.148627 1.719042 4.375000
0.974600 1.823349 4.375000
0.791188 1.910097 4.375000
0.600156 1.978449 4.375000
0.403344 2.027748 4.375000
0.202648 2.057518 4.375000
0.000000 2.067474 4.375000
-0.202648 2.057518 4.375000
-0.403344 2.027748 4.375000
-0.600156 1.978449 4.375000
-0.791188 1.910097 4.375000
-0.974600 1.823349 4.375000
-1.148627 1.719042 4.375000
-1.311592 1.598179 4.375000
-1.461925 1.461925 4.375000
-1.598179 1.311592 4.375000
-1.719042 1.148627 4.375000
-1.823349 0.974600 4.375000
-1.910097 0.791188 4.375000
-1.978449 0.600156 4.375000
-2.027748 0.403344 4.375000
-2.057518 0.202648 4.375000
-2.067474 0.000000 4.375000
-2.057518 -0.202648 4.375000
-2.027748 -0.403344 4.375000
-1.978449 -0.600156 4.375000
-1.910097 -0.791188 4.375000
-1.823349 -0.974600 4.375000
-1.719042 -1.148627 4.375000
-1.598179 -1.311592 4.375000
-1.461925 -1.461925 4.375000
-1.311592 -1.598179 4.375000
-1.148627 -1.719042 4.375000
-0.974600 -1.823349 4.375000
-0.791188 -1.910097 4.375000
-0.600156 -1.978449 4.375000
-0.403344 -2.027748 4.375000
-0.202648 -2.057518 4.375000
-0.000000 -2.067474 4.375000
0.202648 -2.057518 4.375000
0.403344 -2.027748 4.375000
0.600156 -1.978449 4.375000
0.791188 -1.910097 4.375000
0.974600 -1.823349 4.375000
1.148627 -1.719042 4.375000
1.311592 -1.598179 4.375000
1.461925 -1.461925 4.375000
1.598179 -1.311592 4.375000
1.719042 -1.148627 4.375000
1.823349 -0.974600 4.375000
1.910097 -0.791188 4.375000
1.978449 -0.600156 4.375000
2.027748 -0.403344 4.375000
2.057518 -0.202648 4.375000
2.147622 0.000000 4.687500
2.137281 0.210504 4.687500
2.106356 0.418980 4.687500
2.055146 0.623422 4.687500
1.984144 0.821859 4.687500
1.894034 1.012382 4.687500
1.785683 1.193155 4.687500
1.660134 1.362437 4.687500
1.518598 1.518598 4.687500
1.362437 1.660134 4.687500
1.193155 1.785683 4.687500
1.012382 1.894034 4.687500
0.821859 1.984144 4.687500
0.623422 2.055146 4.687500
0.418980 2.106356 4.687500
0.210504 2.137281 4.687500
0.000000 2.147622 4.687500
-0.210504 2.137281 4.687500
-0.418980 2.106356 4.687500
-0.623422 2.055146 4.687500
-0.821859 1.984144 4.687500
-1.012382 1.894034 4.687500
-1.193155 1.785683 4.687500
-1.362437 1.660134 4.687500
-1.518598 1.518598 4.687500
-1.660134 1.362437 4.687500
-1.785683 1.193155 4.687500
-1.894034 1.012382 4.687500
-1.984144 0.821859 4.687500
-2.055146 0.623422 4.687500
-2.106356 0.418980 4.687500
-2.137281 0.210504 4.687500
-2.147622 0.000000 4.687500
-2.137281 -0.210504 4.687500
-2.106356 -0.418980 4.687500
-2.055146 -0.623422 4.687500
-1.984144 -0.821859 4.687500
-1.894034 -1.012382 4.687500
-1.785683 -1.193155 4.687500
-1.660134 -1.362437 4.687500
-1.518598 -1.518598 4.687500
-1.362437 -1.660134 4.687500
-1.193155 -1.785683 4.687500
-1.012382 -1.894034 4.687500
-0.821859 -1.984144 4.687500
-0.623422 -2.055146 4.687500
-0.418980 -2.106356 4.687500
-0.210504 -2.137281 4.687500
-0.000000 -2.147622 4.687500
0.210504 -2.137281 4.687500
0.418980 -2.106356 4.687500
0.623422 -2.055146 4.687500
0.821859 -1.984144 4.687500
1.012382 -1.894034 4.687500
1.193155 -1.785683 4.687500
1.362437 -1.660134 4.687500
1.518598 -1.518598 4.687500
1.660134 -1.362437 4.687500
1.785683 -1.193155 4.687500
1.894034 -1.012382 4.687500
1.984144 -0.821859 4.687500
2.055146 -0.623422 4.687500
2.106356 -0.418980 4.687500
2.137281 -0.210504 4.687500
2.232233 0.000000 5.000000
2.221484 0.218797 5.000000
2.189341 0.435487 5.000000
2.136114 0.647983 5.000000
2.062314 0.854239 5.000000
1.968654 1.052267 5.000000
1.856034 1.240162 5.000000
1.725539 1.416114 5.000000
1.578427 1.578427 5.000000
1.416114 1.725539 5.000000
1.240162 1.856034 5.000000
1.052267 1.968654 5.000000
0.854239 2.062314 5.000000
0.647983 2.136114 5.000000
0.435487 2.189341 5.000000
0.218797 2.221484 5.000000
0.000000 2.232233 5.000000
-0.218797 2.221484 5.000000
-0.435487 2.189341 5.000000
-0.647983 2.136114 5.000000
-0.854239 2.062314 5.000000
-1.052267 1.968654 5.000000
-1.240162 1.856034 5.000000
-1.416114 1.725539 5.000000
-1.578427 1.578427 5.000000
-1.725539 1.416114 5.000000
-1.856034 1.240162 5.000000
-1.968654 1.052267 5.000000
-2.062314 0.854239 5.000000
-2.136114 0.647983 5.000000
-2.189341 0.435487 5.000000
-2.221484 0.218797 5.000000
-2.232233 0.000000 5.000000
-2.221484 -0.218797 5.000000
-2.189341 -0.435487 5.000000
-2.136114 -0.647983 5.000000
-2.062314 -0.854239 5.000000
-1.968654 -1.052267 5.000000
-1.856034 -1.240162 5.000000
-1.725539 -1.416114 5.000000
-1.578427 -1.578427 5.000000
-1.416114 -1.725539 5.000000
-1.240162 -1.856034 5.000000
-1.052267 -1.968654 5.000000
-0.854239 -2.062314 5.000000
-0.647983 -2.136114 5.000000
-0.435487 -2.189341 5.000000
-0.218797 -2.221484 5.000000
-0.000000 -2.232233 5.000000
0.218797 -2.221484 5.000000
0.435487 -2.189341 5.000000
0.647983 -2.136114 5.000000
0.854239 -2.062314 5.000000
1.052267 -1.968654 5.000000
1.240162 -1.856034 5.000000
1.416114 -1.725539 5.000000
1.578427 -1.578427 5.000000
1.725539 -1.416114 5.000000
1.856034 -1.240162 5.000000
1.968654 -1.052267 5.000000
2.062314 -0.854239 5.000000
2.136114 -0.647983 5.000000
2.189341 -0.435487 5.000000
2.221484 -0.218797 5.000000
2.321103 0.000000 5.312500
2.309926 0.227508 5.312500
2.276503 0.452825 5.312500
2.221157 0.673781 5.312500
2.144419 0.888248 5.312500
2.047030 1.094160 5.312500
1.929926 1.289536 5.312500
1.794237 1.472492 5.312500
1.641267 1.641267 5.312500
1.472492 1.794237 5.312500
1.289536 1.929926 5.312500
1.094160 2.047030 5.312500
0.888248 2.144419 5.312500
0.673781 2.221157 5.312500
0.452825 2.276503 5.312500
0.227508 2.309926 5.312500
0.000000 2.321103 5.312500
-0.227508 2.309926 5.312500
-0.452825 2.276503 5.312500
-0.673781 2.221157 5.312500
-0.888248 2.144419 5.312500
-1.094160 2.047030 5.312500
-1.289536 1.929926 5.312500
-1.472492 1.794237 5.312500
-1.641267 1.641267 5.312500
-1.794237 1.472492 5.312500
-1.929926 1.289536 5.312500
-2.047030 1.094160 5.312500
-2.144419 0.888248 5.312500
-2.221157 0.673781 5.312500
-2.276503 0.452825 5.312500
-2.309926 0.227508 5.312500
-2.321103 0.000000 5.312500
-2.309926 -0.227508 5.312500
-2.276503 -0.452825 5.312500
-2.221157 -0.673781 5.312500
-2.144419 -0.888248 5.312500
-2.047030 -1.094160 5.312500
-1.929926 -1.289536 5.312500
-1.794237 -1.472492 5.312500
-1.641267 -1.641267 5.312500
-1.472492 -1.794237 5.312500
-1.289536 -1.929926 5.312500
-1.094160 -2.047030 5.312500
-0.888248 -2.144419 5.312500
-0.673781 -2.221157 5.312500
-0.452825 -2.276503 5.312500
-0.227508 -2.309926 5.312500
-0.000000 -2.321103 5.312500
0.227508 -2.309926 5.312500
0.452825 -2.276503 5.312500
0.673781 -2.221157 5.312500
0.888248 -2.144419 5.312500
1.094160 -2.047030 5.312500
1.289536 -1.929926 5.312500
1.472492 -1.794237 5.312500
1.641267 -1.641267 5.312500
1.794237 -1.472492 5.312500
1.929926 -1.289536 5.312500
2.047030 -1.094160 5.312500
2.144419 -0.888248 5.312500
2.221157 -0.673781 5.312500
2.276503 -0.452825 5.312500
2.309926 -0.227508 5.312500
2.414017 0.000000 5.625000
2.402393 0.236615 5.625000
2.367632 0.470951 5.625000
2.310070 0.700752 5.625000
2.230261 0.923804 5.625000
2.128973 1.137960 5.625000
2.007182 1.341156 5.625000
1.866060 1.531436 5.625000
1.706968 1.706968 5.625000
1.531436 1.866060 5.625000
1.341156 2.007182 5.625000
1.137960 2.128973 5.625000
0.923804 2.230261 5.625000
0.700752 2.310070 5.625000
0.470951 2.367632 5.625000
0.236615 2.402393 5.625000
0.000000 2.414017 5.625000
-0.236615 2.402393 5.625000
-0.470951 2.367632 5.625000
-0.700752 2.310070 5.625000
-0.923804 2.230261 5.625000
-1.137960 2.128973 5.625000
-1.341156 2.007182 5.625000
-1.531436 1.866060 5.625000
-1.706968 1.706968 5.625000
-1.866060 1.531436 5.625000
-2.007182 1.341156 5.625000
-2.128973 1.137960 5.625000
-2.230261 0.923804 5.625000
-2.310070 0.700752 5.625000
-2.367632 0.470951 5.625000
-2.402393 0.236615 5.625000
-2.414017 0.000000 5.625000
-2.402393 -0.236615 5.625000
-2.367632 -0.470951 5.625000
-2.310070 -0.700752 5.625000
-2.230261 -0.923804 5.625000
-2.128973 -1.137960 5.625000
-2.007182 -1.341156 5.625000
-1.866060 -1.531436 5.625000
-1.706968 -1.706968 5.625000
-1.531436 -1.866060 5.625000
-1.341156 -2.007182 5.625000
-1.137960 -2.128973 5.625000
-0.923804 -2.230261 5.625000
-0.700752 -2.310070 5.625000
-0.470951 -2.367632 5.625000
-0.236615 -2.402393 5.625000
-0.000000 -2.414017 5.625000
0.236615 -2.402393 5.625000
0.470951 -2.367632 5.625000
0.700752 -2.310070 5.625000
0.923804 -2.230261 5.625000
1.137960 -2.128973 5.625000
1.341156 -2.007182 5.625000
1.531436 -1.866060 5.625000
1.706968 -1.706968 5.625000
1.866060 -1.531436 5.625000
2.007182 -1.341156 5.625000
2.128973 -1.137960 5.625000
2.230261 -0.923804 5.625000
2.310070 -0.700752 5.625000
2.367632 -0.470951 5.625000
2.402393 -0.236615 5.625000
2.510752 0.000000 5.937500
2.498662 0.246097 5.937500
2.462508 0.489823 5.937500
2.402640 0.728833 5.937500
2.319632 0.960823 5.937500
2.214285 1.183560 5.937500
2.087614 1.394899 5.937500
1.940837 1.592804 5.937500
1.775370 1.775370 5.937500
1.592804 1.940837 5.937500
1.394899 2.087614 5.937500
1.183560 2.214285 5.937500
0.960823 2.319632 5.937500
0.728833 2.402640 5.937500
0.489823 2.462508 5.937500
0.246097 2.498662 5.937500
0.000000 2.510752 5.937500
-0.246097 2.498662 5.937500
-0.489823 2.462508 5.937500
-0.728833 2.402640 5.937500
-0.960823 2.319632 5.937500
-1.183560 2.214285 5.937500
-1.394899 2.087614 5.937500
-1.592804 1.940837 5.937500
-1.775370 1.775370 5.937500
-1.940837 1.592804 5.937500
-2.087614 1.394899 5.937500
-2.214285 1.183560 5.937500
-2.319632 0.960823 5.937500
-2.402640 0.728833 5.937500
-2.462508 0.489823 5.937500
-2.498662 0.246097 5.937500
-2.510752 0.000000 5.937500
-2.498662 -0.246097 5.937500
-2.462508 -0.489823 5.937500
-2.402640 -0.728833 5.937500
-2.319632 -0.960823 5.937500
-2.214285 -1.183560 5.937500
-2.087614 -1.394899 5.937500
-1.940837 -1.592804 5.937500
-1.775370 -1.775370 5.937500
-1.592804 -1.940837 5.937500
-1.394899 -2.087614 5.937500
-1.183560 -2.214285 5.937500
-0.960823 -2.319632 5.937500
-0.728833 -2.402640 5.937500
-0.489823 -2.462508 5.937500
-0.246097 -2.498662 5.937500
-0.000000 -2.510752 5.937500
0.246097 -2.498662 5.937500
0.489823 -2.462508 5.937500
0.728833 -2.402640 5.937500
0.960823 -2.319632 5.937500
1.183560 -2.214285 5.937500
1.394899 -2.087614 5.937500
1.592804 -1.940837 5.937500
1.775370 -1.775370 5.937500
1.940837 -1.592804 5.937500
2.087614 -1.394899 5.937500
2.214285 -1.183560 5.937500
2.319632 -0.960823 5.937500
2.402640 -0.728833 5.937500
2.462508 -0.489823 5.937500
2.498662 -0.246097 5.937500
2.611074 0.000000 6.250000
2.598501 0.255930 6.250000
2.560903 0.509395 6.250000
2.498642 0.757955 6.250000
2.412318 0.999215 6.250000
2.302762 1.230852 6.250000
2.171029 1.450635 6.250000
2.018388 1.656448 6.250000
1.846308 1.846308 6.250000
1.656448 2.018388 6.250000
1.450635 2.171029 6.250000
1.230852 2.302762 6.250000
0.999215 2.412318 6.250000
0.757955 2.498642 6.250000
0.509395 2.560903 6.250000
0.255930 2.598501 6.250000
0.000000 2.611074 6.250000
-0.255930 2.598501 6.250000
-0.509395 2.560903 6.250000
-0.757955 2.498642 6.250000
-0.999215 2.412318 6.250000
-1.230852 2.302762 6.250000
-1.450635 2.171029 6.250000
-1.656448 2.018388 6.250000
-1.846308 1.846308 6.250000
-2.018388 1.656448 6.250000
-2.171029 1.450635 6.250000
-2.302762 1.230852 6.250000
-2.412318 0.999215 6.250000
-2.498642 0.757955 6.250000
-2.560903 0.509395 6.250000
-2.598501 0.255930 6.250000
-2.611074 0.000000 6.250000
-2.598501 -0.255930 6.250000
-2.560903 -0.509395 6.250000
-2.498642 -0.757955 6.250000
-2.412318 -0.999215 6.250000
-2.302762 -1.230852 6.250000
-2.171029 -1.450635 6.250000
-2.018388 -1.656448 6.250000
-1.846308 -1.846308 6.250000
-1.656448 -2.018388 6.250000
-1.450635 -2.171029 6.250000
-1.230852 -2.302762 6.250000
-0.999215 -2.412318 6.250000
-0.757955 -2.498642 6.250000
-0.509395 -2.560903 6.250000
-0.255930 -2.598501 6.250000
-0.000000 -2.611074 6.250000
0.255930 -2.598501 6.250000
0.509395 -2.560903 6.250000
0.757955 -2.498642 6.250000
0.999215 -2.412318 6.250000
1.230852 -2.302762 6.250000
1.450635 -2.171029 6.250000
1.656448 -2.018388 6.250000
1.846308 -1.846308 6.250000
2.018388 -1.656448 6.250000
2.171029 -1.450635 6.250000
2.302762 -1.230852 6.250000
2.412318 -0.999215 6.250000
2.498642 -0.757955 6.250000
2.560903 -0.509395 6.250000
2.598501 -0.255930 6.250000
2.714743 0.000000 6.562500
2.701671 0.266091 6.562500
2.662580 0.529620 6.562500
2.597847 0.788048 6.562500
2.508096 1.038887 6.562500
2.394190 1.279721 6.562500
2.257226 1.508230 6.562500
2.098525 1.722215 6.562500
1.919613 1.919613 6.562500
1.722215 2.098525 6.562500
1.508230 2.257226 6.562500
1.279721 2.394190 6.562500
1.038887 2.508096 6.562500
0.788048 2.597847 6.562500
0.529620 2.662580 6.562500
0.266091 2.701671 6.562500
0.000000 2.714743 6.562500
-0.266091 2.701671 6.562500
-0.529620 2.662580 6.562500
-0.788048 2.597847 6.562500
-1.038887 2.508096 6.562500
-1.279721 2.394190 6.562500
-1.508230 2.257226 6.562500
-1.722215 2.098525 6.562500
-1.919613 1.919613 6.562500
-2.098525 1.722215 6.562500
-2.257226 1.508230 6.562500
-2.394190 1.279721 6.562500
-2.508096 1.038887 6.562500
-2.597847 0.788048 6.562500
-2.662580 0.529620 6.562500
-2.701671 0.266091 6.562500
-2.714743 0.000000 6.562500
-2.701671 -0.266091 6.562500
-2.662580 -0.529620 6.562500
-2.597847 -0.788048 6.562500
-2.508096 -1.038887 6.562500
-2.394190 -1.279721 6.562500
-2.257226 -1.508230 6.562500
-2.098525 -1.722215 6.562500
-1.919613 -1.919613 6.562500
-1.722215 -2.098525 6.562500
-1.508230 -2.257226 6.562500
-1.279721 -2.394190 6.562500
-1.038887 -2.508096 6.562500
-0.788048 -2.597847 6.562500
-0.529620 -2.662580 6.562500
-0.266091 -2.701671 6.562500
-0.000000 -2.714743 6.562500
0.266091 -2.701671 6.562500
0.529620 -2.662580 6.562500
0.788048 -2.597847 6.562500
1.038887 -2.508096 6.562500
1.279721 -2.394190 6.562500
1.508230 -2.257226 6.562500
1.722215 -2.098525 6.562500
1.919613 -1.919613 6.562500
2.098525 -1.722215 6.562500
2.257226 -1.508230 6.562500
2.394190 -1.279721 6.562500
2.508096 -1.038887 6.562500
2.597847 -0.788048 6.562500
2.662580 -0.529620 6.562500
2.701671 -0.266091 6.562500
2.821508 0.000000 6.875000
2.807922 0.276556 6.875000
2.767294 0.550449 6.875000
2.700015 0.819041 6.875000
2.606734 1.079744 6.875000
2.488348 1.330050 6.875000
2.345998 1.567546 6.875000
2.181055 1.789946 6.875000
1.995108 1.995108 6.875000
1.789946 2.181055 6.875000
1.567546 2.345998 6.875000
1.330050 2.488348 6.875000
1.079744 2.606734 6.875000
0.819041 2.700015 6.875000
0.550449 2.767294 6.875000
0.276556 2.807922 6.875000
0.000000 2.821508 6.875000
-0.276556 2.807922 6.875000
-0.550449 2.767294 6.875000
-0.819041 2.700015 6.875000
-1.079744 2.606734 6.875000
-1.330050 2.488348 6.875000
-1.567546 2.345998 6.875000
-1.789946 2.181055 6.875000
-1.995108 1.995108 6.875000
-2.181055 1.789946 6.875000
-2.345998 1.567546 6.875000
-2.488348 1.330050 6.875000
-2.606734 1.079744 6.875000
-2.700015 0.819041 6.875000
-2.767294 0.550449 6.875000
-2.807922 0.276556 6.875000
-2.821508 0.000000 6.875000
-2.807922 -0.276556 6.875000
-2.767294 -0.550449 6.875000
-2.700015 -0.819041 6.875000
-2.606734 -1.079744 6.875000
-2.488348 -1.330050 6.875000
-2.345998 -1.567546 6.875000
-2.181055 -1.789946 6.875000
-1.995108 -1.995108 6.875000
-1.789946 -2.181055 6.875000
-1.567546 -2.345998 6.875000
-1.330050 -2.488348 6.875000
-1.079744 -2.606734 6.875000
-0.819041 -2.700015 6.875000
-0.550449 -2.767294 6.875000
-0.276556 -2.807922 6.875000
-0.000000 -2.821508 6.875000
0.276556 -2.807922 6.875000
0.550449 -2.767294 6.875000
0.819041 -2.700015 6.875000
1.079744 -2.606734 6.875000
1.330050 -2.488348 6.875000
1.567546 -2.345998 6.875000
1.789946 -2.181055 6.875000
1.995108 -1.995108 6.875000
2.181055 -1.789946 6.875000
2.345998 -1.567546 6.875000
2.488348 -1.330050 6.875000
2.606734 -1.079744 6.875000
2.700015 -0.819041 6.875000
2.767294 -0.550449 6.875000
2.807922 -0.276556 6.875000
2.931112 0.000000 7.187500
2.916998 0.287299 7.187500
2.874792 0.571832 7.187500
2.804900 0.850857 7.187500
2.707995 1.121688 7.187500
2.585010 1.381717 7.187500
2.437131 1.628439 7.187500
2.265780 1.859478 7.187500
2.072609 2.072609 7.187500
1.859478 2.265780 7.187500
1.628439 2.437131 7.187500
1.381717 2.585010 7.187500
1.121688 2.707995 7.187500
0.850857 2.804900 7.187500
0.571832 2.874792 7.187500
0.287299 2.916998 7.187500
0.000000 2.931112 7.187500
-0.287299 2.916998 7.187500
-0.571832 2.874792 7.187500
-0.850857 2.804900 7.187500
-1.121688 2.707995 7.187500
-1.381717 2.585010 7.187500
-1.628439 2.437131 7.187500
-1.859478 2.265780 7.187500
-2.072609 2.072609 7.187500
-2.265780 1.859478 7.187500
-2.437131 1.628439 7.187500
-2.585010 1.381717 7.187500
-2.707995 1.121688 7.187500
-2.804900 0.850857 7.187500
-2.874792 0.571832 7.187500
-2.916998 0.287299 7.187500
-2.931112 0.000000 7.187500
-2.916998 -0.287299 7.187500
-2.874792 -0.571832 7.187500
-2.804900 -0.850857 7.187500
-2.707995 -1.121688 7.187500
-2.585010 -1.381717 7.187500
-2.437131 -1.628439 7.187500
-2.265780 -1.859478 7.187500
-2.072609 -2.072609 7.187500
-1.859478 -2.265780 7.187500
-1.628439 -2.437131 7.187500
-1.381717 -2.585010 7.187500
-1.121688 -2.707995 7.187500
-0.850857 -2.804900 7.187500
-0.571832 -2.874792 7.187500
-0.287299 -2.916998 7.187500
-0.000000 -2.931112 7.187500
0.287299 -2.916998 7.187500
0.571832 -2.874792 7.187500
0.850857 -2.804900 7.187500
1.121688 -2.707995 7.187500
1.381717 -2.585010 7.187500
1.628439 -2.437131 7.187500
1.859478 -2.265780 7.187500
2.072609 -2.072609 7.187500
2.265780 -1.859478 7.187500
2.437131 -1.628439 7.187500
2.585010 -1.381717 7.187500
2.707995 -1.121688 7.187500
2.804900 -0.850857 7.187500
2.874792 -0.571832 7.187500
2.916998 -0.287299 7.187500
3.043291 0.000000 7.500000
3.028637 0.298295 7.500000
2.984815 0.593717 7.500000
2.912248 0.883421 7.500000
2.811635 1.164617 7.500000
2.683943 1.434598 7.500000
2.530404 1.690762 7.500000
2.352496 1.930644 7.500000
2.151932 2.151932 7.500000
1.930644 2.352496 7.500000
1.690762 2.530404 7.500000
1.434598 2.683943 7.500000
1.164617 2.811635 7.500000
0.883421 2.912248 7.500000
0.593717 2.984815 7.500000
0.298295 3.028637 7.500000
0.000000 3.043291 7.500000
-0.298295 3.028637 7.500000
-0.593717 2.984815 7.500000
-0.883421 2.912248 7.500000
-1.164617 2.811635 7.500000
-1.434598 2.683943 7.500000
-1.690762 2.530404 7.500000
-1.930644 2.352496 7.500000
-2.151932 2.151932 7.500000
-2.352496 1.930644 7.500000
-2.530404 1.690762 7.500000
-2.683943 1.434598 7.500000
-2.811635 1.164617 7.500000
-2.912248 0.883421 7.500000
-2.984815 0.593717 7.500000
-3.028637 0.298295 7.500000
-3.043291 0.000000 7.500000
-3.028637 -0.298295 7.500000
-2.984815 -0.593717 7.500000
-2.912248 -0.883421 7.500000
-2.811635 -1.164617 7.500000
-2.683943 -1.434598 7.500000
-2.530404 -1.690762 7.500000
-2.352496 -1.930644 7.500000
-2.151932 -2.151932 7.500000
-1.930644 -2.352496 7.500000
-1.690762 -2.530404 7.500000
-1.434598 -2.683943 7.500000
-1.164617 -2.811635 7.500000
-0.883421 -2.912248 7.500000
-0.593717 -2.984815 7.500000
-0.298295 -3.028637 7.500000
-0.000000 -3.043291 7.500000
0.298295 -3.028637 7.500000
0.593717 -2.984815 7.500000
0.883421 -2.912248 7.500000
1.164617 -2.811635 7.500000
1.434598 -2.683943 7.500000
1.690762 -2.530404 7.500000
1.930644 -2.352496 7.500000
2.151932 -2.151932 7.500000
2.352496 -1.930644 7.500000
2.530404 -1.690762 7.500000
2.683943 -1.434598 7.500000
2.811635 -1.164617 7.500000
2.912248 -0.883421 7.500000
2.984815 -0.593717 7.500000
3.028637 -0.298295 7.500000
3.157775 0.000000 7.812500
3.142570 0.309516 7.812500
3.097100 0.616051 7.812500
3.021803 0.916654 7.812500
2.917404 1.208428 7.812500
2.784909 1.488565 7.812500
2.625594 1.754366 7.812500
2.440993 2.003271 7.812500
2.232884 2.232884 7.812500
2.003271 2.440993 7.812500
1.754366 2.625594 7.812500
1.488565 2.784909 7.812500
1.208428 2.917404 7.812500
0.916654 3.021803 7.812500
0.616051 3.097100 7.812500
0.309516 3.142570 7.812500
0.000000 3.157775 7.812500
-0.309516 3.142570 7.812500
-0.616051 3.097100 7.812500
-0.916654 3.021803 7.812500
-1.208428 2.917404 7.812500
-1.488565 2.784909 7.812500
-1.754366 2.625594 7.812500
-2.003271 2.440993 7.812500
-2.232884 2.232884 7.812500
-2.440993 2.003271 7.812500
-2.625594 1.754366 7.812500
-2.784909 1.488565 7.812500
-2.917404 1.208428 7.812500
-3.021803 0.916654 7.812500
-3.097100 0.616051 7.812500
-3.142570 0.309516 7.812500
-3.157775 0.000000 7.812500
-3.142570 -0.309516 7.812500
-3.097100 -0.616051 7.812500
-3.021803 -0.916654 7.812500
-2.917404 -1.208428 7.812500
-2.784909 -1.488565 7.812500
-2.625594 -1.754366 7.812500
-2.440993 -2.003271 7.812500
-2.232884 -2.232884 7.812500
-2.003271 -2.440993 7.812500
-1.754366 -2.625594 7.812500
-1.488565 -2.784909 7.812500
-1.208428 -2.917404 7.812500
-0.916654 -3.021803 7.812500
-0.616051 -3.097100 7.812500
-0.309516 -3.142570 7.812500
-0.000000 -3.157775 7.812500
0.309516 -3.142570 7.812500
0.616051 -3.097100 7.812500
0.916654 -3.021803 7.812500
1.208428 -2.917404 7.812500
1.488565 -2.784909 7.812500
1.754366 -2.625594 7.812500
2.003271 -2.440993 7.812500
2.232884 -2.232884 7.812500
2.440993 -2.003271 7.812500
2.625594 -1.754366 7.812500
2.784909 -1.488565 7.812500
2.917404 -1.208428 7.812500
3.021803 -0.916654 7.812500
3.097100 -0.616051 7.812500
3.142570 -0.309516 7.812500
3.274288 0.000000 8.125000
3.258522 0.320936 8.125000
3.211374 0.638782 8.125000
3.133299 0.950476 8.125000
3.025048 1.253016 8.125000
2.887664 1.543489 8.125000
2.722471 1.819097 8.125000
2.531059 2.077187 8.125000
2.315271 2.315271 8.125000
2.077187 2.531059 8.125000
1.819097 2.722471 8.125000
1.543489 2.887664 8.125000
1.253016 3.025048 8.125000
0.950476 3.133299 8.125000
0.638782 3.211374 8.125000
0.320936 3.258522 8.125000
0.000000 3.274288 8.125000
-0.320936 3.258522 8.125000
-0.638782 3.211374 8.125000
-0.950476 3.133299 8.125000
-1.253016 3.025048 8.125000
-1.543489 2.887664 8.125000
-1.819097 2.722471 8.125000
-2.077187 2.531059 8.125000
-2.315271 2.315271 8.125000
-2.531059 2.077187 8.125000
-2.722471 1.819097 8.125000
-2.887664 1.543489 8.125000
-3.025048 1.253016 8.125000
-3.133299 0.950476 8.125000
-3.211374 0.638782 8.125000
-3.258522 0.320936 8.125000
-3.274288 0.000000 8.125000
-3.258522 -0.320936 8.125000
-3.211374 -0.638782 8.125000
-3.133299 -0.950476 8.125000
-3.025048 -1.253016 8.125000
-2.887664 -1.543489 8.125000
-2.722471 -1.819097 8.125000
-2.531059 -2.077187 8.125000
-2.315271 -2.315271 8.125000
-2.077187 -2.531059 8.125000
-1.819097 -2.722471 8.125000
-1.543489 -2.887664 8.125000
-1.253016 -3.025048 8.125000
-0.950476 -3.133299 8.125000
-0.638782 -3.211374 8.125000
-0.320936 -3.258522 8.125000
-0.000000 -3.274288 8.125000
0.320936 -3.258522 8.125000
0.638782 -3.211374 8.125000
0.950476 -3.133299 8.125000
1.253016 -3.025048 8.125000
1.543489 -2.887664 8.125000
1.819097 -2.722471 8.125000
2.077187 -2.531059 8.125000
2.315271 -2.315271 8.125000
2.531059 -2.077187 8.125000
2.722471 -1.819097 8.125000
2.887664 -1.543489 8.125000
3.025048 -1.253016 8.125000
3.133299 -0.950476 8.125000
3.211374 -0.638782 8.125000
3.258522 -0.320936 8.125000
3.392550 0.000000 8.437500
3.376213 0.332528 8.437500
3.327363 0.661854 8.437500
3.246468 0.984805 8.437500
3.134307 1.298273 8.437500
2.991962 1.599237 8.437500
2.820802 1.884800 8.437500
2.622476 2.152211 8.437500
2.398895 2.398895 8.437500
2.152211 2.622476 8.437500
1.884800 2.820802 8.437500
1.599237 2.991962 8.437500
1.298273 3.134307 8.437500
0.984805 3.246468 8.437500
0.661854 3.327363 8.437500
0.332528 3.376213 8.437500
0.000000 3.392550 8.437500
-0.332528 3.376213 8.437500
-0.661854 3.327363 8.437500
-0.984805 3.246468 8.437500
-1.298273 3.134307 8.437500
-1.599237 2.991962 8.437500
-1.884800 2.820802 8.437500
-2.152211 2.622476 8.437500
-2.398895 2.398895 8.437500
-2.622476 2.152211 8.437500
-2.820802 1.884800 8.437500
-2.991962 1.599237 8.437500
-3.134307 1.298273 8.437500
-3.246468 0.984805 8.437500
-3.327363 0.661854 8.437500
-3.376213 0.332528 8.437500
-3.392550 0.000000 8.437500
-3.376213 -0.332528 8.437500
-3.327363 -0.661854 8.437500
-3.246468 -0.984805 8.437500
-3.134307 -1.298273 8.437500
-2.991962 -1.599237 8.437500
-2.820802 -1.884800 8.437500
-2.622476 -2.152211 8.437500
-2.398895 -2.398895 8.437500
-2.152211 -2.622476 8.437500
-1.884800 -2.820802 8.437500
-1.599237 -2.991962 8.437500
-1.298273 -3.134307 8.437500
-0.984805 -3.246468 8.437500
-0.661854 -3.327363 8.437500
-0.332528 -3.376213 8.437500
-0.000000 -3.392550 8.437500
0.332528 -3.376213 8.437500
0.661854 -3.327363 8.437500
0.984805 -3.246468 8.437500
1.298273 -3.134307 8.437500
1.599237 -2.991962 8.437500
1.884800 -2.820802 8.437500
2.152211 -2.622476 8.437500
2.398895 -2.398895 8.437500
2.622476 -2.152211 8.437500
2.820802 -1.884800 8.437500
2.991962 -1.599237 8.437500
3.134307 -1.298273 8.437500
3.246468 -0.984805 8.437500
3.327363 -0.661854 8.437500
3.376213 -0.332528 8.437500
3.512274 0.000000 8.750000
3.495362 0.344263 8.750000
3.444787 0.685211 8.750000
3.361037 1.019559 8.750000
3.244918 1.344089 8.750000
3.097549 1.655675 8.750000
2.920349 1.951315 8.750000
2.715025 2.228163 8.750000
2.483553 2.483553 8.750000
2.228163 2.715025 8.750000
1.951315 2.920349 8.750000
1.655675 3.097549 8.750000
1.344089 3.244918 8.750000
1.019559 3.361037 8.750000
0.685211 3.444787 8.750000
0.344263 3.495362 8.750000
0.000000 3.512274 8.750000
-0.344263 3.495362 8.750000
-0.685211 3.444787 8.750000
-1.019559 3.361037 8.750000
-1.344089 3.244918 8.750000
-1.655675 3.097549 8.750000
-1.951315 2.920349 8.750000
-2.228163 2.715025 8.750000
-2.483553 2.483553 8.750000
-2.715025 2.228163 8.750000
-2.920349 1.951315 8.750000
-3.097549 1.655675 8.750000
-3.244918 1.344089 8.750000
-3.361037 1.019559 8.750000
-3.444787 0.685211 8.750000
-3.495362 0.344263 8.750000
-3.512274 0.000000 8.750000
-3.495362 -0.344263 8.750000
-3.444787 -0.685211 8.750000
-3.361037 -1.019559 8.750000
-3.244918 -1.344089 8.750000
-3.097549 -1.655675 8.750000
-2.920349 -1.951315 8.750000
-2.715025 -2.228163 8.750000
-2.483553 -2.483553 8.750000
-2.228163 -2.715025 8.750000
-1.951315 -2.920349 8.750000
-1.655675 -3.097549 8.750000
-1.344089 -3.244918 8.750000
-1.019559 -3.361037 8.750000
-0.685211 -3.444787 8.750000
-0.344263 -3.495362 8.750000
-0.000000 -3.512274 8.750000
0.344263 -3.495362 8.750000
0.685211 -3.444787 8.750000
1.019559 -3.361037 8.750000
1.344089 -3.244918 8.750000
1.655675 -3.097549 8.750000
1.951315 -2.920349 8.750000
2.228163 -2.715025 8.750000
2.483553 -2.483553 8.750000
2.715025 -2.228163 8.750000
2.920349 -1.951315 8.750000
3.097549 -1.655675 8.750000
3.244918 -1.344089 8.750000
3.361037 -1.019559 8.750000
3.444787 -0.685211 8.750000
3.495362 -0.344263 8.750000
3.633174 0.000000 9.062500
3.615679 0.356113 9.062500
3.563363 0.708797 9.062500
3.476731 1.054655 9.062500
3.356615 1.390355 9.062500
3.204173 1.712666 9.062500
3.020874 2.018483 9.062500
2.808481 2.304861 9.062500
2.569042 2.569042 9.062500
2.304861 2.808481 9.062500
2.018483 3.020874 9.062500
1.712666 3.204173 9.062500
1.390355 3.356615 9.062500
1.054655 3.476731 9.062500
0.708797 3.563363 9.062500
0.356113 3.615679 9.062500
0.000000 3.633174 9.062500
-0.356113 3.615679 9.062500
-0.708797 3.563363 9.062500
-1.054655 3.476731 9.062500
-1.390355 3.356615 9.062500
-1.712666 3.204173 9.062500
-2.018483 3.020874 9.062500
-2.304861 2.808481 9.062500
-2.569042 2.569042 9.062500
-2.808481 2.304861 9.062500
-3.020874 2.018483 9.062500
-3.204173 1.712666 9.062500
-3.356615 1.390355 9.062500
-3.476731 1.054655 9.062500
-3.563363 0.708797 9.062500
-3.615679 0.356113 9.062500
-3.633174 0.000000 9.062500
-3.615679 -0.356113 9.062500
-3.563363 -0.708797 9.062500
-3.476731 -1.054655 9.062500
-3.356615 -1.390355 9.062500
-3.204173 -1.712666 9.062500
-3.020874 -2.018483 9.062500
-2.808481 -2.304861 9.062500
-2.569042 -2.569042 9.062500
-2.304861 -2.808481 9.062500
-2.018483 -3.020874 9.062500
-1.712666 -3.204173 9.062500
-1.390355 -3.356615 9.062500
-1.054655 -3.476731 9.062500
-0.708797 -3.563363 9.062500
-0.356113 -3.615679 9.062500
-0.000000 -3.633174 9.062500
0.356113 -3.615679 9.062500
0.708797 -3.563363 9.062500
1.054655 -3.476731 9.062500
1.390355 -3.356615 9.062500
1.712666 -3.204173 9.062500
2.018483 -3.020874 9.062500
2.304861 -2.808481 9.062500
2.569042 -2.569042 9.062500
2.808481 -2.304861 9.062500
3.020874 -2.018483 9.062500
3.204173 -1.712666 9.062500
3.356615 -1.390355 9.062500
3.476731 -1.054655 9.062500
3.563363 -0.708797 9.062500
3.615679 -0.356113 9.062500
3.754957 0.000000 9.375000
3.736876 0.368050 9.375000
3.682807 0.732556 9.375000
3.593270 1.090007 9.375000
3.469128 1.436960 9.375000
3.311577 1.770075 9.375000
3.122133 2.086142 9.375000
2.902621 2.382120 9.375000
2.655156 2.655156 9.375000
2.382120 2.902621 9.375000
2.086142 3.122133 9.375000
1.770075 3.311577 9.375000
1.436960 3.469128 9.375000
1.090007 3.593270 9.375000
0.732556 3.682807 9.375000
0.368050 3.736876 9.375000
0.000000 3.754957 9.375000
-0.368050 3.736876 9.375000
-0.732556 3.682807 9.375000
-1.090007 3.593270 9.375000
-1.436960 3.469128 9.375000
-1.770075 3.311577 9.375000
-2.086142 3.122133 9.375000
-2.382120 2.902621 9.375000
-2.655156 2.655156 9.375000
-2.902621 2.382120 9.375000
-3.122133 2.086142 9.375000
-3.311577 1.770075 9.375000
-3.469128 1.436960 9.375000
-3.593270 1.090007 9.375000
-3.682807 0.732556 9.375000
-3.736876 0.368050 9.375000
-3.754957 0.000000 9.375000
-3.736876 -0.368050 9.375000
-3.682807 -0.732556 9.375000
-3.593270 -1.090007 9.375000
-3.469128 -1.436960 9.375000
-3.311577 -1.770075 9.375000
-3.122133 -2.086142 9.375000
-2.902621 -2.382120 9.375000
-2.655156 -2.655156 9.375000
-2.382120 -2.902621 9.375000
-2.086142 -3.122133 9.375000
-1.770075 -3.311577 9.375000
-1.436960 -3.469128 9.375000
-1.090007 -3.593270 9.375000
-0.732556 -3.682807 9.375000
-0.368050 -3.736876 9.375000
-0.000000 -3.754957 9.375000
0.368050 -3.736876 9.375000
0.732556 -3.682807 9.375000
1.090007 -3.593270 9.375000
1.436960 -3.469128 9.375000
1.770075 -3.311577 9.375000
2.086142 -3.122133 9.375000
2.382120 -2.902621 9.375000
2.655156 -2.655156 9.375000
2.902621 -2.382120 9.375000
3.122133 -2.086142 9.375000
3.311577 -1.770075 9.375000
3.469128 -1.436960 9.375000
3.593270 -1.090007 9.375000
3.682807 -0.732556 9.375000
3.736876 -0.368050 9.375000
3.877331 0.000000 9.687500
3.858660 0.380045 9.687500
3.802829 0.756430 9.687500
3.710374 1.125530 9.687500
3.582187 1.483790 9.687500
3.419500 1.827761 9.687500
3.223883 2.154130 9.687500
2.997217 2.459753 9.687500
2.741687 2.741687 9.687500
2.459753 2.997217 9.687500
2.154130 3.223883 9.687500
1.827761 3.419500 9.687500
1.483790 3.582187 9.687500
1.125530 3.710374 9.687500
0.756430 3.802829 9.687500
0.380045 3.858660 9.687500
0.000000 3.877331 9.687500
-0.380045 3.858660 9.687500
-0.756430 3.802829 9.687500
-1.125530 3.710374 9.687500
-1.483790 3.582187 9.687500
-1.827761 3.419500 9.687500
-2.154130 3.223883 9.687500
-2.459753 2.997217 9.687500
-2.741687 2.741687 9.687500
-2.997217 2.459753 9.687500
-3.223883 2.154130 9.687500
-3.419500 1.827761 9.687500
-3.582187 1.483790 9.687500
-3.710374 1.125530 9.687500
-3.802829 0.756430 9.687500
-3.858660 0.380045 9.687500
-3.877331 0.000000 9.687500
-3.858660 -0.380045 9.687500
-3.802829 -0.756430 9.687500
-3.710374 -1.125530 9.687500
-3.582187 -1.483790 9.687500
-3.419500 -1.827761 9.687500
-3.223883 -2.154130 9.687500
-2.997217 -2.459753 9.687500
-2.741687 -2.741687 9.687500
-2.459753 -2.997217 9.687500
-2.154130 -3.223883 9.687500
-1.827761 -3.419500 9.687500
-1.483790 -3.582187 9.687500
-1.125530 -3.710374 9.687500
-0.756430 -3.802829 9.687500
-0.380045 -3.858660 9.687500
-0.000000 -3.877331 9.687500
0.380045 -3.858660 9.687500
0.756430 -3.802829 9.687500
1.125530 -3.710374 9.687500
1.483790 -3.582187 9.687500
1.827761 -3.419500 9.687500
2.154130 -3.223883 9.687500
2.459753 -2.997217 9.687500
2.741687 -2.741687 9.687500
2.997217 -2.459753 9.687500
3.223883 -2.154130 9.687500
3.419500 -1.827761 9.687500
3.582187 -1.483790 9.687500
3.710374 -1.125530 9.687500
3.802829 -0.756430 9.687500
3.858660 -0.380045 9.687500
4.000000 0.000000 10.000000
3.980739 0.392069 10.000000
3.923141 0.780361 10.000000
3.827761 1.161139 10.000000
3.695518 1.530734 10.000000
3.527685 1.885587 10.000000
3.325878 2.222281 10.000000
3.092042 2.537573 10.000000
2.828427 2.828427 10.000000
2.537573 3.092042 10.000000
2.222281 3.325878 10.000000
1.885587 3.527685 10.000000
1.530734 3.695518 10.000000
1.161139 3.827761 10.000000
0.780361 3.923141 10.000000
0.392069 3.980739 10.000000
0.000000 4.000000 10.000000
-0.392069 3.980739 10.000000
-0.780361 3.923141 10.000000
-1.161139 3.827761 10.000000
-1.530734 3.695518 10.000000
-1.885587 3.527685 10.000000
-2.222281 3.325878 10.000000
-2.537573 3.092042 10.000000
-2.828427 2.828427 10.000000
-3.092042 2.537573 10.000000
-3.325878 2.222281 10.000000
-3.527685 1.885587 10.000000
-3.695518 1.530734 10.000000
-3.827761 1.161139 10.000000
-3.923141 0.780361 10.000000
-3.980739 0.392069 10.000000
-4.000000 0.000000 10.000000
-3.980739 -0.392069 10.000000
-3.923141 -0.780361 10.000000
-3.827761 -1.161139 10.000000
-3.695518 -1.530734 10.000000
-3.527685 -1.885587 10.000000
-3.325878 -2.222281 10.000000
-3.092042 -2.537573 10.000000
-2.828427 -2.828427 10.000000
-2.537573 -3.092042 10.000000
-2.222281 -3.325878 10.000000
-1.885587 -3.527685 10.000000
-1.530734 -3.695518 10.000000
-1.161139 -3.827761 10.000000
-0.780361 -3.923141 10.000000
-0.392069 -3.980739 10.000000
-0.000000 -4.000000 10.000000
0.392069 -3.980739 10.000000
0.780361 -3.923141 10.000000
1.161139 -3.827761 10.000000
1.530734 -3.695518 10.000000
1.885587 -3.527685 10.000000
2.222281 -3.325878 10.000000
2.537573 -3.092042 10.000000
2.828427 -2.828427 10.000000
3.092042 -2.537573 10.000000
3.325878 -2.222281 10.000000
3.527685 -1.885587 10.000000
3.695518 -1.530734 10.000000
3.827761 -1.161139 10.000000
3.923141 -0.780361 10.000000
3.980739 -0.392069 10.000000
3 1 3 2
3 0 4098 4099
3 1 4 3
3 0 4099 4100
3 1 5 4
3 0 4100 4101
3 1 6 5
3 0 4101 4102
3 1 7 6
3 0 4102 4103
3 1 8 7
3 0 4103 4104
3 1 9 8
3 0 4104 4105
3 1 10 9
3 0 4105 4106
3 1 11 10
3 0 4106 4107
3 1 12 11
3 0 4107 4108
3 1 13 12
3 0 4108 4109
3 1 14 13
3 0 4109 4110
3 1 15 14
3 0 4110 4111
3 1 16 15
3 0 4111 4112
3 1 17 16
3 0 4112 4113
3 1 18 17
3 0 4113 4114
3 1 19 18
3 0 4114 4115
3 1 20 19
3 0 4115 4116
3 1 21 20
3 0 4116 4117
3 1 22 21
3 0 4117 4118
3 1 23 22
3 0 4118 4119
3 1 24 23
3 0 4119 4120
3 1 25 24
3 0 4120 4121
3 1 26 25
3 0 4121 4122
3 1 27 26
3 0 4122 4123
3 1 28 27
3 0 4123 4124
3 1 29 28
3 0 4124 4125
3 1 30 29
3 0 4125 4126
3 1 31 30
3 0 4126 4127
3 1 32 31
3 0 4127 4128
3 1 33 32
3 0 4128 4129
3 1 34 33
3 0 4129 4130
3 1 35 34
3 0 4130 4131
3 1 36 35
3 0 4131 4132
3 1 37 36
3 0 4132 4133
3 1 38 37
3 0 4133 4134
3 1 39 38
3 0 4134 4135
3 1 40 39
3 0 4135 4136
3 1 41 40
3 0 4136 4137
3 1 42 41
3 0 4137 4138
3 1 43 42
3 0 4138 4139
3 1 44 43
3 0 4139 4140
3 1 45 44
3 0 4140 4141
3 1 46 45
3 0 4141 4142
3 1 47 46
3 0 4142 4143
3 1 48 47
3 0 4143 4144
3 1 49 48
3 0 4144 4145
3 1 50 49
3 0 4145 4146
3 1 51 50
3 0 4146 4147
3 1 52 51
3 0 4147 4148
3 1 53 52
3 0 4148 4149
3 1 54 53
3 0 4149 4150
3 1 55 54
3 0 4150 4151
3 1 56 55
3 0 4151 4152
3 1 57 56
3 0 4152 4153
3 1 58 57
3 0 4153 4154
3 1 59 58
3 0 4154 4155
3 1 60 59
3 0 4155 4156
3 1 61 60
3 0 4156 4157
3 1 62 61
3 0 4157 4158
3 1 63 62
3 0 4158 4159
3 1 64 63
3 0 4159 4160
3 1 65 64
3 0 4160 4161
3 1 2 65
3 0 4161 4098
3 2 3 66
3 3 67 66
3 3 4 67
3 4 68 67
3 4 5 68
3 5 69 68
3 5 6 69
3 6 70 69
3 6 7 70
3 7 71 70
3 7 8 71
3 8 72 71
3 8 9 72
3 9 73 72
3 9 10 73
3 10 74 73
3 10 11 74
3 11 75 74
3 11 12 75
3 12 76 75
3 12 13 76
3 13 77 76
3 13 14 77
3 14 78 77
3 14 15 78
3 15 79 78
3 15 16 79
3 16 80 79
3 16 17 80
3 17 81 80
3 17 18 81
3 18 82 81
3 18 19 82
3 19 83 82
3 19 20 83
3 20 84 83
3 20 21 84
3 21 85 84
3 21 22 85
3 22 86 85
3 22 23 86
3 23 87 86
3 23 24 87
3 24 88 87
3 24 25 88
3 25 89 88
3 25 26 89
3 26 90 89
3 26 27 90
3 27 91 90
3 27 28 91
3 28 92 91
3 28 29 92
3 29 93 92
3 29 30 93
3 30 94 93
3 30 31 94
3 31 95 94
3 31 32 95
3 32 96 95
3 32 33 96
3 33 97 96
3 33 34 97
3 34 98 97
3 34 35 98
3 35 99 98
3 35 36 99
3 36 100 99
3 36 37 100
3 37 101 100
3 37 38 101
3 38 102 101
3 38 39 102
3 39 103 102
3 39 40 103
3 40 104 103
3 40 41 104
3 41 105 104
3 41 42 105
3 42 106 105
3 42 43 106
3 43 107 106
3 43 44 107
3 44 108 107
3 44 45 108
3 45 109 108
3 45 46 109
3 46 110 109
3 46 47 110
3 47 111 110
3 47 48 111
3 48 112 111
3 48 49 112
3 49 113 112
3 49 50 113
3 50 114 113
3 50 51 114
3 51 115 114
3 51 52 115
3 52 116 115
3 52 53 116
3 53 117 116
3 53 54 117
3 54 118 117
3 54 55 118
3 55 119 118
3 55 56 119
3 56 120 119
3 56 57 120
3 57 121 120
3 57 58 121
3 58 122 121
3 58 59 122
3 59 123 122
3 59 60 123
3 60 124 123
3 60 61 124
3 61 125 124
3 61 62 125
3 62 126 125
3 62 63 126
3 63 127 126
3 63 64 127
3 64 128 127
3 64 65 128
3 65 129 128
3 65 2 129
3 2 66 129
3 66 67 130
3 67 131 130
3 67 68 131
3 68 132 131
3 68 69 132
3 69 133 132
3 69 70 133
3 70 134 133
3 70 71 134
3 71 135 134
3 71 72 135
3 72 136 135
3 72 73 136
3 73 137 136
3 73 74 137
3 74 138 137
3 74 75 138
3 75 139 138
3 75 76 139
3 76 140 139
3 76 77 140
3 77 141 140
3 77 78 141
3 78 142 141
3 78 79 142
3 79 143 142
3 79 80 143
3 80 144 143
3 80 81 144
3 81 145 144
3 81 82 145
3 82 146 145
3 82 83 146
3 83 147 146
3 83 84 147
3 84 148 147
3 84 85 148
3 85 149 148
3 85 86 149
3 86 150 149
3 86 87 150
3 87 151 150
3 87 88 151
3 88 152 151
3 88 89 152
3 89 153 152
3 89 90 153
3 90 154 153
3 90 91 154
3 91 155 154
3 91 92 155
3 92 156 155
3 92 93 156
3 93 157 156
3 93 94 157
3 94 158 157
3 94 95 158
3 95 159 158
3 95 96 159
3 96 160 159
3 96 97 160
3 97 161 160
3 97 98 161
3 98 162 161
3 98 99 162
3 99 163 162
3 99 100 163
3 100 164 163
3 100 101 164
3 101 165 164
3 101 102 165
3 102 166 165
3 102 103 166
3 103 167 166
3 103 104 167
3 104 168 167
3 104 105 168
3 105 169 168
3 105 106 169
3 106 170 169
3 106 107 170
3 107 171 170
3 107 108 171
3 108 172 171
3 108 109 172
3 109 173 172
3 109 110 173
3 110 174 173
3 110 111 174
3 111 175 174
3 111 112 175
3 112 176 175
3 112 113 176
3 113 177 176
3 113 114 177
3 114 178 177
3 114 115 178
3 115 179 178
3 115 116 179
3 116 180 179
3 116 117 180
3 117 181 180
3 117 118 181
3 118 182 181
3 118 119 182
3 119 183 182
3 119 120 183
3 120 184 183
3 120 121 184
3 121 185 184
3 121 122 185
3 122 186 185
3 122 123 186
3 123 187 186
3 123 124 187
3 124 188 187
3 124 125 188
3 125 189 188
3 125 126 189
3 126 190 189
3 126 127 190
3 127 191 190
3 127 128 191
3 128 192 191
3 128 129 192
3 129 193 192
3 129 66 193
3 66 130 193
3 130 131 194
3 131 195 194
3 131 132 195
3 132 196 195
3 132 133 196
3 133 197 196
3 133 134 197
3 134 198 197
3 134 135 198
3 135 199 198
3 135 136 199
3 136 200 199
3 136 137 200
3 137 201 200
3 137 138 201
3 138 202 201
3 138 139 202
3 139 203 202
3 139 140 203
3 140 204 203
3 140 141 204
3 141 205 204
3 141 142 205
3 142 206 205
3 142 143 206
3 143 207 206
3 143 144 207
3 144 208 207
3 144 145 208
3 145 209 208
3 145 146 209
3 146 210 209
3 146 147 210
3 147 211 210
3 147 148 211
3 148 212 211
3 148 149 212
3 149 213 212
3 149 150 213
3 150 214 213
3 150 151 214
3 151 215 214
3 151 152 215
3 152 216 215
3 152 153 216
3 153 217 216
3 153 154 217
3 154 218 217
3 154 155 218
3 155 219 218
3 155 156 219
3 156 220 219
3 156 157 220
3 157 221 220
3 157 158 221
3 158 222 221
3 158 159 222
3 159 223 222
3 159 160 223
3 160 224 223
3 160 161 224
3 161 225 224
3 161 162 225
3 162 226 225
3 162 163 226
3 163 227 226
3 163 164 227
3 164 228 227
3 164 165 228
3 165 229 228
3 165 166 229
3 166 230 229
3 166 167 230
3 167 231 230
3 167 168 231
3 168 232 231
3 168 169 232
3 169 233 232
3 169 170 233
3 170 234 233
3 170 171 234
3 171 235 234
3 171 172 235
3 172 236 235
3 172 173 236
3 173 237 236
3 173 174 237
3 174 238 237
3 174 175 238
3 175 239 238
3 175 176 239
3 176 240 239
3 176 177 240
3 177 241 240
3 177 178 241
3 178 242 241
3 178 179 242
3 179 243 242
3 179 180 243
3 180 244 243
3 180 181 244
3 181 245 244
3 181 182 245
3 182 246 245
3 182 183 246
3 183 247 246
3 183 184 247
3 184 248 247
3 184 185 248
3 185 249 248
3 185 186 249
3 186 250 249
3 186 187 250
3 187 251 250
3 187 188 251
3 188 252 251
3 188 189 252
3 189 253 252
3 189 190 253
3 190 254 253
3 190 191 254
3 191 255 254
3 191 192 255
3 192 256 255
3 192 193 256
3 193 257 256
3 193 130 257
3 130 194 257
3 194 195 258
3 195 259 258
3 195 196 259
3 196 260 259
3 196 197 260
3 197 261 260
3 197 198 261
3 198 262 261
3 198 199 262
3 199 263 262
3 199 200 263
3 200 264 263
3 200 201 264
3 201 265 264
3 201 202 265
3 202 266 265
3 202 203 266
3 203 267 266
3 203 204 267
3 204 268 267
3 204 205 268
3 205 269 268
3 205 206 269
3 206 270 269
3 206 207 270
3 207 271 270
3 207 208 271
3 208 272 271
3 208 209 272
3 209 273 272
3 209 210 273
3 210 274 273
3 210 211 274
3 211 275 274
3 211 212 275
3 212 276 275
3 212 213 276
3 213 277 276
3 213 214 277
3 214 278 277
3 214 215 278
3 215 279 278
3 215 216 279
3 216 280 279
3 216 217 280
3 217 281 280
3 217 218 281
3 218 282 281
3 218 219 282
3 219 283 282
3 219 220 283
3 220 284 283
3 220 221 284
3 221 285 284
3 221 222 285
3 222 286 285
3 222 223 286
3 223 287 286
3 223 224 287
3 224 288 287
3 224 225 288
3 225 289 288
3 225 226 289
3 226 290 289
3 226 227 290
3 227 291 290
3 227 228 291
3 228 292 291
3 228 229 292
3 229 293 292
3 229 230 293
3 230 294 293
3 230 231 294
3 231 295 294
3 231 232 295
3 232 296 295
3 232 233 296
3 233 297 296
3 233 234 297
3 234 298 297
3 234 235 298
3 235 299 298
3 235 236 299
3 236 300 299
3 236 237 300
3 237 301 300
3 237 238 301
3 238 302 301
3 238 239 302
3 239 303 302
3 239 240 303
3 240 304 303
3 240 241 304
3 241 305 304
3 241 242 305
3 242 306 305
3 242 243 306
3 243 307 306
3 243 244 307
3 244 308 307
3 244 245 308
3 245 309 308
3 245 246 309
3 246 310 309
3 246 247 310
3 247 311 310
3 247 248 311
3 248 312 311
3 248 249 312
3 249 313 312
3 249 250 313
3 250 314 313
3 250 251 314
3 251 315 314
3 251 252 315
3 252 316 315
3 252 253 316
3 253 317 316
3 253 254 317
3 254 318 317
3 254 255 318
3 255 319 318
3 255 256 319
3 256 320 319
3 256 257 320
3 257 321 320
3 257 194 321
3 194 258 321
3 258 259 322
3 259 323 322
3 259 260 323
3 260 324 323
3 260 261 324
3 261 325 324
3 261 262 325
3 262 326 325
3 262 263 326
3 263 327 326
3 263 264 327
3 264 328 327
3 264 265 328
3 265 329 328
3 265 266 329
3 266 330 329
3 266 267 330
3 267 331 330
3 267 268 331
3 268 332 331
3 268 269 332
3 269 333 332
3 269 270 333
3 270 334 333
3 270 271 334
3 271 335 334
3 271 272 335
3 272 336 335
3 272 273 336
3 273 337 336
3 273 274 337
3 274 338 337
3 274 275 338
3 275 339 338
3 275 276 339
3 276 340 339
3 276 277 340
3 277 341 340
3 277 278 341
3 278 342 341
3 278 279 342
3 279 343 342
3 279 280 343
3 280 344 343
3 280 281 344
3 281 345 344
3 281 282 345
3 282 346 345
3 282 283 346
3 283 347 346
3 283 284 347
3 284 348 347
3 284 285 348
3 285 349 348
3 285 286 349
3 286 350 349
3 286 287 350
3 287 351 350
3 287 288 351
3 288 352 351
3 288 289 352
3 289 353 352
3 289 290 353
3 290 354 353
3 290 291 354
3 291 355 354
3 291 292 355
3 292 356 355
3 292 293 356
3 293 357 356
3 293 294 357
3 294 358 357
3 294 295 358
3 295 359 358
3 295 296 359
3 296 360 359
3 296 297 360
3 297 361 360
3 297 298 361
3 298 362 361
3 298 299 362
3 299 363 362
3 299 300 363
3 300 364 363
3 300 301 364
3 301 365 364
3 301 302 365
3 302 366 365
3 302 303 366
3 303 367 366
3 303 304 367
3 304 368 367
3 304 305 368
3 305 369 368
3 305 306 369
3 306 370 369
3 306 307 370
3 307 371 370
3 307 308 371
3 308 372 371
3 308 309 372
3 309 373 372
3 309 310 373
3 310 374 373
3 310 311 374
3 311 375 374
3 311 312 375
3 312 376 375
3 312 313 376
3 313 377 376
3 313 314 377
3 314 378 377
3 314 315 378
3 315 379 378
3 315 316 379
3 316 380 379
3 316 317 380
3 317 381 380
3 317 318 381
3 318 382 381
3 318 319 382
3 319 383 382
3 319 320 383
3 320 384 383
3 320 321 384
3 321 385 384
3 321 258 385
3 258 322 385
3 322 323 386
3 323 387 386
3 323 324 387
3 324 388 387
3 324 325 388
3 325 389 388
3 325 326 389
3 326 390 389
3 326 327 390
3 327 391 390
3 327 328 391
3 328 392 391
3 328 329 392
3 329 393 392
3 329 330 393
3 330 394 393
3 330 331 394
3 331 395 394
3 331 332 395
3 332 396 395
3 332 333 396
3 333 397 396
3 333 334 397
3 334 398 397
3 334 335 398
3 335 399 398
3 335 336 399
3 336 400 399
3 336 337 400
3 337 401 400
3 337 338 401
3 338 402 401
3 338 339 402
3 339 403 402
3 339 340 403
3 340 404 403
3 340 341 404
3 341 405 404
3 341 342 405
3 342 406 405
3 342 343 406
3 343 407 406
3 343 344 407
3 344 408 407
3 344 345 408
3 345 409 408
3 345 346 409
3 346 410 409
3 346 347 410
3 347 411 410
3 347 348 411
3 348 412 411
3 348 349 412
3 349 413 412
3 349 350 413
3 350 414 413
3 350 351 414
3 351 415 414
3 351 352 415
3 352 416 415
3 352 353 416
3 353 417 416
3 353 354 417
3 354 418 417
3 354 355 418
3 355 419 418
3 355 356 419
3 356 420 419
3 356 357 420
3 357 421 420
3 357 358 421
3 358 422 421
3 358 359 422
3 359 423 422
3 359 360 423
3 360 424 423
3 360 361 424
3 361 425 424
3 361 362 425
3 362 426 425
3 362 363 426
3 363 427 426
3 363 364 427
3 364 428 427
3 364 365 428
3 365 429 428
3 365 366 429
3 366 430 429
3 366 367 430
3 367 431 430
3 367 368 431
3 368 432 431
3 368 369 432
3 369 433 432
3 369 370 433
3 370 434 433
3 370 371 434
3 371 435 434
3 371 372 435
3 372 436 435
3 372 373 436
3 373 437 436
3 373 374 437
3 374 438 437
3 374 375 438
3 375 439 438
3 375 376 439
3 376 440 439
3 376 377 440
3 377 441 440
3 377 378 441
3 378 442 441
3 378 379 442
3 379 443 442
3 379 380 443
3 380 444 443
3 380 381 444
3 381 445 444
3 381 382 445
3 382 446 445
3 382 383 446
3 383 447 446
3 383 384 447
3 384 448 447
3 384 385 448
3 385 449 448
3 385 322 449
3 322 386 449
3 386 387 450
3 387 451 450
3 387 388 451
3 388 452 451
3 388 389 452
3 389 453 452
3 389 390 453
3 390 454 453
3 390 391 454
3 391 455 454
3 391 392 455
3 392 456 455
3 392 393 456
3 393 457 456
3 393 394 457
3 394 458 457
3 394 395 458
3 395 459 458
3 395 396 459
3 396 460 459
3 396 397 460
3 397 461 460
3 397 398 461
3 398 462 461
3 398 399 462
3 399 463 462
3 399 400 463
3 400 464 463
3 400 401 464
3 401 465 464
3 401 402 465
3 402 466 465
3 402 403 466
3 403 467 466
3 403 404 467
3 404 468 467
3 404 405 468
3 405 469 468
3 405 406 469
3 406 470 469
3 406 407 470
3 407 471 470
3 407 408 471
3 408 472 471
3 408 409 472
3 409 473 472
3 409 410 473
3 410 474 473
3 410 411 474
3 411 475 474
3 411 412 475
3 412 476 475
3 412 413 476
3 413 477 476
3 413 414 477
3 414 478 477
3 414 415 478
3 415 479 478
3 415 416 479
3 416 480 479
3 416 417 480
3 417 481 480
3 417 418 481
3 418 482 481
3 418 419 482
3 419 483 482
3 419 420 483
3 420 484 483
3 420 421 484
3 421 485 484
3 421 422 485
3 422 486 485
3 422 423 486
3 423 487 486
3 423 424 487
3 424 488 487
3 424 425 488
3 425 489 488
3 425 426 489
3 426 490 489
3 426 427 490
3 427 491 490
3 427 428 491
3 428 492 491
3 428 429 492
3 429 493 492
3 429 430 493
3 430 494 493
3 430 431 494
3 431 495 494
3 431 432 495
3 432 496 495
3 432 433 496
3 433 497 496
3 433 434 497
3 434 498 497
3 434 435 498
3 435 499 498
3 435 436 499
3 436 500 499
3 436 437 500
3 437 501 500
3 437 438 501
3 438 502 501
3 438 439 502
3 439 503 502
3 439 440 503
3 440 504 503
3 440 441 504
3 441 505 504
3 441 442 505
3 442 506 505
3 442 443 506
3 443 507 506
3 443 444 507
3 444 508 507
3 444 445 508
3 445 509 508
3 445 446 509
3 446 510 509
3 446 447 510
3 447 511 510
3 447 448 511
3 448 512 511
3 448 449 512
3 449 513 512
3 449 386 513
3 386 450 513
3 450 451 514
3 451 515 514
3 451 452 515
3 452 516 515
3 452 453 516
3 453 517 516
3 453 454 517
3 454 518 517
3 454 455 518
3 455 519 518
3 455 456 519
3 456 520 519
3 456 457 520
3 457 521 520
3 457 458 521
3 458 522 521
3 458 459 522
3 459 523 522
3 459 460 523
3 460 524 523
3 460 461 524
3 461 525 524
3 461 462 525
3 462 526 525
3 462 463 526
3 463 527 526
3 463 464 527
3 464 528 527
3 464 465 528
3 465 529 528
3 465 466 529
3 466 530 529
3 466 467 530
3 467 531 530
3 467 468 531
3 468 532 531
3 468 469 532
3 469 533 532
3 469 470 533
3 470 534 533
3 470 471 534
3 471 535 534
3 471 472 535
3 472 536 535
3 472 473 536
3 473 537 536
3 473 474 537
3 474 538 537
3 474 475 538
3 475 539 538
3 475 476 539
3 476 540 539
3 476 477 540
3 477 541 540
3 477 478 541
3 478 542 541
3 478 479 542
3 479 543 542
3 479 480 543
3 480 544 543
3 480 481 544
3 481 545 544
3 481 482 545
3 482 546 545
3 482 483 546
3 483 547 546
3 483 484 547
3 484 548 547
3 484 485 548
3 485 549 548
3 485 486 549
3 486 550 549
3 486 487 550
3 487 551 550
3 487 488 551
3 488 552 551
3 488 489 552
3 489 553 552
3 489 490 553
3 490 554 553
3 490 491 554
3 491 555 554
3 491 492 555
3 492 556 555
3 492 493 556
3 493 557 556
3 493 494 557
3 494 558 557
3 494 495 558
3 495 559 558
3 495 496 559
3 496 560 559
3 496 497 560
3 497 561 560
3 497 498 561
3 498 562 561
3 498 499 562
3 499 563 562
3 499 500 563
3 500 564 563
3 500 501 564
3 501 565 564
3 501 502 565
3 502 566 565
3 502 503 566
3 503 567 566
3 503 504 567
3 504 568 567
3 504 505 568
3 505 569 568
3 505 506 569
3 506 570 569
3 506 507 570
3 507 571 570
3 507 508 571
3 508 572 571
3 508 509 572
3 509 573 572
3 509 510 573
3 510 574 573
3 510 511 574
3 511 575 574
3 511 512 575
3 512 576 575
3 512 513 576
3 513 577 576
3 513 450 577
3 450 514 577
3 514 515 578
3 515 579 578
3 515 516 579
3 516 580 579
3 516 517 580
3 517 581 580
3 517 518 581
3 518 582 581
3 518 519 582
3 519 583 582
3 519 520 583
3 520 584 583
3 520 521 584
3 521 585 584
3 521 522 585
3 522 586 585
3 522 523 586
3 523 587 586
3 523 524 587
3 524 588 587
3 524 525 588
3 525 589 588
3 525 526 589
3 526 590 589
3 526 527 590
3 527 591 590
3 527 528 591
3 528 592 591
3 528 529 592
3 529 593 592
3 529 530 593
3 530 594 593
3 530 531 594
3 531 595 594
3 531 532 595
3 532 596 595
3 532 533 596
3 533 597 596
3 533 534 597
3 534 598 597
3 534 535 598
3 535 599 598
3 535 536 599
3 536 600 599
3 536 537 600
3 537 601 600
3 537 538 601
3 538 602 601
3 538 539 602
3 539 603 602
3 539 540 603
3 540 604 603
3 540 541 604
3 541 605 604
3 541 542 605
3 542 606 605
3 542 543 606
3 543 607 606
3 543 544 607
3 544 608 607
3 544 545 608
3 545 609 608
3 545 546 609
3 546 610 609
3 546 547 610
3 547 611 610
3 547 548 611
3 548 612 611
3 548 549 612
3 549 613 612
3 549 550 613
3 550 614 613
3 550 551 614
3 551 615 614
3 551 552 615
3 552 616 615
3 552 553 616
3 553 617 616
3 553 554 617
3 554 618 617
3 554 555 618
3 555 619 618
3 555 556 619
3 556 620 619
3 556 557 620
3 557 621 620
3 557 558 621
3 558 622 621
3 558 559 622
3 559 623 622
3 559 560 623
3 560 624 623
3 560 561 624
3 561 625 624
3 561 562 625
3 562 626 625
3 562 563 626
3 563 627 626
3 563 564 627
3 564 628 627
3 564 565 628
3 565 629 628
3 565 566 629
3 566 630 629
3 566 567 630
3 567 631 630
3 567 568 631
3 568 632 631
3 568 569 632
3 569 633 632
3 569 570 633
3 570 634 633
3 570 571 634
3 571 635 634
3 571 572 635
3 572 636 635
3 572 573 636
3 573 637 636
3 573 574 637
3 574 638 637
3 574 575 638
3 575 639 638
3 575 576 639
3 576 640 639
3 576 577 640
3 577 641 640
3 577 514 641
3 514 578 641
3 578 579 642
3 579 643 642
3 579 580 643
3 580 644 643
3 580 581 644
3 581 645 644
3 581 582 645
3 582 646 645
3 582 583 646
3 583 647 646
3 583 584 647
3 584 648 647
3 584 585 648
3 585 649 648
3 585 586 649
3 586 650 649
3 586 587 650
3 587 651 650
3 587 588 651
3 588 652 651
3 588 589 652
3 589 653 652
3 589 590 653
3 590 654 653
3 590 591 654
3 591 655 654
3 591 592 655
3 592 656 655
3 592 593 656
3 593 657 656
3 593 594 657
3 594 658 657
3 594 595 658
3 595 659 658
3 595 596 659
3 596 660 659
3 596 597 660
3 597 661 660
3 597 598 661
3 598 662 661
3 598 599 662
3 599 663 662
3 599 600 663
3 600 664 663
3 600 601 664
3 601 665 664
3 601 602 665
3 602 666 665
3 602 603 666
3 603 667 666
3 603 604 667
3 604 668 667
3 604 605 668
3 605 669 668
3 605 606 669
3 606 670 669
3 606 607 670
3 607 671 670
3 607 608 671
3 608 672 671
3 608 609 672
3 609 673 672
3 609 610 673
3 610 674 673
3 610 611 674
3 611 675 674
3 611 612 675
3 612 676 675
3 612 613 676
3 613 677 676
3 613 614 677
3 614 678 677
3 614 615 678
3 615 679 678
3 615 616 679
3 616 680 679
3 616 617 680
3 617 681 680
3 617 618 681
3 618 682 681
3 618 619 682
3 619 683 682
3 619 620 683
3 620 684 683
3 620 621 684
3 621 685 684
3 621 622 685
3 622 686 685
3 622 623 686
3 623 687 686
3 623 624 687
3 624 688 687
3 624 625 688
3 625 689 688
3 625 626 689
3 626 690 689
3 626 627 690
3 627 691 690
3 627 628 691
3 628 692 691
3 628 629 692
3 629 693 692
3 629 630 693
3 630 694 693
3 630 631 694
3 631 695 694
3 631 632 695
3 632 696 695
3 632 633 696
3 633 697 696
3 633 634 697
3 634 698 697
3 634 635 698
3 635 699 698
3 635 636 699
3 636 700 699
3 636 637 700
3 637 701 700
3 637 638 701
3 638 702 701
3 638 639 702
3 639 703 702
3 639 640 703
3 640 704 703
3 640 641 704
3 641 705 704
3 641 578 705
3 578 642 705
3 642 643 706
3 643 707 706
3 643 644 707
3 644 708 707
3 644 645 708
3 645 709 708
3 645 646 709
3 646 710 709
3 646 647 710
3 647 711 710
3 647 648 711
3 648 712 711
3 648 649 712
3 649 713 712
3 649 650 713
3 650 714 713
3 650 651 714
3 651 715 714
3 651 652 715
3 652 716 715
3 652 653 716
3 653 717 716
3 653 654 717
3 654 718 717
3 654 655 718
3 655 719 718
3 655 656 719
3 656 720 719
3 656 657 720
3 657 721 720
3 657 658 721
3 658 722 721
3 658 659 722
3 659 723 722
3 659 660 723
3 660 724 723
3 660 661 724
3 661 725 724
3 661 662 725
3 662 726 725
3 662 663 726
3 663 727 726
3 663 664 727
3 664 728 727
3 664 665 728
3 665 729 728
3 665 666 729
3 666 730 729
3 666 667 730
3 667 731 730
3 667 668 731
3 668 732 731
3 668 669 732
3 669 733 732
3 669 670 733
3 670 734 733
3 670 671 734
3 671 735 734
3 671 672 735
3 672 736 735
3 672 673 736
3 673 737 736
3 673 674 737
3 674 738 737
3 674 675 738
3 675 739 738
3 675 676 739
3 676 740 739
3 676 677 740
3 677 741 740
3 677 678 741
3 678 742 741
3 678 679 742
3 679 743 742
3 679 680 743
3 680 744 743
3 680 681 744
3 681 745 744
3 681 682 745
3 682 746 745
3 682 683 746
3 683 747 746
3 683 684 747
3 684 748 747
3 684 685 748
3 685 749 748
3 685 686 749
3 686 750 749
3 686 687 750
3 687 751 750
3 687 688 751
3 688 752 751
3 688 689 752
3 689 753 752
3 689 690 753
3 690 754 753
3 690 691 754
3 691 755 754
3 691 692 755
3 692 756 755
3 692 693 756
3 693 757 756
3 693 694 757
3 694 758 757
3 694 695 758
3 695 759 758
3 695 696 759
3 696 760 759
3 696 697 760
3 697 761 760
3 697 698 761
3 698 762 761
3 698 699 762
3 699 763 762
3 699 700 763
3 700 764 763
3 700 701 764
3 701 765 764
3 701 702 765
3 702 766 765
3 702 703 766
3 703 767 766
3 703 704 767
3 704 768 767
3 704 705 768
3 705 769 768
3 705 642 769
3 642 706 769
3 706 707 770
3 707 771 770
3 707 708 771
3 708 772 771
3 708 709 772
3 709 773 772
3 709 710 773
3 710 774 773
3 710 711 774
3 711 775 774
3 711 712 775
3 712 776 775
3 712 713 776
3 713 777 776
3 713 714 777
3 714 778 777
3 714 715 778
3 715 779 778
3 715 716 779
3 716 780 779
3 716 717 780
3 717 781 780
3 717 718 781
3 718 782 781
3 718 719 782
3 719 783 782
3 719 720 783
3 720 784 783
3 720 721 784
3 721 785 784
3 721 722 785
3 722 786 785
3 722 723 786
3 723 787 786
3 723 724 787
3 724 788 787
3 724 725 788
3 725 789 788
3 725 726 789
3 726 790 789
3 726 727 790
3 727 791 790
3 727 728 791
3 728 792 791
3 728 729 792
3 729 793 792
3 729 730 793
3 730 794 793
3 730 731 794
3 731 795 794
3 731 732 795
3 732 796 795
3 732 733 796
3 733 797 796
3 733 734 797
3 734 798 797
3 734 735 798
3 735 799 798
3 735 736 799
3 736 800 799
3 736 737 800
3 737 801 800
3 737 738 801
3 738 802 801
3 738 739 802
3 739 803 802
3 739 740 803
3 740 804 803
3 740 741 804
3 741 805 804
3 741 742 805
3 742 806 805
3 742 743 806
3 743 807 806
3 743 744 807
3 744 808 807
3 744 745 808
3 745 809 808
3 745 746 809
3 746 810 809
3 746 747 810
3 747 811 810
3 747 748 811
3 748 812 811
3 748 749 812
3 749 813 812
3 749 750 813
3 750 814 813
3 750 751 814
3 751 815 814
3 751 752 815
3 752 816 815
3 752 753 816
3 753 817 816
3 753 754 817
3 754 818 817
3 754 755 818
3 755 819 818
3 755 756 819
3 756 820 819
3 756 757 820
3 757 821 820
3 757 758 821
3 758 822 821
3 758 759 822
3 759 823 822
3 759 760 823
3 760 824 823
3 760 761 824
3 761 825 824
3 761 762 825
3 762 826 825
3 762 763 826
3 763 827 826
3 763 764 827
3 764 828 827
3 764 765 828
3 765 829 828
3 765 766 829
3 766 830 829
3 766 767 830
3 767 831 830
3 767 768 831
3 768 832 831
3 768 769 832
3 769 833 832
3 769 706 833
3 706 770 833
3 770 771 834
3 771 835 834
3 771 772 835
3 772 836 835
3 772 773 836
3 773 837 836
3 773 774 837
3 774 838 837
3 774 775 838
3 775 839 838
3 775 776 839
3 776 840 839
3 776 777 840
3 777 841 840
3 777 778 841
3 778 842 841
3 778 779 842
3 779 843 842
3 779 780 843
3 780 844 843
3 780 781 844
3 781 845 844
3 781 782 845
3 782 846 845
3 782 783 846
3 783 847 846
3 783 784 847
3 784 848 847
3 784 785 848
3 785 849 848
3 785 786 849
3 786 850 849
3 786 787 850
3 787 851 850
3 787 788 851
3 788 852 851
3 788 789 852
3 789 853 852
3 789 790 853
3 790 854 853
3 790 791 854
3 791 855 854
3 791 792 855
3 792 856 855
3 792 793 856
3 793 857 856
3 793 794 857
3 794 858 857
3 794 795 858
3 795 859 858
3 795 796 859
3 796 860 859
3 796 797 860
3 797 861 860
3 797 798 861
3 798 862 861
3 798 799 862
3 799 863 862
3 799 800 863
3 800 864 863
3 800 801 864
3 801 865 864
3 801 802 865
3 802 866 865
3 802 803 866
3 803 867 866
3 803 804 867
3 804 868 867
3 804 805 868
3 805 869 868
3 805 806 869
3 806 870 869
3 806 807 870
3 807 871 870
3 807 808 871
3 808 872 871
3 808 809 872
3 809 873 872
3 809 810 873
3 810 874 873
3 810 811 874
3 811 875 874
3 811 812 875
3 812 876 875
3 812 813 876
3 813 877 876
3 813 814 877
3 814 878 877
3 814 815 878
3 815 879 878
3 815 816 879
3 816 880 879
3 816 817 880
3 817 881 880
3 817 818 881
3 818 882 881
3 818 819 882
3 819 883 882
3 819 820 883
3 820 884 883
3 820 821 884
3 821 885 884
3 821 822 885
3 822 886 885
3 822 823 886
3 823 887 886
3 823 824 887
3 824 888 887
3 824 825 888
3 825 889 888
3 825 826 889
3 826 890 889
3 826 827 890
3 827 891 890
3 827 828 891
3 828 892 891
3 828 829 892
3 829 893 892
3 829 830 893
3 830 894 893
3 830 831 894
3 831 895 894
3 831 832 895
3 832 896 895
3 832 833 896
3 833 897 896
3 833 770 897
3 770 834 897
3 834 835 898
3 835 899 898
3 835 836 899
3 836 900 899
3 836 837 900
3 837 901 900
3 837 838 901
3 838 902 901
3 838 839 902
3 839 903 902
3 839 840 903
3 840 904 903
3 840 841 904
3 841 905 904
3 841 842 905
3 842 906 905
3 842 843 906
3 843 907 906
3 843 844 907
3 844 908 907
3 844 845 908
3 845 909 908
3 845 846 909
3 846 910 909
3 846 847 910
3 847 911 910
3 847 848 911
3 848 912 911
3 848 849 912
3 849 913 912
3 849 850 913
3 850 914 913
3 850 851 914
3 851 915 914
3 851 852 915
3 852 916 915
3 852 853 916
3 853 917 916
3 853 854 917
3 854 918 917
3 854 855 918
3 855 919 918
3 855 856 919
3 856 920 919
3 856 857 920
3 857 921 920
3 857 858 921
3 858 922 921
3 858 859 922
3 859 923 922
3 859 860 923
3 860 924 923
3 860 861 924
3 861 925 924
3 861 862 925
3 862 926 925
3 862 863 926
3 863 927 926
3 863 864 927
3 864 928 927
3 864 865 928
3 865 929 928
3 865 866 929
3 866 930 929
3 866 867 930
3 867 931 930
3 867 868 931
3 868 932 931
3 868 869 932
3 869 933 932
3 869 870 933
3 870 934 933
3 870 871 934
3 871 935 934
3 871 872 935
3 872 936 935
3 872 873 936
3 873 937 936
3 873 874 937
3 874 938 937
3 874 875 938
3 875 939 938
3 875 876 939
3 876 940 939
3 876 877 940
3 877 941 940
3 877 878 941
3 878 942 941
3 878 879 942
3 879 943 942
3 879 880 943
3 880 944 943
3 880 881 944
3 881 945 944
3 881 882 945
3 882 946 945
3 882 883 946
3 883 947 946
3 883 884 947
3 884 948 947
3 884 885 948
3 885 949 948
3 885 886 949
3 886 950 949
3 886 887 950
3 887 951 950
3 887 888 951
3 888 952 951
3 888 889 952
3 889 953 952
3 889 890 953
3 890 954 953
3 890 891 954
3 891 955 954
3 891 892 955
3 892 956 955
3 892 893 956
3 893 957 956
3 893 894 957
3 894 958 957
3 894 895 958
3 895 959 958
3 895 896 959
3 896 960 959
3 896 897 960
3 897 961 960
3 897 834 961
3 834 898 961
3 898 899 962
3 899 963 962
3 899 900 963
3 900 964 963
3 900 901 964
3 901 965 964
3 901 902 965
3 902 966 965
3 902 903 966
3 903 967 966
3 903 904 967
3 904 968 967
3 904 905 968
3 905 969 968
3 905 906 969
3 906 970 969
3 906 907 970
3 907 971 970
3 907 908 971
3 908 972 971
3 908 909 972
3 909 973 972
3 909 910 973
3 910 974 973
3 910 911 974
3 911 975 974
3 911 912 975
3 912 976 975
3 912 913 976
3 913 977 976
3 913 914 977
3 914 978 977
3 914 915 978
3 915 979 978
3 915 916 979
3 916 980 979
3 916 917 980
3 917 981 980
3 917 918 981
3 918 982 981
3 918 919 982
3 919 983 982
3 919 920 983
3 920 984 983
3 920 921 984
3 921 985 984
3 921 922 985
3 922 986 985
3 922 923 986
3 923 987 986
3 923 924 987
3 924 988 987
3 924 925 988
3 925 989 988
3 925 926 989
3 926 990 989
3 926 927 990
3 927 991 990
3 927 928 991
3 928 992 991
3 928 929 992
3 929 993 992
3 929 930 993
3 930 994 993
3 930 931 994
3 931 995 994
3 931 932 995
3 932 996 995
3 932 933 996
3 933 997 996
3 933 934 997
3 934 998 997
3 934 935 998
3 935 999 998
3 935 936 999
3 936 1000 999
3 936 937 1000
3 937 1001 1000
3 937 938 1001
3 938 1002 1001
3 938 939 1002
3 939 1003 1002
3 939 940 1003
3 940 1004 1003
3 940 941 1004
3 941 1005 1004
3 941 942 1005
3 942 1006 1005
3 942 943 1006
3 943 1007 1006
3 943 944 1007
3 944 1008 1007
3 944 945 1008
3 945 1009 1008
3 945 946 1009
3 946 1010 1009
3 946 947 1010
3 947 1011 1010
3 947 948 1011
3 948 1012 1011
3 948 949 1012
3 949 1013 1012
3 949 950 1013
3 950 1014 1013
3 950 951 1014
3 951 1015 1014
3 951 952 1015
3 952 1016 1015
3 952 953 1016
3 953 1017 1016
3 953 954 1017
3 954 1018 1017
3 954 955 1018
3 955 1019 1018
3 955 956 1019
3 956 1020 1019
3 956 957 1020
3 957 1021 1020
3 957 958 1021
3 958 1022 1021
3 958 959 1022
3 959 1023 1022
3 959 960 1023
3 960 1024 1023
3 960 961 1024
3 961 1025 1024
3 961 898 1025
3 898 962 1025
3 962 963 1026
3 963 1027 1026
3 963 964 1027
3 964 1028 1027
3 964 965 1028
3 965 1029 1028
3 965 966 1029
3 966 1030 1029
3 966 967 1030
3 967 1031 1030
3 967 968 1031
3 968 1032 1031
3 968 969 1032
3 969 1033 1032
3 969 970 1033
3 970 1034 1033
3 970 971 1034
3 971 1035 1034
3 971 972 1035
3 972 1036 1035
3 972 973 1036
3 973 1037 1036
3 973 974 1037
3 974 1038 1037
3 974 975 1038
3 975 1039 1038
3 975 976 1039
3 976 1040 1039
3 976 977 1040
3 977 1041 1040
3 977 978 1041
3 978 1042 1041
3 978 979 1042
3 979 1043 1042
3 979 980 1043
3 980 1044 1043
3 980 981 1044
3 981 1045 1044
3 981 982 1045
3 982 1046 1045
3 982 983 1046
3 983 1047 1046
3 983 984 1047
3 984 1048 1047
3 984 985 1048
3 985 1049 1048
3 985 986 1049
3 986 1050 1049
3 986 987 1050
3 987 1051 1050
3 987 988 1051
3 988 1052 1051
3 988 989 1052
3 989 1053 1052
3 989 990 1053
3 990 1054 1053
3 990 991 1054
3 991 1055 1054
3 991 992 1055
3 992 1056 1055
3 992 993 1056
3 993 1057 1056
3 993 994 1057
3 994 1058 1057
3 994 995 1058
3 995 1059 1058
3 995 996 1059
3 996 1060 1059
3 996 997 1060
3 997 1061 1060
3 997 998 1061
3 998 1062 1061
3 998 999 1062
3 999 1063 1062
3 999 1000 1063
3 1000 1064 1063
3 1000 1001 1064
3 1001 1065 1064
3 1001 1002 1065
3 1002 1066 1065
3 1002 1003 1066
3 1003 1067 1066
3 1003 1004 1067
3 1004 1068 1067
3 1004 1005 1068
3 1005 1069 1068
3 1005 1006 1069
3 1006 1070 1069
3 1006 1007 1070
3 1007 1071 1070
3 1007 1008 1071
3 1008 1072 1071
3 1008 1009 1072
3 1009 1073 1072
3 1009 1010 1073
3 1010 1074 1073
3 1010 1011 1074
3 1011 1075 1074
3 1011 1012 1075
3 1012 1076 1075
3 1012 1013 1076
3 1013 1077 1076
3 1013 1014 1077
3 1014 1078 1077
3 1014 1015 1078
3 1015 1079 1078
3 1015 1016 1079
3 1016 1080 1079
3 1016 1017 1080
3 1017 1081 1080
3 1017 1018 1081
3 1018 1082 1081
3 1018 1019 1082
3 1019 1083 1082
3 1019 1020 1083
3 1020 1084 1083
3 1020 1021 1084
3 1021 1085 1084
3 1021 1022 1085
3 1022 1086 1085
3 1022 1023 1086
3 1023 1087 1086
3 1023 1024 1087
3 1024 1088 1087
3 1024 1025 1088
3 1025 1089 1088
3 1025 962 1089
3 962 1026 1089
3 1026 1027 1090
3 1027 1091 1090
3 1027 1028 1091
3 1028 1092 1091
3 1028 1029 1092
3 1029 1093 1092
3 1029 1030 1093
3 1030 1094 1093
3 1030 1031 1094
3 1031 1095 1094
3 1031 1032 1095
3 1032 1096 1095
3 1032 1033 1096
3 1033 1097 1096
3 1033 1034 1097
3 1034 1098 1097
3 1034 1035 1098
3 1035 1099 1098
3 1035 1036 1099
3 1036 1100 1099
3 1036 1037 1100
3 1037 1101 1100
3 1037 1038 1101
3 1038 1102 1101
3 1038 1039 1102
3 1039 1103 1102
3 1039 1040 1103
3 1040 1104 1103
3 1040 1041 1104
3 1041 1105 1104
3 1041 1042 1105
3 1042 1106 1105
3 1042 1043 1106
3 1043 1107 1106
3 1043 1044 1107
3 1044 1108 1107
3 1044 1045 1108
3 1045 1109 1108
3 1045 1046 1109
3 1046 1110 1109
3 1046 1047 1110
3 1047 1111 1110
3 1047 1048 1111
3 1048 1112 1111
3 1048 1049 1112
3 1049 1113 1112
3 1049 1050 1113
3 1050 1114 1113
3 1050 1051 1114
3 1051 1115 1114
3 1051 1052 1115
3 1052 1116 1115
3 1052 1053 1116
3 1053 1117 1116
3 1053 1054 1117
3 1054 1118 1117
3 1054 1055 1118
3 1055 1119 1118
3 1055 1056 1119
3 1056 1120 1119
3 1056 1057 1120
3 1057 1121 1120
3 1057 1058 1121
3 1058 1122 1121
3 1058 1059 1122
3 1059 1123 1122
3 1059 1060 1123
3 1060 1124 1123
3 1060 1061 1124
3 1061 1125 1124
3 1061 1062 1125
3 1062 1126 1125
3 1062 1063 1126
3 1063 1127 1126
3 1063 1064 1127
3 1064 1128 1127
3 1064 1065 1128
3 1065 1129 1128
3 1065 1066 1129
3 1066 1130 1129
3 1066 1067 1130
3 1067 1131 1130
3 1067 1068 1131
3 1068 1132 1131
3 1068 1069 1132
3 1069 1133 1132
3 1069 1070 1133
3 1070 1134 1133
3 1070 1071 1134
3 1071 1135 1134
3 1071 1072 1135
3 1072 1136 1135
3 1072 1073 1136
3 1073 1137 1136
3 1073 1074 1137
3 1074 1138 1137
3 1074 1075 1138
3 1075 1139 1138
3 1075 1076 1139
3 1076 1140 1139
3 1076 1077 1140
3 1077 1141 1140
3 1077 1078 1141
3 1078 1142 1141
3 1078 1079 1142
3 1079 1143 1142
3 1079 1080 1143
3 1080 1144 1143
3 1080 1081 1144
3 1081 1145 1144
3 1081 1082 1145
3 1082 1146 1145
3 1082 1083 1146
3 1083 1147 1146
3 1083 1084 1147
3 1084 1148 1147
3 1084 1085 1148
3 1085 1149 1148
3 1085 1086 1149
3 1086 1150 1149
3 1086 1087 1150
3 1087 1151 1150
3 1087 1088 1151
3 1088 1152 1151
3 1088 1089 1152
3 1089 1153 1152
3 1089 1026 1153
3 1026 1090 1153
3 1090 1091 1154
3 1091 1155 1154
3 1091 1092 1155
3 1092 1156 1155
3 1092 1093 1156
3 1093 1157 1156
3 1093 1094 1157
3 1094 1158 1157
3 1094 1095 1158
3 1095 1159 1158
3 1095 1096 1159
3 1096 1160 1159
3 1096 1097 1160
3 1097 1161 1160
3 1097 1098 1161
3 1098 1162 1161
3 1098 1099 1162
3 1099 1163 1162
3 1099 1100 1163
3 1100 1164 1163
3 1100 1101 1164
3 1101 1165 1164
3 1101 1102 1165
3 1102 1166 1165
3 1102 1103 1166
3 1103 1167 1166
3 1103 1104 1167
3 1104 1168 1167
3 1104 1105 1168
3 1105 1169 1168
3 1105 1106 1169
3 1106 1170 1169
3 1106 1107 1170
3 1107 1171 1170
3 1107 1108 1171
3 1108 1172 1171
3 1108 1109 1172
3 1109 1173 1172
3 1109 1110 1173
3 1110 1174 1173
3 1110 1111 1174
3 1111 1175 1174
3 1111 1112 1175
3 1112 1176 1175
3 1112 1113 1176
3 1113 1177 1176
3 1113 1114 1177
3 1114 1178 1177
3 1114 1115 1178
3 1115 1179 1178
3 1115 1116 1179
3 1116 1180 1179
3 1116 1117 1180
3 1117 1181 1180
3 1117 1118 1181
3 1118 1182 1181
3 1118 1119 1182
3 1119 1183 1182
3 1119 1120 1183
3 1120 1184 1183
3 1120 1121 1184
3 1121 1185 1184
3 1121 1122 1185
3 1122 1186 1185
3 1122 1123 1186
3 1123 1187 1186
3 1123 1124 1187
3 1124 1188 1187
3 1124 1125 1188
3 1125 1189 1188
3 1125 1126 1189
3 1126 1190 1189
3 1126 1127 1190
3 1127 1191 1190
3 1127 1128 1191
3 1128 1192 1191
3 1128 1129 1192
3 1129 1193 1192
3 1129 1130 1193
3 1130 1194 1193
3 1130 1131 1194
3 1131 1195 1194
3 1131 1132 1195
3 1132 1196 1195
3 1132 1133 1196
3 1133 1197 1196
3 1133 1134 1197
3 1134 1198 1197
3 1134 1135 1198
3 1135 1199 1198
3 1135 1136 1199
3 1136 1200 1199
3 1136 1137 1200
3 1137 1201 1200
3 1137 1138 1201
3 1138 1202 1201
3 1138 1139 1202
3 1139 1203 1202
3 1139 1140 1203
3 1140 1204 1203
3 1140 1141 1204
3 1141 1205 1204
3 1141 1142 1205
3 1142 1206 1205
3 1142 1143 1206
3 1143 1207 1206
3 1143 1144 1207
3 1144 1208 1207
3 1144 1145 1208
3 1145 1209 1208
3 1145 1146 1209
3 1146 1210 1209
3 1146 1147 1210
3 1147 1211 1210
3 1147 1148 1211
3 1148 1212 1211
3 1148 1149 1212
3 1149 1213 1212
3 1149 1150 1213
3 1150 1214 1213
3 1150 1151 1214
3 1151 1215 1214
3 1151 1152 1215
3 1152 1216 1215
3 1152 1153 1216
3 1153 1217 1216
3 1153 1090 1217
3 1090 1154 1217
3 1154 1155 1218
3 1155 1219 1218
3 1155 1156 1219
3 1156 1220 1219
3 1156 1157 1220
3 1157 1221 1220
3 1157 1158 1221
3 1158 1222 1221
3 1158 1159 1222
3 1159 1223 1222
3 1159 1160 1223
3 1160 1224 1223
3 1160 1161 1224
3 1161 1225 1224
3 1161 1162 1225
3 1162 1226 1225
3 1162 1163 1226
3 1163 1227 1226
3 1163 1164 1227
3 1164 1228 1227
3 1164 1165 1228
3 1165 1229 1228
3 1165 1166 1229
3 1166 1230 1229
3 1166 1167 1230
3 1167 1231 1230
3 1167 1168 1231
3 1168 1232 1231
3 1168 1169 1232
3 1169 1233 1232
3 1169 1170 1233
3 1170 1234 1233
3 1170 1171 1234
3 1171 1235 1234
3 1171 1172 1235
3 1172 1236 1235
3 1172 1173 1236
3 1173 1237 1236
3 1173 1174 1237
3 1174 1238 1237
3 1174 1175 1238
3 1175 1239 1238
3 1175 1176 1239
3 1176 1240 1239
3 1176 1177 1240
3 1177 1241 1240
3 1177 1178 1241
3 1178 1242 1241
3 1178 1179 1242
3 1179 1243 1242
3 1179 1180 1243
3 1180 1244 1243
3 1180 1181 1244
3 1181 1245 1244
3 1181 1182 1245
3 1182 1246 1245
3 1182 1183 1246
3 1183 1247 1246
3 1183 1184 1247
3 1184 1248 1247
3 1184 1185 1248
3 1185 1249 1248
3 1185 1186 1249
3 1186 1250 1249
3 1186 1187 1250
3 1187 1251 1250
3 1187 1188 1251
3 1188 1252 1251
3 1188 1189 1252
3 1189 1253 1252
3 1189 1190 1253
3 1190 1254 1253
3 1190 1191 1254
3 1191 1255 1254
3 1191 1192 1255
3 1192 1256 1255
3 1192 1193 1256
3 1193 1257 1256
3 1193 1194 1257
3 1194 1258 1257
3 1194 1195 1258
3 1195 1259 1258
3 1195 1196 1259
3 1196 1260 1259
3 1196 1197 1260
3 1197 1261 1260
3 1197 1198 1261
3 1198 1262 1261
3 1198 1199 1262
3 1199 1263 1262
3 1199 1200 1263
3 1200 1264 1263
3 1200 1201 1264
3 1201 1265 1264
3 1201 1202 1265
3 1202 1266 1265
3 1202 1203 1266
3 1203 1267 1266
3 1203 1204 1267
3 1204 1268 1267
3 1204 1205 1268
3 1205 1269 1268
3 1205 1206 1269
3 1206 1270 1269
3 1206 1207 1270
3 1207 1271 1270
3 1207 1208 1271
3 1208 1272 1271
3 1208 1209 1272
3 1209 1273 1272
3 1209 1210 1273
3 1210 1274 1273
3 1210 1211 1274
3 1211 1275 1274
3 1211 1212 1275
3 1212 1276 1275
3 1212 1213 1276
3 1213 1277 1276
3 1213 1214 1277
3 1214 1278 1277
3 1214 1215 1278
3 1215 1279 1278
3 1215 1216 1279
3 1216 1280 1279
3 1216 1217 1280
3 1217 1281 1280
3 1217 1154 1281
3 1154 1218 1281
3 1218 1219 1282
3 1219 1283 1282
3 1219 1220 1283
3 1220 1284 1283
3 1220 1221 1284
3 1221 1285 1284
3 1221 1222 1285
3 1222 1286 1285
3 1222 1223 1286
3 1223 1287 1286
3 1223 1224 1287
3 1224 1288 1287
3 1224 1225 1288
3 1225 1289 1288
3 1225 1226 1289
3 1226 1290 1289
3 1226 1227 1290
3 1227 1291 1290
3 1227 1228 1291
3 1228 1292 1291
3 1228 1229 1292
3 1229 1293 1292
3 1229 1230 1293
3 1230 1294 1293
3 1230 1231 1294
3 1231 1295 1294
3 1231 1232 1295
3 1232 1296 1295
3 1232 1233 1296
3 1233 1297 1296
3 1233 1234 1297
3 1234 1298 1297
3 1234 1235 1298
3 1235 1299 1298
3 1235 1236 1299
3 1236 1300 1299
3 1236 1237 1300
3 1237 1301 1300
3 1237 1238 1301
3 1238 1302 1301
3 1238 1239 1302
3 1239 1303 1302
3 1239 1240 1303
3 1240 1304 1303
3 1240 1241 1304
3 1241 1305 1304
3 1241 1242 1305
3 1242 1306 1305
3 1242 1243 1306
3 1243 1307 1306
3 1243 1244 1307
3 1244 1308 1307
3 1244 1245 1308
3 1245 1309 1308
3 1245 1246 1309
3 1246 1310 1309
3 1246 1247 1310
3 1247 1311 1310
3 1247 1248 1311
3 1248 1312 1311
3 1248 1249 1312
3 1249 1313 1312
3 1249 1250 1313
3 1250 1314 1313
3 1250 1251 1314
3 1251 1315 1314
3 1251 1252 1315
3 1252 1316 1315
3 1252 1253 1316
3 1253 1317 1316
3 1253 1254 1317
3 1254 1318 1317
3 1254 1255 1318
3 1255 1319 1318
3 1255 1256 1319
3 1256 1320 1319
3 1256 1257 1320
3 1257 1321 1320
3 1257 1258 1321
3 1258 1322 1321
3 1258 1259 1322
3 1259 1323 1322
3 1259 1260 1323
3 1260 1324 1323
3 1260 1261 1324
3 1261 1325 1324
3 1261 1262 1325
3 1262 1326 1325
3 1262 1263 1326
3 1263 1327 1326
3 1263 1264 1327
3 1264 1328 1327
3 1264 1265 1328
3 1265 1329 1328
3 1265 1266 1329
3 1266 1330 1329
3 1266 1267 1330
3 1267 1331 1330
3 1267 1268 1331
3 1268 1332 1331
3 1268 1269 1332
3 1269 1333 1332
3 1269 1270 1333
3 1270 1334 1333
3 1270 1271 1334
3 1271 1335 1334
3 1271 1272 1335
3 1272 1336 1335
3 1272 1273 1336
3 1273 1337 1336
3 1273 1274 1337
3 1274 1338 1337
3 1274 1275 1338
3 1275 1339 1338
3 1275 1276 1339
3 1276 1340 1339
3 1276 1277 1340
3 1277 1341 1340
3 1277 1278 1341
3 1278 1342 1341
3 1278 1279 1342
3 1279 1343 1342
3 1279 1280 1343
3 1280 1344 1343
3 1280 1281 1344
3 1281 1345 1344
3 1281 1218 1345
3 1218 1282 1345
3 1282 1283 1346
3 1283 1347 1346
3 1283 1284 1347
3 1284 1348 1347
3 1284 1285 1348
3 1285 1349 1348
3 1285 1286 1349
3 1286 1350 1349
3 1286 1287 1350
3 1287 1351 1350
3 1287 1288 1351
3 1288 1352 1351
3 1288 1289 1352
3 1289 1353 1352
3 1289 1290 1353
3 1290 1354 1353
3 1290 1291 1354
3 1291 1355 1354
3 1291 1292 1355
3 1292 1356 1355
3 1292 1293 1356
3 1293 1357 1356
3 1293 1294 1357
3 1294 1358 1357
3 1294 1295 1358
3 1295 1359 1358
3 1295 1296 1359
3 1296 1360 1359
3 1296 1297 1360
3 1297 1361 1360
3 1297 1298 1361
3 1298 1362 1361
3 1298 1299 1362
3 1299 1363 1362
3 1299 1300 1363
3 1300 1364 1363
3 1300 1301 1364
3 1301 1365 1364
3 1301 1302 1365
3 1302 1366 1365
3 1302 1303 1366
3 1303 1367 1366
3 1303 1304 1367
3 1304 1368 1367
3 1304 1305 1368
3 1305 1369 1368
3 1305 1306 1369
3 1306 1370 1369
3 1306 1307 1370
3 1307 1371 1370
3 1307 1308 1371
3 1308 1372 1371
3 1308 1309 1372
3 1309 1373 1372
3 1309 1310 1373
3 1310 1374 1373
3 1310 1311 1374
3 1311 1375 1374
3 1311 1312 1375
3 1312 1376 1375
3 1312 1313 1376
3 1313 1377 1376
3 1313 1314 1377
3 1314 1378 1377
3 1314 1315 1378
3 1315 1379 1378
3 1315 1316 1379
3 1316 1380 1379
3 1316 1317 1380
3 1317 1381 1380
3 1317 1318 1381
3 1318 1382 1381
3 1318 1319 1382
3 1319 1383 1382
3 1319 1320 1383
3 1320 1384 1383
3 1320 1321 1384
3 1321 1385 1384
3 1321 1322 1385
3 1322 1386 1385
3 1322 1323 1386
3 1323 1387 1386
3 1323 1324 1387
3 1324 1388 1387
3 1324 1325 1388
3 1325 1389 1388
3 1325 1326 1389
3 1326 1390 1389
3 1326 1327 1390
3 1327 1391 1390
3 1327 1328 1391
3 1328 1392 1391
3 1328 1329 1392
3 1329 1393 1392
3 1329 1330 1393
3 1330 1394 1393
3 1330 1331 1394
3 1331 1395 1394
3 1331 1332 1395
3 1332 1396 1395
3 1332 1333 1396
3 1333 1397 1396
3 1333 1334 1397
3 1334 1398 1397
3 1334 1335 1398
3 1335 1399 1398
3 1335 1336 1399
3 1336 1400 1399
3 1336 1337 1400
3 1337 1401 1400
3 1337 1338 1401
3 1338 1402 1401
3 1338 1339 1402
3 1339 1403 1402
3 1339 1340 1403
3 1340 1404 1403
3 1340 1341 1404
3 1341 1405 1404
3 1341 1342 1405
3 1342 1406 1405
3 1342 1343 1406
3 1343 1407 1406
3 1343 1344 1407
3 1344 1408 1407
3 1344 1345 1408
3 1345 1409 1408
3 1345 1282 1409
3 1282 1346 1409
3 1346 1347 1410
3 1347 1411 1410
3 1347 1348 1411
3 1348 1412 1411
3 1348 1349 1412
3 1349 1413 1412
3 1349 1350 1413
3 1350 1414 1413
3 1350 1351 1414
3 1351 1415 1414
3 1351 1352 1415
3 1352 1416 1415
3 1352 1353 1416
3 1353 1417 1416
3 1353 1354 1417
3 1354 1418 1417
3 1354 1355 1418
3 1355 1419 1418
3 1355 1356 1419
3 1356 1420 1419
3 1356 1357 1420
3 1357 1421 1420
3 1357 1358 1421
3 1358 1422 1421
3 1358 1359 1422
3 1359 1423 1422
3 1359 1360 1423
3 1360 1424 1423
3 1360 1361 1424
3 1361 1425 1424
3 1361 1362 1425
3 1362 1426 1425
3 1362 1363 1426
3 1363 1427 1426
3 1363 1364 1427
3 1364 1428 1427
3 1364 1365 1428
3 1365 1429 1428
3 1365 1366 1429
3 1366 1430 1429
3 1366 1367 1430
3 1367 1431 1430
3 1367 1368 1431
3 1368 1432 1431
3 1368 1369 1432
3 1369 1433 1432
3 1369 1370 1433
3 1370 1434 1433
3 1370 1371 1434
3 1371 1435 1434
3 1371 1372 1435
3 1372 1436 1435
3 1372 1373 1436
3 1373 1437 1436
3 1373 1374 1437
3 1374 1438 1437
3 1374 1375 1438
3 1375 1439 1438
3 1375 1376 1439
3 1376 1440 1439
3 1376 1377 1440
3 1377 1441 1440
3 1377 1378 1441
3 1378 1442 1441
3 1378 1379 1442
3 1379 1443 1442
3 1379 1380 1443
3 1380 1444 1443
3 1380 1381 1444
3 1381 1445 1444
3 1381 1382 1445
3 1382 1446 1445
3 1382 1383 1446
3 1383 1447 1446
3 1383 1384 1447
3 1384 1448 1447
3 1384 1385 1448
3 1385 1449 1448
3 1385 1386 1449
3 1386 1450 1449
3 1386 1387 1450
3 1387 1451 1450
3 1387 1388 1451
3 1388 1452 1451
3 1388 1389 1452
3 1389 1453 1452
3 1389 1390 1453
3 1390 1454 1453
3 1390 1391 1454
3 1391 1455 1454
3 1391 1392 1455
3 1392 1456 1455
3 1392 1393 1456
3 1393 1457 1456
3 1393 1394 1457
3 1394 1458 1457
3 1394 1395 1458
3 1395 1459 1458
3 1395 1396 1459
3 1396 1460 1459
3 1396 1397 1460
3 1397 1461 1460
3 1397 1398 1461
3 1398 1462 1461
3 1398 1399 1462
3 1399 1463 1462
3 1399 1400 1463
3 1400 1464 1463
3 1400 1401 1464
3 1401 1465 1464
3 1401 1402 1465
3 1402 1466 1465
3 1402 1403 1466
3 1403 1467 1466
3 1403 1404 1467
3 1404 1468 1467
3 1404 1405 1468
3 1405 1469 1468
3 1405 1406 1469
3 1406 1470 1469
3 1406 1407 1470
3 1407 1471 1470
3 1407 1408 1471
3 1408 1472 1471
3 1408 1409 1472
3 1409 1473 1472
3 1409 1346 1473
3 1346 1410 1473
3 1410 1411 1474
3 1411 1475 1474
3 1411 1412 1475
3 1412 1476 1475
3 1412 1413 1476
3 1413 1477 1476
3 1413 1414 1477
3 1414 1478 1477
3 1414 1415 1478
3 1415 1479 1478
3 1415 1416 1479
3 1416 1480 1479
3 1416 1417 1480
3 1417 1481 1480
3 1417 1418 1481
3 1418 1482 1481
3 1418 1419 1482
3 1419 1483 1482
3 1419 1420 1483
3 1420 1484 1483
3 1420 1421 1484
3 1421 1485 1484
3 1421 1422 1485
3 1422 1486 1485
3 1422 1423 1486
3 1423 1487 1486
3 1423 1424 1487
3 1424 1488 1487
3 1424 1425 1488
3 1425 1489 1488
3 1425 1426 1489
3 1426 1490 1489
3 1426 1427 1490
3 1427 1491 1490
3 1427 1428 1491
3 1428 1492 1491
3 1428 1429 1492
3 1429 1493 1492
3 1429 1430 1493
3 1430 1494 1493
3 1430 1431 1494
3 1431 1495 1494
3 1431 1432 1495
3 1432 1496 1495
3 1432 1433 1496
3 1433 1497 1496
3 1433 1434 1497
3 1434 1498 1497
3 1434 1435 1498
3 1435 1499 1498
3 1435 1436 1499
3 1436 1500 1499
3 1436 1437 1500
3 1437 1501 1500
3 1437 1438 1501
3 1438 1502 1501
3 1438 1439 1502
3 1439 1503 1502
3 1439 1440 1503
3 1440 1504 1503
3 1440 1441 1504
3 1441 1505 1504
3 1441 1442 1505
3 1442 1506 1505
3 1442 1443 1506
3 1443 1507 1506
3 1443 1444 1507
3 1444 1508 1507
3 1444 1445 1508
3 1445 1509 1508
3 1445 1446 1509
3 1446 1510 1509
3 1446 1447 1510
3 1447 1511 1510
3 1447 1448 1511
3 1448 1512 1511
3 1448 1449 1512
3 1449 1513 1512
3 1449 1450 1513
3 1450 1514 1513
3 1450 1451 1514
3 1451 1515 1514
3 1451 1452 1515
3 1452 1516 1515
3 1452 1453 1516
3 1453 1517 1516
3 1453 1454 1517
3 1454 1518 1517
3 1454 1455 1518
3 1455 1519 1518
3 1455 1456 1519
3 1456 1520 1519
3 1456 1457 1520
3 1457 1521 1520
3 1457 1458 1521
3 1458 1522 1521
3 1458 1459 1522
3 1459 1523 1522
3 1459 1460 1523
3 1460 1524 1523
3 1460 1461 1524
3 1461 1525 1524
3 1461 1462 1525
3 1462 1526 1525
3 1462 1463 1526
3 1463 1527 1526
3 1463 1464 1527
3 1464 1528 1527
3 1464 1465 1528
3 1465 1529 1528
3 1465 1466 1529
3 1466 1530 1529
3 1466 1467 1530
3 1467 1531 1530
3 1467 1468 1531
3 1468 1532 1531
3 1468 1469 1532
3 1469 1533 1532
3 1469 1470 1533
3 1470 1534 1533
3 1470 1471 1534
3 1471 1535 1534
3 1471 1472 1535
3 1472 1536 1535
3 1472 1473 1536
3 1473 1537 1536
3 1473 1410 1537
3 1410 1474 1537
3 1474 1475 1538
3 1475 1539 1538
3 1475 1476 1539
3 1476 1540 1539
3 1476 1477 1540
3 1477 1541 1540
3 1477 1478 1541
3 1478 1542 1541
3 1478 1479 1542
3 1479 1543 1542
3 1479 1480 1543
3 1480 1544 1543
3 1480 1481 1544
3 1481 1545 1544
3 1481 1482 1545
3 1482 1546 1545
3 1482 1483 1546
3 1483 1547 1546
3 1483 1484 1547
3 1484 1548 1547
3 1484 1485 1548
3 1485 1549 1548
3 1485 1486 1549
3 1486 1550 1549
3 1486 1487 1550
3 1487 1551 1550
3 1487 1488 1551
3 1488 1552 1551
3 1488 1489 1552
3 1489 1553 1552
3 1489 1490 1553
3 1490 1554 1553
3 1490 1491 1554
3 1491 1555 1554
3 1491 1492 1555
3 1492 1556 1555
3 1492 1493 1556
3 1493 1557 1556
3 1493 1494 1557
3 1494 1558 1557
3 1494 1495 1558
3 1495 1559 1558
3 1495 1496 1559
3 1496 1560 1559
3 1496 1497 1560
3 1497 1561 1560
3 1497 1498 1561
3 1498 1562 1561
3 1498 1499 1562
3 1499 1563 1562
3 1499 1500 1563
3 1500 1564 1563
3 1500 1501 1564
3 1501 1565 1564
3 1501 1502 1565
3 1502 1566 1565
3 1502 1503 1566
3 1503 1567 1566
3 1503 1504 1567
3 1504 1568 1567
3 1504 1505 1568
3 1505 1569 1568
3 1505 1506 1569
3 1506 1570 1569
3 1506 1507 1570
3 1507 1571 1570
3 1507 1508 1571
3 1508 1572 1571
3 1508 1509 1572
3 1509 1573 1572
3 1509 1510 1573
3 1510 1574 1573
3 1510 1511 1574
3 1511 1575 1574
3 1511 1512 1575
3 1512 1576 1575
3 1512 1513 1576
3 1513 1577 1576
3 1513 1514 1577
3 1514 1578 1577
3 1514 1515 1578
3 1515 1579 1578
3 1515 1516 1579
3 1516 1580 1579
3 1516 1517 1580
3 1517 1581 1580
3 1517 1518 1581
3 1518 1582 1581
3 1518 1519 1582
3 1519 1583 1582
3 1519 1520 1583
3 1520 1584 1583
3 1520 1521 1584
3 1521 1585 1584
3 1521 1522 1585
3 1522 1586 1585
3 1522 1523 1586
3 1523 1587 1586
3 1523 1524 1587
3 1524 1588 1587
3 1524 1525 1588
3 1525 1589 1588
3 1525 1526 1589
3 1526 1590 1589
3 1526 1527 1590
3 1527 1591 1590
3 1527 1528 1591
3 1528 1592 1591
3 1528 1529 1592
3 1529 1593 1592
3 1529 1530 1593
3 1530 1594 1593
3 1530 1531 1594
3 1531 1595 1594
3 1531 1532 1595
3 1532 1596 1595
3 1532 1533 1596
3 1533 1597 1596
3 1533 1534 1597
3 1534 1598 1597
3 1534 1535 1598
3 1535 1599 1598
3 1535 1536 1599
3 1536 1600 1599
3 1536 1537 1600
3 1537 1601 1600
3 1537 1474 1601
3 1474 1538 1601
3 1538 1539 1602
3 1539 1603 1602
3 1539 1540 1603
3 1540 1604 1603
3 1540 1541 1604
3 1541 1605 1604
3 1541 1542 1605
3 1542 1606 1605
3 1542 1543 1606
3 1543 1607 1606
3 1543 1544 1607
3 1544 1608 1607
3 1544 1545 1608
3 1545 1609 1608
3 1545 1546 1609
3 1546 1610 1609
3 1546 1547 1610
3 1547 1611 1610
3 1547 1548 1611
3 1548 1612 1611
3 1548 1549 1612
3 1549 1613 1612
3 1549 1550 1613
3 1550 1614 1613
3 1550 1551 1614
3 1551 1615 1614
3 1551 1552 1615
3 1552 1616 1615
3 1552 1553 1616
3 1553 1617 1616
3 1553 1554 1617
3 1554 1618 1617
3 1554 1555 1618
3 1555 1619 1618
3 1555 1556 1619
3 1556 1620 1619
3 1556 1557 1620
3 1557 1621 1620
3 1557 1558 1621
3 1558 1622 1621
3 1558 1559 1622
3 1559 1623 1622
3 1559 1560 1623
3 1560 1624 1623
3 1560 1561 1624
3 1561 1625 1624
3 1561 1562 1625
3 1562 1626 1625
3 1562 1563 1626
3 1563 1627 1626
3 1563 1564 1627
3 1564 1628 1627
3 1564 1565 1628
3 1565 1629 1628
3 1565 1566 1629
3 1566 1630 1629
3 1566 1567 1630
3 1567 1631 1630
3 1567 1568 1631
3 1568 1632 1631
3 1568 1569 1632
3 1569 1633 1632
3 1569 1570 1633
3 1570 1634 1633
3 1570 1571 1634
3 1571 1635 1634
3 1571 1572 1635
3 1572 1636 1635
3 1572 1573 1636
3 1573 1637 1636
3 1573 1574 1637
3 1574 1638 1637
3 1574 1575 1638
3 1575 1639 1638
3 1575 1576 1639
3 1576 1640 1639
3 1576 1577 1640
3 1577 1641 1640
3 1577 1578 1641
3 1578 1642 1641
3 1578 1579 1642
3 1579 1643 1642
3 1579 1580 1643
3 1580 1644 1643
3 1580 1581 1644
3 1581 1645 1644
3 1581 1582 1645
3 1582 1646 1645
3 1582 1583 1646
3 1583 1647 1646
3 1583 1584 1647
3 1584 1648 1647
3 1584 1585 1648
3 1585 1649 1648
3 1585 1586 1649
3 1586 1650 1649
3 1586 1587 1650
3 1587 1651 1650
3 1587 1588 1651
3 1588 1652 1651
3 1588 1589 1652
3 1589 1653 1652
3 1589 1590 1653
3 1590 1654 1653
3 1590 1591 1654
3 1591 1655 1654
3 1591 1592 1655
3 1592 1656 1655
3 1592 1593 1656
3 1593 1657 1656
3 1593 1594 1657
3 1594 1658 1657
3 1594 1595 1658
3 1595 1659 1658
3 1595 1596 1659
3 1596 1660 1659
3 1596 1597 1660
3 1597 1661 1660
3 1597 1598 1661
3 1598 1662 1661
3 1598 1599 1662
3 1599 1663 1662
3 1599 1600 1663
3 1600 1664 1663
3 1600 1601 1664
3 1601 1665 1664
3 1601 1538 1665
3 1538 1602 1665
3 1602 1603 1666
3 1603 1667 1666
3 1603 1604 1667
3 1604 1668 1667
3 1604 1605 1668
3 1605 1669 1668
3 1605 1606 1669
3 1606 1670 1669
3 1606 1607 1670
3 1607 1671 1670
3 1607 1608 1671
3 1608 1672 1671
3 1608 1609 1672
3 1609 1673 1672
3 1609 1610 1673
3 1610 1674 1673
3 1610 1611 1674
3 1611 1675 1674
3 1611 1612 1675
3 1612 1676 1675
3 1612 1613 1676
3 1613 1677 1676
3 1613 1614 1677
3 1614 1678 1677
3 1614 1615 1678
3 1615 1679 1678
3 1615 1616 1679
3 1616 1680 1679
3 1616 1617 1680
3 1617 1681 1680
3 1617 1618 1681
3 1618 1682 1681
3 1618 1619 1682
3 1619 1683 1682
3 1619 1620 1683
3 1620 1684 1683
3 1620 1621 1684
3 1621 1685 1684
3 1621 1622 1685
3 1622 1686 1685
3 1622 1623 1686
3 1623 1687 1686
3 1623 1624 1687
3 1624 1688 1687
3 1624 1625 1688
3 1625 1689 1688
3 1625 1626 1689
3 1626 1690 1689
3 1626 1627 1690
3 1627 1691 1690
3 1627 1628 1691
3 1628 1692 1691
3 1628 1629 1692
3 1629 1693 1692
3 1629 1630 1693
3 1630 1694 1693
3 1630 1631 1694
3 1631 1695 1694
3 1631 1632 1695
3 1632 1696 1695
3 1632 1633 1696
3 1633 1697 1696
3 1633 1634 1697
3 1634 1698 1697
3 1634 1635 1698
3 1635 1699 1698
3 1635 1636 1699
3 1636 1700 1699
3 1636 1637 1700
3 1637 1701 1700
3 1637 1638 1701
3 1638 1702 1701
3 1638 1639 1702
3 1639 1703 1702
3 1639 1640 1703
3 1640 1704 1703
3 1640 1641 1704
3 1641 1705 1704
3 1641 1642 1705
3 1642 1706 1705
3 1642 1643 1706
3 1643 1707 1706
3 1643 1644 1707
3 1644 1708 1707
3 1644 1645 1708
3 1645 1709 1708
3 1645 1646 1709
3 1646 1710 1709
3 1646 1647 1710
3 1647 1711 1710
3 1647 1648 1711
3 1648 1712 1711
3 1648 1649 1712
3 1649 1713 1712
3 1649 1650 1713
3 1650 1714 1713
3 1650 1651 1714
3 1651 1715 1714
3 1651 1652 1715
3 1652 1716 1715
3 1652 1653 1716
3 1653 1717 1716
3 1653 1654 1717
3 1654 1718 1717
3 1654 1655 1718
3 1655 1719 1718
3 1655 1656 1719
3 1656 1720 1719
3 1656 1657 1720
3 1657 1721 1720
3 1657 1658 1721
3 1658 1722 1721
3 1658 1659 1722
3 1659 1723 1722
3 1659 1660 1723
3 1660 1724 1723
3 1660 1661 1724
3 1661 1725 1724
3 1661 1662 1725
3 1662 1726 1725
3 1662 1663 1726
3 1663 1727 1726
3 1663 1664 1727
3 1664 1728 1727
3 1664 1665 1728
3 1665 1729 1728
3 1665 1602 1729
3 1602 1666 1729
3 1666 1667 1730
3 1667 1731 1730
3 1667 1668 1731
3 1668 1732 1731
3 1668 1669 1732
3 1669 1733 1732
3 1669 1670 1733
3 1670 1734 1733
3 1670 1671 1734
3 1671 1735 1734
3 1671 1672 1735
3 1672 1736 1735
3 1672 1673 1736
3 1673 1737 1736
3 1673 1674 1737
3 1674 1738 1737
3 1674 1675 1738
3 1675 1739 1738
3 1675 1676 1739
3 1676 1740 1739
3 1676 1677 1740
3 1677 1741 1740
3 1677 1678 1741
3 1678 1742 1741
3 1678 1679 1742
3 1679 1743 1742
3 1679 1680 1743
3 1680 1744 1743
3 1680 1681 1744
3 1681 1745 1744
3 1681 1682 1745
3 1682 1746 1745
3 1682 1683 1746
3 1683 1747 1746
3 1683 1684 1747
3 1684 1748 1747
3 1684 1685 1748
3 1685 1749 1748
3 1685 1686 1749
3 1686 1750 1749
3 1686 1687 1750
3 1687 1751 1750
3 1687 1688 1751
3 1688 1752 1751
3 1688 1689 1752
3 1689 1753 1752
3 1689 1690 1753
3 1690 1754 1753
3 1690 1691 1754
3 1691 1755 1754
3 1691 1692 1755
3 1692 1756 1755
3 1692 1693 1756
3 1693 1757 1756
3 1693 1694 1757
3 1694 1758 1757
3 1694 1695 1758
3 1695 1759 1758
3 1695 1696 1759
3 1696 1760 1759
3 1696 1697 1760
3 1697 1761 1760
3 1697 1698 1761
3 1698 1762 1761
3 1698 1699 1762
3 1699 1763 1762
3 1699 1700 1763
3 1700 1764 1763
3 1700 1701 1764
3 1701 1765 1764
3 1701 1702 1765
3 1702 1766 1765
3 1702 1703 1766
3 1703 1767 1766
3 1703 1704 1767
3 1704 1768 1767
3 1704 1705 1768
3 1705 1769 1768
3 1705 1706 1769
3 1706 1770 1769
3 1706 1707 1770
3 1707 1771 1770
3 1707 1708 1771
3 1708 1772 1771
3 1708 1709 1772
3 1709 1773 1772
3 1709 1710 1773
3 1710 1774 1773
3 1710 1711 1774
3 1711 1775 1774
3 1711 1712 1775
3 1712 1776 1775
3 1712 1713 1776
3 1713 1777 1776
3 1713 1714 1777
3 1714 1778 1777
3 1714 1715 1778
3 1715 1779 1778
3 1715 1716 1779
3 1716 1780 1779
3 1716 1717 1780
3 1717 1781 1780
3 1717 1718 1781
3 1718 1782 1781
3 1718 1719 1782
3 1719 1783 1782
3 1719 1720 1783
3 1720 1784 1783
3 1720 1721 1784
3 1721 1785 1784
3 1721 1722 1785
3 1722 1786 1785
3 1722 1723 1786
3 1723 1787 1786
3 1723 1724 1787
3 1724 1788 1787
3 1724 1725 1788
3 1725 1789 1788
3 1725 1726 1789
3 1726 1790 1789
3 1726 1727 1790
3 1727 1791 1790
3 1727 1728 1791
3 1728 1792 1791
3 1728 1729 1792
3 1729 1793 1792
3 1729 1666 1793
3 1666 1730 1793
3 1730 1731 1794
3 1731 1795 1794
3 1731 1732 1795
3 1732 1796 1795
3 1732 1733 1796
3 1733 1797 1796
3 1733 1734 1797
3 1734 1798 1797
3 1734 1735 1798
3 1735 1799 1798
3 1735 1736 1799
3 1736 1800 1799
3 1736 1737 1800
3 1737 1801 1800
3 1737 1738 1801
3 1738 1802 1801
3 1738 1739 1802
3 1739 1803 1802
3 1739 1740 1803
3 1740 1804 1803
3 1740 1741 1804
3 1741 1805 1804
3 1741 1742 1805
3 1742 1806 1805
3 1742 1743 1806
3 1743 1807 1806
3 1743 1744 1807
3 1744 1808 1807
3 1744 1745 1808
3 1745 1809 1808
3 1745 1746 1809
3 1746 1810 1809
3 1746 1747 1810
3 1747 1811 1810
3 1747 1748 1811
3 1748 1812 1811
3 1748 1749 1812
3 1749 1813 1812
3 1749 1750 1813
3 1750 1814 1813
3 1750 1751 1814
3 1751 1815 1814
3 1751 1752 1815
3 1752 1816 1815
3 1752 1753 1816
3 1753 1817 1816
3 1753 1754 1817
3 1754 1818 1817
3 1754 1755 1818
3 1755 1819 1818
3 1755 1756 1819
3 1756 1820 1819
3 1756 1757 1820
3 1757 1821 1820
3 1757 1758 1821
3 1758 1822 1821
3 1758 1759 1822
3 1759 1823 1822
3 1759 1760 1823
3 1760 1824 1823
3 1760 1761 1824
3 1761 1825 1824
3 1761 1762 1825
3 1762 1826 1825
3 1762 1763 1826
3 1763 1827 1826
3 1763 1764 1827
3 1764 1828 1827
3 1764 1765 1828
3 1765 1829 1828
3 1765 1766 1829
3 1766 1830 1829
3 1766 1767 1830
3 1767 1831 1830
3 1767 1768 1831
3 1768 1832 1831
3 1768 1769 1832
3 1769 1833 1832
3 1769 1770 1833
3 1770 1834 1833
3 1770 1771 1834
3 1771 1835 1834
3 1771 1772 1835
3 1772 1836 1835
3 1772 1773 1836
3 1773 1837 1836
3 1773 1774 1837
3 1774 1838 1837
3 1774 1775 1838
3 1775 1839 1838
3 1775 1776 1839
3 1776 1840 1839
3 1776 1777 1840
3 1777 1841 1840
3 1777 1778 1841
3 1778 1842 1841
3 1778 1779 1842
3 1779 1843 1842
3 1779 1780 1843
3 1780 1844 1843
3 1780 1781 1844
3 1781 1845 1844
3 1781 1782 1845
3 1782 1846 1845
3 1782 1783 1846
3 1783 1847 1846
3 1783 1784 1847
3 1784 1848 1847
3 1784 1785 1848
3 1785 1849 1848
3 1785 1786 1849
3 1786 1850 1849
3 1786 1787 1850
3 1787 1851 1850
3 1787 1788 1851
3 1788 1852 1851
3 1788 1789 1852
3 1789 1853 1852
3 1789 1790 1853
3 1790 1854 1853
3 1790 1791 1854
3 1791 1855 1854
3 1791 1792 1855
3 1792 1856 1855
3 1792 1793 1856
3 1793 1857 1856
3 1793 1730 1857
3 1730 1794 1857
3 1794 1795 1858
3 1795 1859 1858
3 1795 1796 1859
3 1796 1860 1859
3 1796 1797 1860
3 1797 1861 1860
3 1797 1798 1861
3 1798 1862 1861
3 1798 1799 1862
3 1799 1863 1862
3 1799 1800 1863
3 1800 1864 1863
3 1800 1801 1864
3 1801 1865 1864
3 1801 1802 1865
3 1802 1866 1865
3 1802 1803 1866
3 1803 1867 1866
3 1803 1804 1867
3 1804 1868 1867
3 1804 1805 1868
3 1805 1869 1868
3 1805 1806 1869
3 1806 1870 1869
3 1806 1807 1870
3 1807 1871 1870
3 1807 1808 1871
3 1808 1872 1871
3 1808 1809 1872
3 1809 1873 1872
3 1809 1810 1873
3 1810 1874 1873
3 1810 1811 1874
3 1811 1875 1874
3 1811 1812 1875
3 1812 1876 1875
3 1812 1813 1876
3 1813 1877 1876
3 1813 1814 1877
3 1814 1878 1877
3 1814 1815 1878
3 1815 1879 1878
3 1815 1816 1879
3 1816 1880 1879
3 1816 1817 1880
3 1817 1881 1880
3 1817 1818 1881
3 1818 1882 1881
3 1818 1819 1882
3 1819 1883 1882
3 1819 1820 1883
3 1820 1884 1883
3 1820 1821 1884
3 1821 1885 1884
3 1821 1822 1885
3 1822 1886 1885
3 1822 1823 1886
3 1823 1887 1886
3 1823 1824 1887
3 1824 1888 1887
3 1824 1825 1888
3 1825 1889 1888
3 1825 1826 1889
3 1826 1890 1889
3 1826 1827 1890
3 1827 1891 1890
3 1827 1828 1891
3 1828 1892 1891
3 1828 1829 1892
3 1829 1893 1892
3 1829 1830 1893
3 1830 1894 1893
3 1830 1831 1894
3 1831 1895 1894
3 1831 1832 1895
3 1832 1896 1895
3 1832 1833 1896
3 1833 1897 1896
3 1833 1834 1897
3 1834 1898 1897
3 1834 1835 1898
3 1835 1899 1898
3 1835 1836 1899
3 1836 1900 1899
3 1836 1837 1900
3 1837 1901 1900
3 1837 1838 1901
3 1838 1902 1901
3 1838 1839 1902
3 1839 1903 1902
3 1839 1840 1903
3 1840 1904 1903
3 1840 1841 1904
3 1841 1905 1904
3 1841 1842 1905
3 1842 1906 1905
3 1842 1843 1906
3 1843 1907 1906
3 1843 1844 1907
3 1844 1908 1907
3 1844 1845 1908
3 1845 1909 1908
3 1845 1846 1909
3 1846 1910 1909
3 1846 1847 1910
3 1847 1911 1910
3 1847 1848 1911
3 1848 1912 1911
3 1848 1849 1912
3 1849 1913 1912
3 1849 1850 1913
3 1850 1914 1913
3 1850 1851 1914
3 1851 1915 1914
3 1851 1852 1915
3 1852 1916 1915
3 1852 1853 1916
3 1853 1917 1916
3 1853 1854 1917
3 1854 1918 1917
3 1854 1855 1918
3 1855 1919 1918
3 1855 1856 1919
3 1856 1920 1919
3 1856 1857 1920
3 1857 1921 1920
3 1857 1794 1921
3 1794 1858 1921
3 1858 1859 1922
3 1859 1923 1922
3 1859 1860 1923
3 1860 1924 1923
3 1860 1861 1924
3 1861 1925 1924
3 1861 1862 1925
3 1862 1926 1925
3 1862 1863 1926
3 1863 1927 1926
3 1863 1864 1927
3 1864 1928 1927
3 1864 1865 1928
3 1865 1929 1928
3 1865 1866 1929
3 1866 1930 1929
3 1866 1867 1930
3 1867 1931 1930
3 1867 1868 1931
3 1868 1932 1931
3 1868 1869 1932
3 1869 1933 1932
3 1869 1870 1933
3 1870 1934 1933
3 1870 1871 1934
3 1871 1935 1934
3 1871 1872 1935
3 1872 1936 1935
3 1872 1873 1936
3 1873 1937 1936
3 1873 1874 1937
3 1874 1938 1937
3 1874 1875 1938
3 1875 1939 1938
3 1875 1876 1939
3 1876 1940 1939
3 1876 1877 1940
3 1877 1941 1940
3 1877 1878 1941
3 1878 1942 1941
3 1878 1879 1942
3 1879 1943 1942
3 1879 1880 1943
3 1880 1944 1943
3 1880 1881 1944
3 1881 1945 1944
3 1881 1882 1945
3 1882 1946 1945
3 1882 1883 1946
3 1883 1947 1946
3 1883 1884 1947
3 1884 1948 1947
3 1884 1885 1948
3 1885 1949 1948
3 1885 1886 1949
3 1886 1950 1949
3 1886 1887 1950
3 1887 1951 1950
3 1887 1888 1951
3 1888 1952 1951
3 1888 1889 1952
3 1889 1953 1952
3 1889 1890 1953
3 1890 1954 1953
3 1890 1891 1954
3 1891 1955 1954
3 1891 1892 1955
3 1892 1956 1955
3 1892 1893 1956
3 1893 1957 1956
3 1893 1894 1957
3 1894 1958 1957
3 1894 1895 1958
3 1895 1959 1958
3 1895 1896 1959
3 1896 1960 1959
3 1896 1897 1960
3 1897 1961 1960
3 1897 1898 1961
3 1898 1962 1961
3 1898 1899 1962
3 1899 1963 1962
3 1899 1900 1963
3 1900 1964 1963
3 1900 1901 1964
3 1901 1965 1964
3 1901 1902 1965
3 1902 1966 1965
3 1902 1903 1966
3 1903 1967 1966
3 1903 1904 1967
3 1904 1968 1967
3 1904 1905 1968
3 1905 1969 1968
3 1905 1906 1969
3 1906 1970 1969
3 1906 1907 1970
3 1907 1971 1970
3 1907 1908 1971
3 1908 1972 1971
3 1908 1909 1972
3 1909 1973 1972
3 1909 1910 1973
3 1910 1974 1973
3 1910 1911 1974
3 1911 1975 1974
3 1911 1912 1975
3 1912 1976 1975
3 1912 1913 1976
3 1913 1977 1976
3 1913 1914 1977
3 1914 1978 1977
3 1914 1915 1978
3 1915 1979 1978
3 1915 1916 1979
3 1916 1980 1979
3 1916 1917 1980
3 1917 1981 1980
3 1917 1918 1981
3 1918 1982 1981
3 1918 1919 1982
3 1919 1983 1982
3 1919 1920 1983
3 1920 1984 1983
3 1920 1921 1984
3 1921 1985 1984
3 1921 1858 1985
3 1858 1922 1985
3 1922 1923 1986
3 1923 1987 1986
3 1923 1924 1987
3 1924 1988 1987
3 1924 1925 1988
3 1925 1989 1988
3 1925 1926 1989
3 1926 1990 1989
3 1926 1927 1990
3 1927 1991 1990
3 1927 1928 1991
3 1928 1992 1991
3 1928 1929 1992
3 1929 1993 1992
3 1929 1930 1993
3 1930 1994 1993
3 1930 1931 1994
3 1931 1995 1994
3 1931 1932 1995
3 1932 1996 1995
3 1932 1933 1996
3 1933 1997 1996
3 1933 1934 1997
3 1934 1998 1997
3 1934 1935 1998
3 1935 1999 1998
3 1935 1936 1999
3 1936 2000 1999
3 1936 1937 2000
3 1937 2001 2000
3 1937 1938 2001
3 1938 2002 2001
3 1938 1939 2002
3 1939 2003 2002
3 1939 1940 2003
3 1940 2004 2003
3 1940 1941 2004
3 1941 2005 2004
3 1941 1942 2005
3 1942 2006 2005
3 1942 1943 2006
3 1943 2007 2006
3 1943 1944 2007
3 1944 2008 2007
3 1944 1945 2008
3 1945 2009 2008
3 1945 1946 2009
3 1946 2010 2009
3 1946 1947 2010
3 1947 2011 2010
3 1947 1948 2011
3 1948 2012 2011
3 1948 1949 2012
3 1949 2013 2012
3 1949 1950 2013
3 1950 2014 2013
3 1950 1951 2014
3 1951 2015 2014
3 1951 1952 2015
3 1952 2016 2015
3 1952 1953 2016
3 1953 2017 2016
3 1953 1954 2017
3 1954 2018 2017
3 1954 1955 2018
3 1955 2019 2018
3 1955 1956 2019
3 1956 2020 2019
3 1956 1957 2020
3 1957 2021 2020
3 1957 1958 2021
3 1958 2022 2021
3 1958 1959 2022
3 1959 2023 2022
3 1959 1960 2023
3 1960 2024 2023
3 1960 1961 2024
3 1961 2025 2024
3 1961 1962 2025
3 1962 2026 2025
3 1962 1963 2026
3 1963 2027 2026
3 1963 1964 2027
3 1964 2028 2027
3 1964 1965 2028
3 1965 2029 2028
3 1965 1966 2029
3 1966 2030 2029
3 1966 1967 2030
3 1967 2031 2030
3 1967 1968 2031
3 1968 2032 2031
3 1968 1969 2032
3 1969 2033 2032
3 1969 1970 2033
3 1970 2034 2033
3 1970 1971 2034
3 1971 2035 2034
3 1971 1972 2035
3 1972 2036 2035
3 1972 1973 2036
3 1973 2037 2036
3 1973 1974 2037
3 1974 2038 2037
3 1974 1975 2038
3 1975 2039 2038
3 1975 1976 2039
3 1976 2040 2039
3 1976 1977 2040
3 1977 2041 2040
3 1977 1978 2041
3 1978 2042 2041
3 1978 1979 2042
3 1979 2043 2042
3 1979 1980 2043
3 1980 2044 2043
3 1980 1981 2044
3 1981 2045 2044
3 1981 1982 2045
3 1982 2046 2045
3 1982 1983 2046
3 1983 2047 2046
3 1983 1984 2047
3 1984 2048 2047
3 1984 1985 2048
3 1985 2049 2048
3 1985 1922 2049
3 1922 1986 2049
3 1986 1987 2050
3 1987 2051 2050
3 1987 1988 2051
3 1988 2052 2051
3 1988 1989 2052
3 1989 2053 2052
3 1989 1990 2053
3 1990 2054 2053
3 1990 1991 2054
3 1991 2055 2054
3 1991 1992 2055
3 1992 2056 2055
3 1992 1993 2056
3 1993 2057 2056
3 1993 1994 2057
3 1994 2058 2057
3 1994 1995 2058
3 1995 2059 2058
3 1995 1996 2059
3 1996 2060 2059
3 1996 1997 2060
3 1997 2061 2060
3 1997 1998 2061
3 1998 2062 2061
3 1998 1999 2062
3 1999 2063 2062
3 1999 2000 2063
3 2000 2064 2063
3 2000 2001 2064
3 2001 2065 2064
3 2001 2002 2065
3 2002 2066 2065
3 2002 2003 2066
3 2003 2067 2066
3 2003 2004 2067
3 2004 2068 2067
3 2004 2005 2068
3 2005 2069 2068
3 2005 2006 2069
3 2006 2070 2069
3 2006 2007 2070
3 2007 2071 2070
3 2007 2008 2071
3 2008 2072 2071
3 2008 2009 2072
3 2009 2073 2072
3 2009 2010 2073
3 2010 2074 2073
3 2010 2011 2074
3 2011 2075 2074
3 2011 2012 2075
3 2012 2076 2075
3 2012 2013 2076
3 2013 2077 2076
3 2013 2014 2077
3 2014 2078 2077
3 2014 2015 2078
3 2015 2079 2078
3 2015 2016 2079
3 2016 2080 2079
3 2016 2017 2080
3 2017 2081 2080
3 2017 2018 2081
3 2018 2082 2081
3 2018 2019 2082
3 2019 2083 2082
3 2019 2020 2083
3 2020 2084 2083
3 2020 2021 2084
3 2021 2085 2084
3 2021 2022 2085
3 2022 2086 2085
3 2022 2023 2086
3 2023 2087 2086
3 2023 2024 2087
3 2024 2088 2087
3 2024 2025 2088
3 2025 2089 2088
3 2025 2026 2089
3 2026 2090 2089
3 2026 2027 2090
3 2027 2091 2090
3 2027 2028 2091
3 2028 2092 2091
3 2028 2029 2092
3 2029 2093 2092
3 2029 2030 2093
3 2030 2094 2093
3 2030 2031 2094
3 2031 2095 2094
3 2031 2032 2095
3 2032 2096 2095
3 2032 2033 2096
3 2033 2097 2096
3 2033 2034 2097
3 2034 2098 2097
3 2034 2035 2098
3 2035 2099 2098
3 2035 2036 2099
3 2036 2100 2099
3 2036 2037 2100
3 2037 2101 2100
3 2037 2038 2101
3 2038 2102 2101
3 2038 2039 2102
3 2039 2103 2102
3 2039 2040 2103
3 2040 2104 2103
3 2040 2041 2104
3 2041 2105 2104
3 2041 2042 2105
3 2042 2106 2105
3 2042 2043 2106
3 2043 2107 2106
3 2043 2044 2107
3 2044 2108 2107
3 2044 2045 2108
3 2045 2109 2108
3 2045 2046 2109
3 2046 2110 2109
3 2046 2047 2110
3 2047 2111 2110
3 2047 2048 2111
3 2048 2112 2111
3 2048 2049 2112
3 2049 2113 2112
3 2049 1986 2113
3 1986 2050 2113
3 2050 2051 2114
3 2051 2115 2114
3 2051 2052 2115
3 2052 2116 2115
3 2052 2053 2116
3 2053 2117 2116
3 2053 2054 2117
3 2054 2118 2117
3 2054 2055 2118
3 2055 2119 2118
3 2055 2056 2119
3 2056 2120 2119
3 2056 2057 2120
3 2057 2121 2120
3 2057 2058 2121
3 2058 2122 2121
3 2058 2059 2122
3 2059 2123 2122
3 2059 2060 2123
3 2060 2124 2123
3 2060 2061 2124
3 2061 2125 2124
3 2061 2062 2125
3 2062 2126 2125
3 2062 2063 2126
3 2063 2127 2126
3 2063 2064 2127
3 2064 2128 2127
3 2064 2065 2128
3 2065 2129 2128
3 2065 2066 2129
3 2066 2130 2129
3 2066 2067 2130
3 2067 2131 2130
3 2067 2068 2131
3 2068 2132 2131
3 2068 2069 2132
3 2069 2133 2132
3 2069 2070 2133
3 2070 2134 2133
3 2070 2071 2134
3 2071 2135 2134
3 2071 2072 2135
3 2072 2136 2135
3 2072 2073 2136
3 2073 2137 2136
3 2073 2074 2137
3 2074 2138 2137
3 2074 2075 2138
3 2075 2139 2138
3 2075 2076 2139
3 2076 2140 2139
3 2076 2077 2140
3 2077 2141 2140
3 2077 2078 2141
3 2078 2142 2141
3 2078 2079 2142
3 2079 2143 2142
3 2079 2080 2143
3 2080 2144 2143
3 2080 2081 2144
3 2081 2145 2144
3 2081 2082 2145
3 2082 2146 2145
3 2082 2083 2146
3 2083 2147 2146
3 2083 2084 2147
3 2084 2148 2147
3 2084 2085 2148
3 2085 2149 2148
3 2085 2086 2149
3 2086 2150 2149
3 2086 2087 2150
3 2087 2151 2150
3 2087 2088 2151
3 2088 2152 2151
3 2088 2089 2152
3 2089 2153 2152
3 2089 2090 2153
3 2090 2154 2153
3 2090 2091 2154
3 2091 2155 2154
3 2091 2092 2155
3 2092 2156 2155
3 2092 2093 2156
3 2093 2157 2156
3 2093 2094 2157
3 2094 2158 2157
3 2094 2095 2158
3 2095 2159 2158
3 2095 2096 2159
3 2096 2160 2159
3 2096 2097 2160
3 2097 2161 2160
3 2097 2098 2161
3 2098 2162 2161
3 2098 2099 2162
3 2099 2163 2162
3 2099 2100 2163
3 2100 2164 2163
3 2100 2101 2164
3 2101 2165 2164
3 2101 2102 2165
3 2102 2166 2165
3 2102 2103 2166
3 2103 2167 2166
3 2103 2104 2167
3 2104 2168 2167
3 2104 2105 2168
3 2105 2169 2168
3 2105 2106 2169
3 2106 2170 2169
3 2106 2107 2170
3 2107 2171 2170
3 2107 2108 2171
3 2108 2172 2171
3 2108 2109 2172
3 2109 2173 2172
3 2109 2110 2173
3 2110 2174 2173
3 2110 2111 2174
3 2111 2175 2174
3 2111 2112 2175
3 2112 2176 2175
3 2112 2113 2176
3 2113 2177 2176
3 2113 2050 2177
3 2050 2114 2177
3 2114 2115 2178
3 2115 2179 2178
3 2115 2116 2179
3 2116 2180 2179
3 2116 2117 2180
3 2117 2181 2180
3 2117 2118 2181
3 2118 2182 2181
3 2118 2119 2182
3 2119 2183 2182
3 2119 2120 2183
3 2120 2184 2183
3 2120 2121 2184
3 2121 2185 2184
3 2121 2122 2185
3 2122 2186 2185
3 2122 2123 2186
3 2123 2187 2186
3 2123 2124 2187
3 2124 2188 2187
3 2124 2125 2188
3 2125 2189 2188
3 2125 2126 2189
3 2126 2190 2189
3 2126 2127 2190
3 2127 2191 2190
3 2127 2128 2191
3 2128 2192 2191
3 2128 2129 2192
3 2129 2193 2192
3 2129 2130 2193
3 2130 2194 2193
3 2130 2131 2194
3 2131 2195 2194
3 2131 2132 2195
3 2132 2196 2195
3 2132 2133 2196
3 2133 2197 2196
3 2133 2134 2197
3 2134 2198 2197
3 2134 2135 2198
3 2135 2199 2198
3 2135 2136 2199
3 2136 2200 2199
3 2136 2137 2200
3 2137 2201 2200
3 2137 2138 2201
3 2138 2202 2201
3 2138 2139 2202
3 2139 2203 2202
3 2139 2140 2203
3 2140 2204 2203
3 2140 2141 2204
3 2141 2205 2204
3 2141 2142 2205
3 2142 2206 2205
3 2142 2143 2206
3 2143 2207 2206
3 2143 2144 2207
3 2144 2208 2207
3 2144 2145 2208
3 2145 2209 2208
3 2145 2146 2209
3 2146 2210 2209
3 2146 2147 2210
3 2147 2211 2210
3 2147 2148 2211
3 2148 2212 2211
3 2148 2149 2212
3 2149 2213 2212
3 2149 2150 2213
3 2150 2214 2213
3 2150 2151 2214
3 2151 2215 2214
3 2151 2152 2215
3 2152 2216 2215
3 2152 2153 2216
3 2153 2217 2216
3 2153 2154 2217
3 2154 2218 2217
3 2154 2155 2218
3 2155 2219 2218
3 2155 2156 2219
3 2156 2220 2219
3 2156 2157 2220
3 2157 2221 2220
3 2157 2158 2221
3 2158 2222 2221
3 2158 2159 2222
3 2159 2223 2222
3 2159 2160 2223
3 2160 2224 2223
3 2160 2161 2224
3 2161 2225 2224
3 2161 2162 2225
3 2162 2226 2225
3 2162 2163 2226
3 2163 2227 2226
3 2163 2164 2227
3 2164 2228 2227
3 2164 2165 2228
3 2165 2229 2228
3 2165 2166 2229
3 2166 2230 2229
3 2166 2167 2230
3 2167 2231 2230
3 2167 2168 2231
3 2168 2232 2231
3 2168 2169 2232
3 2169 2233 2232
3 2169 2170 2233
3 2170 2234 2233
3 2170 2171 2234
3 2171 2235 2234
3 2171 2172 2235
3 2172 2236 2235
3 2172 2173 2236
3 2173 2237 2236
3 2173 2174 2237
3 2174 2238 2237
3 2174 2175 2238
3 2175 2239 2238
3 2175 2176 2239
3 2176 2240 2239
3 2176 2177 2240
3 2177 2241 2240
3 2177 2114 2241
3 2114 2178 2241
3 2178 2179 2242
3 2179 2243 2242
3 2179 2180 2243
3 2180 2244 2243
3 2180 2181 2244
3 2181 2245 2244
3 2181 2182 2245
3 2182 2246 2245
3 2182 2183 2246
3 2183 2247 2246
3 2183 2184 2247
3 2184 2248 2247
3 2184 2185 2248
3 2185 2249 2248
3 2185 2186 2249
3 2186 2250 2249
3 2186 2187 2250
3 2187 2251 2250
3 2187 2188 2251
3 2188 2252 2251
3 2188 2189 2252
3 2189 2253 2252
3 2189 2190 2253
3 2190 2254 2253
3 2190 2191 2254
3 2191 2255 2254
3 2191 2192 2255
3 2192 2256 2255
3 2192 2193 2256
3 2193 2257 2256
3 2193 2194 2257
3 2194 2258 2257
3 2194 2195 2258
3 2195 2259 2258
3 2195 2196 2259
3 2196 2260 2259
3 2196 2197 2260
3 2197 2261 2260
3 2197 2198 2261
3 2198 2262 2261
3 2198 2199 2262
3 2199 2263 2262
3 2199 2200 2263
3 2200 2264 2263
3 2200 2201 2264
3 2201 2265 2264
3 2201 2202 2265
3 2202 2266 2265
3 2202 2203 2266
3 2203 2267 2266
3 2203 2204 2267
3 2204 2268 2267
3 2204 2205 2268
3 2205 2269 2268
3 2205 2206 2269
3 2206 2270 2269
3 2206 2207 2270
3 2207 2271 2270
3 2207 2208 2271
3 2208 2272 2271
3 2208 2209 2272
3 2209 2273 2272
3 2209 2210 2273
3 2210 2274 2273
3 2210 2211 2274
3 2211 2275 2274
3 2211 2212 2275
3 2212 2276 2275
3 2212 2213 2276
3 2213 2277 2276
3 2213 2214 2277
3 2214 2278 2277
3 2214 2215 2278
3 2215 2279 2278
3 2215 2216 2279
3 2216 2280 2279
3 2216 2217 2280
3 2217 2281 2280
3 2217 2218 2281
3 2218 2282 2281
3 2218 2219 2282
3 2219 2283 2282
3 2219 2220 2283
3 2220 2284 2283
3 2220 2221 2284
3 2221 2285 2284
3 2221 2222 2285
3 2222 2286 2285
3 2222 2223 2286
3 2223 2287 2286
3 2223 2224 2287
3 2224 2288 2287
3 2224 2225 2288
3 2225 2289 2288
3 2225 2226 2289
3 2226 2290 2289
3 2226 2227 2290
3 2227 2291 2290
3 2227 2228 2291
3 2228 2292 2291
3 2228 2229 2292
3 2229 2293 2292
3 2229 2230 2293
3 2230 2294 2293
3 2230 2231 2294
3 2231 2295 2294
3 2231 2232 2295
3 2232 2296 2295
3 2232 2233 2296
3 2233 2297 2296
3 2233 2234 2297
3 2234 2298 2297
3 2234 2235 2298
3 2235 2299 2298
3 2235 2236 2299
3 2236 2300 2299
3 2236 2237 2300
3 2237 2301 2300
3 2237 2238 2301
3 2238 2302 2301
3 2238 2239 2302
3 2239 2303 2302
3 2239 2240 2303
3 2240 2304 2303
3 2240 2241 2304
3 2241 2305 2304
3 2241 2178 2305
3 2178 2242 2305
3 2242 2243 2306
3 2243 2307 2306
3 2243 2244 2307
3 2244 2308 2307
3 2244 2245 2308
3 2245 2309 2308
3 2245 2246 2309
3 2246 2310 2309
3 2246 2247 2310
3 2247 2311 2310
3 2247 2248 2311
3 2248 2312 2311
3 2248 2249 2312
3 2249 2313 2312
3 2249 2250 2313
3 2250 2314 2313
3 2250 2251 2314
3 2251 2315 2314
3 2251 2252 2315
3 2252 2316 2315
3 2252 2253 2316
3 2253 2317 2316
3 2253 2254 2317
3 2254 2318 2317
3 2254 2255 2318
3 2255 2319 2318
3 2255 2256 2319
3 2256 2320 2319
3 2256 2257 2320
3 2257 2321 2320
3 2257 2258 2321
3 2258 2322 2321
3 2258 2259 2322
3 2259 2323 2322
3 2259 2260 2323
3 2260 2324 2323
3 2260 2261 2324
3 2261 2325 2324
3 2261 2262 2325
3 2262 2326 2325
3 2262 2263 2326
3 2263 2327 2326
3 2263 2264 2327
3 2264 2328 2327
3 2264 2265 2328
3 2265 2329 2328
3 2265 2266 2329
3 2266 2330 2329
3 2266 2267 2330
3 2267 2331 2330
3 2267 2268 2331
3 2268 2332 2331
3 2268 2269 2332
3 2269 2333 2332
3 2269 2270 2333
3 2270 2334 2333
3 2270 2271 2334
3 2271 2335 2334
3 2271 2272 2335
3 2272 2336 2335
3 2272 2273 2336
3 2273 2337 2336
3 2273 2274 2337
3 2274 2338 2337
3 2274 2275 2338
3 2275 2339 2338
3 2275 2276 2339
3 2276 2340 2339
3 2276 2277 2340
3 2277 2341 2340
3 2277 2278 2341
3 2278 2342 2341
3 2278 2279 2342
3 2279 2343 2342
3 2279 2280 2343
3 2280 2344 2343
3 2280 2281 2344
3 2281 2345 2344
3 2281 2282 2345
3 2282 2346 2345
3 2282 2283 2346
3 2283 2347 2346
3 2283 2284 2347
3 2284 2348 2347
3 2284 2285 2348
3 2285 2349 2348
3 2285 2286 2349
3 2286 2350 2349
3 2286 2287 2350
3 2287 2351 2350
3 2287 2288 2351
3 2288 2352 2351
3 2288 2289 2352
3 2289 2353 2352
3 2289 2290 2353
3 2290 2354 2353
3 2290 2291 2354
3 2291 2355 2354
3 2291 2292 2355
3 2292 2356 2355
3 2292 2293 2356
3 2293 2357 2356
3 2293 2294 2357
3 2294 2358 2357
3 2294 2295 2358
3 2295 2359 2358
3 2295 2296 2359
3 2296 2360 2359
3 2296 2297 2360
3 2297 2361 2360
3 2297 2298 2361
3 2298 2362 2361
3 2298 2299 2362
3 2299 2363 2362
3 2299 2300 2363
3 2300 2364 2363
3 2300 2301 2364
3 2301 2365 2364
3 2301 2302 2365
3 2302 2366 2365
3 2302 2303 2366
3 2303 2367 2366
3 2303 2304 2367
3 2304 2368 2367
3 2304 2305 2368
3 2305 2369 2368
3 2305 2242 2369
3 2242 2306 2369
3 2306 2307 2370
3 2307 2371 2370
3 2307 2308 2371
3 2308 2372 2371
3 2308 2309 2372
3 2309 2373 2372
3 2309 2310 2373
3 2310 2374 2373
3 2310 2311 2374
3 2311 2375 2374
3 2311 2312 2375
3 2312 2376 2375
3 2312 2313 2376
3 2313 2377 2376
3 2313 2314 2377
3 2314 2378 2377
3 2314 2315 2378
3 2315 2379 2378
3 2315 2316 2379
3 2316 2380 2379
3 2316 2317 2380
3 2317 2381 2380
3 2317 2318 2381
3 2318 2382 2381
3 2318 2319 2382
3 2319 2383 2382
3 2319 2320 2383
3 2320 2384 2383
3 2320 2321 2384
3 2321 2385 2384
3 2321 2322 2385
3 2322 2386 2385
3 2322 2323 2386
3 2323 2387 2386
3 2323 2324 2387
3 2324 2388 2387
3 2324 2325 2388
3 2325 2389 2388
3 2325 2326 2389
3 2326 2390 2389
3 2326 2327 2390
3 2327 2391 2390
3 2327 2328 2391
3 2328 2392 2391
3 2328 2329 2392
3 2329 2393 2392
3 2329 2330 2393
3 2330 2394 2393
3 2330 2331 2394
3 2331 2395 2394
3 2331 2332 2395
3 2332 2396 2395
3 2332 2333 2396
3 2333 2397 2396
3 2333 2334 2397
3 2334 2398 2397
3 2334 2335 2398
3 2335 2399 2398
3 2335 2336 2399
3 2336 2400 2399
3 2336 2337 2400
3 2337 2401 2400
3 2337 2338 2401
3 2338 2402 2401
3 2338 2339 2402
3 2339 2403 2402
3 2339 2340 2403
3 2340 2404 2403
3 2340 2341 2404
3 2341 2405 2404
3 2341 2342 2405
3 2342 2406 2405
3 2342 2343 2406
3 2343 2407 2406
3 2343 2344 2407
3 2344 2408 2407
3 2344 2345 2408
3 2345 2409 2408
3 2345 2346 2409
3 2346 2410 2409
3 2346 2347 2410
3 2347 2411 2410
3 2347 2348 2411
3 2348 2412 2411
3 2348 2349 2412
3 2349 2413 2412
3 2349 2350 2413
3 2350 2414 2413
3 2350 2351 2414
3 2351 2415 2414
3 2351 2352 2415
3 2352 2416 2415
3 2352 2353 2416
3 2353 2417 2416
3 2353 2354 2417
3 2354 2418 2417
3 2354 2355 2418
3 2355 2419 2418
3 2355 2356 2419
3 2356 2420 2419
3 2356 2357 2420
3 2357 2421 2420
3 2357 2358 2421
3 2358 2422 2421
3 2358 2359 2422
3 2359 2423 2422
3 2359 2360 2423
3 2360 2424 2423
3 2360 2361 2424
3 2361 2425 2424
3 2361 2362 2425
3 2362 2426 2425
3 2362 2363 2426
3 2363 2427 2426
3 2363 2364 2427
3 2364 2428 2427
3 2364 2365 2428
3 2365 2429 2428
3 2365 2366 2429
3 2366 2430 2429
3 2366 2367 2430
3 2367 2431 2430
3 2367 2368 2431
3 2368 2432 2431
3 2368 2369 2432
3 2369 2433 2432
3 2369 2306 2433
3 2306 2370 2433
3 2370 2371 2434
3 2371 2435 2434
3 2371 2372 2435
3 2372 2436 2435
3 2372 2373 2436
3 2373 2437 2436
3 2373 2374 2437
3 2374 2438 2437
3 2374 2375 2438
3 2375 2439 2438
3 2375 2376 2439
3 2376 2440 2439
3 2376 2377 2440
3 2377 2441 2440
3 2377 2378 2441
3 2378 2442 2441
3 2378 2379 2442
3 2379 2443 2442
3 2379 2380 2443
3 2380 2444 2443
3 2380 2381 2444
3 2381 2445 2444
3 2381 2382 2445
3 2382 2446 2445
3 2382 2383 2446
3 2383 2447 2446
3 2383 2384 2447
3 2384 2448 2447
3 2384 2385 2448
3 2385 2449 2448
3 2385 2386 2449
3 2386 2450 2449
3 2386 2387 2450
3 2387 2451 2450
3 2387 2388 2451
3 2388 2452 2451
3 2388 2389 2452
3 2389 2453 2452
3 2389 2390 2453
3 2390 2454 2453
3 2390 2391 2454
3 2391 2455 2454
3 2391 2392 2455
3 2392 2456 2455
3 2392 2393 2456
3 2393 2457 2456
3 2393 2394 2457
3 2394 2458 2457
3 2394 2395 2458
3 2395 2459 2458
3 2395 2396 2459
3 2396 2460 2459
3 2396 2397 2460
3 2397 2461 2460
3 2397 2398 2461
3 2398 2462 2461
3 2398 2399 2462
3 2399 2463 2462
3 2399 2400 2463
3 2400 2464 2463
3 2400 2401 2464
3 2401 2465 2464
3 2401 2402 2465
3 2402 2466 2465
3 2402 2403 2466
3 2403 2467 2466
3 2403 2404 2467
3 2404 2468 2467
3 2404 2405 2468
3 2405 2469 2468
3 2405 2406 2469
3 2406 2470 2469
3 2406 2407 2470
3 2407 2471 2470
3 2407 2408 2471
3 2408 2472 2471
3 2408 2409 2472
3 2409 2473 2472
3 2409 2410 2473
3 2410 2474 2473
3 2410 2411 2474
3 2411 2475 2474
3 2411 2412 2475
3 2412 2476 2475
3 2412 2413 2476
3 2413 2477 2476
3 2413 2414 2477
3 2414 2478 2477
3 2414 2415 2478
3 2415 2479 2478
3 2415 2416 2479
3 2416 2480 2479
3 2416 2417 2480
3 2417 2481 2480
3 2417 2418 2481
3 2418 2482 2481
3 2418 2419 2482
3 2419 2483 2482
3 2419 2420 2483
3 2420 2484 2483
3 2420 2421 2484
3 2421 2485 2484
3 2421 2422 2485
3 2422 2486 2485
3 2422 2423 2486
3 2423 2487 2486
3 2423 2424 2487
3 2424 2488 2487
3 2424 2425 2488
3 2425 2489 2488
3 2425 2426 2489
3 2426 2490 2489
3 2426 2427 2490
3 2427 2491 2490
3 2427 2428 2491
3 2428 2492 2491
3 2428 2429 2492
3 2429 2493 2492
3 2429 2430 2493
3 2430 2494 2493
3 2430 2431 2494
3 2431 2495 2494
3 2431 2432 2495
3 2432 2496 2495
3 2432 2433 2496
3 2433 2497 2496
3 2433 2370 2497
3 2370 2434 2497
3 2434 2435 2498
3 2435 2499 2498
3 2435 2436 2499
3 2436 2500 2499
3 2436 2437 2500
3 2437 2501 2500
3 2437 2438 2501
3 2438 2502 2501
3 2438 2439 2502
3 2439 2503 2502
3 2439 2440 2503
3 2440 2504 2503
3 2440 2441 2504
3 2441 2505 2504
3 2441 2442 2505
3 2442 2506 2505
3 2442 2443 2506
3 2443 2507 2506
3 2443 2444 2507
3 2444 2508 2507
3 2444 2445 2508
3 2445 2509 2508
3 2445 2446 2509
3 2446 2510 2509
3 2446 2447 2510
3 2447 2511 2510
3 2447 2448 2511
3 2448 2512 2511
3 2448 2449 2512
3 2449 2513 2512
3 2449 2450 2513
3 2450 2514 2513
3 2450 2451 2514
3 2451 2515 2514
3 2451 2452 2515
3 2452 2516 2515
3 2452 2453 2516
3 2453 2517 2516
3 2453 2454 2517
3 2454 2518 2517
3 2454 2455 2518
3 2455 2519 2518
3 2455 2456 2519
3 2456 2520 2519
3 2456 2457 2520
3 2457 2521 2520
3 2457 2458 2521
3 2458 2522 2521
3 2458 2459 2522
3 2459 2523 2522
3 2459 2460 2523
3 2460 2524 2523
3 2460 2461 2524
3 2461 2525 2524
3 2461 2462 2525
3 2462 2526 2525
3 2462 2463 2526
3 2463 2527 2526
3 2463 2464 2527
3 2464 2528 2527
3 2464 2465 2528
3 2465 2529 2528
3 2465 2466 2529
3 2466 2530 2529
3 2466 2467 2530
3 2467 2531 2530
3 2467 2468 2531
3 2468 2532 2531
3 2468 2469 2532
3 2469 2533 2532
3 2469 2470 2533
3 2470 2534 2533
3 2470 2471 2534
3 2471 2535 2534
3 2471 2472 2535
3 2472 2536 2535
3 2472 2473 2536
3 2473 2537 2536
3 2473 2474 2537
3 2474 2538 2537
3 2474 2475 2538
3 2475 2539 2538
3 2475 2476 2539
3 2476 2540 2539
3 2476 2477 2540
3 2477 2541 2540
3 2477 2478 2541
3 2478 2542 2541
3 2478 2479 2542
3 2479 2543 2542
3 2479 2480 2543
3 2480 2544 2543
3 2480 2481 2544
3 2481 2545 2544
3 2481 2482 2545
3 2482 2546 2545
3 2482 2483 2546
3 2483 2547 2546
3 2483 2484 2547
3 2484 2548 2547
3 2484 2485 2548
3 2485 2549 2548
3 2485 2486 2549
3 2486 2550 2549
3 2486 2487 2550
3 2487 2551 2550
3 2487 2488 2551
3 2488 2552 2551
3 2488 2489 2552
3 2489 2553 2552
3 2489 2490 2553
3 2490 2554 2553
3 2490 2491 2554
3 2491 2555 2554
3 2491 2492 2555
3 2492 2556 2555
3 2492 2493 2556
3 2493 2557 2556
3 2493 2494 2557
3 2494 2558 2557
3 2494 2495 2558
3 2495 2559 2558
3 2495 2496 2559
3 2496 2560 2559
3 2496 2497 2560
3 2497 2561 2560
3 2497 2434 2561
3 2434 2498 2561
3 2498 2499 2562
3 2499 2563 2562
3 2499 2500 2563
3 2500 2564 2563
3 2500 2501 2564
3 2501 2565 2564
3 2501 2502 2565
3 2502 2566 2565
3 2502 2503 2566
3 2503 2567 2566
3 2503 2504 2567
3 2504 2568 2567
3 2504 2505 2568
3 2505 2569 2568
3 2505 2506 2569
3 2506 2570 2569
3 2506 2507 2570
3 2507 2571 2570
3 2507 2508 2571
3 2508 2572 2571
3 2508 2509 2572
3 2509 2573 2572
3 2509 2510 2573
3 2510 2574 2573
3 2510 2511 2574
3 2511 2575 2574
3 2511 2512 2575
3 2512 2576 2575
3 2512 2513 2576
3 2513 2577 2576
3 2513 2514 2577
3 2514 2578 2577
3 2514 2515 2578
3 2515 2579 2578
3 2515 2516 2579
3 2516 2580 2579
3 2516 2517 2580
3 2517 2581 2580
3 2517 2518 2581
3 2518 2582 2581
3 2518 2519 2582
3 2519 2583 2582
3 2519 2520 2583
3 2520 2584 2583
3 2520 2521 2584
3 2521 2585 2584
3 2521 2522 2585
3 2522 2586 2585
3 2522 2523 2586
3 2523 2587 2586
3 2523 2524 2587
3 2524 2588 2587
3 2524 2525 2588
3 2525 2589 2588
3 2525 2526 2589
3 2526 2590 2589
3 2526 2527 2590
3 2527 2591 2590
3 2527 2528 2591
3 2528 2592 2591
3 2528 2529 2592
3 2529 2593 2592
3 2529 2530 2593
3 2530 2594 2593
3 2530 2531 2594
3 2531 2595 2594
3 2531 2532 2595
3 2532 2596 2595
3 2532 2533 2596
3 2533 2597 2596
3 2533 2534 2597
3 2534 2598 2597
3 2534 2535 2598
3 2535 2599 2598
3 2535 2536 2599
3 2536 2600 2599
3 2536 2537 2600
3 2537 2601 2600
3 2537 2538 2601
3 2538 2602 2601
3 2538 2539 2602
3 2539 2603 2602
3 2539 2540 2603
3 2540 2604 2603
3 2540 2541 2604
3 2541 2605 2604
3 2541 2542 2605
3 2542 2606 2605
3 2542 2543 2606
3 2543 2607 2606
3 2543 2544 2607
3 2544 2608 2607
3 2544 2545 2608
3 2545 2609 2608
3 2545 2546 2609
3 2546 2610 2609
3 2546 2547 2610
3 2547 2611 2610
3 2547 2548 2611
3 2548 2612 2611
3 2548 2549 2612
3 2549 2613 2612
3 2549 2550 2613
3 2550 2614 2613
3 2550 2551 2614
3 2551 2615 2614
3 2551 2552 2615
3 2552 2616 2615
3 2552 2553 2616
3 2553 2617 2616
3 2553 2554 2617
3 2554 2618 2617
3 2554 2555 2618
3 2555 2619 2618
3 2555 2556 2619
3 2556 2620 2619
3 2556 2557 2620
3 2557 2621 2620
3 2557 2558 2621
3 2558 2622 2621
3 2558 2559 2622
3 2559 2623 2622
3 2559 2560 2623
3 2560 2624 2623
3 2560 2561 2624
3 2561 2625 2624
3 2561 2498 2625
3 2498 2562 2625
3 2562 2563 2626
3 2563 2627 2626
3 2563 2564 2627
3 2564 2628 2627
3 2564 2565 2628
3 2565 2629 2628
3 2565 2566 2629
3 2566 2630 2629
3 2566 2567 2630
3 2567 2631 2630
3 2567 2568 2631
3 2568 2632 2631
3 2568 2569 2632
3 2569 2633 2632
3 2569 2570 2633
3 2570 2634 2633
3 2570 2571 2634
3 2571 2635 2634
3 2571 2572 2635
3 2572 2636 2635
3 2572 2573 2636
3 2573 2637 2636
3 2573 2574 2637
3 2574 2638 2637
3 2574 2575 2638
3 2575 2639 2638
3 2575 2576 2639
3 2576 2640 2639
3 2576 2577 2640
3 2577 2641 2640
3 2577 2578 2641
3 2578 2642 2641
3 2578 2579 2642
3 2579 2643 2642
3 2579 2580 2643
3 2580 2644 2643
3 2580 2581 2644
3 2581 2645 2644
3 2581 2582 2645
3 2582 2646 2645
3 2582 2583 2646
3 2583 2647 2646
3 2583 2584 2647
3 2584 2648 2647
3 2584 2585 2648
3 2585 2649 2648
3 2585 2586 2649
3 2586 2650 2649
3 2586 2587 2650
3 2587 2651 2650
3 2587 2588 2651
3 2588 2652 2651
3 2588 2589 2652
3 2589 2653 2652
3 2589 2590 2653
3 2590 2654 2653
3 2590 2591 2654
3 2591 2655 2654
3 2591 2592 2655
3 2592 2656 2655
3 2592 2593 2656
3 2593 2657 2656
3 2593 2594 2657
3 2594 2658 2657
3 2594 2595 2658
3 2595 2659 2658
3 2595 2596 2659
3 2596 2660 2659
3 2596 2597 2660
3 2597 2661 2660
3 2597 2598 2661
3 2598 2662 2661
3 2598 2599 2662
3 2599 2663 2662
3 2599 2600 2663
3 2600 2664 2663
3 2600 2601 2664
3 2601 2665 2664
3 2601 2602 2665
3 2602 2666 2665
3 2602 2603 2666
3 2603 2667 2666
3 2603 2604 2667
3 2604 2668 2667
3 2604 2605 2668
3 2605 2669 2668
3 2605 2606 2669
3 2606 2670 2669
3 2606 2607 2670
3 2607 2671 2670
3 2607 2608 2671
3 2608 2672 2671
3 2608 2609 2672
3 2609 2673 2672
3 2609 2610 2673
3 2610 2674 2673
3 2610 2611 2674
3 2611 2675 2674
3 2611 2612 2675
3 2612 2676 2675
3 2612 2613 2676
3 2613 2677 2676
3 2613 2614 2677
3 2614 2678 2677
3 2614 2615 2678
3 2615 2679 2678
3 2615 2616 2679
3 2616 2680 2679
3 2616 2617 2680
3 2617 2681 2680
3 2617 2618 2681
3 2618 2682 2681
3 2618 2619 2682
3 2619 2683 2682
3 2619 2620 2683
3 2620 2684 2683
3 2620 2621 2684
3 2621 2685 2684
3 2621 2622 2685
3 2622 2686 2685
3 2622 2623 2686
3 2623 2687 2686
3 2623 2624 2687
3 2624 2688 2687
3 2624 2625 2688
3 2625 2689 2688
3 2625 2562 2689
3 2562 2626 2689
3 2626 2627 2690
3 2627 2691 2690
3 2627 2628 2691
3 2628 2692 2691
3 2628 2629 2692
3 2629 2693 2692
3 2629 2630 2693
3 2630 2694 2693
3 2630 2631 2694
3 2631 2695 2694
3 2631 2632 2695
3 2632 2696 2695
3 2632 2633 2696
3 2633 2697 2696
3 2633 2634 2697
3 2634 2698 2697
3 2634 2635 2698
3 2635 2699 2698
3 2635 2636 2699
3 2636 2700 2699
3 2636 2637 2700
3 2637 2701 2700
3 2637 2638 2701
3 2638 2702 2701
3 2638 2639 2702
3 2639 2703 2702
3 2639 2640 2703
3 2640 2704 2703
3 2640 2641 2704
3 2641 2705 2704
3 2641 2642 2705
3 2642 2706 2705
3 2642 2643 2706
3 2643 2707 2706
3 2643 2644 2707
3 2644 2708 2707
3 2644 2645 2708
3 2645 2709 2708
3 2645 2646 2709
3 2646 2710 2709
3 2646 2647 2710
3 2647 2711 2710
3 2647 2648 2711
3 2648 2712 2711
3 2648 2649 2712
3 2649 2713 2712
3 2649 2650 2713
3 2650 2714 2713
3 2650 2651 2714
3 2651 2715 2714
3 2651 2652 2715
3 2652 2716 2715
3 2652 2653 2716
3 2653 2717 2716
3 2653 2654 2717
3 2654 2718 2717
3 2654 2655 2718
3 2655 2719 2718
3 2655 2656 2719
3 2656 2720 2719
3 2656 2657 2720
3 2657 2721 2720
3 2657 2658 2721
3 2658 2722 2721
3 2658 2659 2722
3 2659 2723 2722
3 2659 2660 2723
3 2660 2724 2723
3 2660 2661 2724
3 2661 2725 2724
3 2661 2662 2725
3 2662 2726 2725
3 2662 2663 2726
3 2663 2727 2726
3 2663 2664 2727
3 2664 2728 2727
3 2664 2665 2728
3 2665 2729 2728
3 2665 2666 2729
3 2666 2730 2729
3 2666 2667 2730
3 2667 2731 2730
3 2667 2668 2731
3 2668 2732 2731
3 2668 2669 2732
3 2669 2733 2732
3 2669 2670 2733
3 2670 2734 2733
3 2670 2671 2734
3 2671 2735 2734
3 2671 2672 2735
3 2672 2736 2735
3 2672 2673 2736
3 2673 2737 2736
3 2673 2674 2737
3 2674 2738 2737
3 2674 2675 2738
3 2675 2739 2738
3 2675 2676 2739
3 2676 2740 2739
3 2676 2677 2740
3 2677 2741 2740
3 2677 2678 2741
3 2678 2742 2741
3 2678 2679 2742
3 2679 2743 2742
3 2679 2680 2743
3 2680 2744 2743
3 2680 2681 2744
3 2681 2745 2744
3 2681 2682 2745
3 2682 2746 2745
3 2682 2683 2746
3 2683 2747 2746
3 2683 2684 2747
3 2684 2748 2747
3 2684 2685 2748
3 2685 2749 2748
3 2685 2686 2749
3 2686 2750 2749
3 2686 2687 2750
3 2687 2751 2750
3 2687 2688 2751
3 2688 2752 2751
3 2688 2689 2752
3 2689 2753 2752
3 2689 2626 2753
3 2626 2690 2753
3 2690 2691 2754
3 2691 2755 2754
3 2691 2692 2755
3 2692 2756 2755
3 2692 2693 2756
3 2693 2757 2756
3 2693 2694 2757
3 2694 2758 2757
3 2694 2695 2758
3 2695 2759 2758
3 2695 2696 2759
3 2696 2760 2759
3 2696 2697 2760
3 2697 2761 2760
3 2697 2698 2761
3 2698 2762 2761
3 2698 2699 2762
3 2699 2763 2762
3 2699 2700 2763
3 2700 2764 2763
3 2700 2701 2764
3 2701 2765 2764
3 2701 2702 2765
3 2702 2766 2765
3 2702 2703 2766
3 2703 2767 2766
3 2703 2704 2767
3 2704 2768 2767
3 2704 2705 2768
3 2705 2769 2768
3 2705 2706 2769
3 2706 2770 2769
3 2706 2707 2770
3 2707 2771 2770
3 2707 2708 2771
3 2708 2772 2771
3 2708 2709 2772
3 2709 2773 2772
3 2709 2710 2773
3 2710 2774 2773
3 2710 2711 2774
3 2711 2775 2774
3 2711 2712 2775
3 2712 2776 2775
3 2712 2713 2776
3 2713 2777 2776
3 2713 2714 2777
3 2714 2778 2777
3 2714 2715 2778
3 2715 2779 2778
3 2715 2716 2779
3 2716 2780 2779
3 2716 2717 2780
3 2717 2781 2780
3 2717 2718 2781
3 2718 2782 2781
3 2718 2719 2782
3 2719 2783 2782
3 2719 2720 2783
3 2720 2784 2783
3 2720 2721 2784
3 2721 2785 2784
3 2721 2722 2785
3 2722 2786 2785
3 2722 2723 2786
3 2723 2787 2786
3 2723 2724 2787
3 2724 2788 2787
3 2724 2725 2788
3 2725 2789 2788
3 2725 2726 2789
3 2726 2790 2789
3 2726 2727 2790
3 2727 2791 2790
3 2727 2728 2791
3 2728 2792 2791
3 2728 2729 2792
3 2729 2793 2792
3 2729 2730 2793
3 2730 2794 2793
3 2730 2731 2794
3 2731 2795 2794
3 2731 2732 2795
3 2732 2796 2795
3 2732 2733 2796
3 2733 2797 2796
3 2733 2734 2797
3 2734 2798 2797
3 2734 2735 2798
3 2735 2799 2798
3 2735 2736 2799
3 2736 2800 2799
3 2736 2737 2800
3 2737 2801 2800
3 2737 2738 2801
3 2738 2802 2801
3 2738 2739 2802
3 2739 2803 2802
3 2739 2740 2803
3 2740 2804 2803
3 2740 2741 2804
3 2741 2805 2804
3 2741 2742 2805
3 2742 2806 2805
3 2742 2743 2806
3 2743 2807 2806
3 2743 2744 2807
3 2744 2808 2807
3 2744 2745 2808
3 2745 2809 2808
3 2745 2746 2809
3 2746 2810 2809
3 2746 2747 2810
3 2747 2811 2810
3 2747 2748 2811
3 2748 2812 2811
3 2748 2749 2812
3 2749 2813 2812
3 2749 2750 2813
3 2750 2814 2813
3 2750 2751 2814
3 2751 2815 2814
3 2751 2752 2815
3 2752 2816 2815
3 2752 2753 2816
3 2753 2817 2816
3 2753 2690 2817
3 2690 2754 2817
3 2754 2755 2818
3 2755 2819 2818
3 2755 2756 2819
3 2756 2820 2819
3 2756 2757 2820
3 2757 2821 2820
3 2757 2758 2821
3 2758 2822 2821
3 2758 2759 2822
3 2759 2823 2822
3 2759 2760 2823
3 2760 2824 2823
3 2760 2761 2824
3 2761 2825 2824
3 2761 2762 2825
3 2762 2826 2825
3 2762 2763 2826
3 2763 2827 2826
3 2763 2764 2827
3 2764 2828 2827
3 2764 2765 2828
3 2765 2829 2828
3 2765 2766 2829
3 2766 2830 2829
3 2766 2767 2830
3 2767 2831 2830
3 2767 2768 2831
3 2768 2832 2831
3 2768 2769 2832
3 2769 2833 2832
3 2769 2770 2833
3 2770 2834 2833
3 2770 2771 2834
3 2771 2835 2834
3 2771 2772 2835
3 2772 2836 2835
3 2772 2773 2836
3 2773 2837 2836
3 2773 2774 2837
3 2774 2838 2837
3 2774 2775 2838
3 2775 2839 2838
3 2775 2776 2839
3 2776 2840 2839
3 2776 2777 2840
3 2777 2841 2840
3 2777 2778 2841
3 2778 2842 2841
3 2778 2779 2842
3 2779 2843 2842
3 2779 2780 2843
3 2780 2844 2843
3 2780 2781 2844
3 2781 2845 2844
3 2781 2782 2845
3 2782 2846 2845
3 2782 2783 2846
3 2783 2847 2846
3 2783 2784 2847
3 2784 2848 2847
3 2784 2785 2848
3 2785 2849 2848
3 2785 2786 2849
3 2786 2850 2849
3 2786 2787 2850
3 2787 2851 2850
3 2787 2788 2851
3 2788 2852 2851
3 2788 2789 2852
3 2789 2853 2852
3 2789 2790 2853
3 2790 2854 2853
3 2790 2791 2854
3 2791 2855 2854
3 2791 2792 2855
3 2792 2856 2855
3 2792 2793 2856
3 2793 2857 2856
3 2793 2794 2857
3 2794 2858 2857
3 2794 2795 2858
3 2795 2859 2858
3 2795 2796 2859
3 2796 2860 2859
3 2796 2797 2860
3 2797 2861 2860
3 2797 2798 2861
3 2798 2862 2861
3 2798 2799 2862
3 2799 2863 2862
3 2799 2800 2863
3 2800 2864 2863
3 2800 2801 2864
3 2801 2865 2864
3 2801 2802 2865
3 2802 2866 2865
3 2802 2803 2866
3 2803 2867 2866
3 2803 2804 2867
3 2804 2868 2867
3 2804 2805 2868
3 2805 2869 2868
3 2805 2806 2869
3 2806 2870 2869
3 2806 2807 2870
3 2807 2871 2870
3 2807 2808 2871
3 2808 2872 2871
3 2808 2809 2872
3 2809 2873 2872
3 2809 2810 2873
3 2810 2874 2873
3 2810 2811 2874
3 2811 2875 2874
3 2811 2812 2875
3 2812 2876 2875
3 2812 2813 2876
3 2813 2877 2876
3 2813 2814 2877
3 2814 2878 2877
3 2814 2815 2878
3 2815 2879 2878
3 2815 2816 2879
3 2816 2880 2879
3 2816 2817 2880
3 2817 2881 2880
3 2817 2754 2881
3 2754 2818 2881
3 2818 2819 2882
3 2819 2883 2882
3 2819 2820 2883
3 2820 2884 2883
3 2820 2821 2884
3 2821 2885 2884
3 2821 2822 2885
3 2822 2886 2885
3 2822 2823 2886
3 2823 2887 2886
3 2823 2824 2887
3 2824 2888 2887
3 2824 2825 2888
3 2825 2889 2888
3 2825 2826 2889
3 2826 2890 2889
3 2826 2827 2890
3 2827 2891 2890
3 2827 2828 2891
3 2828 2892 2891
3 2828 2829 2892
3 2829 2893 2892
3 2829 2830 2893
3 2830 2894 2893
3 2830 2831 2894
3 2831 2895 2894
3 2831 2832 2895
3 2832 2896 2895
3 2832 2833 2896
3 2833 2897 2896
3 2833 2834 2897
3 2834 2898 2897
3 2834 2835 2898
3 2835 2899 2898
3 2835 2836 2899
3 2836 2900 2899
3 2836 2837 2900
3 2837 2901 2900
3 2837 2838 2901
3 2838 2902 2901
3 2838 2839 2902
3 2839 2903 2902
3 2839 2840 2903
3 2840 2904 2903
3 2840 2841 2904
3 2841 2905 2904
3 2841 2842 2905
3 2842 2906 2905
3 2842 2843 2906
3 2843 2907 2906
3 2843 2844 2907
3 2844 2908 2907
3 2844 2845 2908
3 2845 2909 2908
3 2845 2846 2909
3 2846 2910 2909
3 2846 2847 2910
3 2847 2911 2910
3 2847 2848 2911
3 2848 2912 2911
3 2848 2849 2912
3 2849 2913 2912
3 2849 2850 2913
3 2850 2914 2913
3 2850 2851 2914
3 2851 2915 2914
3 2851 2852 2915
3 2852 2916 2915
3 2852 2853 2916
3 2853 2917 2916
3 2853 2854 2917
3 2854 2918 2917
3 2854 2855 2918
3 2855 2919 2918
3 2855 2856 2919
3 2856 2920 2919
3 2856 2857 2920
3 2857 2921 2920
3 2857 2858 2921
3 2858 2922 2921
3 2858 2859 2922
3 2859 2923 2922
3 2859 2860 2923
3 2860 2924 2923
3 2860 2861 2924
3 2861 2925 2924
3 2861 2862 2925
3 2862 2926 2925
3 2862 2863 2926
3 2863 2927 2926
3 2863 2864 2927
3 2864 2928 2927
3 2864 2865 2928
3 2865 2929 2928
3 2865 2866 2929
3 2866 2930 2929
3 2866 2867 2930
3 2867 2931 2930
3 2867 2868 2931
3 2868 2932 2931
3 2868 2869 2932
3 2869 2933 2932
3 2869 2870 2933
3 2870 2934 2933
3 2870 2871 2934
3 2871 2935 2934
3 2871 2872 2935
3 2872 2936 2935
3 2872 2873 2936
3 2873 2937 2936
3 2873 2874 2937
3 2874 2938 2937
3 2874 2875 2938
3 2875 2939 2938
3 2875 2876 2939
3 2876 2940 2939
3 2876 2877 2940
3 2877 2941 2940
3 2877 2878 2941
3 2878 2942 2941
3 2878 2879 2942
3 2879 2943 2942
3 2879 2880 2943
3 2880 2944 2943
3 2880 2881 2944
3 2881 2945 2944
3 2881 2818 2945
3 2818 2882 2945
3 2882 2883 2946
3 2883 2947 2946
3 2883 2884 2947
3 2884 2948 2947
3 2884 2885 2948
3 2885 2949 2948
3 2885 2886 2949
3 2886 2950 2949
3 2886 2887 2950
3 2887 2951 2950
3 2887 2888 2951
3 2888 2952 2951
3 2888 2889 2952
3 2889 2953 2952
3 2889 2890 2953
3 2890 2954 2953
3 2890 2891 2954
3 2891 2955 2954
3 2891 2892 2955
3 2892 2956 2955
3 2892 2893 2956
3 2893 2957 2956
3 2893 2894 2957
3 2894 2958 2957
3 2894 2895 2958
3 2895 2959 2958
3 2895 2896 2959
3 2896 2960 2959
3 2896 2897 2960
3 2897 2961 2960
3 2897 2898 2961
3 2898 2962 2961
3 2898 2899 2962
3 2899 2963 2962
3 2899 2900 2963
3 2900 2964 2963
3 2900 2901 2964
3 2901 2965 2964
3 2901 2902 2965
3 2902 2966 2965
3 2902 2903 2966
3 2903 2967 2966
3 2903 2904 2967
3 2904 2968 2967
3 2904 2905 2968
3 2905 2969 2968
3 2905 2906 2969
3 2906 2970 2969
3 2906 2907 2970
3 2907 2971 2970
3 2907 2908 2971
3 2908 2972 2971
3 2908 2909 2972
3 2909 2973 2972
3 2909 2910 2973
3 2910 2974 2973
3 2910 2911 2974
3 2911 2975 2974
3 2911 2912 2975
3 2912 2976 2975
3 2912 2913 2976
3 2913 2977 2976
3 2913 2914 2977
3 2914 2978 2977
3 2914 2915 2978
3 2915 2979 2978
3 2915 2916 2979
3 2916 2980 2979
3 2916 2917 2980
3 2917 2981 2980
3 2917 2918 2981
3 2918 2982 2981
3 2918 2919 2982
3 2919 2983 2982
3 2919 2920 2983
3 2920 2984 2983
3 2920 2921 2984
3 2921 2985 2984
3 2921 2922 2985
3 2922 2986 2985
3 2922 2923 2986
3 2923 2987 2986
3 2923 2924 2987
3 2924 2988 2987
3 2924 2925 2988
3 2925 2989 2988
3 2925 2926 2989
3 2926 2990 2989
3 2926 2927 2990
3 2927 2991 2990
3 2927 2928 2991
3 2928 2992 2991
3 2928 2929 2992
3 2929 2993 2992
3 2929 2930 2993
3 2930 2994 2993
3 2930 2931 2994
3 2931 2995 2994
3 2931 2932 2995
3 2932 2996 2995
3 2932 2933 2996
3 2933 2997 2996
3 2933 2934 2997
3 2934 2998 2997
3 2934 2935 2998
3 2935 2999 2998
3 2935 2936 2999
3 2936 3000 2999
3 2936 2937 3000
3 2937 3001 3000
3 2937 2938 3001
3 2938 3002 3001
3 2938 2939 3002
3 2939 3003 3002
3 2939 2940 3003
3 2940 3004 3003
3 2940 2941 3004
3 2941 3005 3004
3 2941 2942 3005
3 2942 3006 3005
3 2942 2943 3006
3 2943 3007 3006
3 2943 2944 3007
3 2944 3008 3007
3 2944 2945 3008
3 2945 3009 3008
3 2945 2882 3009
3 2882 2946 3009
3 2946 2947 3010
3 2947 3011 3010
3 2947 2948 3011
3 2948 3012 3011
3 2948 2949 3012
3 2949 3013 3012
3 2949 2950 3013
3 2950 3014 3013
3 2950 2951 3014
3 2951 3015 3014
3 2951 2952 3015
3 2952 3016 3015
3 2952 2953 3016
3 2953 3017 3016
3 2953 2954 3017
3 2954 3018 3017
3 2954 2955 3018
3 2955 3019 3018
3 2955 2956 3019
3 2956 3020 3019
3 2956 2957 3020
3 2957 3021 3020
3 2957 2958 3021
3 2958 3022 3021
3 2958 2959 3022
3 2959 3023 3022
3 2959 2960 3023
3 2960 3024 3023
3 2960 2961 3024
3 2961 3025 3024
3 2961 2962 3025
3 2962 3026 3025
3 2962 2963 3026
3 2963 3027 3026
3 2963 2964 3027
3 2964 3028 3027
3 2964 2965 3028
3 2965 3029 3028
3 2965 2966 3029
3 2966 3030 3029
3 2966 2967 3030
3 2967 3031 3030
3 2967 2968 3031
3 2968 3032 3031
3 2968 2969 3032
3 2969 3033 3032
3 2969 2970 3033
3 2970 3034 3033
3 2970 2971 3034
3 2971 3035 3034
3 2971 2972 3035
3 2972 3036 3035
3 2972 2973 3036
3 2973 3037 3036
3 2973 2974 3037
3 2974 3038 3037
3 2974 2975 3038
3 2975 3039 3038
3 2975 2976 3039
3 2976 3040 3039
3 2976 2977 3040
3 2977 3041 3040
3 2977 2978 3041
3 2978 3042 3041
3 2978 2979 3042
3 2979 3043 3042
3 2979 2980 3043
3 2980 3044 3043
3 2980 2981 3044
3 2981 3045 3044
3 2981 2982 3045
3 2982 3046 3045
3 2982 2983 3046
3 2983 3047 3046
3 2983 2984 3047
3 2984 3048 3047
3 2984 2985 3048
3 2985 3049 3048
3 2985 2986 3049
3 2986 3050 3049
3 2986 2987 3050
3 2987 3051 3050
3 2987 2988 3051
3 2988 3052 3051
3 2988 2989 3052
3 2989 3053 3052
3 2989 2990 3053
3 2990 3054 3053
3 2990 2991 3054
3 2991 3055 3054
3 2991 2992 3055
3 2992 3056 3055
3 2992 2993 3056
3 2993 3057 3056
3 2993 2994 3057
3 2994 3058 3057
3 2994 2995 3058
3 2995 3059 3058
3 2995 2996 3059
3 2996 3060 3059
3 2996 2997 3060
3 2997 3061 3060
3 2997 2998 3061
3 2998 3062 3061
3 2998 2999 3062
3 2999 3063 3062
3 2999 3000 3063
3 3000 3064 3063
3 3000 3001 3064
3 3001 3065 3064
3 3001 3002 3065
3 3002 3066 3065
3 3002 3003 3066
3 3003 3067 3066
3 3003 3004 3067
3 3004 3068 3067
3 3004 3005 3068
3 3005 3069 3068
3 3005 3006 3069
3 3006 3070 3069
3 3006 3007 3070
3 3007 3071 3070
3 3007 3008 3071
3 3008 3072 3071
3 3008 3009 3072
3 3009 3073 3072
3 3009 2946 3073
3 2946 3010 3073
3 3010 3011 3074
3 3011 3075 3074
3 3011 3012 3075
3 3012 3076 3075
3 3012 3013 3076
3 3013 3077 3076
3 3013 3014 3077
3 3014 3078 3077
3 3014 3015 3078
3 3015 3079 3078
3 3015 3016 3079
3 3016 3080 3079
3 3016 3017 3080
3 3017 3081 3080
3 3017 3018 3081
3 3018 3082 3081
3 3018 3019 3082
3 3019 3083 3082
3 3019 3020 3083
3 3020 3084 3083
3 3020 3021 3084
3 3021 3085 3084
3 3021 3022 3085
3 3022 3086 3085
3 3022 3023 3086
3 3023 3087 3086
3 3023 3024 3087
3 3024 3088 3087
3 3024 3025 3088
3 3025 3089 3088
3 3025 3026 3089
3 3026 3090 3089
3 3026 3027 3090
3 3027 3091 3090
3 3027 3028 3091
3 3028 3092 3091
3 3028 3029 3092
3 3029 3093 3092
3 3029 3030 3093
3 3030 3094 3093
3 3030 3031 3094
3 3031 3095 3094
3 3031 3032 3095
3 3032 3096 3095
3 3032 3033 3096
3 3033 3097 3096
3 3033 3034 3097
3 3034 3098 3097
3 3034 3035 3098
3 3035 3099 3098
3 3035 3036 3099
3 3036 3100 3099
3 3036 3037 3100
3 3037 3101 3100
3 3037 3038 3101
3 3038 3102 3101
3 3038 3039 3102
3 3039 3103 3102
3 3039 3040 3103
3 3040 3104 3103
3 3040 3041 3104
3 3041 3105 3104
3 3041 3042 3105
3 3042 3106 3105
3 3042 3043 3106
3 3043 3107 3106
3 3043 3044 3107
3 3044 3108 3107
3 3044 3045 3108
3 3045 3109 3108
3 3045 3046 3109
3 3046 3110 3109
3 3046 3047 3110
3 3047 3111 3110
3 3047 3048 3111
3 3048 3112 3111
3 3048 3049 3112
3 3049 3113 3112
3 3049 3050 3113
3 3050 3114 3113
3 3050 3051 3114
3 3051 3115 3114
3 3051 3052 3115
3 3052 3116 3115
3 3052 3053 3116
3 3053 3117 3116
3 3053 3054 3117
3 3054 3118 3117
3 3054 3055 3118
3 3055 3119 3118
3 3055 3056 3119
3 3056 3120 3119
3 3056 3057 3120
3 3057 3121 3120
3 3057 3058 3121
3 3058 3122 3121
3 3058 3059 3122
3 3059 3123 3122
3 3059 3060 3123
3 3060 3124 3123
3 3060 3061 3124
3 3061 3125 3124
3 3061 3062 3125
3 3062 3126 3125
3 3062 3063 3126
3 3063 3127 3126
3 3063 3064 3127
3 3064 3128 3127
3 3064 3065 3128
3 3065 3129 3128
3 3065 3066 3129
3 3066 3130 3129
3 3066 3067 3130
3 3067 3131 3130
3 3067 3068 3131
3 3068 3132 3131
3 3068 3069 3132
3 3069 3133 3132
3 3069 3070 3133
3 3070 3134 3133
3 3070 3071 3134
3 3071 3135 3134
3 3071 3072 3135
3 3072 3136 3135
3 3072 3073 3136
3 3073 3137 3136
3 3073 3010 3137
3 3010 3074 3137
3 3074 3075 3138
3 3075 3139 3138
3 3075 3076 3139
3 3076 3140 3139
3 3076 3077 3140
3 3077 3141 3140
3 3077 3078 3141
3 3078 3142 3141
3 3078 3079 3142
3 3079 3143 3142
3 3079 3080 3143
3 3080 3144 3143
3 3080 3081 3144
3 3081 3145 3144
3 3081 3082 3145
3 3082 3146 3145
3 3082 3083 3146
3 3083 3147 3146
3 3083 3084 3147
3 3084 3148 3147
3 3084 3085 3148
3 3085 3149 3148
3 3085 3086 3149
3 3086 3150 3149
3 3086 3087 3150
3 3087 3151 3150
3 3087 3088 3151
3 3088 3152 3151
3 3088 3089 3152
3 3089 3153 3152
3 3089 3090 3153
3 3090 3154 3153
3 3090 3091 3154
3 3091 3155 3154
3 3091 3092 3155
3 3092 3156 3155
3 3092 3093 3156
3 3093 3157 3156
3 3093 3094 3157
3 3094 3158 3157
3 3094 3095 3158
3 3095 3159 3158
3 3095 3096 3159
3 3096 3160 3159
3 3096 3097 3160
3 3097 3161 3160
3 3097 3098 3161
3 3098 3162 3161
3 3098 3099 3162
3 3099 3163 3162
3 3099 3100 3163
3 3100 3164 3163
3 3100 3101 3164
3 3101 3165 3164
3 3101 3102 3165
3 3102 3166 3165
3 3102 3103 3166
3 3103 3167 3166
3 3103 3104 3167
3 3104 3168 3167
3 3104 3105 3168
3 3105 3169 3168
3 3105 3106 3169
3 3106 3170 3169
3 3106 3107 3170
3 3107 3171 3170
3 3107 3108 3171
3 3108 3172 3171
3 3108 3109 3172
3 3109 3173 3172
3 3109 3110 3173
3 3110 3174 3173
3 3110 3111 3174
3 3111 3175 3174
3 3111 3112 3175
3 3112 3176 3175
3 3112 3113 3176
3 3113 3177 3176
3 3113 3114 3177
3 3114 3178 3177
3 3114 3115 3178
3 3115 3179 3178
3 3115 3116 3179
3 3116 3180 3179
3 3116 3117 3180
3 3117 3181 3180
3 3117 3118 3181
3 3118 3182 3181
3 3118 3119 3182
3 3119 3183 3182
3 3119 3120 3183
3 3120 3184 3183
3 3120 3121 3184
3 3121 3185 3184
3 3121 3122 3185
3 3122 3186 3185
3 3122 3123 3186
3 3123 3187 3186
3 3123 3124 3187
3 3124 3188 3187
3 3124 3125 3188
3 3125 3189 3188
3 3125 3126 3189
3 3126 3190 3189
3 3126 3127 3190
3 3127 3191 3190
3 3127 3128 3191
3 3128 3192 3191
3 3128 3129 3192
3 3129 3193 3192
3 3129 3130 3193
3 3130 3194 3193
3 3130 3131 3194
3 3131 3195 3194
3 3131 3132 3195
3 3132 3196 3195
3 3132 3133 3196
3 3133 3197 3196
3 3133 3134 3197
3 3134 3198 3197
3 3134 3135 3198
3 3135 3199 3198
3 3135 3136 3199
3 3136 3200 3199
3 3136 3137 3200
3 3137 3201 3200
3 3137 3074 3201
3 3074 3138 3201
3 3138 3139 3202
3 3139 3203 3202
3 3139 3140 3203
3 3140 3204 3203
3 3140 3141 3204
3 3141 3205 3204
3 3141 3142 3205
3 3142 3206 3205
3 3142 3143 3206
3 3143 3207 3206
3 3143 3144 3207
3 3144 3208 3207
3 3144 3145 3208
3 3145 3209 3208
3 3145 3146 3209
3 3146 3210 3209
3 3146 3147 3210
3 3147 3211 3210
3 3147 3148 3211
3 3148 3212 3211
3 3148 3149 3212
3 3149 3213 3212
3 3149 3150 3213
3 3150 3214 3213
3 3150 3151 3214
3 3151 3215 3214
3 3151 3152 3215
3 3152 3216 3215
3 3152 3153 3216
3 3153 3217 3216
3 3153 3154 3217
3 3154 3218 3217
3 3154 3155 3218
3 3155 3219 3218
3 3155 3156 3219
3 3156 3220 3219
3 3156 3157 3220
3 3157 3221 3220
3 3157 3158 3221
3 3158 3222 3221
3 3158 3159 3222
3 3159 3223 3222
3 3159 3160 3223
3 3160 3224 3223
3 3160 3161 3224
3 3161 3225 3224
3 3161 3162 3225
3 3162 3226 3225
3 3162 3163 3226
3 3163 3227 3226
3 3163 3164 3227
3 3164 3228 3227
3 3164 3165 3228
3 3165 3229 3228
3 3165 3166 3229
3 3166 3230 3229
3 3166 3167 3230
3 3167 3231 3230
3 3167 3168 3231
3 3168 3232 3231
3 3168 3169 3232
3 3169 3233 3232
3 3169 3170 3233
3 3170 3234 3233
3 3170 3171 3234
3 3171 3235 3234
3 3171 3172 3235
3 3172 3236 3235
3 3172 3173 3236
3 3173 3237 3236
3 3173 3174 3237
3 3174 3238 3237
3 3174 3175 3238
3 3175 3239 3238
3 3175 3176 3239
3 3176 3240 3239
3 3176 3177 3240
3 3177 3241 3240
3 3177 3178 3241
3 3178 3242 3241
3 3178 3179 3242
3 3179 3243 3242
3 3179 3180 3243
3 3180 3244 3243
3 3180 3181 3244
3 3181 3245 3244
3 3181 3182 3245
3 3182 3246 3245
3 3182 3183 3246
3 3183 3247 3246
3 3183 3184 3247
3 3184 3248 3247
3 3184 3185 3248
3 3185 3249 3248
3 3185 3186 3249
3 3186 3250 3249
3 3186 3187 3250
3 3187 3251 3250
3 3187 3188 3251
3 3188 3252 3251
3 3188 3189 3252
3 3189 3253 3252
3 3189 3190 3253
3 3190 3254 3253
3 3190 3191 3254
3 3191 3255 3254
3 3191 3192 3255
3 3192 3256 3255
3 3192 3193 3256
3 3193 3257 3256
3 3193 3194 3257
3 3194 3258 3257
3 3194 3195 3258
3 3195 3259 3258
3 3195 3196 3259
3 3196 3260 3259
3 3196 3197 3260
3 3197 3261 3260
3 3197 3198 3261
3 3198 3262 3261
3 3198 3199 3262
3 3199 3263 3262
3 3199 3200 3263
3 3200 3264 3263
3 3200 3201 3264
3 3201 3265 3264
3 3201 3138 3265
3 3138 3202 3265
3 3202 3203 3266
3 3203 3267 3266
3 3203 3204 3267
3 3204 3268 3267
3 3204 3205 3268
3 3205 3269 3268
3 3205 3206 3269
3 3206 3270 3269
3 3206 3207 3270
3 3207 3271 3270
3 3207 3208 3271
3 3208 3272 3271
3 3208 3209 3272
3 3209 3273 3272
3 3209 3210 3273
3 3210 3274 3273
3 3210 3211 3274
3 3211 3275 3274
3 3211 3212 3275
3 3212 3276 3275
3 3212 3213 3276
3 3213 3277 3276
3 3213 3214 3277
3 3214 3278 3277
3 3214 3215 3278
3 3215 3279 3278
3 3215 3216 3279
3 3216 3280 3279
3 3216 3217 3280
3 3217 3281 3280
3 3217 3218 3281
3 3218 3282 3281
3 3218 3219 3282
3 3219 3283 3282
3 3219 3220 3283
3 3220 3284 3283
3 3220 3221 3284
3 3221 3285 3284
3 3221 3222 3285
3 3222 3286 3285
3 3222 3223 3286
3 3223 3287 3286
3 3223 3224 3287
3 3224 3288 3287
3 3224 3225 3288
3 3225 3289 3288
3 3225 3226 3289
3 3226 3290 3289
3 3226 3227 3290
3 3227 3291 3290
3 3227 3228 3291
3 3228 3292 3291
3 3228 3229 3292
3 3229 3293 3292
3 3229 3230 3293
3 3230 3294 3293
3 3230 3231 3294
3 3231 3295 3294
3 3231 3232 3295
3 3232 3296 3295
3 3232 3233 3296
3 3233 3297 3296
3 3233 3234 3297
3 3234 3298 3297
3 3234 3235 3298
3 3235 3299 3298
3 3235 3236 3299
3 3236 3300 3299
3 3236 3237 3300
3 3237 3301 3300
3 3237 3238 3301
3 3238 3302 3301
3 3238 3239 3302
3 3239 3303 3302
3 3239 3240 3303
3 3240 3304 3303
3 3240 3241 3304
3 3241 3305 3304
3 3241 3242 3305
3 3242 3306 3305
3 3242 3243 3306
3 3243 3307 3306
3 3243 3244 3307
3 3244 3308 3307
3 3244 3245 3308
3 3245 3309 3308
3 3245 3246 3309
3 3246 3310 3309
3 3246 3247 3310
3 3247 3311 3310
3 3247 3248 3311
3 3248 3312 3311
3 3248 3249 3312
3 3249 3313 3312
3 3249 3250 3313
3 3250 3314 3313
3 3250 3251 3314
3 3251 3315 3314
3 3251 3252 3315
3 3252 3316 3315
3 3252 3253 3316
3 3253 3317 3316
3 3253 3254 3317
3 3254 3318 3317
3 3254 3255 3318
3 3255 3319 3318
3 3255 3256 3319
3 3256 3320 3319
3 3256 3257 3320
3 3257 3321 3320
3 3257 3258 3321
3 3258 3322 3321
3 3258 3259 3322
3 3259 3323 3322
3 3259 3260 3323
3 3260 3324 3323
3 3260 3261 3324
3 3261 3325 3324
3 3261 3262 3325
3 3262 3326 3325
3 3262 3263 3326
3 3263 3327 3326
3 3263 3264 3327
3 3264 3328 3327
3 3264 3265 3328
3 3265 3329 3328
3 3265 3202 3329
3 3202 3266 3329
3 3266 3267 3330
3 3267 3331 3330
3 3267 3268 3331
3 3268 3332 3331
3 3268 3269 3332
3 3269 3333 3332
3 3269 3270 3333
3 3270 3334 3333
3 3270 3271 3334
3 3271 3335 3334
3 3271 3272 3335
3 3272 3336 3335
3 3272 3273 3336
3 3273 3337 3336
3 3273 3274 3337
3 3274 3338 3337
3 3274 3275 3338
3 3275 3339 3338
3 3275 3276 3339
3 3276 3340 3339
3 3276 3277 3340
3 3277 3341 3340
3 3277 3278 3341
3 3278 3342 3341
3 3278 3279 3342
3 3279 3343 3342
3 3279 3280 3343
3 3280 3344 3343
3 3280 3281 3344
3 3281 3345 3344
3 3281 3282 3345
3 3282 3346 3345
3 3282 3283 3346
3 3283 3347 3346
3 3283 3284 3347
3 3284 3348 3347
3 3284 3285 3348
3 3285 3349 3348
3 3285 3286 3349
3 3286 3350 3349
3 3286 3287 3350
3 3287 3351 3350
3 3287 3288 3351
3 3288 3352 3351
3 3288 3289 3352
3 3289 3353 3352
3 3289 3290 3353
3 3290 3354 3353
3 3290 3291 3354
3 3291 3355 3354
3 3291 3292 3355
3 3292 3356 3355
3 3292 3293 3356
3 3293 3357 3356
3 3293 3294 3357
3 3294 3358 3357
3 3294 3295 3358
3 3295 3359 3358
3 3295 3296 3359
3 3296 3360 3359
3 3296 3297 3360
3 3297 3361 3360
3 3297 3298 3361
3 3298 3362 3361
3 3298 3299 3362
3 3299 3363 3362
3 3299 3300 3363
3 3300 3364 3363
3 3300 3301 3364
3 3301 3365 3364
3 3301 3302 3365
3 3302 3366 3365
3 3302 3303 3366
3 3303 3367 3366
3 3303 3304 3367
3 3304 3368 3367
3 3304 3305 3368
3 3305 3369 3368
3 3305 3306 3369
3 3306 3370 3369
3 3306 3307 3370
3 3307 3371 3370
3 3307 3308 3371
3 3308 3372 3371
3 3308 3309 3372
3 3309 3373 3372
3 3309 3310 3373
3 3310 3374 3373
3 3310 3311 3374
3 3311 3375 3374
3 3311 3312 3375
3 3312 3376 3375
3 3312 3313 3376
3 3313 3377 3376
3 3313 3314 3377
3 3314 3378 3377
3 3314 3315 3378
3 3315 3379 3378
3 3315 3316 3379
3 3316 3380 3379
3 3316 3317 3380
3 3317 3381 3380
3 3317 3318 3381
3 3318 3382 3381
3 3318 3319 3382
3 3319 3383 3382
3 3319 3320 3383
3 3320 3384 3383
3 3320 3321 3384
3 3321 3385 3384
3 3321 3322 3385
3 3322 3386 3385
3 3322 3323 3386
3 3323 3387 3386
3 3323 3324 3387
3 3324 3388 3387
3 3324 3325 3388
3 3325 3389 3388
3 3325 3326 3389
3 3326 3390 3389
3 3326 3327 3390
3 3327 3391 3390
3 3327 3328 3391
3 3328 3392 3391
3 3328 3329 3392
3 3329 3393 3392
3 3329 3266 3393
3 3266 3330 3393
3 3330 3331 3394
3 3331 3395 3394
3 3331 3332 3395
3 3332 3396 3395
3 3332 3333 3396
3 3333 3397 3396
3 3333 3334 3397
3 3334 3398 3397
3 3334 3335 3398
3 3335 3399 3398
3 3335 3336 3399
3 3336 3400 3399
3 3336 3337 3400
3 3337 3401 3400
3 3337 3338 3401
3 3338 3402 3401
3 3338 3339 3402
3 3339 3403 3402
3 3339 3340 3403
3 3340 3404 3403
3 3340 3341 3404
3 3341 3405 3404
3 3341 3342 3405
3 3342 3406 3405
3 3342 3343 3406
3 3343 3407 3406
3 3343 3344 3407
3 3344 3408 3407
3 3344 3345 3408
3 3345 3409 3408
3 3345 3346 3409
3 3346 3410 3409
3 3346 3347 3410
3 3347 3411 3410
3 3347 3348 3411
3 3348 3412 3411
3 3348 3349 3412
3 3349 3413 3412
3 3349 3350 3413
3 3350 3414 3413
3 3350 3351 3414
3 3351 3415 3414
3 3351 3352 3415
3 3352 3416 3415
3 3352 3353 3416
3 3353 3417 3416
3 3353 3354 3417
3 3354 3418 3417
3 3354 3355 3418
3 3355 3419 3418
3 3355 3356 3419
3 3356 3420 3419
3 3356 3357 3420
3 3357 3421 3420
3 3357 3358 3421
3 3358 3422 3421
3 3358 3359 3422
3 3359 3423 3422
3 3359 3360 3423
3 3360 3424 3423
3 3360 3361 3424
3 3361 3425 3424
3 3361 3362 3425
3 3362 3426 3425
3 3362 3363 3426
3 3363 3427 3426
3 3363 3364 3427
3 3364 3428 3427
3 3364 3365 3428
3 3365 3429 3428
3 3365 3366 3429
3 3366 3430 3429
3 3366 3367 3430
3 3367 3431 3430
3 3367 3368 3431
3 3368 3432 3431
3 3368 3369 3432
3 3369 3433 3432
3 3369 3370 3433
3 3370 3434 3433
3 3370 3371 3434
3 3371 3435 3434
3 3371 3372 3435
3 3372 3436 3435
3 3372 3373 3436
3 3373 3437 3436
3 3373 3374 3437
3 3374 3438 3437
3 3374 3375 3438
3 3375 3439 3438
3 3375 3376 3439
3 3376 3440 3439
3 3376 3377 3440
3 3377 3441 3440
3 3377 3378 3441
3 3378 3442 3441
3 3378 3379 3442
3 3379 3443 3442
3 3379 3380 3443
3 3380 3444 3443
3 3380 3381 3444
3 3381 3445 3444
3 3381 3382 3445
3 3382 3446 3445
3 3382 3383 3446
3 3383 3447 3446
3 3383 3384 3447
3 3384 3448 3447
3 3384 3385 3448
3 3385 3449 3448
3 3385 3386 3449
3 3386 3450 3449
3 3386 3387 3450
3 3387 3451 3450
3 3387 3388 3451
3 3388 3452 3451
3 3388 3389 3452
3 3389 3453 3452
3 3389 3390 3453
3 3390 3454 3453
3 3390 3391 3454
3 3391 3455 3454
3 3391 3392 3455
3 3392 3456 3455
3 3392 3393 3456
3 3393 3457 3456
3 3393 3330 3457
3 3330 3394 3457
3 3394 3395 3458
3 3395 3459 3458
3 3395 3396 3459
3 3396 3460 3459
3 3396 3397 3460
3 3397 3461 3460
3 3397 3398 3461
3 3398 3462 3461
3 3398 3399 3462
3 3399 3463 3462
3 3399 3400 3463
3 3400 3464 3463
3 3400 3401 3464
3 3401 3465 3464
3 3401 3402 3465
3 3402 3466 3465
3 3402 3403 3466
3 3403 3467 3466
3 3403 3404 3467
3 3404 3468 3467
3 3404 3405 3468
3 3405 3469 3468
3 3405 3406 3469
3 3406 3470 3469
3 3406 3407 3470
3 3407 3471 3470
3 3407 3408 3471
3 3408 3472 3471
3 3408 3409 3472
3 3409 3473 3472
3 3409 3410 3473
3 3410 3474 3473
3 3410 3411 3474
3 3411 3475 3474
3 3411 3412 3475
3 3412 3476 3475
3 3412 3413 3476
3 3413 3477 3476
3 3413 3414 3477
3 3414 3478 3477
3 3414 3415 3478
3 3415 3479 3478
3 3415 3416 3479
3 3416 3480 3479
3 3416 3417 3480
3 3417 3481 3480
3 3417 3418 3481
3 3418 3482 3481
3 3418 3419 3482
3 3419 3483 3482
3 3419 3420 3483
3 3420 3484 3483
3 3420 3421 3484
3 3421 3485 3484
3 3421 3422 3485
3 3422 3486 3485
3 3422 3423 3486
3 3423 3487 3486
3 3423 3424 3487
3 3424 3488 3487
3 3424 3425 3488
3 3425 3489 3488
3 3425 3426 3489
3 3426 3490 3489
3 3426 3427 3490
3 3427 3491 3490
3 3427 3428 3491
3 3428 3492 3491
3 3428 3429 3492
3 3429 3493 3492
3 3429 3430 3493
3 3430 3494 3493
3 3430 3431 3494
3 3431 3495 3494
3 3431 3432 3495
3 3432 3496 3495
3 3432 3433 3496
3 3433 3497 3496
3 3433 3434 3497
3 3434 3498 3497
3 3434 3435 3498
3 3435 3499 3498
3 3435 3436 3499
3 3436 3500 3499
3 3436 3437 3500
3 3437 3501 3500
3 3437 3438 3501
3 3438 3502 3501
3 3438 3439 3502
3 3439 3503 3502
3 3439 3440 3503
3 3440 3504 3503
3 3440 3441 3504
3 3441 3505 3504
3 3441 3442 3505
3 3442 3506 3505
3 3442 3443 3506
3 3443 3507 3506
3 3443 3444 3507
3 3444 3508 3507
3 3444 3445 3508
3 3445 3509 3508
3 3445 3446 3509
3 3446 3510 3509
3 3446 3447 3510
3 3447 3511 3510
3 3447 3448 3511
3 3448 3512 3511
3 3448 3449 3512
3 3449 3513 3512
3 3449 3450 3513
3 3450 3514 3513
3 3450 3451 3514
3 3451 3515 3514
3 3451 3452 3515
3 3452 3516 3515
3 3452 3453 3516
3 3453 3517 3516
3 3453 3454 3517
3 3454 3518 3517
3 3454 3455 3518
3 3455 3519 3518
3 3455 3456 3519
3 3456 3520 3519
3 3456 3457 3520
3 3457 3521 3520
3 3457 3394 3521
3 3394 3458 3521
3 3458 3459 3522
3 3459 3523 3522
3 3459 3460 3523
3 3460 3524 3523
3 3460 3461 3524
3 3461 3525 3524
3 3461 3462 3525
3 3462 3526 3525
3 3462 3463 3526
3 3463 3527 3526
3 3463 3464 3527
3 3464 3528 3527
3 3464 3465 3528
3 3465 3529 3528
3 3465 3466 3529
3 3466 3530 3529
3 3466 3467 3530
3 3467 3531 3530
3 3467 3468 3531
3 3468 3532 3531
3 3468 3469 3532
3 3469 3533 3532
3 3469 3470 3533
3 3470 3534 3533
3 3470 3471 3534
3 3471 3535 3534
3 3471 3472 3535
3 3472 3536 3535
3 3472 3473 3536
3 3473 3537 3536
3 3473 3474 3537
3 3474 3538 3537
3 3474 3475 3538
3 3475 3539 3538
3 3475 3476 3539
3 3476 3540 3539
3 3476 3477 3540
3 3477 3541 3540
3 3477 3478 3541
3 3478 3542 3541
3 3478 3479 3542
3 3479 3543 3542
3 3479 3480 3543
3 3480 3544 3543
3 3480 3481 3544
3 3481 3545 3544
3 3481 3482 3545
3 3482 3546 3545
3 3482 3483 3546
3 3483 3547 3546
3 3483 3484 3547
3 3484 3548 3547
3 3484 3485 3548
3 3485 3549 3548
3 3485 3486 3549
3 3486 3550 3549
3 3486 3487 3550
3 3487 3551 3550
3 3487 3488 3551
3 3488 3552 3551
3 3488 3489 3552
3 3489 3553 3552
3 3489 3490 3553
3 3490 3554 3553
3 3490 3491 3554
3 3491 3555 3554
3 3491 3492 3555
3 3492 3556 3555
3 3492 3493 3556
3 3493 3557 3556
3 3493 3494 3557
3 3494 3558 3557
3 3494 3495 3558
3 3495 3559 3558
3 3495 3496 3559
3 3496 3560 3559
3 3496 3497 3560
3 3497 3561 3560
3 3497 3498 3561
3 3498 3562 3561
3 3498 3499 3562
3 3499 3563 3562
3 3499 3500 3563
3 3500 3564 3563
3 3500 3501 3564
3 3501 3565 3564
3 3501 3502 3565
3 3502 3566 3565
3 3502 3503 3566
3 3503 3567 3566
3 3503 3504 3567
3 3504 3568 3567
3 3504 3505 3568
3 3505 3569 3568
3 3505 3506 3569
3 3506 3570 3569
3 3506 3507 3570
3 3507 3571 3570
3 3507 3508 3571
3 3508 3572 3571
3 3508 3509 3572
3 3509 3573 3572
3 3509 3510 3573
3 3510 3574 3573
3 3510 3511 3574
3 3511 3575 3574
3 3511 3512 3575
3 3512 3576 3575
3 3512 3513 3576
3 3513 3577 3576
3 3513 3514 3577
3 3514 3578 3577
3 3514 3515 3578
3 3515 3579 3578
3 3515 3516 3579
3 3516 3580 3579
3 3516 3517 3580
3 3517 3581 3580
3 3517 3518 3581
3 3518 3582 3581
3 3518 3519 3582
3 3519 3583 3582
3 3519 3520 3583
3 3520 3584 3583
3 3520 3521 3584
3 3521 3585 3584
3 3521 3458 3585
3 3458 3522 3585
3 3522 3523 3586
3 3523 3587 3586
3 3523 3524 3587
3 3524 3588 3587
3 3524 3525 3588
3 3525 3589 3588
3 3525 3526 3589
3 3526 3590 3589
3 3526 3527 3590
3 3527 3591 3590
3 3527 3528 3591
3 3528 3592 3591
3 3528 3529 3592
3 3529 3593 3592
3 3529 3530 3593
3 3530 3594 3593
3 3530 3531 3594
3 3531 3595 3594
3 3531 3532 3595
3 3532 3596 3595
3 3532 3533 3596
3 3533 3597 3596
3 3533 3534 3597
3 3534 3598 3597
3 3534 3535 3598
3 3535 3599 3598
3 3535 3536 3599
3 3536 3600 3599
3 3536 3537 3600
3 3537 3601 3600
3 3537 3538 3601
3 3538 3602 3601
3 3538 3539 3602
3 3539 3603 3602
3 3539 3540 3603
3 3540 3604 3603
3 3540 3541 3604
3 3541 3605 3604
3 3541 3542 3605
3 3542 3606 3605
3 3542 3543 3606
3 3543 3607 3606
3 3543 3544 3607
3 3544 3608 3607
3 3544 3545 3608
3 3545 3609 3608
3 3545 3546 3609
3 3546 3610 3609
3 3546 3547 3610
3 3547 3611 3610
3 3547 3548 3611
3 3548 3612 3611
3 3548 3549 3612
3 3549 3613 3612
3 3549 3550 3613
3 3550 3614 3613
3 3550 3551 3614
3 3551 3615 3614
3 3551 3552 3615
3 3552 3616 3615
3 3552 3553 3616
3 3553 3617 3616
3 3553 3554 3617
3 3554 3618 3617
3 3554 3555 3618
3 3555 3619 3618
3 3555 3556 3619
3 3556 3620 3619
3 3556 3557 3620
3 3557 3621 3620
3 3557 3558 3621
3 3558 3622 3621
3 3558 3559 3622
3 3559 3623 3622
3 3559 3560 3623
3 3560 3624 3623
3 3560 3561 3624
3 3561 3625 3624
3 3561 3562 3625
3 3562 3626 3625
3 3562 3563 3626
3 3563 3627 3626
3 3563 3564 3627
3 3564 3628 3627
3 3564 3565 3628
3 3565 3629 3628
3 3565 3566 3629
3 3566 3630 3629
3 3566 3567 3630
3 3567 3631 3630
3 3567 3568 3631
3 3568 3632 3631
3 3568 3569 3632
3 3569 3633 3632
3 3569 3570 3633
3 3570 3634 3633
3 3570 3571 3634
3 3571 3635 3634
3 3571 3572 3635
3 3572 3636 3635
3 3572 3573 3636
3 3573 3637 3636
3 3573 3574 3637
3 3574 3638 3637
3 3574 3575 3638
3 3575 3639 3638
3 3575 3576 3639
3 3576 3640 3639
3 3576 3577 3640
3 3577 3641 3640
3 3577 3578 3641
3 3578 3642 3641
3 3578 3579 3642
3 3579 3643 3642
3 3579 3580 3643
3 3580 3644 3643
3 3580 3581 3644
3 3581 3645 3644
3 3581 3582 3645
3 3582 3646 3645
3 3582 3583 3646
3 3583 3647 3646
3 3583 3584 3647
3 3584 3648 3647
3 3584 3585 3648
3 3585 3649 3648
3 3585 3522 3649
3 3522 3586 3649
3 3586 3587 3650
3 3587 3651 3650
3 3587 3588 3651
3 3588 3652 3651
3 3588 3589 3652
3 3589 3653 3652
3 3589 3590 3653
3 3590 3654 3653
3 3590 3591 3654
3 3591 3655 3654
3 3591 3592 3655
3 3592 3656 3655
3 3592 3593 3656
3 3593 3657 3656
3 3593 3594 3657
3 3594 3658 3657
3 3594 3595 3658
3 3595 3659 3658
3 3595 3596 3659
3 3596 3660 3659
3 3596 3597 3660
3 3597 3661 3660
3 3597 3598 3661
3 3598 3662 3661
3 3598 3599 3662
3 3599 3663 3662
3 3599 3600 3663
3 3600 3664 3663
3 3600 3601 3664
3 3601 3665 3664
3 3601 3602 3665
3 3602 3666 3665
3 3602 3603 3666
3 3603 3667 3666
3 3603 3604 3667
3 3604 3668 3667
3 3604 3605 3668
3 3605 3669 3668
3 3605 3606 3669
3 3606 3670 3669
3 3606 3607 3670
3 3607 3671 3670
3 3607 3608 3671
3 3608 3672 3671
3 3608 3609 3672
3 3609 3673 3672
3 3609 3610 3673
3 3610 3674 3673
3 3610 3611 3674
3 3611 3675 3674
3 3611 3612 3675
3 3612 3676 3675
3 3612 3613 3676
3 3613 3677 3676
3 3613 3614 3677
3 3614 3678 3677
3 3614 3615 3678
3 3615 3679 3678
3 3615 3616 3679
3 3616 3680 3679
3 3616 3617 3680
3 3617 3681 3680
3 3617 3618 3681
3 3618 3682 3681
3 3618 3619 3682
3 3619 3683 3682
3 3619 3620 3683
3 3620 3684 3683
3 3620 3621 3684
3 3621 3685 3684
3 3621 3622 3685
3 3622 3686 3685
3 3622 3623 3686
3 3623 3687 3686
3 3623 3624 3687
3 3624 3688 3687
3 3624 3625 3688
3 3625 3689 3688
3 3625 3626 3689
3 3626 3690 3689
3 3626 3627 3690
3 3627 3691 3690
3 3627 3628 3691
3 3628 3692 3691
3 3628 3629 3692
3 3629 3693 3692
3 3629 3630 3693
3 3630 3694 3693
3 3630 3631 3694
3 3631 3695 3694
3 3631 3632 3695
3 3632 3696 3695
3 3632 3633 3696
3 3633 3697 3696
3 3633 3634 3697
3 3634 3698 3697
3 3634 3635 3698
3 3635 3699 3698
3 3635 3636 3699
3 3636 3700 3699
3 3636 3637 3700
3 3637 3701 3700
3 3637 3638 3701
3 3638 3702 3701
3 3638 3639 3702
3 3639 3703 3702
3 3639 3640 3703
3 3640 3704 3703
3 3640 3641 3704
3 3641 3705 3704
3 3641 3642 3705
3 3642 3706 3705
3 3642 3643 3706
3 3643 3707 3706
3 3643 3644 3707
3 3644 3708 3707
3 3644 3645 3708
3 3645 3709 3708
3 3645 3646 3709
3 3646 3710 3709
3 3646 3647 3710
3 3647 3711 3710
3 3647 3648 3711
3 3648 3712 3711
3 3648 3649 3712
3 3649 3713 3712
3 3649 3586 3713
3 3586 3650 3713
3 3650 3651 3714
3 3651 3715 3714
3 3651 3652 3715
3 3652 3716 3715
3 3652 3653 3716
3 3653 3717 3716
3 3653 3654 3717
3 3654 3718 3717
3 3654 3655 3718
3 3655 3719 3718
3 3655 3656 3719
3 3656 3720 3719
3 3656 3657 3720
3 3657 3721 3720
3 3657 3658 3721
3 3658 3722 3721
3 3658 3659 3722
3 3659 3723 3722
3 3659 3660 3723
3 3660 3724 3723
3 3660 3661 3724
3 3661 3725 3724
3 3661 3662 3725
3 3662 3726 3725
3 3662 3663 3726
3 3663 3727 3726
3 3663 3664 3727
3 3664 3728 3727
3 3664 3665 3728
3 3665 3729 3728
3 3665 3666 3729
3 3666 3730 3729
3 3666 3667 3730
3 3667 3731 3730
3 3667 3668 3731
3 3668 3732 3731
3 3668 3669 3732
3 3669 3733 3732
3 3669 3670 3733
3 3670 3734 3733
3 3670 3671 3734
3 3671 3735 3734
3 3671 3672 3735
3 3672 3736 3735
3 3672 3673 3736
3 3673 3737 3736
3 3673 3674 3737
3 3674 3738 3737
3 3674 3675 3738
3 3675 3739 3738
3 3675 3676 3739
3 3676 3740 3739
3 3676 3677 3740
3 3677 3741 3740
3 3677 3678 3741
3 3678 3742 3741
3 3678 3679 3742
3 3679 3743 3742
3 3679 3680 3743
3 3680 3744 3743
3 3680 3681 3744
3 3681 3745 3744
3 3681 3682 3745
3 3682 3746 3745
3 3682 3683 3746
3 3683 3747 3746
3 3683 3684 3747
3 3684 3748 3747
3 3684 3685 3748
3 3685 3749 3748
3 3685 3686 3749
3 3686 3750 3749
3 3686 3687 3750
3 3687 3751 3750
3 3687 3688 3751
3 3688 3752 3751
3 3688 3689 3752
3 3689 3753 3752
3 3689 3690 3753
3 3690 3754 3753
3 3690 3691 3754
3 3691 3755 3754
3 3691 3692 3755
3 3692 3756 3755
3 3692 3693 3756
3 3693 3757 3756
3 3693 3694 3757
3 3694 3758 3757
3 3694 3695 3758
3 3695 3759 3758
3 3695 3696 3759
3 3696 3760 3759
3 3696 3697 3760
3 3697 3761 3760
3 3697 3698 3761
3 3698 3762 3761
3 3698 3699 3762
3 3699 3763 3762
3 3699 3700 3763
3 3700 3764 3763
3 3700 3701 3764
3 3701 3765 3764
3 3701 3702 3765
3 3702 3766 3765
3 3702 3703 3766
3 3703 3767 3766
3 3703 3704 3767
3 3704 3768 3767
3 3704 3705 3768
3 3705 3769 3768
3 3705 3706 3769
3 3706 3770 3769
3 3706 3707 3770
3 3707 3771 3770
3 3707 3708 3771
3 3708 3772 3771
3 3708 3709 3772
3 3709 3773 3772
3 3709 3710 3773
3 3710 3774 3773
3 3710 3711 3774
3 3711 3775 3774
3 3711 3712 3775
3 3712 3776 3775
3 3712 3713 3776
3 3713 3777 3776
3 3713 3650 3777
3 3650 3714 3777
3 3714 3715 3778
3 3715 3779 3778
3 3715 3716 3779
3 3716 3780 3779
3 3716 3717 3780
3 3717 3781 3780
3 3717 3718 3781
3 3718 3782 3781
3 3718 3719 3782
3 3719 3783 3782
3 3719 3720 3783
3 3720 3784 3783
3 3720 3721 3784
3 3721 3785 3784
3 3721 3722 3785
3 3722 3786 3785
3 3722 3723 3786
3 3723 3787 3786
3 3723 3724 3787
3 3724 3788 3787
3 3724 3725 3788
3 3725 3789 3788
3 3725 3726 3789
3 3726 3790 3789
3 3726 3727 3790
3 3727 3791 3790
3 3727 3728 3791
3 3728 3792 3791
3 3728 3729 3792
3 3729 3793 3792
3 3729 3730 3793
3 3730 3794 3793
3 3730 3731 3794
3 3731 3795 3794
3 3731 3732 3795
3 3732 3796 3795
3 3732 3733 3796
3 3733 3797 3796
3 3733 3734 3797
3 3734 3798 3797
3 3734 3735 3798
3 3735 3799 3798
3 3735 3736 3799
3 3736 3800 3799
3 3736 3737 3800
3 3737 3801 3800
3 3737 3738 3801
3 3738 3802 3801
3 3738 3739 3802
3 3739 3803 3802
3 3739 3740 3803
3 3740 3804 3803
3 3740 3741 3804
3 3741 3805 3804
3 3741 3742 3805
3 3742 3806 3805
3 3742 3743 3806
3 3743 3807 3806
3 3743 3744 3807
3 3744 3808 3807
3 3744 3745 3808
3 3745 3809 3808
3 3745 3746 3809
3 3746 3810 3809
3 3746 3747 3810
3 3747 3811 3810
3 3747 3748 3811
3 3748 3812 3811
3 3748 3749 3812
3 3749 3813 3812
3 3749 3750 3813
3 3750 3814 3813
3 3750 3751 3814
3 3751 3815 3814
3 3751 3752 3815
3 3752 3816 3815
3 3752 3753 3816
3 3753 3817 3816
3 3753 3754 3817
3 3754 3818 3817
3 3754 3755 3818
3 3755 3819 3818
3 3755 3756 3819
3 3756 3820 3819
3 3756 3757 3820
3 3757 3821 3820
3 3757 3758 3821
3 3758 3822 3821
3 3758 3759 3822
3 3759 3823 3822
3 3759 3760 3823
3 3760 3824 3823
3 3760 3761 3824
3 3761 3825 3824
3 3761 3762 3825
3 3762 3826 3825
3 3762 3763 3826
3 3763 3827 3826
3 3763 3764 3827
3 3764 3828 3827
3 3764 3765 3828
3 3765 3829 3828
3 3765 3766 3829
3 3766 3830 3829
3 3766 3767 3830
3 3767 3831 3830
3 3767 3768 3831
3 3768 3832 3831
3 3768 3769 3832
3 3769 3833 3832
3 3769 3770 3833
3 3770 3834 3833
3 3770 3771 3834
3 3771 3835 3834
3 3771 3772 3835
3 3772 3836 3835
3 3772 3773 3836
3 3773 3837 3836
3 3773 3774 3837
3 3774 3838 3837
3 3774 3775 3838
3 3775 3839 3838
3 3775 3776 3839
3 3776 3840 3839
3 3776 3777 3840
3 3777 3841 3840
3 3777 3714 3841
3 3714 3778 3841
3 3778 3779 3842
3 3779 3843 3842
3 3779 3780 3843
3 3780 3844 3843
3 3780 3781 3844
3 3781 3845 3844
3 3781 3782 3845
3 3782 3846 3845
3 3782 3783 3846
3 3783 3847 3846
3 3783 3784 3847
3 3784 3848 3847
3 3784 3785 3848
3 3785 3849 3848
3 3785 3786 3849
3 3786 3850 3849
3 3786 3787 3850
3 3787 3851 3850
3 3787 3788 3851
3 3788 3852 3851
3 3788 3789 3852
3 3789 3853 3852
3 3789 3790 3853
3 3790 3854 3853
3 3790 3791 3854
3 3791 3855 3854
3 3791 3792 3855
3 3792 3856 3855
3 3792 3793 3856
3 3793 3857 3856
3 3793 3794 3857
3 3794 3858 3857
3 3794 3795 3858
3 3795 3859 3858
3 3795 3796 3859
3 3796 3860 3859
3 3796 3797 3860
3 3797 3861 3860
3 3797 3798 3861
3 3798 3862 3861
3 3798 3799 3862
3 3799 3863 3862
3 3799 3800 3863
3 3800 3864 3863
3 3800 3801 3864
3 3801 3865 3864
3 3801 3802 3865
3 3802 3866 3865
3 3802 3803 3866
3 3803 3867 3866
3 3803 3804 3867
3 3804 3868 3867
3 3804 3805 3868
3 3805 3869 3868
3 3805 3806 3869
3 3806 3870 3869
3 3806 3807 3870
3 3807 3871 3870
3 3807 3808 3871
3 3808 3872 3871
3 3808 3809 3872
3 3809 3873 3872
3 3809 3810 3873
3 3810 3874 3873
3 3810 3811 3874
3 3811 3875 3874
3 3811 3812 3875
3 3812 3876 3875
3 3812 3813 3876
3 3813 3877 3876
3 3813 3814 3877
3 3814 3878 3877
3 3814 3815 3878
3 3815 3879 3878
3 3815 3816 3879
3 3816 3880 3879
3 3816 3817 3880
3 3817 3881 3880
3 3817 3818 3881
3 3818 3882 3881
3 3818 3819 3882
3 3819 3883 3882
3 3819 3820 3883
3 3820 3884 3883
3 3820 3821 3884
3 3821 3885 3884
3 3821 3822 3885
3 3822 3886 3885
3 3822 3823 3886
3 3823 3887 3886
3 3823 3824 3887
3 3824 3888 3887
3 3824 3825 3888
3 3825 3889 3888
3 3825 3826 3889
3 3826 3890 3889
3 3826 3827 3890
3 3827 3891 3890
3 3827 3828 3891
3 3828 3892 3891
3 3828 3829 3892
3 3829 3893 3892
3 3829 3830 3893
3 3830 3894 3893
3 3830 3831 3894
3 3831 3895 3894
3 3831 3832 3895
3 3832 3896 3895
3 3832 3833 3896
3 3833 3897 3896
3 3833 3834 3897
3 3834 3898 3897
3 3834 3835 3898
3 3835 3899 3898
3 3835 3836 3899
3 3836 3900 3899
3 3836 3837 3900
3 3837 3901 3900
3 3837 3838 3901
3 3838 3902 3901
3 3838 3839 3902
3 3839 3903 3902
3 3839 3840 3903
3 3840 3904 3903
3 3840 3841 3904
3 3841 3905 3904
3 3841 3778 3905
3 3778 3842 3905
3 3842 3843 3906
3 3843 3907 3906
3 3843 3844 3907
3 3844 3908 3907
3 3844 3845 3908
3 3845 3909 3908
3 3845 3846 3909
3 3846 3910 3909
3 3846 3847 3910
3 3847 3911 3910
3 3847 3848 3911
3 3848 3912 3911
3 3848 3849 3912
3 3849 3913 3912
3 3849 3850 3913
3 3850 3914 3913
3 3850 3851 3914
3 3851 3915 3914
3 3851 3852 3915
3 3852 3916 3915
3 3852 3853 3916
3 3853 3917 3916
3 3853 3854 3917
3 3854 3918 3917
3 3854 3855 3918
3 3855 3919 3918
3 3855 3856 3919
3 3856 3920 3919
3 3856 3857 3920
3 3857 3921 3920
3 3857 3858 3921
3 3858 3922 3921
3 3858 3859 3922
3 3859 3923 3922
3 3859 3860 3923
3 3860 3924 3923
3 3860 3861 3924
3 3861 3925 3924
3 3861 3862 3925
3 3862 3926 3925
3 3862 3863 3926
3 3863 3927 3926
3 3863 3864 3927
3 3864 3928 3927
3 3864 3865 3928
3 3865 3929 3928
3 3865 3866 3929
3 3866 3930 3929
3 3866 3867 3930
3 3867 3931 3930
3 3867 3868 3931
3 3868 3932 3931
3 3868 3869 3932
3 3869 3933 3932
3 3869 3870 3933
3 3870 3934 3933
3 3870 3871 3934
3 3871 3935 3934
3 3871 3872 3935
3 3872 3936 3935
3 3872 3873 3936
3 3873 3937 3936
3 3873 3874 3937
3 3874 3938 3937
3 3874 3875 3938
3 3875 3939 3938
3 3875 3876 3939
3 3876 3940 3939
3 3876 3877 3940
3 3877 3941 3940
3 3877 3878 3941
3 3878 3942 3941
3 3878 3879 3942
3 3879 3943 3942
3 3879 3880 3943
3 3880 3944 3943
3 3880 3881 3944
3 3881 3945 3944
3 3881 3882 3945
3 3882 3946 3945
3 3882 3883 3946
3 3883 3947 3946
3 3883 3884 3947
3 3884 3948 3947
3 3884 3885 3948
3 3885 3949 3948
3 3885 3886 3949
3 3886 3950 3949
3 3886 3887 3950
3 3887 3951 3950
3 3887 3888 3951
3 3888 3952 3951
3 3888 3889 3952
3 3889 3953 3952
3 3889 3890 3953
3 3890 3954 3953
3 3890 3891 3954
3 3891 3955 3954
3 3891 3892 3955
3 3892 3956 3955
3 3892 3893 3956
3 3893 3957 3956
3 3893 3894 3957
3 3894 3958 3957
3 3894 3895 3958
3 3895 3959 3958
3 3895 3896 3959
3 3896 3960 3959
3 3896 3897 3960
3 3897 3961 3960
3 3897 3898 3961
3 3898 3962 3961
3 3898 3899 3962
3 3899 3963 3962
3 3899 3900 3963
3 3900 3964 3963
3 3900 3901 3964
3 3901 3965 3964
3 3901 3902 3965
3 3902 3966 3965
3 3902 3903 3966
3 3903 3967 3966
3 3903 3904 3967
3 3904 3968 3967
3 3904 3905 3968
3 3905 3969 3968
3 3905 3842 3969
3 3842 3906 3969
3 3906 3907 3970
3 3907 3971 3970
3 3907 3908 3971
3 3908 3972 3971
3 3908 3909 3972
3 3909 3973 3972
3 3909 3910 3973
3 3910 3974 3973
3 3910 3911 3974
3 3911 3975 3974
3 3911 3912 3975
3 3912 3976 3975
3 3912 3913 3976
3 3913 3977 3976
3 3913 3914 3977
3 3914 3978 3977
3 3914 3915 3978
3 3915 3979 3978
3 3915 3916 3979
3 3916 3980 3979
3 3916 3917 3980
3 3917 3981 3980
3 3917 3918 3981
3 3918 3982 3981
3 3918 3919 3982
3 3919 3983 3982
3 3919 3920 3983
3 3920 3984 3983
3 3920 3921 3984
3 3921 3985 3984
3 3921 3922 3985
3 3922 3986 3985
3 3922 3923 3986
3 3923 3987 3986
3 3923 3924 3987
3 3924 3988 3987
3 3924 3925 3988
3 3925 3989 3988
3 3925 3926 3989
3 3926 3990 3989
3 3926 3927 3990
3 3927 3991 3990
3 3927 3928 3991
3 3928 3992 3991
3 3928 3929 3992
3 3929 3993 3992
3 3929 3930 3993
3 3930 3994 3993
3 3930 3931 3994
3 3931 3995 3994
3 3931 3932 3995
3 3932 3996 3995
3 3932 3933 3996
3 3933 3997 3996
3 3933 3934 3997
3 3934 3998 3997
3 3934 3935 3998
3 3935 3999 3998
3 3935 3936 3999
3 3936 4000 3999
3 3936 3937 4000
3 3937 4001 4000
3 3937 3938 4001
3 3938 4002 4001
3 3938 3939 4002
3 3939 4003 4002
3 3939 3940 4003
3 3940 4004 4003
3 3940 3941 4004
3 3941 4005 4004
3 3941 3942 4005
3 3942 4006 4005
3 3942 3943 4006
3 3943 4007 4006
3 3943 3944 4007
3 3944 4008 4007
3 3944 3945 4008
3 3945 4009 4008
3 3945 3946 4009
3 3946 4010 4009
3 3946 3947 4010
3 3947 4011 4010
3 3947 3948 4011
3 3948 4012 4011
3 3948 3949 4012
3 3949 4013 4012
3 3949 3950 4013
3 3950 4014 4013
3 3950 3951 4014
3 3951 4015 4014
3 3951 3952 4015
3 3952 4016 4015
3 3952 3953 4016
3 3953 4017 4016
3 3953 3954 4017
3 3954 4018 4017
3 3954 3955 4018
3 3955 4019 4018
3 3955 3956 4019
3 3956 4020 4019
3 3956 3957 4020
3 3957 4021 4020
3 3957 3958 4021
3 3958 4022 4021
3 3958 3959 4022
3 3959 4023 4022
3 3959 3960 4023
3 3960 4024 4023
3 3960 3961 4024
3 3961 4025 4024
3 3961 3962 4025
3 3962 4026 4025
3 3962 3963 4026
3 3963 4027 4026
3 3963 3964 4027
3 3964 4028 4027
3 3964 3965 4028
3 3965 4029 4028
3 3965 3966 4029
3 3966 4030 4029
3 3966 3967 4030
3 3967 4031 4030
3 3967 3968 4031
3 3968 4032 4031
3 3968 3969 4032
3 3969 4033 4032
3 3969 3906 4033
3 3906 3970 4033
3 3970 3971 4034
3 3971 4035 4034
3 3971 3972 4035
3 3972 4036 4035
3 3972 3973 4036
3 3973 4037 4036
3 3973 3974 4037
3 3974 4038 4037
3 3974 3975 4038
3 3975 4039 4038
3 3975 3976 4039
3 3976 4040 4039
3 3976 3977 4040
3 3977 4041 4040
3 3977 3978 4041
3 3978 4042 4041
3 3978 3979 4042
3 3979 4043 4042
3 3979 3980 4043
3 3980 4044 4043
3 3980 3981 4044
3 3981 4045 4044
3 3981 3982 4045
3 3982 4046 4045
3 3982 3983 4046
3 3983 4047 4046
3 3983 3984 4047
3 3984 4048 4047
3 3984 3985 4048
3 3985 4049 4048
3 3985 3986 4049
3 3986 4050 4049
3 3986 3987 4050
3 3987 4051 4050
3 3987 3988 4051
3 3988 4052 4051
3 3988 3989 4052
3 3989 4053 4052
3 3989 3990 4053
3 3990 4054 4053
3 3990 3991 4054
3 3991 4055 4054
3 3991 3992 4055
3 3992 4056 4055
3 3992 3993 4056
3 3993 4057 4056
3 3993 3994 4057
3 3994 4058 4057
3 3994 3995 4058
3 3995 4059 4058
3 3995 3996 4059
3 3996 4060 4059
3 3996 3997 4060
3 3997 4061 4060
3 3997 3998 4061
3 3998 4062 4061
3 3998 3999 4062
3 3999 4063 4062
3 3999 4000 4063
3 4000 4064 4063
3 4000 4001 4064
3 4001 4065 4064
3 4001 4002 4065
3 4002 4066 4065
3 4002 4003 4066
3 4003 4067 4066
3 4003 4004 4067
3 4004 4068 4067
3 4004 4005 4068
3 4005 4069 4068
3 4005 4006 4069
3 4006 4070 4069
3 4006 4007 4070
3 4007 4071 4070
3 4007 4008 4071
3 4008 4072 4071
3 4008 4009 4072
3 4009 4073 4072
3 4009 4010 4073
3 4010 4074 4073
3 4010 4011 4074
3 4011 4075 4074
3 4011 4012 4075
3 4012 4076 4075
3 4012 4013 4076
3 4013 4077 4076
3 4013 4014 4077
3 4014 4078 4077
3 4014 4015 4078
3 4015 4079 4078
3 4015 4016 4079
3 4016 4080 4079
3 4016 4017 4080
3 4017 4081 4080
3 4017 4018 4081
3 4018 4082 4081
3 4018 4019 4082
3 4019 4083 4082
3 4019 4020 4083
3 4020 4084 4083
3 4020 4021 4084
3 4021 4085 4084
3 4021 4022 4085
3 4022 4086 4085
3 4022 4023 4086
3 4023 4087 4086
3 4023 4024 4087
3 4024 4088 4087
3 4024 4025 4088
3 4025 4089 4088
3 4025 4026 4089
3 4026 4090 4089
3 4026 4027 4090
3 4027 4091 4090
3 4027 4028 4091
3 4028 4092 4091
3 4028 4029 4092
3 4029 4093 4092
3 4029 4030 4093
3 4030 4094 4093
3 4030 4031 4094
3 4031 4095 4094
3 4031 4032 4095
3 4032 4096 4095
3 4032 4033 4096
3 4033 4097 4096
3 4033 3970 4097
3 3970 4034 4097
3 4034 4035 4098
3 4035 4099 4098
3 4035 4036 4099
3 4036 4100 4099
3 4036 4037 4100
3 4037 4101 4100
3 4037 4038 4101
3 4038 4102 4101
3 4038 4039 4102
3 4039 4103 4102
3 4039 4040 4103
3 4040 4104 4103
3 4040 4041 4104
3 4041 4105 4104
3 4041 4042 4105
3 4042 4106 4105
3 4042 4043 4106
3 4043 4107 4106
3 4043 4044 4107
3 4044 4108 4107
3 4044 4045 4108
3 4045 4109 4108
3 4045 4046 4109
3 4046 4110 4109
3 4046 4047 4110
3 4047 4111 4110
3 4047 4048 4111
3 4048 4112 4111
3 4048 4049 4112
3 4049 4113 4112
3 4049 4050 4113
3 4050 4114 4113
3 4050 4051 4114
3 4051 4115 4114
3 4051 4052 4115
3 4052 4116 4115
3 4052 4053 4116
3 4053 4117 4116
3 4053 4054 4117
3 4054 4118 4117
3 4054 4055 4118
3 4055 4119 4118
3 4055 4056 4119
3 4056 4120 4119
3 4056 4057 4120
3 4057 4121 4120
3 4057 4058 4121
3 4058 4122 4121
3 4058 4059 4122
3 4059 4123 4122
3 4059 4060 4123
3 4060 4124 4123
3 4060 4061 4124
3 4061 4125 4124
3 4061 4062 4125
3 4062 4126 4125
3 4062 4063 4126
3 4063 4127 4126
3 4063 4064 4127
3 4064 4128 4127
3 4064 4065 4128
3 4065 4129 4128
3 4065 4066 4129
3 4066 4130 4129
3 4066 4067 4130
3 4067 4131 4130
3 4067 4068 4131
3 4068 4132 4131
3 4068 4069 4132
3 4069 4133 4132
3 4069 4070 4133
3 4070 4134 4133
3 4070 4071 4134
3 4071 4135 4134
3 4071 4072 4135
3 4072 4136 4135
3 4072 4073 4136
3 4073 4137 4136
3 4073 4074 4137
3 4074 4138 4137
3 4074 4075 4138
3 4075 4139 4138
3 4075 4076 4139
3 4076 4140 4139
3 4076 4077 4140
3 4077 4141 4140
3 4077 4078 4141
3 4078 4142 4141
3 4078 4079 4142
3 4079 4143 4142
3 4079 4080 4143
3 4080 4144 4143
3 4080 4081 4144
3 4081 4145 4144
3 4081 4082 4145
3 4082 4146 4145
3 4082 4083 4146
3 4083 4147 4146
3 4083 4084 4147
3 4084 4148 4147
3 4084 4085 4148
3 4085 4149 4148
3 4085 4086 4149
3 4086 4150 4149
3 4086 4087 4150
3 4087 4151 4150
3 4087 4088 4151
3 4088 4152 4151
3 4088 4089 4152
3 4089 4153 4152
3 4089 4090 4153
3 4090 4154 4153
3 4090 4091 4154
3 4091 4155 4154
3 4091 4092 4155
3 4092 4156 4155
3 4092 4093 4156
3 4093 4157 4156
3 4093 4094 4157
3 4094 4158 4157
3 4094 4095 4158
3 4095 4159 4158
3 4095 4096 4159
3 4096 4160 4159
3 4096 4097 4160
3 4097 4161 4160
3 4097 4034 4161
3 4034 4098 4161
