OFF
4098 8192 0
0.000000 0.000000 0.000000
0.000000 0.000000 5.000000
0.000000 0.000000 -5.000000
0.173480 0.173480 4.993977
0.160248 0.185772 4.993977
0.146148 0.197058 4.993977
0.131255 0.207275 4.993977
0.115652 0.216369 4.993977
0.099421 0.224291 4.993977
0.082652 0.230997 4.993977
0.065435 0.236451 4.993977
0.047863 0.240624 4.993977
0.030032 0.243493 4.993977
0.012038 0.245043 4.993977
-0.006021 0.245264 4.993977
-0.024047 0.244157 4.993977
-0.041944 0.241726 4.993977
-0.059612 0.237986 4.993977
-0.076958 0.232956 4.993977
-0.093887 0.226663 4.993977
-0.110307 0.219142 4.993977
-0.126129 0.210434 4.993977
-0.141268 0.200585 4.993977
-0.155641 0.189649 4.993977
-0.169171 0.177686 4.993977
-0.181784 0.164759 4.993977
-0.193412 0.150940 4.993977
-0.203991 0.136303 4.993977
-0.213466 0.120927 4.993977
-0.221783 0.104896 4.993977
-0.228899 0.088296 4.993977
-0.234774 0.071218 4.993977
-0.239377 0.053754 4.993977
-0.242683 0.035999 4.993977
-0.244674 0.018048 4.993977
-0.245338 0.000000 4.993977
-0.244674 -0.018048 4.993977
-0.242683 -0.035999 4.993977
-0.239377 -0.053754 4.993977
-0.234774 -0.071218 4.993977
-0.228899 -0.088296 4.993977
-0.221783 -0.104896 4.993977
-0.213466 -0.120927 4.993977
-0.203991 -0.136303 4.993977
-0.193412 -0.150940 4.993977
-0.181784 -0.164759 4.993977
-0.169171 -0.177686 4.993977
-0.155641 -0.189649 4.993977
-0.141268 -0.200585 4.993977
-0.126129 -0.210434 4.993977
-0.110307 -0.219142 4.993977
-0.093887 -0.226663 4.993977
-0.076958 -0.232956 4.993977
-0.059612 -0.237986 4.993977
-0.041944 -0.241726 4.993977
-0.024047 -0.244157 4.993977
-0.006021 -0.245264 4.993977
0.012038 -0.245043 4.993977
0.030032 -0.243493 4.993977
0.047863 -0.240624 4.993977
0.065435 -0.236451 4.993977
0.082652 -0.230997 4.993977
0.099421 -0.224291 4.993977
0.115652 -0.216369 4.993977
0.131255 -0.207275 4.993977
0.146148 -0.197058 4.993977
0.160248 -0.185772 4.993977
0.173480 -0.173480 4.993977
0.346543 0.346543 4.975924
0.320111 0.371097 4.975924
0.291944 0.393641 4.975924
0.262195 0.414051 4.975924
0.231025 0.432217 4.975924
0.198603 0.448041 4.975924
0.165105 0.461437 4.975924
0.130712 0.472333 4.975924
0.095611 0.480669 4.975924
0.059992 0.486400 4.975924
0.024047 0.489495 4.975924
-0.012027 0.489938 4.975924
-0.048037 0.487726 4.975924
-0.083786 0.482870 4.975924
-0.119081 0.475398 4.975924
-0.153731 0.465350 4.975924
-0.187548 0.452780 4.975924
-0.220348 0.437756 4.975924
-0.251954 0.420361 4.975924
-0.282195 0.400687 4.975924
-0.310907 0.378841 4.975924
-0.337934 0.354943 4.975924
-0.363130 0.329121 4.975924
-0.386357 0.301516 4.975924
-0.407491 0.272277 4.975924
-0.426417 0.241562 4.975924
-0.443032 0.209539 4.975924
-0.457246 0.176379 4.975924
-0.468983 0.142264 4.975924
-0.478178 0.107378 4.975924
-0.484781 0.071911 4.975924
-0.488758 0.036053 4.975924
-0.490086 0.000000 4.975924
-0.488758 -0.036053 4.975924
-0.484781 -0.071911 4.975924
-0.478178 -0.107378 4.975924
-0.468983 -0.142264 4.975924
-0.457246 -0.176379 4.975924
-0.443032 -0.209539 4.975924
-0.426417 -0.241562 4.975924
-0.407491 -0.272277 4.975924
-0.386357 -0.301516 4.975924
-0.363130 -0.329121 4.975924
-0.337934 -0.354943 4.975924
-0.310907 -0.378841 4.975924
-0.282195 -0.400687 4.975924
-0.251954 -0.420361 4.975924
-0.220348 -0.437756 4.975924
-0.187548 -0.452780 4.975924
-0.153731 -0.465350 4.975924
-0.119081 -0.475398 4.975924
-0.083786 -0.482870 4.975924
-0.048037 -0.487726 4.975924
-0.012027 -0.489938 4.975924
0.024047 -0.489495 4.975924
0.059992 -0.486400 4.975924
0.095611 -0.480669 4.975924
0.130712 -0.472333 4.975924
0.165105 -0.461437 4.975924
0.198603 -0.448041 4.975924
0.231025 -0.432217 4.975924
0.262195 -0.414051 4.975924
0.291944 -0.393641 4.975924
0.320111 -0.371097 4.975924
0.346543 -0.346543 4.975924
0.518771 0.518771 4.945883
0.479202 0.555528 4.945883
0.437036 0.589275 4.945883
0.392502 0.619829 4.945883
0.345841 0.647024 4.945883
0.297306 0.670712 4.945883
0.247160 0.690766 4.945883
0.195674 0.707077 4.945883
0.143128 0.719555 4.945883
0.089807 0.728135 4.945883
0.035999 0.732769 4.945883
-0.018005 0.733431 4.945883
-0.071911 0.730120 4.945883
-0.125427 0.722851 4.945883
-0.178263 0.711666 4.945883
-0.230133 0.696624 4.945883
-0.280757 0.677806 4.945883
-0.329858 0.655316 4.945883
-0.377173 0.629275 4.945883
-0.422443 0.599823 4.945883
-0.465424 0.567121 4.945883
-0.505883 0.531346 4.945883
-0.543601 0.492691 4.945883
-0.578372 0.451366 4.945883
-0.610010 0.407595 4.945883
-0.638341 0.361616 4.945883
-0.663214 0.313677 4.945883
-0.684492 0.264038 4.945883
-0.702062 0.212968 4.945883
-0.715826 0.160744 4.945883
-0.725712 0.107649 4.945883
-0.731665 0.053971 4.945883
-0.733652 0.000000 4.945883
-0.731665 -0.053971 4.945883
-0.725712 -0.107649 4.945883
-0.715826 -0.160744 4.945883
-0.702062 -0.212968 4.945883
-0.684492 -0.264038 4.945883
-0.663214 -0.313677 4.945883
-0.638341 -0.361616 4.945883
-0.610010 -0.407595 4.945883
-0.578372 -0.451366 4.945883
-0.543601 -0.492691 4.945883
-0.505883 -0.531346 4.945883
-0.465424 -0.567121 4.945883
-0.422443 -0.599823 4.945883
-0.377173 -0.629275 4.945883
-0.329858 -0.655316 4.945883
-0.280757 -0.677806 4.945883
-0.230133 -0.696624 4.945883
-0.178263 -0.711666 4.945883
-0.125427 -0.722851 4.945883
-0.071911 -0.730120 4.945883
-0.018005 -0.733431 4.945883
0.035999 -0.732769 4.945883
0.089807 -0.728135 4.945883
0.143128 -0.719555 4.945883
0.195674 -0.707077 4.945883
0.247160 -0.690766 4.945883
0.297306 -0.670712 4.945883
0.345841 -0.647024 4.945883
0.392502 -0.619829 4.945883
0.437036 -0.589275 4.945883
0.479202 -0.555528 4.945883
0.518771 -0.518771 4.945883
0.689748 0.689748 4.903926
0.637139 0.738621 4.903926
0.581076 0.783490 4.903926
0.521864 0.824114 4.903926
0.459825 0.860272 4.903926
0.395293 0.891767 4.903926
0.328620 0.918431 4.903926
0.260165 0.940117 4.903926
0.190301 0.956709 4.903926
0.119406 0.968116 4.903926
0.047863 0.974277 4.903926
-0.023939 0.975158 4.903926
-0.095611 0.970755 4.903926
-0.166765 0.961091 4.903926
-0.237015 0.946219 4.903926
-0.305981 0.926219 4.903926
-0.373289 0.901200 4.903926
-0.438574 0.871297 4.903926
-0.501482 0.836673 4.903926
-0.561673 0.797514 4.903926
-0.618820 0.754034 4.903926
-0.672613 0.706468 4.903926
-0.722762 0.655073 4.903926
-0.768994 0.600129 4.903926
-0.811058 0.541932 4.903926
-0.848728 0.480798 4.903926
-0.881798 0.417059 4.903926
-0.910089 0.351060 4.903926
-0.933449 0.283159 4.903926
-0.951750 0.213723 4.903926
-0.964894 0.143128 4.903926
-0.972809 0.071759 4.903926
-0.975452 0.000000 4.903926
-0.972809 -0.071759 4.903926
-0.964894 -0.143128 4.903926
-0.951750 -0.213723 4.903926
-0.933449 -0.283159 4.903926
-0.910089 -0.351060 4.903926
-0.881798 -0.417059 4.903926
-0.848728 -0.480798 4.903926
-0.811058 -0.541932 4.903926
-0.768994 -0.600129 4.903926
-0.722762 -0.655073 4.903926
-0.672613 -0.706468 4.903926
-0.618820 -0.754034 4.903926
-0.561673 -0.797514 4.903926
-0.501482 -0.836673 4.903926
-0.438574 -0.871297 4.903926
-0.373289 -0.901200 4.903926
-0.305981 -0.926219 4.903926
-0.237015 -0.946219 4.903926
-0.166765 -0.961091 4.903926
-0.095611 -0.970755 4.903926
-0.023939 -0.975158 4.903926
0.047863 -0.974277 4.903926
0.119406 -0.968116 4.903926
0.190301 -0.956709 4.903926
0.260165 -0.940117 4.903926
0.328620 -0.918431 4.903926
0.395293 -0.891767 4.903926
0.459825 -0.860272 4.903926
0.521864 -0.824114 4.903926
0.581076 -0.783490 4.903926
0.637139 -0.738621 4.903926
0.689748 -0.689748 4.903926
0.859065 0.859065 4.850156
0.793540 0.919934 4.850156
0.723716 0.975818 4.850156
0.649969 1.026413 4.850156
0.572700 1.071447 4.850156
0.492328 1.110674 4.850156
0.409288 1.143883 4.850156
0.324030 1.170892 4.850156
0.237015 1.191557 4.850156
0.148717 1.205764 4.850156
0.059612 1.213437 4.850156
-0.029815 1.214535 4.850156
-0.119081 1.209051 4.850156
-0.207702 1.197015 4.850156
-0.295197 1.178492 4.850156
-0.381092 1.153583 4.850156
-0.464922 1.122422 4.850156
-0.546233 1.085179 4.850156
-0.624584 1.042055 4.850156
-0.699550 0.993285 4.850156
-0.770725 0.939131 4.850156
-0.837723 0.879888 4.850156
-0.900182 0.815878 4.850156
-0.957763 0.747445 4.850156
-1.010153 0.674963 4.850156
-1.057069 0.598822 4.850156
-1.098257 0.519437 4.850156
-1.133494 0.437237 4.850156
-1.162588 0.352667 4.850156
-1.185381 0.266186 4.850156
-1.201751 0.178263 4.850156
-1.211609 0.089374 4.850156
-1.214901 0.000000 4.850156
-1.211609 -0.089374 4.850156
-1.201751 -0.178263 4.850156
-1.185381 -0.266186 4.850156
-1.162588 -0.352667 4.850156
-1.133494 -0.437237 4.850156
-1.098257 -0.519437 4.850156
-1.057069 -0.598822 4.850156
-1.010153 -0.674963 4.850156
-0.957763 -0.747445 4.850156
-0.900182 -0.815878 4.850156
-0.837723 -0.879888 4.850156
-0.770725 -0.939131 4.850156
-0.699550 -0.993285 4.850156
-0.624584 -1.042055 4.850156
-0.546233 -1.085179 4.850156
-0.464922 -1.122422 4.850156
-0.381092 -1.153583 4.850156
-0.295197 -1.178492 4.850156
-0.207702 -1.197015 4.850156
-0.119081 -1.209051 4.850156
-0.029815 -1.214535 4.850156
0.059612 -1.213437 4.850156
0.148717 -1.205764 4.850156
0.237015 -1.191557 4.850156
0.324030 -1.170892 4.850156
0.409288 -1.143883 4.850156
0.492328 -1.110674 4.850156
0.572700 -1.071447 4.850156
0.649969 -1.026413 4.850156
0.723716 -0.975818 4.850156
0.793540 -0.919934 4.850156
0.859065 -0.859065 4.850156
1.026311 1.026311 4.784702
0.948030 1.099031 4.784702
0.864612 1.165794 4.784702
0.776508 1.226240 4.784702
0.684196 1.280041 4.784702
0.588177 1.326905 4.784702
0.488970 1.366579 4.784702
0.387113 1.398847 4.784702
0.283159 1.423535 4.784702
0.177670 1.440508 4.784702
0.071218 1.449675 4.784702
-0.035620 1.450986 4.784702
-0.142264 1.444434 4.784702
-0.248138 1.430055 4.784702
-0.352667 1.407926 4.784702
-0.455285 1.378167 4.784702
-0.555436 1.340940 4.784702
-0.652576 1.296447 4.784702
-0.746181 1.244927 4.784702
-0.835741 1.186662 4.784702
-0.920773 1.121965 4.784702
-1.000815 1.051189 4.784702
-1.075434 0.974716 4.784702
-1.144224 0.892962 4.784702
-1.206814 0.806368 4.784702
-1.262865 0.715404 4.784702
-1.312071 0.620563 4.784702
-1.354168 0.522360 4.784702
-1.388926 0.421326 4.784702
-1.416157 0.318009 4.784702
-1.435714 0.212968 4.784702
-1.447491 0.106773 4.784702
-1.451423 0.000000 4.784702
-1.447491 -0.106773 4.784702
-1.435714 -0.212968 4.784702
-1.416157 -0.318009 4.784702
-1.388926 -0.421326 4.784702
-1.354168 -0.522360 4.784702
-1.312071 -0.620563 4.784702
-1.262865 -0.715404 4.784702
-1.206814 -0.806368 4.784702
-1.144224 -0.892962 4.784702
-1.075434 -0.974716 4.784702
-1.000815 -1.051189 4.784702
-0.920773 -1.121965 4.784702
-0.835741 -1.186662 4.784702
-0.746181 -1.244927 4.784702
-0.652576 -1.296447 4.784702
-0.555436 -1.340940 4.784702
-0.455285 -1.378167 4.784702
-0.352667 -1.407926 4.784702
-0.248138 -1.430055 4.784702
-0.142264 -1.444434 4.784702
-0.035620 -1.450986 4.784702
0.071218 -1.449675 4.784702
0.177670 -1.440508 4.784702
0.283159 -1.423535 4.784702
0.387113 -1.398847 4.784702
0.488970 -1.366579 4.784702
0.588177 -1.326905 4.784702
0.684196 -1.280041 4.784702
0.776508 -1.226240 4.784702
0.864612 -1.165794 4.784702
0.948030 -1.099031 4.784702
1.026311 -1.026311 4.784702
1.191085 1.191085 4.707720
1.100237 1.275480 4.707720
1.003425 1.352962 4.707720
0.901176 1.423113 4.707720
0.794044 1.485552 4.707720
0.682608 1.539940 4.707720
0.567474 1.585983 4.707720
0.449264 1.623432 4.707720
0.328620 1.652083 4.707720
0.206195 1.671781 4.707720
0.082652 1.682420 4.707720
-0.041338 1.683942 4.707720
-0.165105 1.676338 4.707720
-0.287977 1.659650 4.707720
-0.409288 1.633968 4.707720
-0.528381 1.599432 4.707720
-0.644611 1.556228 4.707720
-0.757347 1.504591 4.707720
-0.865980 1.444800 4.707720
-0.969920 1.377180 4.707720
-1.068603 1.302097 4.707720
-1.161496 1.219957 4.707720
-1.248095 1.131207 4.707720
-1.327930 1.036326 4.707720
-1.400568 0.935830 4.707720
-1.465617 0.830262 4.707720
-1.522724 0.720195 4.707720
-1.571579 0.606225 4.707720
-1.611917 0.488970 4.707720
-1.643521 0.369065 4.707720
-1.666218 0.247160 4.707720
-1.679885 0.123916 4.707720
-1.684449 0.000000 4.707720
-1.679885 -0.123916 4.707720
-1.666218 -0.247160 4.707720
-1.643521 -0.369065 4.707720
-1.611917 -0.488970 4.707720
-1.571579 -0.606225 4.707720
-1.522724 -0.720195 4.707720
-1.465617 -0.830262 4.707720
-1.400568 -0.935830 4.707720
-1.327930 -1.036326 4.707720
-1.248095 -1.131207 4.707720
-1.161496 -1.219957 4.707720
-1.068603 -1.302097 4.707720
-0.969920 -1.377180 4.707720
-0.865980 -1.444800 4.707720
-0.757347 -1.504591 4.707720
-0.644611 -1.556228 4.707720
-0.528381 -1.599432 4.707720
-0.409288 -1.633968 4.707720
-0.287977 -1.659650 4.707720
-0.165105 -1.676338 4.707720
-0.041338 -1.683942 4.707720
0.082652 -1.682420 4.707720
0.206195 -1.671781 4.707720
0.328620 -1.652083 4.707720
0.449264 -1.623432 4.707720
0.567474 -1.585983 4.707720
0.682608 -1.539940 4.707720
0.794044 -1.485552 4.707720
0.901176 -1.423113 4.707720
1.003425 -1.352962 4.707720
1.100237 -1.275480 4.707720
1.191085 -1.191085 4.707720
1.352990 1.352990 4.619398
1.249792 1.448856 4.619398
1.139821 1.536871 4.619398
1.023674 1.616557 4.619398
0.901979 1.687483 4.619398
0.775396 1.749265 4.619398
0.644611 1.801567 4.619398
0.510333 1.844106 4.619398
0.373289 1.876651 4.619398
0.234223 1.899027 4.619398
0.093887 1.911112 4.619398
-0.046958 1.912841 4.619398
-0.187548 1.904204 4.619398
-0.327121 1.885247 4.619398
-0.464922 1.856074 4.619398
-0.600204 1.816844 4.619398
-0.732233 1.767767 4.619398
-0.860294 1.709111 4.619398
-0.983693 1.641193 4.619398
-1.101761 1.564381 4.619398
-1.213859 1.479091 4.619398
-1.319379 1.385787 4.619398
-1.417749 1.284972 4.619398
-1.508436 1.177195 4.619398
-1.590948 1.063038 4.619398
-1.664839 0.943120 4.619398
-1.729709 0.818091 4.619398
-1.785204 0.688629 4.619398
-1.831026 0.555436 4.619398
-1.866925 0.419232 4.619398
-1.892707 0.280757 4.619398
-1.908233 0.140760 4.619398
-1.913417 0.000000 4.619398
-1.908233 -0.140760 4.619398
-1.892707 -0.280757 4.619398
-1.866925 -0.419232 4.619398
-1.831026 -0.555436 4.619398
-1.785204 -0.688629 4.619398
-1.729709 -0.818091 4.619398
-1.664839 -0.943120 4.619398
-1.590948 -1.063038 4.619398
-1.508436 -1.177195 4.619398
-1.417749 -1.284972 4.619398
-1.319379 -1.385787 4.619398
-1.213859 -1.479091 4.619398
-1.101761 -1.564381 4.619398
-0.983693 -1.641193 4.619398
-0.860294 -1.709111 4.619398
-0.732233 -1.767767 4.619398
-0.600204 -1.816844 4.619398
-0.464922 -1.856074 4.619398
-0.327121 -1.885247 4.619398
-0.187548 -1.904204 4.619398
-0.046958 -1.912841 4.619398
0.093887 -1.911112 4.619398
0.234223 -1.899027 4.619398
0.373289 -1.876651 4.619398
0.510333 -1.844106 4.619398
0.644611 -1.801567 4.619398
0.775396 -1.749265 4.619398
0.901979 -1.687483 4.619398
1.023674 -1.616557 4.619398
1.139821 -1.536871 4.619398
1.249792 -1.448856 4.619398
1.352990 -1.352990 4.619398
1.511636 1.511636 4.519946
1.396337 1.618742 4.519946
1.273471 1.717077 4.519946
1.143705 1.806107 4.519946
1.007740 1.885350 4.519946
0.866315 1.954375 4.519946
0.720195 2.012810 4.519946
0.570172 2.060337 4.519946
0.417059 2.096699 4.519946
0.261687 2.121698 4.519946
0.104896 2.135200 4.519946
-0.052464 2.137132 4.519946
-0.209539 2.127481 4.519946
-0.365478 2.106302 4.519946
-0.519437 2.073709 4.519946
-0.670581 2.029878 4.519946
-0.818091 1.975047 4.519946
-0.961168 1.909513 4.519946
-1.099036 1.833631 4.519946
-1.230949 1.747813 4.519946
-1.356190 1.652523 4.519946
-1.474083 1.548278 4.519946
-1.583987 1.435642 4.519946
-1.685308 1.315227 4.519946
-1.777495 1.187684 4.519946
-1.860051 1.053706 4.519946
-1.932526 0.914017 4.519946
-1.994529 0.769375 4.519946
-2.045724 0.620563 4.519946
-2.085832 0.468389 4.519946
-2.114637 0.313677 4.519946
-2.131983 0.157265 4.519946
-2.137775 0.000000 4.519946
-2.131983 -0.157265 4.519946
-2.114637 -0.313677 4.519946
-2.085832 -0.468389 4.519946
-2.045724 -0.620563 4.519946
-1.994529 -0.769375 4.519946
-1.932526 -0.914017 4.519946
-1.860051 -1.053706 4.519946
-1.777495 -1.187684 4.519946
-1.685308 -1.315227 4.519946
-1.583987 -1.435642 4.519946
-1.474083 -1.548278 4.519946
-1.356190 -1.652523 4.519946
-1.230949 -1.747813 4.519946
-1.099036 -1.833631 4.519946
-0.961168 -1.909513 4.519946
-0.818091 -1.975047 4.519946
-0.670581 -2.029878 4.519946
-0.519437 -2.073709 4.519946
-0.365478 -2.106302 4.519946
-0.209539 -2.127481 4.519946
-0.052464 -2.137132 4.519946
0.104896 -2.135200 4.519946
0.261687 -2.121698 4.519946
0.417059 -2.096699 4.519946
0.570172 -2.060337 4.519946
0.720195 -2.012810 4.519946
0.866315 -1.954375 4.519946
1.007740 -1.885350 4.519946
1.143705 -1.806107 4.519946
1.273471 -1.717077 4.519946
1.396337 -1.618742 4.519946
1.511636 -1.511636 4.519946
1.666639 1.666639 4.409606
1.539518 1.784729 4.409606
1.404054 1.893147 4.409606
1.260981 1.991306 4.409606
1.111074 2.078674 4.409606
0.955147 2.154777 4.409606
0.794044 2.219204 4.409606
0.628638 2.271604 4.409606
0.459825 2.311695 4.409606
0.288520 2.339258 4.409606
0.115652 2.354145 4.409606
-0.057843 2.356274 4.409606
-0.231025 2.345634 4.409606
-0.402954 2.322283 4.409606
-0.572700 2.286348 4.409606
-0.739343 2.238022 4.409606
-0.901979 2.177569 4.409606
-1.059727 2.105315 4.409606
-1.211732 2.021652 4.409606
-1.357171 1.927034 4.409606
-1.495255 1.821973 4.409606
-1.625236 1.707039 4.409606
-1.746410 1.582853 4.409606
-1.858120 1.450091 4.409606
-1.959760 1.309470 4.409606
-2.050781 1.161753 4.409606
-2.130688 1.007740 4.409606
-2.199049 0.848267 4.409606
-2.255493 0.684196 4.409606
-2.299714 0.516418 4.409606
-2.331473 0.345841 4.409606
-2.350597 0.173390 4.409606
-2.356984 0.000000 4.409606
-2.350597 -0.173390 4.409606
-2.331473 -0.345841 4.409606
-2.299714 -0.516418 4.409606
-2.255493 -0.684196 4.409606
-2.199049 -0.848267 4.409606
-2.130688 -1.007740 4.409606
-2.050781 -1.161753 4.409606
-1.959760 -1.309470 4.409606
-1.858120 -1.450091 4.409606
-1.746410 -1.582853 4.409606
-1.625236 -1.707039 4.409606
-1.495255 -1.821973 4.409606
-1.357171 -1.927034 4.409606
-1.211732 -2.021652 4.409606
-1.059727 -2.105315 4.409606
-0.901979 -2.177569 4.409606
-0.739343 -2.238022 4.409606
-0.572700 -2.286348 4.409606
-0.402954 -2.322283 4.409606
-0.231025 -2.345634 4.409606
-0.057843 -2.356274 4.409606
0.115652 -2.354145 4.409606
0.288520 -2.339258 4.409606
0.459825 -2.311695 4.409606
0.628638 -2.271604 4.409606
0.794044 -2.219204 4.409606
0.955147 -2.154777 4.409606
1.111074 -2.078674 4.409606
1.260981 -1.991306 4.409606
1.404054 -1.893147 4.409606
1.539518 -1.784729 4.409606
1.666639 -1.666639 4.409606
1.817628 1.817628 4.288643
1.678990 1.946416 4.288643
1.531253 2.064656 4.288643
1.375219 2.171708 4.288643
1.211732 2.266991 4.288643
1.041678 2.349989 4.288643
0.865980 2.420252 4.288643
0.685589 2.477400 4.288643
0.501482 2.521122 4.288643
0.314658 2.551182 4.288643
0.126129 2.567417 4.288643
-0.063084 2.569740 4.288643
-0.251954 2.558136 4.288643
-0.439460 2.532670 4.288643
-0.624584 2.493479 4.288643
-0.806323 2.440775 4.288643
-0.983693 2.374845 4.288643
-1.155732 2.296045 4.288643
-1.321508 2.204803 4.288643
-1.480123 2.101613 4.288643
-1.630717 1.987034 4.288643
-1.772473 1.861687 4.288643
-1.904625 1.726252 4.288643
-2.026455 1.581461 4.288643
-2.137304 1.428101 4.288643
-2.236571 1.267002 4.288643
-2.323717 1.099036 4.288643
-2.398271 0.925115 4.288643
-2.459828 0.746181 4.288643
-2.508056 0.563203 4.288643
-2.542692 0.377173 4.288643
-2.563549 0.189099 4.288643
-2.570514 0.000000 4.288643
-2.563549 -0.189099 4.288643
-2.542692 -0.377173 4.288643
-2.508056 -0.563203 4.288643
-2.459828 -0.746181 4.288643
-2.398271 -0.925115 4.288643
-2.323717 -1.099036 4.288643
-2.236571 -1.267002 4.288643
-2.137304 -1.428101 4.288643
-2.026455 -1.581461 4.288643
-1.904625 -1.726252 4.288643
-1.772473 -1.861687 4.288643
-1.630717 -1.987034 4.288643
-1.480123 -2.101613 4.288643
-1.321508 -2.204803 4.288643
-1.155732 -2.296045 4.288643
-0.983693 -2.374845 4.288643
-0.806323 -2.440775 4.288643
-0.624584 -2.493479 4.288643
-0.439460 -2.532670 4.288643
-0.251954 -2.558136 4.288643
-0.063084 -2.569740 4.288643
0.126129 -2.567417 4.288643
0.314658 -2.551182 4.288643
0.501482 -2.521122 4.288643
0.685589 -2.477400 4.288643
0.865980 -2.420252 4.288643
1.041678 -2.349989 4.288643
1.211732 -2.266991 4.288643
1.375219 -2.171708 4.288643
1.531253 -2.064656 4.288643
1.678990 -1.946416 4.288643
1.817628 -1.817628 4.288643
1.964237 1.964237 4.157348
1.814417 2.103413 4.157348
1.654764 2.231191 4.157348
1.486144 2.346877 4.157348
1.309470 2.449846 4.157348
1.125700 2.539539 4.157348
0.935830 2.615469 4.157348
0.740888 2.677226 4.157348
0.541932 2.724476 4.157348
0.340039 2.756960 4.157348
0.136303 2.774505 4.157348
-0.068172 2.777015 4.157348
-0.272277 2.764475 4.157348
-0.474907 2.736955 4.157348
-0.674963 2.694602 4.157348
-0.871361 2.637648 4.157348
-1.063038 2.566400 4.157348
-1.248953 2.481244 4.157348
-1.428101 2.382642 4.157348
-1.599509 2.271129 4.157348
-1.762250 2.147308 4.157348
-1.915441 2.011851 4.157348
-2.058252 1.865491 4.157348
-2.189909 1.709022 4.157348
-2.309699 1.543291 4.157348
-2.416972 1.369198 4.157348
-2.511148 1.187684 4.157348
-2.591715 0.999735 4.157348
-2.658238 0.806368 4.157348
-2.710355 0.608631 4.157348
-2.747785 0.407595 4.157348
-2.770324 0.204351 4.157348
-2.777851 0.000000 4.157348
-2.770324 -0.204351 4.157348
-2.747785 -0.407595 4.157348
-2.710355 -0.608631 4.157348
-2.658238 -0.806368 4.157348
-2.591715 -0.999735 4.157348
-2.511148 -1.187684 4.157348
-2.416972 -1.369198 4.157348
-2.309699 -1.543291 4.157348
-2.189909 -1.709022 4.157348
-2.058252 -1.865491 4.157348
-1.915441 -2.011851 4.157348
-1.762250 -2.147308 4.157348
-1.599509 -2.271129 4.157348
-1.428101 -2.382642 4.157348
-1.248953 -2.481244 4.157348
-1.063038 -2.566400 4.157348
-0.871361 -2.637648 4.157348
-0.674963 -2.694602 4.157348
-0.474907 -2.736955 4.157348
-0.272277 -2.764475 4.157348
-0.068172 -2.777015 4.157348
0.136303 -2.774505 4.157348
0.340039 -2.756960 4.157348
0.541932 -2.724476 4.157348
0.740888 -2.677226 4.157348
0.935830 -2.615469 4.157348
1.125700 -2.539539 4.157348
1.309470 -2.449846 4.157348
1.486144 -2.346877 4.157348
1.654764 -2.231191 4.157348
1.814417 -2.103413 4.157348
1.964237 -1.964237 4.157348
2.106115 2.106115 4.016038
1.945473 2.255344 4.016038
1.774288 2.392351 4.016038
1.593489 2.516393 4.016038
1.404054 2.626799 4.016038
1.207010 2.722971 4.016038
1.003425 2.804386 4.016038
0.794403 2.870604 4.016038
0.581076 2.921266 4.016038
0.364600 2.956097 4.016038
0.146148 2.974909 4.016038
-0.073096 2.977599 4.016038
-0.291944 2.964154 4.016038
-0.509209 2.934646 4.016038
-0.723716 2.889235 4.016038
-0.934300 2.828166 4.016038
-1.139821 2.751772 4.016038
-1.339166 2.660465 4.016038
-1.531253 2.554742 4.016038
-1.715043 2.435174 4.016038
-1.889538 2.302409 4.016038
-2.053794 2.157167 4.016038
-2.206920 2.000236 4.016038
-2.348087 1.832465 4.016038
-2.476529 1.654764 4.016038
-2.591551 1.468096 4.016038
-2.692529 1.273471 4.016038
-2.778916 1.071946 4.016038
-2.850243 0.864612 4.016038
-2.906125 0.652592 4.016038
-2.946259 0.437036 4.016038
-2.970426 0.219112 4.016038
-2.978497 0.000000 4.016038
-2.970426 -0.219112 4.016038
-2.946259 -0.437036 4.016038
-2.906125 -0.652592 4.016038
-2.850243 -0.864612 4.016038
-2.778916 -1.071946 4.016038
-2.692529 -1.273471 4.016038
-2.591551 -1.468096 4.016038
-2.476529 -1.654764 4.016038
-2.348087 -1.832465 4.016038
-2.206920 -2.000236 4.016038
-2.053794 -2.157167 4.016038
-1.889538 -2.302409 4.016038
-1.715043 -2.435174 4.016038
-1.531253 -2.554742 4.016038
-1.339166 -2.660465 4.016038
-1.139821 -2.751772 4.016038
-0.934300 -2.828166 4.016038
-0.723716 -2.889235 4.016038
-0.509209 -2.934646 4.016038
-0.291944 -2.964154 4.016038
-0.073096 -2.977599 4.016038
0.146148 -2.974909 4.016038
0.364600 -2.956097 4.016038
0.581076 -2.921266 4.016038
0.794403 -2.870604 4.016038
1.003425 -2.804386 4.016038
1.207010 -2.722971 4.016038
1.404054 -2.626799 4.016038
1.593489 -2.516393 4.016038
1.774288 -2.392351 4.016038
1.945473 -2.255344 4.016038
2.106115 -2.106115 4.016038
2.242919 2.242919 3.865052
2.071842 2.401841 3.865052
1.889538 2.547747 3.865052
1.696994 2.679847 3.865052
1.495255 2.797425 3.865052
1.285412 2.899843 3.865052
1.068603 2.986546 3.865052
0.846004 3.057065 3.865052
0.618820 3.111018 3.865052
0.388283 3.148112 3.865052
0.155641 3.168146 3.865052
-0.077844 3.171011 3.865052
-0.310907 3.156693 3.865052
-0.542285 3.125268 3.865052
-0.770725 3.076907 3.865052
-0.994988 3.011872 3.865052
-1.213859 2.930515 3.865052
-1.426152 2.833277 3.865052
-1.630717 2.720686 3.865052
-1.826444 2.593352 3.865052
-2.012274 2.451963 3.865052
-2.187199 2.297287 3.865052
-2.350272 2.130162 3.865052
-2.500608 1.951494 3.865052
-2.637394 1.762250 3.865052
-2.759887 1.563457 3.865052
-2.867424 1.356190 3.865052
-2.959422 1.141575 3.865052
-3.035383 0.920773 3.865052
-3.094894 0.694982 3.865052
-3.137635 0.465424 3.865052
-3.163372 0.233344 3.865052
-3.171966 0.000000 3.865052
-3.163372 -0.233344 3.865052
-3.137635 -0.465424 3.865052
-3.094894 -0.694982 3.865052
-3.035383 -0.920773 3.865052
-2.959422 -1.141575 3.865052
-2.867424 -1.356190 3.865052
-2.759887 -1.563457 3.865052
-2.637394 -1.762250 3.865052
-2.500608 -1.951494 3.865052
-2.350272 -2.130162 3.865052
-2.187199 -2.297287 3.865052
-2.012274 -2.451963 3.865052
-1.826444 -2.593352 3.865052
-1.630717 -2.720686 3.865052
-1.426152 -2.833277 3.865052
-1.213859 -2.930515 3.865052
-0.994988 -3.011872 3.865052
-0.770725 -3.076907 3.865052
-0.542285 -3.125268 3.865052
-0.310907 -3.156693 3.865052
-0.077844 -3.171011 3.865052
0.155641 -3.168146 3.865052
0.388283 -3.148112 3.865052
0.618820 -3.111018 3.865052
0.846004 -3.057065 3.865052
1.068603 -2.986546 3.865052
1.285412 -2.899843 3.865052
1.495255 -2.797425 3.865052
1.696994 -2.679847 3.865052
1.889538 -2.547747 3.865052
2.071842 -2.401841 3.865052
2.242919 -2.242919 3.865052
2.374319 2.374319 3.704756
2.193220 2.542552 3.704756
2.000236 2.697006 3.704756
1.796412 2.836845 3.704756
1.582853 2.961311 3.704756
1.360717 3.069729 3.704756
1.131207 3.161512 3.704756
0.895567 3.236162 3.704756
0.655073 3.293276 3.704756
0.411030 3.332543 3.704756
0.164759 3.353750 3.704756
-0.082404 3.356783 3.704756
-0.329121 3.341626 3.704756
-0.574055 3.308360 3.704756
-0.815878 3.257166 3.704756
-1.053279 3.188321 3.704756
-1.284972 3.102198 3.704756
-1.509703 2.999264 3.704756
-1.726252 2.880077 3.704756
-1.933446 2.745282 3.704756
-2.130162 2.595610 3.704756
-2.315336 2.431873 3.704756
-2.487962 2.254957 3.704756
-2.647106 2.065821 3.704756
-2.791904 1.865491 3.704756
-2.921574 1.655051 3.704756
-3.035411 1.435642 3.704756
-3.132798 1.208454 3.704756
-3.213209 0.974716 3.704756
-3.276208 0.735697 3.704756
-3.321452 0.492691 3.704756
-3.348697 0.247015 3.704756
-3.357795 0.000000 3.704756
-3.348697 -0.247015 3.704756
-3.321452 -0.492691 3.704756
-3.276208 -0.735697 3.704756
-3.213209 -0.974716 3.704756
-3.132798 -1.208454 3.704756
-3.035411 -1.435642 3.704756
-2.921574 -1.655051 3.704756
-2.791904 -1.865491 3.704756
-2.647106 -2.065821 3.704756
-2.487962 -2.254957 3.704756
-2.315336 -2.431873 3.704756
-2.130162 -2.595610 3.704756
-1.933446 -2.745282 3.704756
-1.726252 -2.880077 3.704756
-1.509703 -2.999264 3.704756
-1.284972 -3.102198 3.704756
-1.053279 -3.188321 3.704756
-0.815878 -3.257166 3.704756
-0.574055 -3.308360 3.704756
-0.329121 -3.341626 3.704756
-0.082404 -3.356783 3.704756
0.164759 -3.353750 3.704756
0.411030 -3.332543 3.704756
0.655073 -3.293276 3.704756
0.895567 -3.236162 3.704756
1.131207 -3.161512 3.704756
1.360717 -3.069729 3.704756
1.582853 -2.961311 3.704756
1.796412 -2.836845 3.704756
2.000236 -2.697006 3.704756
2.193220 -2.542552 3.704756
2.374319 -2.374319 3.704756
2.500000 2.500000 3.535534
2.309315 2.677138 3.535534
2.106115 2.839767 3.535534
1.891502 2.987008 3.535534
1.666639 3.118063 3.535534
1.432744 3.232220 3.535534
1.191085 3.328861 3.535534
0.942972 3.407463 3.535534
0.689748 3.467600 3.535534
0.432787 3.508945 3.535534
0.173480 3.531275 3.535534
-0.086766 3.534469 3.535534
-0.346543 3.518509 3.535534
-0.604442 3.483483 3.535534
-0.859065 3.429578 3.535534
-1.109032 3.357089 3.535534
-1.352990 3.266407 3.535534
-1.589616 3.158025 3.535534
-1.817628 3.032529 3.535534
-2.035789 2.890599 3.535534
-2.242919 2.733005 3.535534
-2.437894 2.560600 3.535534
-2.619658 2.374319 3.535534
-2.787226 2.175172 3.535534
-2.939689 1.964237 3.535534
-3.076222 1.742658 3.535534
-3.196085 1.511636 3.535534
-3.298628 1.272421 3.535534
-3.383295 1.026311 3.535534
-3.449628 0.774640 3.535534
-3.497267 0.518771 3.535534
-3.525954 0.260090 3.535534
-3.535534 0.000000 3.535534
-3.525954 -0.260090 3.535534
-3.497267 -0.518771 3.535534
-3.449628 -0.774640 3.535534
-3.383295 -1.026311 3.535534
-3.298628 -1.272421 3.535534
-3.196085 -1.511636 3.535534
-3.076222 -1.742658 3.535534
-2.939689 -1.964237 3.535534
-2.787226 -2.175172 3.535534
-2.619658 -2.374319 3.535534
-2.437894 -2.560600 3.535534
-2.242919 -2.733005 3.535534
-2.035789 -2.890599 3.535534
-1.817628 -3.032529 3.535534
-1.589616 -3.158025 3.535534
-1.352990 -3.266407 3.535534
-1.109032 -3.357089 3.535534
-0.859065 -3.429578 3.535534
-0.604442 -3.483483 3.535534
-0.346543 -3.518509 3.535534
-0.086766 -3.534469 3.535534
0.173480 -3.531275 3.535534
0.432787 -3.508945 3.535534
0.689748 -3.467600 3.535534
0.942972 -3.407463 3.535534
1.191085 -3.328861 3.535534
1.432744 -3.232220 3.535534
1.666639 -3.118063 3.535534
1.891502 -2.987008 3.535534
2.106115 -2.839767 3.535534
2.309315 -2.677138 3.535534
2.500000 -2.500000 3.535534
2.619658 2.619658 3.357795
2.419846 2.805274 3.357795
2.206920 2.975688 3.357795
1.982035 3.129976 3.357795
1.746410 3.267303 3.357795
1.501320 3.386924 3.357795
1.248095 3.488191 3.357795
0.988106 3.570555 3.357795
0.722762 3.633570 3.357795
0.453502 3.676894 3.357795
0.181784 3.700293 3.357795
-0.090919 3.703640 3.357795
-0.363130 3.686916 3.357795
-0.633372 3.650213 3.357795
-0.900182 3.593729 3.357795
-1.162114 3.517770 3.357795
-1.417749 3.422748 3.357795
-1.665700 3.309178 3.357795
-1.904625 3.177675 3.357795
-2.133229 3.028952 3.357795
-2.350272 2.863815 3.357795
-2.554579 2.683158 3.357795
-2.745043 2.487962 3.357795
-2.920631 2.279283 3.357795
-3.080392 2.058252 3.357795
-3.223460 1.826067 3.357795
-3.349059 1.583987 3.357795
-3.456510 1.333323 3.357795
-3.545230 1.075434 3.357795
-3.614738 0.811717 3.357795
-3.664657 0.543601 3.357795
-3.694717 0.272539 3.357795
-3.704756 0.000000 3.357795
-3.694717 -0.272539 3.357795
-3.664657 -0.543601 3.357795
-3.614738 -0.811717 3.357795
-3.545230 -1.075434 3.357795
-3.456510 -1.333323 3.357795
-3.349059 -1.583987 3.357795
-3.223460 -1.826067 3.357795
-3.080392 -2.058252 3.357795
-2.920631 -2.279283 3.357795
-2.745043 -2.487962 3.357795
-2.554579 -2.683158 3.357795
-2.350272 -2.863815 3.357795
-2.133229 -3.028952 3.357795
-1.904625 -3.177675 3.357795
-1.665700 -3.309178 3.357795
-1.417749 -3.422748 3.357795
-1.162114 -3.517770 3.357795
-0.900182 -3.593729 3.357795
-0.633372 -3.650213 3.357795
-0.363130 -3.686916 3.357795
-0.090919 -3.703640 3.357795
0.181784 -3.700293 3.357795
0.453502 -3.676894 3.357795
0.722762 -3.633570 3.357795
0.988106 -3.570555 3.357795
1.248095 -3.488191 3.357795
1.501320 -3.386924 3.357795
1.746410 -3.267303 3.357795
1.982035 -3.129976 3.357795
2.206920 -2.975688 3.357795
2.419846 -2.805274 3.357795
2.619658 -2.619658 3.357795
2.733005 2.733005 3.171966
2.524547 2.926652 3.171966
2.302409 3.104439 3.171966
2.067794 3.265403 3.171966
1.821973 3.408672 3.171966
1.566279 3.533468 3.171966
1.302097 3.639117 3.171966
1.030859 3.725045 3.171966
0.754034 3.790786 3.171966
0.473124 3.835985 3.171966
0.189649 3.860397 3.171966
-0.094853 3.863888 3.171966
-0.378841 3.846441 3.171966
-0.660777 3.808150 3.171966
-0.939131 3.749221 3.171966
-1.212396 3.669976 3.171966
-1.479091 3.570843 3.171966
-1.737771 3.452359 3.171966
-1.987034 3.315166 3.171966
-2.225529 3.160008 3.171966
-2.451963 2.987726 3.171966
-2.665110 2.799253 3.171966
-2.863815 2.595610 3.171966
-3.047000 2.377902 3.171966
-3.213674 2.147308 3.171966
-3.362932 1.905077 3.171966
-3.493966 1.652523 3.171966
-3.606066 1.391013 3.171966
-3.698624 1.121965 3.171966
-3.771140 0.846838 3.171966
-3.823219 0.567121 3.171966
-3.854580 0.284331 3.171966
-3.865052 0.000000 3.171966
-3.854580 -0.284331 3.171966
-3.823219 -0.567121 3.171966
-3.771140 -0.846838 3.171966
-3.698624 -1.121965 3.171966
-3.606066 -1.391013 3.171966
-3.493966 -1.652523 3.171966
-3.362932 -1.905077 3.171966
-3.213674 -2.147308 3.171966
-3.047000 -2.377902 3.171966
-2.863815 -2.595610 3.171966
-2.665110 -2.799253 3.171966
-2.451963 -2.987726 3.171966
-2.225529 -3.160008 3.171966
-1.987034 -3.315166 3.171966
-1.737771 -3.452359 3.171966
-1.479091 -3.570843 3.171966
-1.212396 -3.669976 3.171966
-0.939131 -3.749221 3.171966
-0.660777 -3.808150 3.171966
-0.378841 -3.846441 3.171966
-0.094853 -3.863888 3.171966
0.189649 -3.860397 3.171966
0.473124 -3.835985 3.171966
0.754034 -3.790786 3.171966
1.030859 -3.725045 3.171966
1.302097 -3.639117 3.171966
1.566279 -3.533468 3.171966
1.821973 -3.408672 3.171966
2.067794 -3.265403 3.171966
2.302409 -3.104439 3.171966
2.524547 -2.926652 3.171966
2.733005 -2.733005 3.171966
2.839767 2.839767 2.978497
2.623167 3.040979 2.978497
2.392351 3.225712 2.978497
2.148571 3.392964 2.978497
1.893147 3.541829 2.978497
1.627464 3.671501 2.978497
1.352962 3.781276 2.978497
1.071128 3.870561 2.978497
0.783490 3.938871 2.978497
0.491606 3.985835 2.978497
0.197058 4.011200 2.978497
-0.098558 4.014828 2.978497
-0.393641 3.996699 2.978497
-0.686589 3.956912 2.978497
-0.975818 3.895682 2.978497
-1.259758 3.813341 2.978497
-1.536871 3.710335 2.978497
-1.805656 3.587222 2.978497
-2.064656 3.444670 2.978497
-2.312467 3.283451 2.978497
-2.547747 3.104439 2.978497
-2.769221 2.908604 2.978497
-2.975688 2.697006 2.978497
-3.166029 2.470793 2.978497
-3.339213 2.231191 2.978497
-3.494302 1.979498 2.978497
-3.630455 1.717077 2.978497
-3.746934 1.445352 2.978497
-3.843108 1.165794 2.978497
-3.918456 0.879919 2.978497
-3.972570 0.589275 2.978497
-4.005156 0.295438 2.978497
-4.016038 0.000000 2.978497
-4.005156 -0.295438 2.978497
-3.972570 -0.589275 2.978497
-3.918456 -0.879919 2.978497
-3.843108 -1.165794 2.978497
-3.746934 -1.445352 2.978497
-3.630455 -1.717077 2.978497
-3.494302 -1.979498 2.978497
-3.339213 -2.231191 2.978497
-3.166029 -2.470793 2.978497
-2.975688 -2.697006 2.978497
-2.769221 -2.908604 2.978497
-2.547747 -3.104439 2.978497
-2.312467 -3.283451 2.978497
-2.064656 -3.444670 2.978497
-1.805656 -3.587222 2.978497
-1.536871 -3.710335 2.978497
-1.259758 -3.813341 2.978497
-0.975818 -3.895682 2.978497
-0.686589 -3.956912 2.978497
-0.393641 -3.996699 2.978497
-0.098558 -4.014828 2.978497
0.197058 -4.011200 2.978497
0.491606 -3.985835 2.978497
0.783490 -3.938871 2.978497
1.071128 -3.870561 2.978497
1.352962 -3.781276 2.978497
1.627464 -3.671501 2.978497
1.893147 -3.541829 2.978497
2.148571 -3.392964 2.978497
2.392351 -3.225712 2.978497
2.623167 -3.040979 2.978497
2.839767 -2.839767 2.978497
2.939689 2.939689 2.777851
2.715467 3.147981 2.777851
2.476529 3.339213 2.777851
2.224171 3.512350 2.777851
1.959760 3.666454 2.777851
1.684729 3.800688 2.777851
1.400568 3.914326 2.777851
1.108818 4.006753 2.777851
0.811058 4.077466 2.777851
0.508904 4.126083 2.777851
0.203991 4.152340 2.777851
-0.102026 4.156096 2.777851
-0.407491 4.137329 2.777851
-0.710748 4.096142 2.777851
-1.010153 4.032758 2.777851
-1.304084 3.947519 2.777851
-1.590948 3.840889 2.777851
-1.869191 3.713444 2.777851
-2.137304 3.565876 2.777851
-2.393835 3.398985 2.777851
-2.637394 3.213674 2.777851
-2.866660 3.010947 2.777851
-3.080392 2.791904 2.777851
-3.277430 2.557732 2.777851
-3.456709 2.309699 2.777851
-3.617254 2.049149 2.777851
-3.758198 1.777495 2.777851
-3.878776 1.496209 2.777851
-3.978334 1.206814 2.777851
-4.056333 0.910880 2.777851
-4.112351 0.610010 2.777851
-4.146084 0.305833 2.777851
-4.157348 0.000000 2.777851
-4.146084 -0.305833 2.777851
-4.112351 -0.610010 2.777851
-4.056333 -0.910880 2.777851
-3.978334 -1.206814 2.777851
-3.878776 -1.496209 2.777851
-3.758198 -1.777495 2.777851
-3.617254 -2.049149 2.777851
-3.456709 -2.309699 2.777851
-3.277430 -2.557732 2.777851
-3.080392 -2.791904 2.777851
-2.866660 -3.010947 2.777851
-2.637394 -3.213674 2.777851
-2.393835 -3.398985 2.777851
-2.137304 -3.565876 2.777851
-1.869191 -3.713444 2.777851
-1.590948 -3.840889 2.777851
-1.304084 -3.947519 2.777851
-1.010153 -4.032758 2.777851
-0.710748 -4.096142 2.777851
-0.407491 -4.137329 2.777851
-0.102026 -4.156096 2.777851
0.203991 -4.152340 2.777851
0.508904 -4.126083 2.777851
0.811058 -4.077466 2.777851
1.108818 -4.006753 2.777851
1.400568 -3.914326 2.777851
1.684729 -3.800688 2.777851
1.959760 -3.666454 2.777851
2.224171 -3.512350 2.777851
2.476529 -3.339213 2.777851
2.715467 -3.147981 2.777851
2.939689 -2.939689 2.777851
3.032529 3.032529 2.570514
2.801225 3.247398 2.570514
2.554742 3.444670 2.570514
2.294414 3.623275 2.570514
2.021652 3.782246 2.570514
1.737935 3.920719 2.570514
1.444800 4.037946 2.570514
1.143836 4.133292 2.570514
0.836673 4.206238 2.570514
0.524976 4.256390 2.570514
0.210434 4.283477 2.570514
-0.105249 4.287351 2.570514
-0.420361 4.267992 2.570514
-0.733195 4.225504 2.570514
-1.042055 4.160118 2.570514
-1.345269 4.072187 2.570514
-1.641193 3.962190 2.570514
-1.928223 3.830720 2.570514
-2.204803 3.678492 2.570514
-2.469436 3.506329 2.570514
-2.720686 3.315166 2.570514
-2.957193 3.106037 2.570514
-3.177675 2.880077 2.570514
-3.380936 2.638509 2.570514
-3.565876 2.382642 2.570514
-3.731493 2.113864 2.570514
-3.876887 1.833631 2.570514
-4.001273 1.543461 2.570514
-4.103976 1.244927 2.570514
-4.184438 0.939647 2.570514
-4.242225 0.629275 2.570514
-4.277023 0.315492 2.570514
-4.288643 0.000000 2.570514
-4.277023 -0.315492 2.570514
-4.242225 -0.629275 2.570514
-4.184438 -0.939647 2.570514
-4.103976 -1.244927 2.570514
-4.001273 -1.543461 2.570514
-3.876887 -1.833631 2.570514
-3.731493 -2.113864 2.570514
-3.565876 -2.382642 2.570514
-3.380936 -2.638509 2.570514
-3.177675 -2.880077 2.570514
-2.957193 -3.106037 2.570514
-2.720686 -3.315166 2.570514
-2.469436 -3.506329 2.570514
-2.204803 -3.678492 2.570514
-1.928223 -3.830720 2.570514
-1.641193 -3.962190 2.570514
-1.345269 -4.072187 2.570514
-1.042055 -4.160118 2.570514
-0.733195 -4.225504 2.570514
-0.420361 -4.267992 2.570514
-0.105249 -4.287351 2.570514
0.210434 -4.283477 2.570514
0.524976 -4.256390 2.570514
0.836673 -4.206238 2.570514
1.143836 -4.133292 2.570514
1.444800 -4.037946 2.570514
1.737935 -3.920719 2.570514
2.021652 -3.782246 2.570514
2.294414 -3.623275 2.570514
2.554742 -3.444670 2.570514
2.801225 -3.247398 2.570514
3.032529 -3.032529 2.570514
3.118063 3.118063 2.356984
2.880235 3.338993 2.356984
2.626799 3.541829 2.356984
2.359129 3.725472 2.356984
2.078674 3.888926 2.356984
1.786955 4.031305 2.356984
1.485552 4.151839 2.356984
1.176098 4.249873 2.356984
0.860272 4.324877 2.356984
0.539783 4.376444 2.356984
0.216369 4.404295 2.356984
-0.108217 4.408278 2.356984
-0.432217 4.388373 2.356984
-0.753875 4.344687 2.356984
-1.071447 4.277456 2.356984
-1.383213 4.187045 2.356984
-1.687483 4.073945 2.356984
-1.982609 3.938768 2.356984
-2.266991 3.782246 2.356984
-2.539087 3.605227 2.356984
-2.797425 3.408672 2.356984
-3.040602 3.193645 2.356984
-3.267303 2.961311 2.356984
-3.476297 2.712929 2.356984
-3.666454 2.449846 2.356984
-3.836741 2.173487 2.356984
-3.986237 1.885350 2.356984
-4.114131 1.586995 2.356984
-4.219730 1.280041 2.356984
-4.302462 0.966150 2.356984
-4.361879 0.647024 2.356984
-4.397658 0.324391 2.356984
-4.409606 0.000000 2.356984
-4.397658 -0.324391 2.356984
-4.361879 -0.647024 2.356984
-4.302462 -0.966150 2.356984
-4.219730 -1.280041 2.356984
-4.114131 -1.586995 2.356984
-3.986237 -1.885350 2.356984
-3.836741 -2.173487 2.356984
-3.666454 -2.449846 2.356984
-3.476297 -2.712929 2.356984
-3.267303 -2.961311 2.356984
-3.040602 -3.193645 2.356984
-2.797425 -3.408672 2.356984
-2.539087 -3.605227 2.356984
-2.266991 -3.782246 2.356984
-1.982609 -3.938768 2.356984
-1.687483 -4.073945 2.356984
-1.383213 -4.187045 2.356984
-1.071447 -4.277456 2.356984
-0.753875 -4.344687 2.356984
-0.432217 -4.388373 2.356984
-0.108217 -4.408278 2.356984
0.216369 -4.404295 2.356984
0.539783 -4.376444 2.356984
0.860272 -4.324877 2.356984
1.176098 -4.249873 2.356984
1.485552 -4.151839 2.356984
1.786955 -4.031305 2.356984
2.078674 -3.888926 2.356984
2.359129 -3.725472 2.356984
2.626799 -3.541829 2.356984
2.880235 -3.338993 2.356984
3.118063 -3.118063 2.356984
3.196085 3.196085 2.137775
2.952306 3.422543 2.137775
2.692529 3.630455 2.137775
2.418161 3.818693 2.137775
2.130688 3.986237 2.137775
1.831669 4.132179 2.137775
1.522724 4.255729 2.137775
1.205527 4.356216 2.137775
0.881798 4.433097 2.137775
0.553290 4.485954 2.137775
0.221783 4.514502 2.137775
-0.110925 4.518585 2.137775
-0.443032 4.498182 2.137775
-0.772739 4.453402 2.137775
-1.098257 4.384489 2.137775
-1.417825 4.291817 2.137775
-1.729709 4.175886 2.137775
-2.032219 4.037326 2.137775
-2.323717 3.876887 2.137775
-2.602622 3.695440 2.137775
-2.867424 3.493966 2.137775
-3.116686 3.273558 2.137775
-3.349059 3.035411 2.137775
-3.563284 2.780814 2.137775
-3.758198 2.511148 2.137775
-3.932747 2.227873 2.137775
-4.085983 1.932526 2.137775
-4.217078 1.626706 2.137775
-4.325319 1.312071 2.137775
-4.410121 0.990326 2.137775
-4.471025 0.663214 2.137775
-4.507699 0.332508 2.137775
-4.519946 0.000000 2.137775
-4.507699 -0.332508 2.137775
-4.471025 -0.663214 2.137775
-4.410121 -0.990326 2.137775
-4.325319 -1.312071 2.137775
-4.217078 -1.626706 2.137775
-4.085983 -1.932526 2.137775
-3.932747 -2.227873 2.137775
-3.758198 -2.511148 2.137775
-3.563284 -2.780814 2.137775
-3.349059 -3.035411 2.137775
-3.116686 -3.273558 2.137775
-2.867424 -3.493966 2.137775
-2.602622 -3.695440 2.137775
-2.323717 -3.876887 2.137775
-2.032219 -4.037326 2.137775
-1.729709 -4.175886 2.137775
-1.417825 -4.291817 2.137775
-1.098257 -4.384489 2.137775
-0.772739 -4.453402 2.137775
-0.443032 -4.498182 2.137775
-0.110925 -4.518585 2.137775
0.221783 -4.514502 2.137775
0.553290 -4.485954 2.137775
0.881798 -4.433097 2.137775
1.205527 -4.356216 2.137775
1.522724 -4.255729 2.137775
1.831669 -4.132179 2.137775
2.130688 -3.986237 2.137775
2.418161 -3.818693 2.137775
2.692529 -3.630455 2.137775
2.952306 -3.422543 2.137775
3.196085 -3.196085 2.137775
3.266407 3.266407 1.913417
3.017265 3.497849 1.913417
2.751772 3.710335 1.913417
2.471367 3.902715 1.913417
2.177569 4.073945 1.913417
1.871971 4.223098 1.913417
1.556228 4.349366 1.913417
1.232052 4.452065 1.913417
0.901200 4.530637 1.913417
0.565464 4.584658 1.913417
0.226663 4.613833 1.913417
-0.113366 4.618006 1.913417
-0.452780 4.597154 1.913417
-0.789741 4.551389 1.913417
-1.122422 4.480960 1.913417
-1.449021 4.386248 1.913417
-1.767767 4.267767 1.913417
-2.076934 4.126158 1.913417
-2.374845 3.962190 1.913417
-2.659887 3.776749 1.913417
-2.930515 3.570843 1.913417
-3.185262 3.345585 1.913417
-3.422748 3.102198 1.913417
-3.641686 2.841999 1.913417
-3.840889 2.566400 1.913417
-4.019278 2.276893 1.913417
-4.175886 1.975047 1.913417
-4.309865 1.662498 1.913417
-4.420488 1.340940 1.913417
-4.507156 1.012116 1.913417
-4.569400 0.677806 1.913417
-4.606881 0.339824 1.913417
-4.619398 0.000000 1.913417
-4.606881 -0.339824 1.913417
-4.569400 -0.677806 1.913417
-4.507156 -1.012116 1.913417
-4.420488 -1.340940 1.913417
-4.309865 -1.662498 1.913417
-4.175886 -1.975047 1.913417
-4.019278 -2.276893 1.913417
-3.840889 -2.566400 1.913417
-3.641686 -2.841999 1.913417
-3.422748 -3.102198 1.913417
-3.185262 -3.345585 1.913417
-2.930515 -3.570843 1.913417
-2.659887 -3.776749 1.913417
-2.374845 -3.962190 1.913417
-2.076934 -4.126158 1.913417
-1.767767 -4.267767 1.913417
-1.449021 -4.386248 1.913417
-1.122422 -4.480960 1.913417
-0.789741 -4.551389 1.913417
-0.452780 -4.597154 1.913417
-0.113366 -4.618006 1.913417
0.226663 -4.613833 1.913417
0.565464 -4.584658 1.913417
0.901200 -4.530637 1.913417
1.232052 -4.452065 1.913417
1.556228 -4.349366 1.913417
1.871971 -4.223098 1.913417
2.177569 -4.073945 1.913417
2.471367 -3.902715 1.913417
2.751772 -3.710335 1.913417
3.017265 -3.497849 1.913417
3.266407 -3.266407 1.913417
3.328861 3.328861 1.684449
3.074955 3.564727 1.684449
2.804386 3.781276 1.684449
2.518619 3.977334 1.684449
2.219204 4.151839 1.684449
1.907763 4.303844 1.684449
1.585983 4.432526 1.684449
1.255609 4.537188 1.684449
0.918431 4.617263 1.684449
0.576275 4.672316 1.684449
0.230997 4.702050 1.684449
-0.115533 4.706302 1.684449
-0.461437 4.685051 1.684449
-0.804841 4.638412 1.684449
-1.143883 4.566636 1.684449
-1.476726 4.470113 1.684449
-1.801567 4.349366 1.684449
-2.116644 4.205050 1.684449
-2.420252 4.037946 1.684449
-2.710744 3.848961 1.684449
-2.986546 3.639117 1.684449
-3.246164 3.409553 1.684449
-3.488191 3.161512 1.684449
-3.711315 2.896338 1.684449
-3.914326 2.615469 1.684449
-4.096126 2.320427 1.684449
-4.255729 2.012810 1.684449
-4.392269 1.694285 1.684449
-4.505007 1.366579 1.684449
-4.593333 1.031467 1.684449
-4.656766 0.690766 1.684449
-4.694965 0.346321 1.684449
-4.707720 0.000000 1.684449
-4.694965 -0.346321 1.684449
-4.656766 -0.690766 1.684449
-4.593333 -1.031467 1.684449
-4.505007 -1.366579 1.684449
-4.392269 -1.694285 1.684449
-4.255729 -2.012810 1.684449
-4.096126 -2.320427 1.684449
-3.914326 -2.615469 1.684449
-3.711315 -2.896338 1.684449
-3.488191 -3.161512 1.684449
-3.246164 -3.409553 1.684449
-2.986546 -3.639117 1.684449
-2.710744 -3.848961 1.684449
-2.420252 -4.037946 1.684449
-2.116644 -4.205050 1.684449
-1.801567 -4.349366 1.684449
-1.476726 -4.470113 1.684449
-1.143883 -4.566636 1.684449
-0.804841 -4.638412 1.684449
-0.461437 -4.685051 1.684449
-0.115533 -4.706302 1.684449
0.230997 -4.702050 1.684449
0.576275 -4.672316 1.684449
0.918431 -4.617263 1.684449
1.255609 -4.537188 1.684449
1.585983 -4.432526 1.684449
1.907763 -4.303844 1.684449
2.219204 -4.151839 1.684449
2.518619 -3.977334 1.684449
2.804386 -3.781276 1.684449
3.074955 -3.564727 1.684449
3.328861 -3.328861 1.684449
3.383295 3.383295 1.451423
3.125237 3.623018 1.451423
2.850243 3.843108 1.451423
2.559804 4.042372 1.451423
2.255493 4.219730 1.451423
1.938959 4.374221 1.451423
1.611917 4.505007 1.451423
1.276141 4.611381 1.451423
0.933449 4.692765 1.451423
0.585699 4.748718 1.451423
0.234774 4.778938 1.451423
-0.117422 4.783261 1.451423
-0.468983 4.761662 1.451423
-0.818002 4.714260 1.451423
-1.162588 4.641310 1.451423
-1.500874 4.543209 1.451423
-1.831026 4.420488 1.451423
-2.151256 4.273812 1.451423
-2.459828 4.103976 1.451423
-2.755070 3.911899 1.451423
-3.035383 3.698624 1.451423
-3.299246 3.465306 1.451423
-3.545230 3.213209 1.451423
-3.772002 2.943700 1.451423
-3.978334 2.658238 1.451423
-4.163107 2.358371 1.451423
-4.325319 2.045724 1.451423
-4.464092 1.721990 1.451423
-4.578674 1.388926 1.451423
-4.668444 1.048334 1.451423
-4.732915 0.702062 1.451423
-4.771737 0.351984 1.451423
-4.784702 0.000000 1.451423
-4.771737 -0.351984 1.451423
-4.732915 -0.702062 1.451423
-4.668444 -1.048334 1.451423
-4.578674 -1.388926 1.451423
-4.464092 -1.721990 1.451423
-4.325319 -2.045724 1.451423
-4.163107 -2.358371 1.451423
-3.978334 -2.658238 1.451423
-3.772002 -2.943700 1.451423
-3.545230 -3.213209 1.451423
-3.299246 -3.465306 1.451423
-3.035383 -3.698624 1.451423
-2.755070 -3.911899 1.451423
-2.459828 -4.103976 1.451423
-2.151256 -4.273812 1.451423
-1.831026 -4.420488 1.451423
-1.500874 -4.543209 1.451423
-1.162588 -4.641310 1.451423
-0.818002 -4.714260 1.451423
-0.468983 -4.761662 1.451423
-0.117422 -4.783261 1.451423
0.234774 -4.778938 1.451423
0.585699 -4.748718 1.451423
0.933449 -4.692765 1.451423
1.276141 -4.611381 1.451423
1.611917 -4.505007 1.451423
1.938959 -4.374221 1.451423
2.255493 -4.219730 1.451423
2.559804 -4.042372 1.451423
2.850243 -3.843108 1.451423
3.125237 -3.623018 1.451423
3.383295 -3.383295 1.451423
3.429578 3.429578 1.214901
3.167990 3.672581 1.214901
2.889235 3.895682 1.214901
2.594822 4.097672 1.214901
2.286348 4.277456 1.214901
1.965484 4.434060 1.214901
1.633968 4.566636 1.214901
1.293599 4.674465 1.214901
0.946219 4.756962 1.214901
0.593711 4.813681 1.214901
0.237986 4.844314 1.214901
-0.119029 4.848695 1.214901
-0.475398 4.826801 1.214901
-0.829192 4.778751 1.214901
-1.178492 4.704803 1.214901
-1.521405 4.605360 1.214901
-1.856074 4.480960 1.214901
-2.180685 4.332277 1.214901
-2.493479 4.160118 1.214901
-2.792760 3.965414 1.214901
-3.076907 3.749221 1.214901
-3.344379 3.512712 1.214901
-3.593729 3.257166 1.214901
-3.823603 2.983969 1.214901
-4.032758 2.694602 1.214901
-4.220058 2.390633 1.214901
-4.384489 2.073709 1.214901
-4.525161 1.745547 1.214901
-4.641310 1.407926 1.214901
-4.732308 1.062675 1.214901
-4.797661 0.711666 1.214901
-4.837015 0.356800 1.214901
-4.850156 0.000000 1.214901
-4.837015 -0.356800 1.214901
-4.797661 -0.711666 1.214901
-4.732308 -1.062675 1.214901
-4.641310 -1.407926 1.214901
-4.525161 -1.745547 1.214901
-4.384489 -2.073709 1.214901
-4.220058 -2.390633 1.214901
-4.032758 -2.694602 1.214901
-3.823603 -2.983969 1.214901
-3.593729 -3.257166 1.214901
-3.344379 -3.512712 1.214901
-3.076907 -3.749221 1.214901
-2.792760 -3.965414 1.214901
-2.493479 -4.160118 1.214901
-2.180685 -4.332277 1.214901
-1.856074 -4.480960 1.214901
-1.521405 -4.605360 1.214901
-1.178492 -4.704803 1.214901
-0.829192 -4.778751 1.214901
-0.475398 -4.826801 1.214901
-0.119029 -4.848695 1.214901
0.237986 -4.844314 1.214901
0.593711 -4.813681 1.214901
0.946219 -4.756962 1.214901
1.293599 -4.674465 1.214901
1.633968 -4.566636 1.214901
1.965484 -4.434060 1.214901
2.286348 -4.277456 1.214901
2.594822 -4.097672 1.214901
2.889235 -3.895682 1.214901
3.167990 -3.672581 1.214901
3.429578 -3.429578 1.214901
3.467600 3.467600 0.975452
3.203112 3.713296 0.975452
2.921266 3.938871 0.975452
2.623589 4.143100 0.975452
2.311695 4.324877 0.975452
1.987274 4.483217 0.975452
1.652083 4.617263 0.975452
1.307940 4.726287 0.975452
0.956709 4.809699 0.975452
0.600293 4.867047 0.975452
0.240624 4.898019 0.975452
-0.120348 4.902449 0.975452
-0.480669 4.880313 0.975452
-0.838385 4.831729 0.975452
-1.191557 4.756962 0.975452
-1.538272 4.656416 0.975452
-1.876651 4.530637 0.975452
-2.204861 4.380306 0.975452
-2.521122 4.206238 0.975452
-2.823721 4.009376 0.975452
-3.111018 3.790786 0.975452
-3.381456 3.551654 0.975452
-3.633570 3.293276 0.975452
-3.865993 3.017050 0.975452
-4.077466 2.724476 0.975452
-4.266843 2.417136 0.975452
-4.433097 2.096699 0.975452
-4.575328 1.764899 0.975452
-4.692765 1.423535 0.975452
-4.784771 1.074456 0.975452
-4.850849 0.719555 0.975452
-4.890639 0.360755 0.975452
-4.903926 0.000000 0.975452
-4.890639 -0.360755 0.975452
-4.850849 -0.719555 0.975452
-4.784771 -1.074456 0.975452
-4.692765 -1.423535 0.975452
-4.575328 -1.764899 0.975452
-4.433097 -2.096699 0.975452
-4.266843 -2.417136 0.975452
-4.077466 -2.724476 0.975452
-3.865993 -3.017050 0.975452
-3.633570 -3.293276 0.975452
-3.381456 -3.551654 0.975452
-3.111018 -3.790786 0.975452
-2.823721 -4.009376 0.975452
-2.521122 -4.206238 0.975452
-2.204861 -4.380306 0.975452
-1.876651 -4.530637 0.975452
-1.538272 -4.656416 0.975452
-1.191557 -4.756962 0.975452
-0.838385 -4.831729 0.975452
-0.480669 -4.880313 0.975452
-0.120348 -4.902449 0.975452
0.240624 -4.898019 0.975452
0.600293 -4.867047 0.975452
0.956709 -4.809699 0.975452
1.307940 -4.726287 0.975452
1.652083 -4.617263 0.975452
1.987274 -4.483217 0.975452
2.311695 -4.324877 0.975452
2.623589 -4.143100 0.975452
2.921266 -3.938871 0.975452
3.203112 -3.713296 0.975452
3.467600 -3.467600 0.975452
3.497267 3.497267 0.733652
3.230516 3.745066 0.733652
2.946259 3.972570 0.733652
2.646035 4.178547 0.733652
2.331473 4.361879 0.733652
2.004276 4.521574 0.733652
1.666218 4.656766 0.733652
1.319130 4.766723 0.733652
0.964894 4.850849 0.733652
0.605429 4.908687 0.733652
0.242683 4.939925 0.733652
-0.121378 4.944393 0.733652
-0.484781 4.922067 0.733652
-0.845557 4.873067 0.733652
-1.201751 4.797661 0.733652
-1.551433 4.696255 0.733652
-1.892707 4.569400 0.733652
-2.223725 4.417782 0.733652
-2.542692 4.242225 0.733652
-2.847880 4.043678 0.733652
-3.137635 3.823219 0.733652
-3.410387 3.582041 0.733652
-3.664657 3.321452 0.733652
-3.899069 3.042863 0.733652
-4.112351 2.747785 0.733652
-4.303348 2.437817 0.733652
-4.471025 2.114637 0.733652
-4.614473 1.779999 0.733652
-4.732915 1.435714 0.733652
-4.825708 1.083649 0.733652
-4.892351 0.725712 0.733652
-4.932481 0.363842 0.733652
-4.945883 0.000000 0.733652
-4.932481 -0.363842 0.733652
-4.892351 -0.725712 0.733652
-4.825708 -1.083649 0.733652
-4.732915 -1.435714 0.733652
-4.614473 -1.779999 0.733652
-4.471025 -2.114637 0.733652
-4.303348 -2.437817 0.733652
-4.112351 -2.747785 0.733652
-3.899069 -3.042863 0.733652
-3.664657 -3.321452 0.733652
-3.410387 -3.582041 0.733652
-3.137635 -3.823219 0.733652
-2.847880 -4.043678 0.733652
-2.542692 -4.242225 0.733652
-2.223725 -4.417782 0.733652
-1.892707 -4.569400 0.733652
-1.551433 -4.696255 0.733652
-1.201751 -4.797661 0.733652
-0.845557 -4.873067 0.733652
-0.484781 -4.922067 0.733652
-0.121378 -4.944393 0.733652
0.242683 -4.939925 0.733652
0.605429 -4.908687 0.733652
0.964894 -4.850849 0.733652
1.319130 -4.766723 0.733652
1.666218 -4.656766 0.733652
2.004276 -4.521574 0.733652
2.331473 -4.361879 0.733652
2.646035 -4.178547 0.733652
2.946259 -3.972570 0.733652
3.230516 -3.745066 0.733652
3.497267 -3.497267 0.733652
3.518509 3.518509 0.490086
3.250138 3.767813 0.490086
2.964154 3.996699 0.490086
2.662107 4.203927 0.490086
2.345634 4.388373 0.490086
2.016450 4.549038 0.490086
1.676338 4.685051 0.490086
1.327142 4.795676 0.490086
0.970755 4.880313 0.490086
0.609106 4.938502 0.490086
0.244157 4.969930 0.490086
-0.122115 4.974425 0.490086
-0.487726 4.951963 0.490086
-0.850693 4.902666 0.490086
-1.209051 4.826801 0.490086
-1.560856 4.724780 0.490086
-1.904204 4.597154 0.490086
-2.237232 4.444616 0.490086
-2.558136 4.267992 0.490086
-2.865178 4.068240 0.490086
-3.156693 3.846441 0.490086
-3.431101 3.603798 0.490086
-3.686916 3.341626 0.490086
-3.922752 3.061345 0.490086
-4.137329 2.764475 0.490086
-4.329486 2.452624 0.490086
-4.498182 2.127481 0.490086
-4.642501 1.790810 0.490086
-4.761662 1.444434 0.490086
-4.855019 1.090231 0.490086
-4.922067 0.730120 0.490086
-4.962441 0.366052 0.490086
-4.975924 0.000000 0.490086
-4.962441 -0.366052 0.490086
-4.922067 -0.730120 0.490086
-4.855019 -1.090231 0.490086
-4.761662 -1.444434 0.490086
-4.642501 -1.790810 0.490086
-4.498182 -2.127481 0.490086
-4.329486 -2.452624 0.490086
-4.137329 -2.764475 0.490086
-3.922752 -3.061345 0.490086
-3.686916 -3.341626 0.490086
-3.431101 -3.603798 0.490086
-3.156693 -3.846441 0.490086
-2.865178 -4.068240 0.490086
-2.558136 -4.267992 0.490086
-2.237232 -4.444616 0.490086
-1.904204 -4.597154 0.490086
-1.560856 -4.724780 0.490086
-1.209051 -4.826801 0.490086
-0.850693 -4.902666 0.490086
-0.487726 -4.951963 0.490086
-0.122115 -4.974425 0.490086
0.244157 -4.969930 0.490086
0.609106 -4.938502 0.490086
0.970755 -4.880313 0.490086
1.327142 -4.795676 0.490086
1.676338 -4.685051 0.490086
2.016450 -4.549038 0.490086
2.345634 -4.388373 0.490086
2.662107 -4.203927 0.490086
2.964154 -3.996699 0.490086
3.250138 -3.767813 0.490086
3.518509 -3.518509 0.490086
3.531275 3.531275 0.245338
3.261930 3.781484 0.245338
2.974909 4.011200 0.245338
2.671766 4.219180 0.245338
2.354145 4.404295 0.245338
2.023766 4.565543 0.245338
1.682420 4.702050 0.245338
1.331957 4.813076 0.245338
0.974277 4.898019 0.245338
0.611316 4.956420 0.245338
0.245043 4.987962 0.245338
-0.122558 4.992473 0.245338
-0.489495 4.969930 0.245338
-0.853780 4.920454 0.245338
-1.213437 4.844314 0.245338
-1.566519 4.741922 0.245338
-1.911112 4.613833 0.245338
-2.245349 4.460742 0.245338
-2.567417 4.283477 0.245338
-2.875573 4.083000 0.245338
-3.168146 3.860397 0.245338
-3.443550 3.616873 0.245338
-3.700293 3.353750 0.245338
-3.936984 3.072453 0.245338
-4.152340 2.774505 0.245338
-4.345195 2.461522 0.245338
-4.514502 2.135200 0.245338
-4.659345 1.797308 0.245338
-4.778938 1.449675 0.245338
-4.872634 1.094187 0.245338
-4.939925 0.732769 0.245338
-4.980446 0.367380 0.245338
-4.993977 0.000000 0.245338
-4.980446 -0.367380 0.245338
-4.939925 -0.732769 0.245338
-4.872634 -1.094187 0.245338
-4.778938 -1.449675 0.245338
-4.659345 -1.797308 0.245338
-4.514502 -2.135200 0.245338
-4.345195 -2.461522 0.245338
-4.152340 -2.774505 0.245338
-3.936984 -3.072453 0.245338
-3.700293 -3.353750 0.245338
-3.443550 -3.616873 0.245338
-3.168146 -3.860397 0.245338
-2.875573 -4.083000 0.245338
-2.567417 -4.283477 0.245338
-2.245349 -4.460742 0.245338
-1.911112 -4.613833 0.245338
-1.566519 -4.741922 0.245338
-1.213437 -4.844314 0.245338
-0.853780 -4.920454 0.245338
-0.489495 -4.969930 0.245338
-0.122558 -4.992473 0.245338
0.245043 -4.987962 0.245338
0.611316 -4.956420 0.245338
0.974277 -4.898019 0.245338
1.331957 -4.813076 0.245338
1.682420 -4.702050 0.245338
2.023766 -4.565543 0.245338
2.354145 -4.404295 0.245338
2.671766 -4.219180 0.245338
2.974909 -4.011200 0.245338
3.261930 -3.781484 0.245338
3.531275 -3.531275 0.245338
3.535534 3.535534 0.000000
3.265864 3.786044 0.000000
2.978497 4.016038 0.000000
2.674988 4.224268 0.000000
2.356984 4.409606 0.000000
2.026207 4.571049 0.000000
1.684449 4.707720 0.000000
1.333564 4.818880 0.000000
0.975452 4.903926 0.000000
0.612053 4.962398 0.000000
0.245338 4.993977 0.000000
-0.122706 4.998494 0.000000
-0.490086 4.975924 0.000000
-0.854809 4.926388 0.000000
-1.214901 4.850156 0.000000
-1.568409 4.747641 0.000000
-1.913417 4.619398 0.000000
-2.248057 4.466122 0.000000
-2.570514 4.288643 0.000000
-2.879041 4.087924 0.000000
-3.171966 3.865052 0.000000
-3.447703 3.621235 0.000000
-3.704756 3.357795 0.000000
-3.941732 3.076158 0.000000
-4.157348 2.777851 0.000000
-4.350435 2.464491 0.000000
-4.519946 2.137775 0.000000
-4.664964 1.799475 0.000000
-4.784702 1.451423 0.000000
-4.878511 1.095506 0.000000
-4.945883 0.733652 0.000000
-4.986452 0.367823 0.000000
-5.000000 0.000000 0.000000
-4.986452 -0.367823 0.000000
-4.945883 -0.733652 0.000000
-4.878511 -1.095506 0.000000
-4.784702 -1.451423 0.000000
-4.664964 -1.799475 0.000000
-4.519946 -2.137775 0.000000
-4.350435 -2.464491 0.000000
-4.157348 -2.777851 0.000000
-3.941732 -3.076158 0.000000
-3.704756 -3.357795 0.000000
-3.447703 -3.621235 0.000000
-3.171966 -3.865052 0.000000
-2.879041 -4.087924 0.000000
-2.570514 -4.288643 0.000000
-2.248057 -4.466122 0.000000
-1.913417 -4.619398 0.000000
-1.568409 -4.747641 0.000000
-1.214901 -4.850156 0.000000
-0.854809 -4.926388 0.000000
-0.490086 -4.975924 0.000000
-0.122706 -4.998494 0.000000
0.245338 -4.993977 0.000000
0.612053 -4.962398 0.000000
0.975452 -4.903926 0.000000
1.333564 -4.818880 0.000000
1.684449 -4.707720 0.000000
2.026207 -4.571049 0.000000
2.356984 -4.409606 0.000000
2.674988 -4.224268 0.000000
2.978497 -4.016038 0.000000
3.265864 -3.786044 0.000000
3.535534 -3.535534 0.000000
3.531275 3.531275 -0.245338
3.261930 3.781484 -0.245338
2.974909 4.011200 -0.245338
2.671766 4.219180 -0.245338
2.354145 4.404295 -0.245338
2.023766 4.565543 -0.245338
1.682420 4.702050 -0.245338
1.331957 4.813076 -0.245338
0.974277 4.898019 -0.245338
0.611316 4.956420 -0.245338
0.245043 4.987962 -0.245338
-0.122558 4.992473 -0.245338
-0.489495 4.969930 -0.245338
-0.853780 4.920454 -0.245338
-1.213437 4.844314 -0.245338
-1.566519 4.741922 -0.245338
-1.911112 4.613833 -0.245338
-2.245349 4.460742 -0.245338
-2.567417 4.283477 -0.245338
-2.875573 4.083000 -0.245338
-3.168146 3.860397 -0.245338
-3.443550 3.616873 -0.245338
-3.700293 3.353750 -0.245338
-3.936984 3.072453 -0.245338
-4.152340 2.774505 -0.245338
-4.345195 2.461522 -0.245338
-4.514502 2.135200 -0.245338
-4.659345 1.797308 -0.245338
-4.778938 1.449675 -0.245338
-4.872634 1.094187 -0.245338
-4.939925 0.732769 -0.245338
-4.980446 0.367380 -0.245338
-4.993977 0.000000 -0.245338
-4.980446 -0.367380 -0.245338
-4.939925 -0.732769 -0.245338
-4.872634 -1.094187 -0.245338
-4.778938 -1.449675 -0.245338
-4.659345 -1.797308 -0.245338
-4.514502 -2.135200 -0.245338
-4.345195 -2.461522 -0.245338
-4.152340 -2.774505 -0.245338
-3.936984 -3.072453 -0.245338
-3.700293 -3.353750 -0.245338
-3.443550 -3.616873 -0.245338
-3.168146 -3.860397 -0.245338
-2.875573 -4.083000 -0.245338
-2.567417 -4.283477 -0.245338
-2.245349 -4.460742 -0.245338
-1.911112 -4.613833 -0.245338
-1.566519 -4.741922 -0.245338
-1.213437 -4.844314 -0.245338
-0.853780 -4.920454 -0.245338
-0.489495 -4.969930 -0.245338
-0.122558 -4.992473 -0.245338
0.245043 -4.987962 -0.245338
0.611316 -4.956420 -0.245338
0.974277 -4.898019 -0.245338
1.331957 -4.813076 -0.245338
1.682420 -4.702050 -0.245338
2.023766 -4.565543 -0.245338
2.354145 -4.404295 -0.245338
2.671766 -4.219180 -0.245338
2.974909 -4.011200 -0.245338
3.261930 -3.781484 -0.245338
3.531275 -3.531275 -0.245338
3.518509 3.518509 -0.490086
3.250138 3.767813 -0.490086
2.964154 3.996699 -0.490086
2.662107 4.203927 -0.490086
2.345634 4.388373 -0.490086
2.016450 4.549038 -0.490086
1.676338 4.685051 -0.490086
1.327142 4.795676 -0.490086
0.970755 4.880313 -0.490086
0.609106 4.938502 -0.490086
0.244157 4.969930 -0.490086
-0.122115 4.974425 -0.490086
-0.487726 4.951963 -0.490086
-0.850693 4.902666 -0.490086
-1.209051 4.826801 -0.490086
-1.560856 4.724780 -0.490086
-1.904204 4.597154 -0.490086
-2.237232 4.444616 -0.490086
-2.558136 4.267992 -0.490086
-2.865178 4.068240 -0.490086
-3.156693 3.846441 -0.490086
-3.431101 3.603798 -0.490086
-3.686916 3.341626 -0.490086
-3.922752 3.061345 -0.490086
-4.137329 2.764475 -0.490086
-4.329486 2.452624 -0.490086
-4.498182 2.127481 -0.490086
-4.642501 1.790810 -0.490086
-4.761662 1.444434 -0.490086
-4.855019 1.090231 -0.490086
-4.922067 0.730120 -0.490086
-4.962441 0.366052 -0.490086
-4.975924 0.000000 -0.490086
-4.962441 -0.366052 -0.490086
-4.922067 -0.730120 -0.490086
-4.855019 -1.090231 -0.490086
-4.761662 -1.444434 -0.490086
-4.642501 -1.790810 -0.490086
-4.498182 -2.127481 -0.490086
-4.329486 -2.452624 -0.490086
-4.137329 -2.764475 -0.490086
-3.922752 -3.061345 -0.490086
-3.686916 -3.341626 -0.490086
-3.431101 -3.603798 -0.490086
-3.156693 -3.846441 -0.490086
-2.865178 -4.068240 -0.490086
-2.558136 -4.267992 -0.490086
-2.237232 -4.444616 -0.490086
-1.904204 -4.597154 -0.490086
-1.560856 -4.724780 -0.490086
-1.209051 -4.826801 -0.490086
-0.850693 -4.902666 -0.490086
-0.487726 -4.951963 -0.490086
-0.122115 -4.974425 -0.490086
0.244157 -4.969930 -0.490086
0.609106 -4.938502 -0.490086
0.970755 -4.880313 -0.490086
1.327142 -4.795676 -0.490086
1.676338 -4.685051 -0.490086
2.016450 -4.549038 -0.490086
2.345634 -4.388373 -0.490086
2.662107 -4.203927 -0.490086
2.964154 -3.996699 -0.490086
3.250138 -3.767813 -0.490086
3.518509 -3.518509 -0.490086
3.497267 3.497267 -0.733652
3.230516 3.745066 -0.733652
2.946259 3.972570 -0.733652
2.646035 4.178547 -0.733652
2.331473 4.361879 -0.733652
2.004276 4.521574 -0.733652
1.666218 4.656766 -0.733652
1.319130 4.766723 -0.733652
0.964894 4.850849 -0.733652
0.605429 4.908687 -0.733652
0.242683 4.939925 -0.733652
-0.121378 4.944393 -0.733652
-0.484781 4.922067 -0.733652
-0.845557 4.873067 -0.733652
-1.201751 4.797661 -0.733652
-1.551433 4.696255 -0.733652
-1.892707 4.569400 -0.733652
-2.223725 4.417782 -0.733652
-2.542692 4.242225 -0.733652
-2.847880 4.043678 -0.733652
-3.137635 3.823219 -0.733652
-3.410387 3.582041 -0.733652
-3.664657 3.321452 -0.733652
-3.899069 3.042863 -0.733652
-4.112351 2.747785 -0.733652
-4.303348 2.437817 -0.733652
-4.471025 2.114637 -0.733652
-4.614473 1.779999 -0.733652
-4.732915 1.435714 -0.733652
-4.825708 1.083649 -0.733652
-4.892351 0.725712 -0.733652
-4.932481 0.363842 -0.733652
-4.945883 0.000000 -0.733652
-4.932481 -0.363842 -0.733652
-4.892351 -0.725712 -0.733652
-4.825708 -1.083649 -0.733652
-4.732915 -1.435714 -0.733652
-4.614473 -1.779999 -0.733652
-4.471025 -2.114637 -0.733652
-4.303348 -2.437817 -0.733652
-4.112351 -2.747785 -0.733652
-3.899069 -3.042863 -0.733652
-3.664657 -3.321452 -0.733652
-3.410387 -3.582041 -0.733652
-3.137635 -3.823219 -0.733652
-2.847880 -4.043678 -0.733652
-2.542692 -4.242225 -0.733652
-2.223725 -4.417782 -0.733652
-1.892707 -4.569400 -0.733652
-1.551433 -4.696255 -0.733652
-1.201751 -4.797661 -0.733652
-0.845557 -4.873067 -0.733652
-0.484781 -4.922067 -0.733652
-0.121378 -4.944393 -0.733652
0.242683 -4.939925 -0.733652
0.605429 -4.908687 -0.733652
0.964894 -4.850849 -0.733652
1.319130 -4.766723 -0.733652
1.666218 -4.656766 -0.733652
2.004276 -4.521574 -0.733652
2.331473 -4.361879 -0.733652
2.646035 -4.178547 -0.733652
2.946259 -3.972570 -0.733652
3.230516 -3.745066 -0.733652
3.497267 -3.497267 -0.733652
3.467600 3.467600 -0.975452
3.203112 3.713296 -0.975452
2.921266 3.938871 -0.975452
2.623589 4.143100 -0.975452
2.311695 4.324877 -0.975452
1.987274 4.483217 -0.975452
1.652083 4.617263 -0.975452
1.307940 4.726287 -0.975452
0.956709 4.809699 -0.975452
0.600293 4.867047 -0.975452
0.240624 4.898019 -0.975452
-0.120348 4.902449 -0.975452
-0.480669 4.880313 -0.975452
-0.838385 4.831729 -0.975452
-1.191557 4.756962 -0.975452
-1.538272 4.656416 -0.975452
-1.876651 4.530637 -0.975452
-2.204861 4.380306 -0.975452
-2.521122 4.206238 -0.975452
-2.823721 4.009376 -0.975452
-3.111018 3.790786 -0.975452
-3.381456 3.551654 -0.975452
-3.633570 3.293276 -0.975452
-3.865993 3.017050 -0.975452
-4.077466 2.724476 -0.975452
-4.266843 2.417136 -0.975452
-4.433097 2.096699 -0.975452
-4.575328 1.764899 -0.975452
-4.692765 1.423535 -0.975452
-4.784771 1.074456 -0.975452
-4.850849 0.719555 -0.975452
-4.890639 0.360755 -0.975452
-4.903926 0.000000 -0.975452
-4.890639 -0.360755 -0.975452
-4.850849 -0.719555 -0.975452
-4.784771 -1.074456 -0.975452
-4.692765 -1.423535 -0.975452
-4.575328 -1.764899 -0.975452
-4.433097 -2.096699 -0.975452
-4.266843 -2.417136 -0.975452
-4.077466 -2.724476 -0.975452
-3.865993 -3.017050 -0.975452
-3.633570 -3.293276 -0.975452
-3.381456 -3.551654 -0.975452
-3.111018 -3.790786 -0.975452
-2.823721 -4.009376 -0.975452
-2.521122 -4.206238 -0.975452
-2.204861 -4.380306 -0.975452
-1.876651 -4.530637 -0.975452
-1.538272 -4.656416 -0.975452
-1.191557 -4.756962 -0.975452
-0.838385 -4.831729 -0.975452
-0.480669 -4.880313 -0.975452
-0.120348 -4.902449 -0.975452
0.240624 -4.898019 -0.975452
0.600293 -4.867047 -0.975452
0.956709 -4.809699 -0.975452
1.307940 -4.726287 -0.975452
1.652083 -4.617263 -0.975452
1.987274 -4.483217 -0.975452
2.311695 -4.324877 -0.975452
2.623589 -4.143100 -0.975452
2.921266 -3.938871 -0.975452
3.203112 -3.713296 -0.975452
3.467600 -3.467600 -0.975452
3.429578 3.429578 -1.214901
3.167990 3.672581 -1.214901
2.889235 3.895682 -1.214901
2.594822 4.097672 -1.214901
2.286348 4.277456 -1.214901
1.965484 4.434060 -1.214901
1.633968 4.566636 -1.214901
1.293599 4.674465 -1.214901
0.946219 4.756962 -1.214901
0.593711 4.813681 -1.214901
0.237986 4.844314 -1.214901
-0.119029 4.848695 -1.214901
-0.475398 4.826801 -1.214901
-0.829192 4.778751 -1.214901
-1.178492 4.704803 -1.214901
-1.521405 4.605360 -1.214901
-1.856074 4.480960 -1.214901
-2.180685 4.332277 -1.214901
-2.493479 4.160118 -1.214901
-2.792760 3.965414 -1.214901
-3.076907 3.749221 -1.214901
-3.344379 3.512712 -1.214901
-3.593729 3.257166 -1.214901
-3.823603 2.983969 -1.214901
-4.032758 2.694602 -1.214901
-4.220058 2.390633 -1.214901
-4.384489 2.073709 -1.214901
-4.525161 1.745547 -1.214901
-4.641310 1.407926 -1.214901
-4.732308 1.062675 -1.214901
-4.797661 0.711666 -1.214901
-4.837015 0.356800 -1.214901
-4.850156 0.000000 -1.214901
-4.837015 -0.356800 -1.214901
-4.797661 -0.711666 -1.214901
-4.732308 -1.062675 -1.214901
-4.641310 -1.407926 -1.214901
-4.525161 -1.745547 -1.214901
-4.384489 -2.073709 -1.214901
-4.220058 -2.390633 -1.214901
-4.032758 -2.694602 -1.214901
-3.823603 -2.983969 -1.214901
-3.593729 -3.257166 -1.214901
-3.344379 -3.512712 -1.214901
-3.076907 -3.749221 -1.214901
-2.792760 -3.965414 -1.214901
-2.493479 -4.160118 -1.214901
-2.180685 -4.332277 -1.214901
-1.856074 -4.480960 -1.214901
-1.521405 -4.605360 -1.214901
-1.178492 -4.704803 -1.214901
-0.829192 -4.778751 -1.214901
-0.475398 -4.826801 -1.214901
-0.119029 -4.848695 -1.214901
0.237986 -4.844314 -1.214901
0.593711 -4.813681 -1.214901
0.946219 -4.756962 -1.214901
1.293599 -4.674465 -1.214901
1.633968 -4.566636 -1.214901
1.965484 -4.434060 -1.214901
2.286348 -4.277456 -1.214901
2.594822 -4.097672 -1.214901
2.889235 -3.895682 -1.214901
3.167990 -3.672581 -1.214901
3.429578 -3.429578 -1.214901
3.383295 3.383295 -1.451423
3.125237 3.623018 -1.451423
2.850243 3.843108 -1.451423
2.559804 4.042372 -1.451423
2.255493 4.219730 -1.451423
1.938959 4.374221 -1.451423
1.611917 4.505007 -1.451423
1.276141 4.611381 -1.451423
0.933449 4.692765 -1.451423
0.585699 4.748718 -1.451423
0.234774 4.778938 -1.451423
-0.117422 4.783261 -1.451423
-0.468983 4.761662 -1.451423
-0.818002 4.714260 -1.451423
-1.162588 4.641310 -1.451423
-1.500874 4.543209 -1.451423
-1.831026 4.420488 -1.451423
-2.151256 4.273812 -1.451423
-2.459828 4.103976 -1.451423
-2.755070 3.911899 -1.451423
-3.035383 3.698624 -1.451423
-3.299246 3.465306 -1.451423
-3.545230 3.213209 -1.451423
-3.772002 2.943700 -1.451423
-3.978334 2.658238 -1.451423
-4.163107 2.358371 -1.451423
-4.325319 2.045724 -1.451423
-4.464092 1.721990 -1.451423
-4.578674 1.388926 -1.451423
-4.668444 1.048334 -1.451423
-4.732915 0.702062 -1.451423
-4.771737 0.351984 -1.451423
-4.784702 0.000000 -1.451423
-4.771737 -0.351984 -1.451423
-4.732915 -0.702062 -1.451423
-4.668444 -1.048334 -1.451423
-4.578674 -1.388926 -1.451423
-4.464092 -1.721990 -1.451423
-4.325319 -2.045724 -1.451423
-4.163107 -2.358371 -1.451423
-3.978334 -2.658238 -1.451423
-3.772002 -2.943700 -1.451423
-3.545230 -3.213209 -1.451423
-3.299246 -3.465306 -1.451423
-3.035383 -3.698624 -1.451423
-2.755070 -3.911899 -1.451423
-2.459828 -4.103976 -1.451423
-2.151256 -4.273812 -1.451423
-1.831026 -4.420488 -1.451423
-1.500874 -4.543209 -1.451423
-1.162588 -4.641310 -1.451423
-0.818002 -4.714260 -1.451423
-0.468983 -4.761662 -1.451423
-0.117422 -4.783261 -1.451423
0.234774 -4.778938 -1.451423
0.585699 -4.748718 -1.451423
0.933449 -4.692765 -1.451423
1.276141 -4.611381 -1.451423
1.611917 -4.505007 -1.451423
1.938959 -4.374221 -1.451423
2.255493 -4.219730 -1.451423
2.559804 -4.042372 -1.451423
2.850243 -3.843108 -1.451423
3.125237 -3.623018 -1.451423
3.383295 -3.383295 -1.451423
3.328861 3.328861 -1.684449
3.074955 3.564727 -1.684449
2.804386 3.781276 -1.684449
2.518619 3.977334 -1.684449
2.219204 4.151839 -1.684449
1.907763 4.303844 -1.684449
1.585983 4.432526 -1.684449
1.255609 4.537188 -1.684449
0.918431 4.617263 -1.684449
0.576275 4.672316 -1.684449
0.230997 4.702050 -1.684449
-0.115533 4.706302 -1.684449
-0.461437 4.685051 -1.684449
-0.804841 4.638412 -1.684449
-1.143883 4.566636 -1.684449
-1.476726 4.470113 -1.684449
-1.801567 4.349366 -1.684449
-2.116644 4.205050 -1.684449
-2.420252 4.037946 -1.684449
-2.710744 3.848961 -1.684449
-2.986546 3.639117 -1.684449
-3.246164 3.409553 -1.684449
-3.488191 3.161512 -1.684449
-3.711315 2.896338 -1.684449
-3.914326 2.615469 -1.684449
-4.096126 2.320427 -1.684449
-4.255729 2.012810 -1.684449
-4.392269 1.694285 -1.684449
-4.505007 1.366579 -1.684449
-4.593333 1.031467 -1.684449
-4.656766 0.690766 -1.684449
-4.694965 0.346321 -1.684449
-4.707720 0.000000 -1.684449
-4.694965 -0.346321 -1.684449
-4.656766 -0.690766 -1.684449
-4.593333 -1.031467 -1.684449
-4.505007 -1.366579 -1.684449
-4.392269 -1.694285 -1.684449
-4.255729 -2.012810 -1.684449
-4.096126 -2.320427 -1.684449
-3.914326 -2.615469 -1.684449
-3.711315 -2.896338 -1.684449
-3.488191 -3.161512 -1.684449
-3.246164 -3.409553 -1.684449
-2.986546 -3.639117 -1.684449
-2.710744 -3.848961 -1.684449
-2.420252 -4.037946 -1.684449
-2.116644 -4.205050 -1.684449
-1.801567 -4.349366 -1.684449
-1.476726 -4.470113 -1.684449
-1.143883 -4.566636 -1.684449
-0.804841 -4.638412 -1.684449
-0.461437 -4.685051 -1.684449
-0.115533 -4.706302 -1.684449
0.230997 -4.702050 -1.684449
0.576275 -4.672316 -1.684449
0.918431 -4.617263 -1.684449
1.255609 -4.537188 -1.684449
1.585983 -4.432526 -1.684449
1.907763 -4.303844 -1.684449
2.219204 -4.151839 -1.684449
2.518619 -3.977334 -1.684449
2.804386 -3.781276 -1.684449
3.074955 -3.564727 -1.684449
3.328861 -3.328861 -1.684449
3.266407 3.266407 -1.913417
3.017265 3.497849 -1.913417
2.751772 3.710335 -1.913417
2.471367 3.902715 -1.913417
2.177569 4.073945 -1.913417
1.871971 4.223098 -1.913417
1.556228 4.349366 -1.913417
1.232052 4.452065 -1.913417
0.901200 4.530637 -1.913417
0.565464 4.584658 -1.913417
0.226663 4.613833 -1.913417
-0.113366 4.618006 -1.913417
-0.452780 4.597154 -1.913417
-0.789741 4.551389 -1.913417
-1.122422 4.480960 -1.913417
-1.449021 4.386248 -1.913417
-1.767767 4.267767 -1.913417
-2.076934 4.126158 -1.913417
-2.374845 3.962190 -1.913417
-2.659887 3.776749 -1.913417
-2.930515 3.570843 -1.913417
-3.185262 3.345585 -1.913417
-3.422748 3.102198 -1.913417
-3.641686 2.841999 -1.913417
-3.840889 2.566400 -1.913417
-4.019278 2.276893 -1.913417
-4.175886 1.975047 -1.913417
-4.309865 1.662498 -1.913417
-4.420488 1.340940 -1.913417
-4.507156 1.012116 -1.913417
-4.569400 0.677806 -1.913417
-4.606881 0.339824 -1.913417
-4.619398 0.000000 -1.913417
-4.606881 -0.339824 -1.913417
-4.569400 -0.677806 -1.913417
-4.507156 -1.012116 -1.913417
-4.420488 -1.340940 -1.913417
-4.309865 -1.662498 -1.913417
-4.175886 -1.975047 -1.913417
-4.019278 -2.276893 -1.913417
-3.840889 -2.566400 -1.913417
-3.641686 -2.841999 -1.913417
-3.422748 -3.102198 -1.913417
-3.185262 -3.345585 -1.913417
-2.930515 -3.570843 -1.913417
-2.659887 -3.776749 -1.913417
-2.374845 -3.962190 -1.913417
-2.076934 -4.126158 -1.913417
-1.767767 -4.267767 -1.913417
-1.449021 -4.386248 -1.913417
-1.122422 -4.480960 -1.913417
-0.789741 -4.551389 -1.913417
-0.452780 -4.597154 -1.913417
-0.113366 -4.618006 -1.913417
0.226663 -4.613833 -1.913417
0.565464 -4.584658 -1.913417
0.901200 -4.530637 -1.913417
1.232052 -4.452065 -1.913417
1.556228 -4.349366 -1.913417
1.871971 -4.223098 -1.913417
2.177569 -4.073945 -1.913417
2.471367 -3.902715 -1.913417
2.751772 -3.710335 -1.913417
3.017265 -3.497849 -1.913417
3.266407 -3.266407 -1.913417
3.196085 3.196085 -2.137775
2.952306 3.422543 -2.137775
2.692529 3.630455 -2.137775
2.418161 3.818693 -2.137775
2.130688 3.986237 -2.137775
1.831669 4.132179 -2.137775
1.522724 4.255729 -2.137775
1.205527 4.356216 -2.137775
0.881798 4.433097 -2.137775
0.553290 4.485954 -2.137775
0.221783 4.514502 -2.137775
-0.110925 4.518585 -2.137775
-0.443032 4.498182 -2.137775
-0.772739 4.453402 -2.137775
-1.098257 4.384489 -2.137775
-1.417825 4.291817 -2.137775
-1.729709 4.175886 -2.137775
-2.032219 4.037326 -2.137775
-2.323717 3.876887 -2.137775
-2.602622 3.695440 -2.137775
-2.867424 3.493966 -2.137775
-3.116686 3.273558 -2.137775
-3.349059 3.035411 -2.137775
-3.563284 2.780814 -2.137775
-3.758198 2.511148 -2.137775
-3.932747 2.227873 -2.137775
-4.085983 1.932526 -2.137775
-4.217078 1.626706 -2.137775
-4.325319 1.312071 -2.137775
-4.410121 0.990326 -2.137775
-4.471025 0.663214 -2.137775
-4.507699 0.332508 -2.137775
-4.519946 0.000000 -2.137775
-4.507699 -0.332508 -2.137775
-4.471025 -0.663214 -2.137775
-4.410121 -0.990326 -2.137775
-4.325319 -1.312071 -2.137775
-4.217078 -1.626706 -2.137775
-4.085983 -1.932526 -2.137775
-3.932747 -2.227873 -2.137775
-3.758198 -2.511148 -2.137775
-3.563284 -2.780814 -2.137775
-3.349059 -3.035411 -2.137775
-3.116686 -3.273558 -2.137775
-2.867424 -3.493966 -2.137775
-2.602622 -3.695440 -2.137775
-2.323717 -3.876887 -2.137775
-2.032219 -4.037326 -2.137775
-1.729709 -4.175886 -2.137775
-1.417825 -4.291817 -2.137775
-1.098257 -4.384489 -2.137775
-0.772739 -4.453402 -2.137775
-0.443032 -4.498182 -2.137775
-0.110925 -4.518585 -2.137775
0.221783 -4.514502 -2.137775
0.553290 -4.485954 -2.137775
0.881798 -4.433097 -2.137775
1.205527 -4.356216 -2.137775
1.522724 -4.255729 -2.137775
1.831669 -4.132179 -2.137775
2.130688 -3.986237 -2.137775
2.418161 -3.818693 -2.137775
2.692529 -3.630455 -2.137775
2.952306 -3.422543 -2.137775
3.196085 -3.196085 -2.137775
3.118063 3.118063 -2.356984
2.880235 3.338993 -2.356984
2.626799 3.541829 -2.356984
2.359129 3.725472 -2.356984
2.078674 3.888926 -2.356984
1.786955 4.031305 -2.356984
1.485552 4.151839 -2.356984
1.176098 4.249873 -2.356984
0.860272 4.324877 -2.356984
0.539783 4.376444 -2.356984
0.216369 4.404295 -2.356984
-0.108217 4.408278 -2.356984
-0.432217 4.388373 -2.356984
-0.753875 4.344687 -2.356984
-1.071447 4.277456 -2.356984
-1.383213 4.187045 -2.356984
-1.687483 4.073945 -2.356984
-1.982609 3.938768 -2.356984
-2.266991 3.782246 -2.356984
-2.539087 3.605227 -2.356984
-2.797425 3.408672 -2.356984
-3.040602 3.193645 -2.356984
-3.267303 2.961311 -2.356984
-3.476297 2.712929 -2.356984
-3.666454 2.449846 -2.356984
-3.836741 2.173487 -2.356984
-3.986237 1.885350 -2.356984
-4.114131 1.586995 -2.356984
-4.219730 1.280041 -2.356984
-4.302462 0.966150 -2.356984
-4.361879 0.647024 -2.356984
-4.397658 0.324391 -2.356984
-4.409606 0.000000 -2.356984
-4.397658 -0.324391 -2.356984
-4.361879 -0.647024 -2.356984
-4.302462 -0.966150 -2.356984
-4.219730 -1.280041 -2.356984
-4.114131 -1.586995 -2.356984
-3.986237 -1.885350 -2.356984
-3.836741 -2.173487 -2.356984
-3.666454 -2.449846 -2.356984
-3.476297 -2.712929 -2.356984
-3.267303 -2.961311 -2.356984
-3.040602 -3.193645 -2.356984
-2.797425 -3.408672 -2.356984
-2.539087 -3.605227 -2.356984
-2.266991 -3.782246 -2.356984
-1.982609 -3.938768 -2.356984
-1.687483 -4.073945 -2.356984
-1.383213 -4.187045 -2.356984
-1.071447 -4.277456 -2.356984
-0.753875 -4.344687 -2.356984
-0.432217 -4.388373 -2.356984
-0.108217 -4.408278 -2.356984
0.216369 -4.404295 -2.356984
0.539783 -4.376444 -2.356984
0.860272 -4.324877 -2.356984
1.176098 -4.249873 -2.356984
1.485552 -4.151839 -2.356984
1.786955 -4.031305 -2.356984
2.078674 -3.888926 -2.356984
2.359129 -3.725472 -2.356984
2.626799 -3.541829 -2.356984
2.880235 -3.338993 -2.356984
3.118063 -3.118063 -2.356984
3.032529 3.032529 -2.570514
2.801225 3.247398 -2.570514
2.554742 3.444670 -2.570514
2.294414 3.623275 -2.570514
2.021652 3.782246 -2.570514
1.737935 3.920719 -2.570514
1.444800 4.037946 -2.570514
1.143836 4.133292 -2.570514
0.836673 4.206238 -2.570514
0.524976 4.256390 -2.570514
0.210434 4.283477 -2.570514
-0.105249 4.287351 -2.570514
-0.420361 4.267992 -2.570514
-0.733195 4.225504 -2.570514
-1.042055 4.160118 -2.570514
-1.345269 4.072187 -2.570514
-1.641193 3.962190 -2.570514
-1.928223 3.830720 -2.570514
-2.204803 3.678492 -2.570514
-2.469436 3.506329 -2.570514
-2.720686 3.315166 -2.570514
-2.957193 3.106037 -2.570514
-3.177675 2.880077 -2.570514
-3.380936 2.638509 -2.570514
-3.565876 2.382642 -2.570514
-3.731493 2.113864 -2.570514
-3.876887 1.833631 -2.570514
-4.001273 1.543461 -2.570514
-4.103976 1.244927 -2.570514
-4.184438 0.939647 -2.570514
-4.242225 0.629275 -2.570514
-4.277023 0.315492 -2.570514
-4.288643 0.000000 -2.570514
-4.277023 -0.315492 -2.570514
-4.242225 -0.629275 -2.570514
-4.184438 -0.939647 -2.570514
-4.103976 -1.244927 -2.570514
-4.001273 -1.543461 -2.570514
-3.876887 -1.833631 -2.570514
-3.731493 -2.113864 -2.570514
-3.565876 -2.382642 -2.570514
-3.380936 -2.638509 -2.570514
-3.177675 -2.880077 -2.570514
-2.957193 -3.106037 -2.570514
-2.720686 -3.315166 -2.570514
-2.469436 -3.506329 -2.570514
-2.204803 -3.678492 -2.570514
-1.928223 -3.830720 -2.570514
-1.641193 -3.962190 -2.570514
-1.345269 -4.072187 -2.570514
-1.042055 -4.160118 -2.570514
-0.733195 -4.225504 -2.570514
-0.420361 -4.267992 -2.570514
-0.105249 -4.287351 -2.570514
0.210434 -4.283477 -2.570514
0.524976 -4.256390 -2.570514
0.836673 -4.206238 -2.570514
1.143836 -4.133292 -2.570514
1.444800 -4.037946 -2.570514
1.737935 -3.920719 -2.570514
2.021652 -3.782246 -2.570514
2.294414 -3.623275 -2.570514
2.554742 -3.444670 -2.570514
2.801225 -3.247398 -2.570514
3.032529 -3.032529 -2.570514
2.939689 2.939689 -2.777851
2.715467 3.147981 -2.777851
2.476529 3.339213 -2.777851
2.224171 3.512350 -2.777851
1.959760 3.666454 -2.777851
1.684729 3.800688 -2.777851
1.400568 3.914326 -2.777851
1.108818 4.006753 -2.777851
0.811058 4.077466 -2.777851
0.508904 4.126083 -2.777851
0.203991 4.152340 -2.777851
-0.102026 4.156096 -2.777851
-0.407491 4.137329 -2.777851
-0.710748 4.096142 -2.777851
-1.010153 4.032758 -2.777851
-1.304084 3.947519 -2.777851
-1.590948 3.840889 -2.777851
-1.869191 3.713444 -2.777851
-2.137304 3.565876 -2.777851
-2.393835 3.398985 -2.777851
-2.637394 3.213674 -2.777851
-2.866660 3.010947 -2.777851
-3.080392 2.791904 -2.777851
-3.277430 2.557732 -2.777851
-3.456709 2.309699 -2.777851
-3.617254 2.049149 -2.777851
-3.758198 1.777495 -2.777851
-3.878776 1.496209 -2.777851
-3.978334 1.206814 -2.777851
-4.056333 0.910880 -2.777851
-4.112351 0.610010 -2.777851
-4.146084 0.305833 -2.777851
-4.157348 0.000000 -2.777851
-4.146084 -0.305833 -2.777851
-4.112351 -0.610010 -2.777851
-4.056333 -0.910880 -2.777851
-3.978334 -1.206814 -2.777851
-3.878776 -1.496209 -2.777851
-3.758198 -1.777495 -2.777851
-3.617254 -2.049149 -2.777851
-3.456709 -2.309699 -2.777851
-3.277430 -2.557732 -2.777851
-3.080392 -2.791904 -2.777851
-2.866660 -3.010947 -2.777851
-2.637394 -3.213674 -2.777851
-2.393835 -3.398985 -2.777851
-2.137304 -3.565876 -2.777851
-1.869191 -3.713444 -2.777851
-1.590948 -3.840889 -2.777851
-1.304084 -3.947519 -2.777851
-1.010153 -4.032758 -2.777851
-0.710748 -4.096142 -2.777851
-0.407491 -4.137329 -2.777851
-0.102026 -4.156096 -2.777851
0.203991 -4.152340 -2.777851
0.508904 -4.126083 -2.777851
0.811058 -4.077466 -2.777851
1.108818 -4.006753 -2.777851
1.400568 -3.914326 -2.777851
1.684729 -3.800688 -2.777851
1.959760 -3.666454 -2.777851
2.224171 -3.512350 -2.777851
2.476529 -3.339213 -2.777851
2.715467 -3.147981 -2.777851
2.939689 -2.939689 -2.777851
2.839767 2.839767 -2.978497
2.623167 3.040979 -2.978497
2.392351 3.225712 -2.978497
2.148571 3.392964 -2.978497
1.893147 3.541829 -2.978497
1.627464 3.671501 -2.978497
1.352962 3.781276 -2.978497
1.071128 3.870561 -2.978497
0.783490 3.938871 -2.978497
0.491606 3.985835 -2.978497
0.197058 4.011200 -2.978497
-0.098558 4.014828 -2.978497
-0.393641 3.996699 -2.978497
-0.686589 3.956912 -2.978497
-0.975818 3.895682 -2.978497
-1.259758 3.813341 -2.978497
-1.536871 3.710335 -2.978497
-1.805656 3.587222 -2.978497
-2.064656 3.444670 -2.978497
-2.312467 3.283451 -2.978497
-2.547747 3.104439 -2.978497
-2.769221 2.908604 -2.978497
-2.975688 2.697006 -2.978497
-3.166029 2.470793 -2.978497
-3.339213 2.231191 -2.978497
-3.494302 1.979498 -2.978497
-3.630455 1.717077 -2.978497
-3.746934 1.445352 -2.978497
-3.843108 1.165794 -2.978497
-3.918456 0.879919 -2.978497
-3.972570 0.589275 -2.978497
-4.005156 0.295438 -2.978497
-4.016038 0.000000 -2.978497
-4.005156 -0.295438 -2.978497
-3.972570 -0.589275 -2.978497
-3.918456 -0.879919 -2.978497
-3.843108 -1.165794 -2.978497
-3.746934 -1.445352 -2.978497
-3.630455 -1.717077 -2.978497
-3.494302 -1.979498 -2.978497
-3.339213 -2.231191 -2.978497
-3.166029 -2.470793 -2.978497
-2.975688 -2.697006 -2.978497
-2.769221 -2.908604 -2.978497
-2.547747 -3.104439 -2.978497
-2.312467 -3.283451 -2.978497
-2.064656 -3.444670 -2.978497
-1.805656 -3.587222 -2.978497
-1.536871 -3.710335 -2.978497
-1.259758 -3.813341 -2.978497
-0.975818 -3.895682 -2.978497
-0.686589 -3.956912 -2.978497
-0.393641 -3.996699 -2.978497
-0.098558 -4.014828 -2.978497
0.197058 -4.011200 -2.978497
0.491606 -3.985835 -2.978497
0.783490 -3.938871 -2.978497
1.071128 -3.870561 -2.978497
1.352962 -3.781276 -2.978497
1.627464 -3.671501 -2.978497
1.893147 -3.541829 -2.978497
2.148571 -3.392964 -2.978497
2.392351 -3.225712 -2.978497
2.623167 -3.040979 -2.978497
2.839767 -2.839767 -2.978497
2.733005 2.733005 -3.171966
2.524547 2.926652 -3.171966
2.302409 3.104439 -3.171966
2.067794 3.265403 -3.171966
1.821973 3.408672 -3.171966
1.566279 3.533468 -3.171966
1.302097 3.639117 -3.171966
1.030859 3.725045 -3.171966
0.754034 3.790786 -3.171966
0.473124 3.835985 -3.171966
0.189649 3.860397 -3.171966
-0.094853 3.863888 -3.171966
-0.378841 3.846441 -3.171966
-0.660777 3.808150 -3.171966
-0.939131 3.749221 -3.171966
-1.212396 3.669976 -3.171966
-1.479091 3.570843 -3.171966
-1.737771 3.452359 -3.171966
-1.987034 3.315166 -3.171966
-2.225529 3.160008 -3.171966
-2.451963 2.987726 -3.171966
-2.665110 2.799253 -3.171966
-2.863815 2.595610 -3.171966
-3.047000 2.377902 -3.171966
-3.213674 2.147308 -3.171966
-3.362932 1.905077 -3.171966
-3.493966 1.652523 -3.171966
-3.606066 1.391013 -3.171966
-3.698624 1.121965 -3.171966
-3.771140 0.846838 -3.171966
-3.823219 0.567121 -3.171966
-3.854580 0.284331 -3.171966
-3.865052 0.000000 -3.171966
-3.854580 -0.284331 -3.171966
-3.823219 -0.567121 -3.171966
-3.771140 -0.846838 -3.171966
-3.698624 -1.121965 -3.171966
-3.606066 -1.391013 -3.171966
-3.493966 -1.652523 -3.171966
-3.362932 -1.905077 -3.171966
-3.213674 -2.147308 -3.171966
-3.047000 -2.377902 -3.171966
-2.863815 -2.595610 -3.171966
-2.665110 -2.799253 -3.171966
-2.451963 -2.987726 -3.171966
-2.225529 -3.160008 -3.171966
-1.987034 -3.315166 -3.171966
-1.737771 -3.452359 -3.171966
-1.479091 -3.570843 -3.171966
-1.212396 -3.669976 -3.171966
-0.939131 -3.749221 -3.171966
-0.660777 -3.808150 -3.171966
-0.378841 -3.846441 -3.171966
-0.094853 -3.863888 -3.171966
0.189649 -3.860397 -3.171966
0.473124 -3.835985 -3.171966
0.754034 -3.790786 -3.171966
1.030859 -3.725045 -3.171966
1.302097 -3.639117 -3.171966
1.566279 -3.533468 -3.171966
1.821973 -3.408672 -3.171966
2.067794 -3.265403 -3.171966
2.302409 -3.104439 -3.171966
2.524547 -2.926652 -3.171966
2.733005 -2.733005 -3.171966
2.619658 2.619658 -3.357795
2.419846 2.805274 -3.357795
2.206920 2.975688 -3.357795
1.982035 3.129976 -3.357795
1.746410 3.267303 -3.357795
1.501320 3.386924 -3.357795
1.248095 3.488191 -3.357795
0.988106 3.570555 -3.357795
0.722762 3.633570 -3.357795
0.453502 3.676894 -3.357795
0.181784 3.700293 -3.357795
-0.090919 3.703640 -3.357795
-0.363130 3.686916 -3.357795
-0.633372 3.650213 -3.357795
-0.900182 3.593729 -3.357795
-1.162114 3.517770 -3.357795
-1.417749 3.422748 -3.357795
-1.665700 3.309178 -3.357795
-1.904625 3.177675 -3.357795
-2.133229 3.028952 -3.357795
-2.350272 2.863815 -3.357795
-2.554579 2.683158 -3.357795
-2.745043 2.487962 -3.357795
-2.920631 2.279283 -3.357795
-3.080392 2.058252 -3.357795
-3.223460 1.826067 -3.357795
-3.349059 1.583987 -3.357795
-3.456510 1.333323 -3.357795
-3.545230 1.075434 -3.357795
-3.614738 0.811717 -3.357795
-3.664657 0.543601 -3.357795
-3.694717 0.272539 -3.357795
-3.704756 0.000000 -3.357795
-3.694717 -0.272539 -3.357795
-3.664657 -0.543601 -3.357795
-3.614738 -0.811717 -3.357795
-3.545230 -1.075434 -3.357795
-3.456510 -1.333323 -3.357795
-3.349059 -1.583987 -3.357795
-3.223460 -1.826067 -3.357795
-3.080392 -2.058252 -3.357795
-2.920631 -2.279283 -3.357795
-2.745043 -2.487962 -3.357795
-2.554579 -2.683158 -3.357795
-2.350272 -2.863815 -3.357795
-2.133229 -3.028952 -3.357795
-1.904625 -3.177675 -3.357795
-1.665700 -3.309178 -3.357795
-1.417749 -3.422748 -3.357795
-1.162114 -3.517770 -3.357795
-0.900182 -3.593729 -3.357795
-0.633372 -3.650213 -3.357795
-0.363130 -3.686916 -3.357795
-0.090919 -3.703640 -3.357795
0.181784 -3.700293 -3.357795
0.453502 -3.676894 -3.357795
0.722762 -3.633570 -3.357795
0.988106 -3.570555 -3.357795
1.248095 -3.488191 -3.357795
1.501320 -3.386924 -3.357795
1.746410 -3.267303 -3.357795
1.982035 -3.129976 -3.357795
2.206920 -2.975688 -3.357795
2.419846 -2.805274 -3.357795
2.619658 -2.619658 -3.357795
2.500000 2.500000 -3.535534
2.309315 2.677138 -3.535534
2.106115 2.839767 -3.535534
1.891502 2.987008 -3.535534
1.666639 3.118063 -3.535534
1.432744 3.232220 -3.535534
1.191085 3.328861 -3.535534
0.942972 3.407463 -3.535534
0.689748 3.467600 -3.535534
0.432787 3.508945 -3.535534
0.173480 3.531275 -3.535534
-0.086766 3.534469 -3.535534
-0.346543 3.518509 -3.535534
-0.604442 3.483483 -3.535534
-0.859065 3.429578 -3.535534
-1.109032 3.357089 -3.535534
-1.352990 3.266407 -3.535534
-1.589616 3.158025 -3.535534
-1.817628 3.032529 -3.535534
-2.035789 2.890599 -3.535534
-2.242919 2.733005 -3.535534
-2.437894 2.560600 -3.535534
-2.619658 2.374319 -3.535534
-2.787226 2.175172 -3.535534
-2.939689 1.964237 -3.535534
-3.076222 1.742658 -3.535534
-3.196085 1.511636 -3.535534
-3.298628 1.272421 -3.535534
-3.383295 1.026311 -3.535534
-3.449628 0.774640 -3.535534
-3.497267 0.518771 -3.535534
-3.525954 0.260090 -3.535534
-3.535534 0.000000 -3.535534
-3.525954 -0.260090 -3.535534
-3.497267 -0.518771 -3.535534
-3.449628 -0.774640 -3.535534
-3.383295 -1.026311 -3.535534
-3.298628 -1.272421 -3.535534
-3.196085 -1.511636 -3.535534
-3.076222 -1.742658 -3.535534
-2.939689 -1.964237 -3.535534
-2.787226 -2.175172 -3.535534
-2.619658 -2.374319 -3.535534
-2.437894 -2.560600 -3.535534
-2.242919 -2.733005 -3.535534
-2.035789 -2.890599 -3.535534
-1.817628 -3.032529 -3.535534
-1.589616 -3.158025 -3.535534
-1.352990 -3.266407 -3.535534
-1.109032 -3.357089 -3.535534
-0.859065 -3.429578 -3.535534
-0.604442 -3.483483 -3.535534
-0.346543 -3.518509 -3.535534
-0.086766 -3.534469 -3.535534
0.173480 -3.531275 -3.535534
0.432787 -3.508945 -3.535534
0.689748 -3.467600 -3.535534
0.942972 -3.407463 -3.535534
1.191085 -3.328861 -3.535534
1.432744 -3.232220 -3.535534
1.666639 -3.118063 -3.535534
1.891502 -2.987008 -3.535534
2.106115 -2.839767 -3.535534
2.309315 -2.677138 -3.535534
2.500000 -2.500000 -3.535534
2.374319 2.374319 -3.704756
2.193220 2.542552 -3.704756
2.000236 2.697006 -3.704756
1.796412 2.836845 -3.704756
1.582853 2.961311 -3.704756
1.360717 3.069729 -3.704756
1.131207 3.161512 -3.704756
0.895567 3.236162 -3.704756
0.655073 3.293276 -3.704756
0.411030 3.332543 -3.704756
0.164759 3.353750 -3.704756
-0.082404 3.356783 -3.704756
-0.329121 3.341626 -3.704756
-0.574055 3.308360 -3.704756
-0.815878 3.257166 -3.704756
-1.053279 3.188321 -3.704756
-1.284972 3.102198 -3.704756
-1.509703 2.999264 -3.704756
-1.726252 2.880077 -3.704756
-1.933446 2.745282 -3.704756
-2.130162 2.595610 -3.704756
-2.315336 2.431873 -3.704756
-2.487962 2.254957 -3.704756
-2.647106 2.065821 -3.704756
-2.791904 1.865491 -3.704756
-2.921574 1.655051 -3.704756
-3.035411 1.435642 -3.704756
-3.132798 1.208454 -3.704756
-3.213209 0.974716 -3.704756
-3.276208 0.735697 -3.704756
-3.321452 0.492691 -3.704756
-3.348697 0.247015 -3.704756
-3.357795 0.000000 -3.704756
-3.348697 -0.247015 -3.704756
-3.321452 -0.492691 -3.704756
-3.276208 -0.735697 -3.704756
-3.213209 -0.974716 -3.704756
-3.132798 -1.208454 -3.704756
-3.035411 -1.435642 -3.704756
-2.921574 -1.655051 -3.704756
-2.791904 -1.865491 -3.704756
-2.647106 -2.065821 -3.704756
-2.487962 -2.254957 -3.704756
-2.315336 -2.431873 -3.704756
-2.130162 -2.595610 -3.704756
-1.933446 -2.745282 -3.704756
-1.726252 -2.880077 -3.704756
-1.509703 -2.999264 -3.704756
-1.284972 -3.102198 -3.704756
-1.053279 -3.188321 -3.704756
-0.815878 -3.257166 -3.704756
-0.574055 -3.308360 -3.704756
-0.329121 -3.341626 -3.704756
-0.082404 -3.356783 -3.704756
0.164759 -3.353750 -3.704756
0.411030 -3.332543 -3.704756
0.655073 -3.293276 -3.704756
0.895567 -3.236162 -3.704756
1.131207 -3.161512 -3.704756
1.360717 -3.069729 -3.704756
1.582853 -2.961311 -3.704756
1.796412 -2.836845 -3.704756
2.000236 -2.697006 -3.704756
2.193220 -2.542552 -3.704756
2.374319 -2.374319 -3.704756
2.242919 2.242919 -3.865052
2.071842 2.401841 -3.865052
1.889538 2.547747 -3.865052
1.696994 2.679847 -3.865052
1.495255 2.797425 -3.865052
1.285412 2.899843 -3.865052
1.068603 2.986546 -3.865052
0.846004 3.057065 -3.865052
0.618820 3.111018 -3.865052
0.388283 3.148112 -3.865052
0.155641 3.168146 -3.865052
-0.077844 3.171011 -3.865052
-0.310907 3.156693 -3.865052
-0.542285 3.125268 -3.865052
-0.770725 3.076907 -3.865052
-0.994988 3.011872 -3.865052
-1.213859 2.930515 -3.865052
-1.426152 2.833277 -3.865052
-1.630717 2.720686 -3.865052
-1.826444 2.593352 -3.865052
-2.012274 2.451963 -3.865052
-2.187199 2.297287 -3.865052
-2.350272 2.130162 -3.865052
-2.500608 1.951494 -3.865052
-2.637394 1.762250 -3.865052
-2.759887 1.563457 -3.865052
-2.867424 1.356190 -3.865052
-2.959422 1.141575 -3.865052
-3.035383 0.920773 -3.865052
-3.094894 0.694982 -3.865052
-3.137635 0.465424 -3.865052
-3.163372 0.233344 -3.865052
-3.171966 0.000000 -3.865052
-3.163372 -0.233344 -3.865052
-3.137635 -0.465424 -3.865052
-3.094894 -0.694982 -3.865052
-3.035383 -0.920773 -3.865052
-2.959422 -1.141575 -3.865052
-2.867424 -1.356190 -3.865052
-2.759887 -1.563457 -3.865052
-2.637394 -1.762250 -3.865052
-2.500608 -1.951494 -3.865052
-2.350272 -2.130162 -3.865052
-2.187199 -2.297287 -3.865052
-2.012274 -2.451963 -3.865052
-1.826444 -2.593352 -3.865052
-1.630717 -2.720686 -3.865052
-1.426152 -2.833277 -3.865052
-1.213859 -2.930515 -3.865052
-0.994988 -3.011872 -3.865052
-0.770725 -3.076907 -3.865052
-0.542285 -3.125268 -3.865052
-0.310907 -3.156693 -3.865052
-0.077844 -3.171011 -3.865052
0.155641 -3.168146 -3.865052
0.388283 -3.148112 -3.865052
0.618820 -3.111018 -3.865052
0.846004 -3.057065 -3.865052
1.068603 -2.986546 -3.865052
1.285412 -2.899843 -3.865052
1.495255 -2.797425 -3.865052
1.696994 -2.679847 -3.865052
1.889538 -2.547747 -3.865052
2.071842 -2.401841 -3.865052
2.242919 -2.242919 -3.865052
2.106115 2.106115 -4.016038
1.945473 2.255344 -4.016038
1.774288 2.392351 -4.016038
1.593489 2.516393 -4.016038
1.404054 2.626799 -4.016038
1.207010 2.722971 -4.016038
1.003425 2.804386 -4.016038
0.794403 2.870604 -4.016038
0.581076 2.921266 -4.016038
0.364600 2.956097 -4.016038
0.146148 2.974909 -4.016038
-0.073096 2.977599 -4.016038
-0.291944 2.964154 -4.016038
-0.509209 2.934646 -4.016038
-0.723716 2.889235 -4.016038
-0.934300 2.828166 -4.016038
-1.139821 2.751772 -4.016038
-1.339166 2.660465 -4.016038
-1.531253 2.554742 -4.016038
-1.715043 2.435174 -4.016038
-1.889538 2.302409 -4.016038
-2.053794 2.157167 -4.016038
-2.206920 2.000236 -4.016038
-2.348087 1.832465 -4.016038
-2.476529 1.654764 -4.016038
-2.591551 1.468096 -4.016038
-2.692529 1.273471 -4.016038
-2.778916 1.071946 -4.016038
-2.850243 0.864612 -4.016038
-2.906125 0.652592 -4.016038
-2.946259 0.437036 -4.016038
-2.970426 0.219112 -4.016038
-2.978497 0.000000 -4.016038
-2.970426 -0.219112 -4.016038
-2.946259 -0.437036 -4.016038
-2.906125 -0.652592 -4.016038
-2.850243 -0.864612 -4.016038
-2.778916 -1.071946 -4.016038
-2.692529 -1.273471 -4.016038
-2.591551 -1.468096 -4.016038
-2.476529 -1.654764 -4.016038
-2.348087 -1.832465 -4.016038
-2.206920 -2.000236 -4.016038
-2.053794 -2.157167 -4.016038
-1.889538 -2.302409 -4.016038
-1.715043 -2.435174 -4.016038
-1.531253 -2.554742 -4.016038
-1.339166 -2.660465 -4.016038
-1.139821 -2.751772 -4.016038
-0.934300 -2.828166 -4.016038
-0.723716 -2.889235 -4.016038
-0.509209 -2.934646 -4.016038
-0.291944 -2.964154 -4.016038
-0.073096 -2.977599 -4.016038
0.146148 -2.974909 -4.016038
0.364600 -2.956097 -4.016038
0.581076 -2.921266 -4.016038
0.794403 -2.870604 -4.016038
1.003425 -2.804386 -4.016038
1.207010 -2.722971 -4.016038
1.404054 -2.626799 -4.016038
1.593489 -2.516393 -4.016038
1.774288 -2.392351 -4.016038
1.945473 -2.255344 -4.016038
2.106115 -2.106115 -4.016038
1.964237 1.964237 -4.157348
1.814417 2.103413 -4.157348
1.654764 2.231191 -4.157348
1.486144 2.346877 -4.157348
1.309470 2.449846 -4.157348
1.125700 2.539539 -4.157348
0.935830 2.615469 -4.157348
0.740888 2.677226 -4.157348
0.541932 2.724476 -4.157348
0.340039 2.756960 -4.157348
0.136303 2.774505 -4.157348
-0.068172 2.777015 -4.157348
-0.272277 2.764475 -4.157348
-0.474907 2.736955 -4.157348
-0.674963 2.694602 -4.157348
-0.871361 2.637648 -4.157348
-1.063038 2.566400 -4.157348
-1.248953 2.481244 -4.157348
-1.428101 2.382642 -4.157348
-1.599509 2.271129 -4.157348
-1.762250 2.147308 -4.157348
-1.915441 2.011851 -4.157348
-2.058252 1.865491 -4.157348
-2.189909 1.709022 -4.157348
-2.309699 1.543291 -4.157348
-2.416972 1.369198 -4.157348
-2.511148 1.187684 -4.157348
-2.591715 0.999735 -4.157348
-2.658238 0.806368 -4.157348
-2.710355 0.608631 -4.157348
-2.747785 0.407595 -4.157348
-2.770324 0.204351 -4.157348
-2.777851 0.000000 -4.157348
-2.770324 -0.204351 -4.157348
-2.747785 -0.407595 -4.157348
-2.710355 -0.608631 -4.157348
-2.658238 -0.806368 -4.157348
-2.591715 -0.999735 -4.157348
-2.511148 -1.187684 -4.157348
-2.416972 -1.369198 -4.157348
-2.309699 -1.543291 -4.157348
-2.189909 -1.709022 -4.157348
-2.058252 -1.865491 -4.157348
-1.915441 -2.011851 -4.157348
-1.762250 -2.147308 -4.157348
-1.599509 -2.271129 -4.157348
-1.428101 -2.382642 -4.157348
-1.248953 -2.481244 -4.157348
-1.063038 -2.566400 -4.157348
-0.871361 -2.637648 -4.157348
-0.674963 -2.694602 -4.157348
-0.474907 -2.736955 -4.157348
-0.272277 -2.764475 -4.157348
-0.068172 -2.777015 -4.157348
0.136303 -2.774505 -4.157348
0.340039 -2.756960 -4.157348
0.541932 -2.724476 -4.157348
0.740888 -2.677226 -4.157348
0.935830 -2.615469 -4.157348
1.125700 -2.539539 -4.157348
1.309470 -2.449846 -4.157348
1.486144 -2.346877 -4.157348
1.654764 -2.231191 -4.157348
1.814417 -2.103413 -4.157348
1.964237 -1.964237 -4.157348
1.817628 1.817628 -4.288643
1.678990 1.946416 -4.288643
1.531253 2.064656 -4.288643
1.375219 2.171708 -4.288643
1.211732 2.266991 -4.288643
1.041678 2.349989 -4.288643
0.865980 2.420252 -4.288643
0.685589 2.477400 -4.288643
0.501482 2.521122 -4.288643
0.314658 2.551182 -4.288643
0.126129 2.567417 -4.288643
-0.063084 2.569740 -4.288643
-0.251954 2.558136 -4.288643
-0.439460 2.532670 -4.288643
-0.624584 2.493479 -4.288643
-0.806323 2.440775 -4.288643
-0.983693 2.374845 -4.288643
-1.155732 2.296045 -4.288643
-1.321508 2.204803 -4.288643
-1.480123 2.101613 -4.288643
-1.630717 1.987034 -4.288643
-1.772473 1.861687 -4.288643
-1.904625 1.726252 -4.288643
-2.026455 1.581461 -4.288643
-2.137304 1.428101 -4.288643
-2.236571 1.267002 -4.288643
-2.323717 1.099036 -4.288643
-2.398271 0.925115 -4.288643
-2.459828 0.746181 -4.288643
-2.508056 0.563203 -4.288643
-2.542692 0.377173 -4.288643
-2.563549 0.189099 -4.288643
-2.570514 0.000000 -4.288643
-2.563549 -0.189099 -4.288643
-2.542692 -0.377173 -4.288643
-2.508056 -0.563203 -4.288643
-2.459828 -0.746181 -4.288643
-2.398271 -0.925115 -4.288643
-2.323717 -1.099036 -4.288643
-2.236571 -1.267002 -4.288643
-2.137304 -1.428101 -4.288643
-2.026455 -1.581461 -4.288643
-1.904625 -1.726252 -4.288643
-1.772473 -1.861687 -4.288643
-1.630717 -1.987034 -4.288643
-1.480123 -2.101613 -4.288643
-1.321508 -2.204803 -4.288643
-1.155732 -2.296045 -4.288643
-0.983693 -2.374845 -4.288643
-0.806323 -2.440775 -4.288643
-0.624584 -2.493479 -4.288643
-0.439460 -2.532670 -4.288643
-0.251954 -2.558136 -4.288643
-0.063084 -2.569740 -4.288643
0.126129 -2.567417 -4.288643
0.314658 -2.551182 -4.288643
0.501482 -2.521122 -4.288643
0.685589 -2.477400 -4.288643
0.865980 -2.420252 -4.288643
1.041678 -2.349989 -4.288643
1.211732 -2.266991 -4.288643
1.375219 -2.171708 -4.288643
1.531253 -2.064656 -4.288643
1.678990 -1.946416 -4.288643
1.817628 -1.817628 -4.288643
1.666639 1.666639 -4.409606
1.539518 1.784729 -4.409606
1.404054 1.893147 -4.409606
1.260981 1.991306 -4.409606
1.111074 2.078674 -4.409606
0.955147 2.154777 -4.409606
0.794044 2.219204 -4.409606
0.628638 2.271604 -4.409606
0.459825 2.311695 -4.409606
0.288520 2.339258 -4.409606
0.115652 2.354145 -4.409606
-0.057843 2.356274 -4.409606
-0.231025 2.345634 -4.409606
-0.402954 2.322283 -4.409606
-0.572700 2.286348 -4.409606
-0.739343 2.238022 -4.409606
-0.901979 2.177569 -4.409606
-1.059727 2.105315 -4.409606
-1.211732 2.021652 -4.409606
-1.357171 1.927034 -4.409606
-1.495255 1.821973 -4.409606
-1.625236 1.707039 -4.409606
-1.746410 1.582853 -4.409606
-1.858120 1.450091 -4.409606
-1.959760 1.309470 -4.409606
-2.050781 1.161753 -4.409606
-2.130688 1.007740 -4.409606
-2.199049 0.848267 -4.409606
-2.255493 0.684196 -4.409606
-2.299714 0.516418 -4.409606
-2.331473 0.345841 -4.409606
-2.350597 0.173390 -4.409606
-2.356984 0.000000 -4.409606
-2.350597 -0.173390 -4.409606
-2.331473 -0.345841 -4.409606
-2.299714 -0.516418 -4.409606
-2.255493 -0.684196 -4.409606
-2.199049 -0.848267 -4.409606
-2.130688 -1.007740 -4.409606
-2.050781 -1.161753 -4.409606
-1.959760 -1.309470 -4.409606
-1.858120 -1.450091 -4.409606
-1.746410 -1.582853 -4.409606
-1.625236 -1.707039 -4.409606
-1.495255 -1.821973 -4.409606
-1.357171 -1.927034 -4.409606
-1.211732 -2.021652 -4.409606
-1.059727 -2.105315 -4.409606
-0.901979 -2.177569 -4.409606
-0.739343 -2.238022 -4.409606
-0.572700 -2.286348 -4.409606
-0.402954 -2.322283 -4.409606
-0.231025 -2.345634 -4.409606
-0.057843 -2.356274 -4.409606
0.115652 -2.354145 -4.409606
0.288520 -2.339258 -4.409606
0.459825 -2.311695 -4.409606
0.628638 -2.271604 -4.409606
0.794044 -2.219204 -4.409606
0.955147 -2.154777 -4.409606
1.111074 -2.078674 -4.409606
1.260981 -1.991306 -4.409606
1.404054 -1.893147 -4.409606
1.539518 -1.784729 -4.409606
1.666639 -1.666639 -4.409606
1.511636 1.511636 -4.519946
1.396337 1.618742 -4.519946
1.273471 1.717077 -4.519946
1.143705 1.806107 -4.519946
1.007740 1.885350 -4.519946
0.866315 1.954375 -4.519946
0.720195 2.012810 -4.519946
0.570172 2.060337 -4.519946
0.417059 2.096699 -4.519946
0.261687 2.121698 -4.519946
0.104896 2.135200 -4.519946
-0.052464 2.137132 -4.519946
-0.209539 2.127481 -4.519946
-0.365478 2.106302 -4.519946
-0.519437 2.073709 -4.519946
-0.670581 2.029878 -4.519946
-0.818091 1.975047 -4.519946
-0.961168 1.909513 -4.519946
-1.099036 1.833631 -4.519946
-1.230949 1.747813 -4.519946
-1.356190 1.652523 -4.519946
-1.474083 1.548278 -4.519946
-1.583987 1.435642 -4.519946
-1.685308 1.315227 -4.519946
-1.777495 1.187684 -4.519946
-1.860051 1.053706 -4.519946
-1.932526 0.914017 -4.519946
-1.994529 0.769375 -4.519946
-2.045724 0.620563 -4.519946
-2.085832 0.468389 -4.519946
-2.114637 0.313677 -4.519946
-2.131983 0.157265 -4.519946
-2.137775 0.000000 -4.519946
-2.131983 -0.157265 -4.519946
-2.114637 -0.313677 -4.519946
-2.085832 -0.468389 -4.519946
-2.045724 -0.620563 -4.519946
-1.994529 -0.769375 -4.519946
-1.932526 -0.914017 -4.519946
-1.860051 -1.053706 -4.519946
-1.777495 -1.187684 -4.519946
-1.685308 -1.315227 -4.519946
-1.583987 -1.435642 -4.519946
-1.474083 -1.548278 -4.519946
-1.356190 -1.652523 -4.519946
-1.230949 -1.747813 -4.519946
-1.099036 -1.833631 -4.519946
-0.961168 -1.909513 -4.519946
-0.818091 -1.975047 -4.519946
-0.670581 -2.029878 -4.519946
-0.519437 -2.073709 -4.519946
-0.365478 -2.106302 -4.519946
-0.209539 -2.127481 -4.519946
-0.052464 -2.137132 -4.519946
0.104896 -2.135200 -4.519946
0.261687 -2.121698 -4.519946
0.417059 -2.096699 -4.519946
0.570172 -2.060337 -4.519946
0.720195 -2.012810 -4.519946
0.866315 -1.954375 -4.519946
1.007740 -1.885350 -4.519946
1.143705 -1.806107 -4.519946
1.273471 -1.717077 -4.519946
1.396337 -1.618742 -4.519946
1.511636 -1.511636 -4.519946
1.352990 1.352990 -4.619398
1.249792 1.448856 -4.619398
1.139821 1.536871 -4.619398
1.023674 1.616557 -4.619398
0.901979 1.687483 -4.619398
0.775396 1.749265 -4.619398
0.644611 1.801567 -4.619398
0.510333 1.844106 -4.619398
0.373289 1.876651 -4.619398
0.234223 1.899027 -4.619398
0.093887 1.911112 -4.619398
-0.046958 1.912841 -4.619398
-0.187548 1.904204 -4.619398
-0.327121 1.885247 -4.619398
-0.464922 1.856074 -4.619398
-0.600204 1.816844 -4.619398
-0.732233 1.767767 -4.619398
-0.860294 1.709111 -4.619398
-0.983693 1.641193 -4.619398
-1.101761 1.564381 -4.619398
-1.213859 1.479091 -4.619398
-1.319379 1.385787 -4.619398
-1.417749 1.284972 -4.619398
-1.508436 1.177195 -4.619398
-1.590948 1.063038 -4.619398
-1.664839 0.943120 -4.619398
-1.729709 0.818091 -4.619398
-1.785204 0.688629 -4.619398
-1.831026 0.555436 -4.619398
-1.866925 0.419232 -4.619398
-1.892707 0.280757 -4.619398
-1.908233 0.140760 -4.619398
-1.913417 0.000000 -4.619398
-1.908233 -0.140760 -4.619398
-1.892707 -0.280757 -4.619398
-1.866925 -0.419232 -4.619398
-1.831026 -0.555436 -4.619398
-1.785204 -0.688629 -4.619398
-1.729709 -0.818091 -4.619398
-1.664839 -0.943120 -4.619398
-1.590948 -1.063038 -4.619398
-1.508436 -1.177195 -4.619398
-1.417749 -1.284972 -4.619398
-1.319379 -1.385787 -4.619398
-1.213859 -1.479091 -4.619398
-1.101761 -1.564381 -4.619398
-0.983693 -1.641193 -4.619398
-0.860294 -1.709111 -4.619398
-0.732233 -1.767767 -4.619398
-0.600204 -1.816844 -4.619398
-0.464922 -1.856074 -4.619398
-0.327121 -1.885247 -4.619398
-0.187548 -1.904204 -4.619398
-0.046958 -1.912841 -4.619398
0.093887 -1.911112 -4.619398
0.234223 -1.899027 -4.619398
0.373289 -1.876651 -4.619398
0.510333 -1.844106 -4.619398
0.644611 -1.801567 -4.619398
0.775396 -1.749265 -4.619398
0.901979 -1.687483 -4.619398
1.023674 -1.616557 -4.619398
1.139821 -1.536871 -4.619398
1.249792 -1.448856 -4.619398
1.352990 -1.352990 -4.619398
1.191085 1.191085 -4.707720
1.100237 1.275480 -4.707720
1.003425 1.352962 -4.707720
0.901176 1.423113 -4.707720
0.794044 1.485552 -4.707720
0.682608 1.539940 -4.707720
0.567474 1.585983 -4.707720
0.449264 1.623432 -4.707720
0.328620 1.652083 -4.707720
0.206195 1.671781 -4.707720
0.082652 1.682420 -4.707720
-0.041338 1.683942 -4.707720
-0.165105 1.676338 -4.707720
-0.287977 1.659650 -4.707720
-0.409288 1.633968 -4.707720
-0.528381 1.599432 -4.707720
-0.644611 1.556228 -4.707720
-0.757347 1.504591 -4.707720
-0.865980 1.444800 -4.707720
-0.969920 1.377180 -4.707720
-1.068603 1.302097 -4.707720
-1.161496 1.219957 -4.707720
-1.248095 1.131207 -4.707720
-1.327930 1.036326 -4.707720
-1.400568 0.935830 -4.707720
-1.465617 0.830262 -4.707720
-1.522724 0.720195 -4.707720
-1.571579 0.606225 -4.707720
-1.611917 0.488970 -4.707720
-1.643521 0.369065 -4.707720
-1.666218 0.247160 -4.707720
-1.679885 0.123916 -4.707720
-1.684449 0.000000 -4.707720
-1.679885 -0.123916 -4.707720
-1.666218 -0.247160 -4.707720
-1.643521 -0.369065 -4.707720
-1.611917 -0.488970 -4.707720
-1.571579 -0.606225 -4.707720
-1.522724 -0.720195 -4.707720
-1.465617 -0.830262 -4.707720
-1.400568 -0.935830 -4.707720
-1.327930 -1.036326 -4.707720
-1.248095 -1.131207 -4.707720
-1.161496 -1.219957 -4.707720
-1.068603 -1.302097 -4.707720
-0.969920 -1.377180 -4.707720
-0.865980 -1.444800 -4.707720
-0.757347 -1.504591 -4.707720
-0.644611 -1.556228 -4.707720
-0.528381 -1.599432 -4.707720
-0.409288 -1.633968 -4.707720
-0.287977 -1.659650 -4.707720
-0.165105 -1.676338 -4.707720
-0.041338 -1.683942 -4.707720
0.082652 -1.682420 -4.707720
0.206195 -1.671781 -4.707720
0.328620 -1.652083 -4.707720
0.449264 -1.623432 -4.707720
0.567474 -1.585983 -4.707720
0.682608 -1.539940 -4.707720
0.794044 -1.485552 -4.707720
0.901176 -1.423113 -4.707720
1.003425 -1.352962 -4.707720
1.100237 -1.275480 -4.707720
1.191085 -1.191085 -4.707720
1.026311 1.026311 -4.784702
0.948030 1.099031 -4.784702
0.864612 1.165794 -4.784702
0.776508 1.226240 -4.784702
0.684196 1.280041 -4.784702
0.588177 1.326905 -4.784702
0.488970 1.366579 -4.784702
0.387113 1.398847 -4.784702
0.283159 1.423535 -4.784702
0.177670 1.440508 -4.784702
0.071218 1.449675 -4.784702
-0.035620 1.450986 -4.784702
-0.142264 1.444434 -4.784702
-0.248138 1.430055 -4.784702
-0.352667 1.407926 -4.784702
-0.455285 1.378167 -4.784702
-0.555436 1.340940 -4.784702
-0.652576 1.296447 -4.784702
-0.746181 1.244927 -4.784702
-0.835741 1.186662 -4.784702
-0.920773 1.121965 -4.784702
-1.000815 1.051189 -4.784702
-1.075434 0.974716 -4.784702
-1.144224 0.892962 -4.784702
-1.206814 0.806368 -4.784702
-1.262865 0.715404 -4.784702
-1.312071 0.620563 -4.784702
-1.354168 0.522360 -4.784702
-1.388926 0.421326 -4.784702
-1.416157 0.318009 -4.784702
-1.435714 0.212968 -4.784702
-1.447491 0.106773 -4.784702
-1.451423 0.000000 -4.784702
-1.447491 -0.106773 -4.784702
-1.435714 -0.212968 -4.784702
-1.416157 -0.318009 -4.784702
-1.388926 -0.421326 -4.784702
-1.354168 -0.522360 -4.784702
-1.312071 -0.620563 -4.784702
-1.262865 -0.715404 -4.784702
-1.206814 -0.806368 -4.784702
-1.144224 -0.892962 -4.784702
-1.075434 -0.974716 -4.784702
-1.000815 -1.051189 -4.784702
-0.920773 -1.121965 -4.784702
-0.835741 -1.186662 -4.784702
-0.746181 -1.244927 -4.784702
-0.652576 -1.296447 -4.784702
-0.555436 -1.340940 -4.784702
-0.455285 -1.378167 -4.784702
-0.352667 -1.407926 -4.784702
-0.248138 -1.430055 -4.784702
-0.142264 -1.444434 -4.784702
-0.035620 -1.450986 -4.784702
0.071218 -1.449675 -4.784702
0.177670 -1.440508 -4.784702
0.283159 -1.423535 -4.784702
0.387113 -1.398847 -4.784702
0.488970 -1.366579 -4.784702
0.588177 -1.326905 -4.784702
0.684196 -1.280041 -4.784702
0.776508 -1.226240 -4.784702
0.864612 -1.165794 -4.784702
0.948030 -1.099031 -4.784702
1.026311 -1.026311 -4.784702
0.859065 0.859065 -4.850156
0.793540 0.919934 -4.850156
0.723716 0.975818 -4.850156
0.649969 1.026413 -4.850156
0.572700 1.071447 -4.850156
0.492328 1.110674 -4.850156
0.409288 1.143883 -4.850156
0.324030 1.170892 -4.850156
0.237015 1.191557 -4.850156
0.148717 1.205764 -4.850156
0.059612 1.213437 -4.850156
-0.029815 1.214535 -4.850156
-0.119081 1.209051 -4.850156
-0.207702 1.197015 -4.850156
-0.295197 1.178492 -4.850156
-0.381092 1.153583 -4.850156
-0.464922 1.122422 -4.850156
-0.546233 1.085179 -4.850156
-0.624584 1.042055 -4.850156
-0.699550 0.993285 -4.850156
-0.770725 0.939131 -4.850156
-0.837723 0.879888 -4.850156
-0.900182 0.815878 -4.850156
-0.957763 0.747445 -4.850156
-1.010153 0.674963 -4.850156
-1.057069 0.598822 -4.850156
-1.098257 0.519437 -4.850156
-1.133494 0.437237 -4.850156
-1.162588 0.352667 -4.850156
-1.185381 0.266186 -4.850156
-1.201751 0.178263 -4.850156
-1.211609 0.089374 -4.850156
-1.214901 0.000000 -4.850156
-1.211609 -0.089374 -4.850156
-1.201751 -0.178263 -4.850156
-1.185381 -0.266186 -4.850156
-1.162588 -0.352667 -4.850156
-1.133494 -0.437237 -4.850156
-1.098257 -0.519437 -4.850156
-1.057069 -0.598822 -4.850156
-1.010153 -0.674963 -4.850156
-0.957763 -0.747445 -4.850156
-0.900182 -0.815878 -4.850156
-0.837723 -0.879888 -4.850156
-0.770725 -0.939131 -4.850156
-0.699550 -0.993285 -4.850156
-0.624584 -1.042055 -4.850156
-0.546233 -1.085179 -4.850156
-0.464922 -1.122422 -4.850156
-0.381092 -1.153583 -4.850156
-0.295197 -1.178492 -4.850156
-0.207702 -1.197015 -4.850156
-0.119081 -1.209051 -4.850156
-0.029815 -1.214535 -4.850156
0.059612 -1.213437 -4.850156
0.148717 -1.205764 -4.850156
0.237015 -1.191557 -4.850156
0.324030 -1.170892 -4.850156
0.409288 -1.143883 -4.850156
0.492328 -1.110674 -4.850156
0.572700 -1.071447 -4.850156
0.649969 -1.026413 -4.850156
0.723716 -0.975818 -4.850156
0.793540 -0.919934 -4.850156
0.859065 -0.859065 -4.850156
0.689748 0.689748 -4.903926
0.637139 0.738621 -4.903926
0.581076 0.783490 -4.903926
0.521864 0.824114 -4.903926
0.459825 0.860272 -4.903926
0.395293 0.891767 -4.903926
0.328620 0.918431 -4.903926
0.260165 0.940117 -4.903926
0.190301 0.956709 -4.903926
0.119406 0.968116 -4.903926
0.047863 0.974277 -4.903926
-0.023939 0.975158 -4.903926
-0.095611 0.970755 -4.903926
-0.166765 0.961091 -4.903926
-0.237015 0.946219 -4.903926
-0.305981 0.926219 -4.903926
-0.373289 0.901200 -4.903926
-0.438574 0.871297 -4.903926
-0.501482 0.836673 -4.903926
-0.561673 0.797514 -4.903926
-0.618820 0.754034 -4.903926
-0.672613 0.706468 -4.903926
-0.722762 0.655073 -4.903926
-0.768994 0.600129 -4.903926
-0.811058 0.541932 -4.903926
-0.848728 0.480798 -4.903926
-0.881798 0.417059 -4.903926
-0.910089 0.351060 -4.903926
-0.933449 0.283159 -4.903926
-0.951750 0.213723 -4.903926
-0.964894 0.143128 -4.903926
-0.972809 0.071759 -4.903926
-0.975452 0.000000 -4.903926
-0.972809 -0.071759 -4.903926
-0.964894 -0.143128 -4.903926
-0.951750 -0.213723 -4.903926
-0.933449 -0.283159 -4.903926
-0.910089 -0.351060 -4.903926
-0.881798 -0.417059 -4.903926
-0.848728 -0.480798 -4.903926
-0.811058 -0.541932 -4.903926
-0.768994 -0.600129 -4.903926
-0.722762 -0.655073 -4.903926
-0.672613 -0.706468 -4.903926
-0.618820 -0.754034 -4.903926
-0.561673 -0.797514 -4.903926
-0.501482 -0.836673 -4.903926
-0.438574 -0.871297 -4.903926
-0.373289 -0.901200 -4.903926
-0.305981 -0.926219 -4.903926
-0.237015 -0.946219 -4.903926
-0.166765 -0.961091 -4.903926
-0.095611 -0.970755 -4.903926
-0.023939 -0.975158 -4.903926
0.047863 -0.974277 -4.903926
0.119406 -0.968116 -4.903926
0.190301 -0.956709 -4.903926
0.260165 -0.940117 -4.903926
0.328620 -0.918431 -4.903926
0.395293 -0.891767 -4.903926
0.459825 -0.860272 -4.903926
0.521864 -0.824114 -4.903926
0.581076 -0.783490 -4.903926
0.637139 -0.738621 -4.903926
0.689748 -0.689748 -4.903926
0.518771 0.518771 -4.945883
0.479202 0.555528 -4.945883
0.437036 0.589275 -4.945883
0.392502 0.619829 -4.945883
0.345841 0.647024 -4.945883
0.297306 0.670712 -4.945883
0.247160 0.690766 -4.945883
0.195674 0.707077 -4.945883
0.143128 0.719555 -4.945883
0.089807 0.728135 -4.945883
0.035999 0.732769 -4.945883
-0.018005 0.733431 -4.945883
-0.071911 0.730120 -4.945883
-0.125427 0.722851 -4.945883
-0.178263 0.711666 -4.945883
-0.230133 0.696624 -4.945883
-0.280757 0.677806 -4.945883
-0.329858 0.655316 -4.945883
-0.377173 0.629275 -4.945883
-0.422443 0.599823 -4.945883
-0.465424 0.567121 -4.945883
-0.505883 0.531346 -4.945883
-0.543601 0.492691 -4.945883
-0.578372 0.451366 -4.945883
-0.610010 0.407595 -4.945883
-0.638341 0.361616 -4.945883
-0.663214 0.313677 -4.945883
-0.684492 0.264038 -4.945883
-0.702062 0.212968 -4.945883
-0.715826 0.160744 -4.945883
-0.725712 0.107649 -4.945883
-0.731665 0.053971 -4.945883
-0.733652 0.000000 -4.945883
-0.731665 -0.053971 -4.945883
-0.725712 -0.107649 -4.945883
-0.715826 -0.160744 -4.945883
-0.702062 -0.212968 -4.945883
-0.684492 -0.264038 -4.945883
-0.663214 -0.313677 -4.945883
-0.638341 -0.361616 -4.945883
-0.610010 -0.407595 -4.945883
-0.578372 -0.451366 -4.945883
-0.543601 -0.492691 -4.945883
-0.505883 -0.531346 -4.945883
-0.465424 -0.567121 -4.945883
-0.422443 -0.599823 -4.945883
-0.377173 -0.629275 -4.945883
-0.329858 -0.655316 -4.945883
-0.280757 -0.677806 -4.945883
-0.230133 -0.696624 -4.945883
-0.178263 -0.711666 -4.945883
-0.125427 -0.722851 -4.945883
-0.071911 -0.730120 -4.945883
-0.018005 -0.733431 -4.945883
0.035999 -0.732769 -4.945883
0.089807 -0.728135 -4.945883
0.143128 -0.719555 -4.945883
0.195674 -0.707077 -4.945883
0.247160 -0.690766 -4.945883
0.297306 -0.670712 -4.945883
0.345841 -0.647024 -4.945883
0.392502 -0.619829 -4.945883
0.437036 -0.589275 -4.945883
0.479202 -0.555528 -4.945883
0.518771 -0.518771 -4.945883
0.346543 0.346543 -4.975924
0.320111 0.371097 -4.975924
0.291944 0.393641 -4.975924
0.262195 0.414051 -4.975924
0.231025 0.432217 -4.975924
0.198603 0.448041 -4.975924
0.165105 0.461437 -4.975924
0.130712 0.472333 -4.975924
0.095611 0.480669 -4.975924
0.059992 0.486400 -4.975924
0.024047 0.489495 -4.975924
-0.012027 0.489938 -4.975924
-0.048037 0.487726 -4.975924
-0.083786 0.482870 -4.975924
-0.119081 0.475398 -4.975924
-0.153731 0.465350 -4.975924
-0.187548 0.452780 -4.975924
-0.220348 0.437756 -4.975924
-0.251954 0.420361 -4.975924
-0.282195 0.400687 -4.975924
-0.310907 0.378841 -4.975924
-0.337934 0.354943 -4.975924
-0.363130 0.329121 -4.975924
-0.386357 0.301516 -4.975924
-0.407491 0.272277 -4.975924
-0.426417 0.241562 -4.975924
-0.443032 0.209539 -4.975924
-0.457246 0.176379 -4.975924
-0.468983 0.142264 -4.975924
-0.478178 0.107378 -4.975924
-0.484781 0.071911 -4.975924
-0.488758 0.036053 -4.975924
-0.490086 0.000000 -4.975924
-0.488758 -0.036053 -4.975924
-0.484781 -0.071911 -4.975924
-0.478178 -0.107378 -4.975924
-0.468983 -0.142264 -4.975924
-0.457246 -0.176379 -4.975924
-0.443032 -0.209539 -4.975924
-0.426417 -0.241562 -4.975924
-0.407491 -0.272277 -4.975924
-0.386357 -0.301516 -4.975924
-0.363130 -0.329121 -4.975924
-0.337934 -0.354943 -4.975924
-0.310907 -0.378841 -4.975924
-0.282195 -0.400687 -4.975924
-0.251954 -0.420361 -4.975924
-0.220348 -0.437756 -4.975924
-0.187548 -0.452780 -4.975924
-0.153731 -0.465350 -4.975924
-0.119081 -0.475398 -4.975924
-0.083786 -0.482870 -4.975924
-0.048037 -0.487726 -4.975924
-0.012027 -0.489938 -4.975924
0.024047 -0.489495 -4.975924
0.059992 -0.486400 -4.975924
0.095611 -0.480669 -4.975924
0.130712 -0.472333 -4.975924
0.165105 -0.461437 -4.975924
0.198603 -0.448041 -4.975924
0.231025 -0.432217 -4.975924
0.262195 -0.414051 -4.975924
0.291944 -0.393641 -4.975924
0.320111 -0.371097 -4.975924
0.346543 -0.346543 -4.975924
0.173480 0.173480 -4.993977
0.160248 0.185772 -4.993977
0.146148 0.197058 -4.993977
0.131255 0.207275 -4.993977
0.115652 0.216369 -4.993977
0.099421 0.224291 -4.993977
0.082652 0.230997 -4.993977
0.065435 0.236451 -4.993977
0.047863 0.240624 -4.993977
0.030032 0.243493 -4.993977
0.012038 0.245043 -4.993977
-0.006021 0.245264 -4.993977
-0.024047 0.244157 -4.993977
-0.041944 0.241726 -4.993977
-0.059612 0.237986 -4.993977
-0.076958 0.232956 -4.993977
-0.093887 0.226663 -4.993977
-0.110307 0.219142 -4.993977
-0.126129 0.210434 -4.993977
-0.141268 0.200585 -4.993977
-0.155641 0.189649 -4.993977
-0.169171 0.177686 -4.993977
-0.181784 0.164759 -4.993977
-0.193412 0.150940 -4.993977
-0.203991 0.136303 -4.993977
-0.213466 0.120927 -4.993977
-0.221783 0.104896 -4.993977
-0.228899 0.088296 -4.993977
-0.234774 0.071218 -4.993977
-0.239377 0.053754 -4.993977
-0.242683 0.035999 -4.993977
-0.244674 0.018048 -4.993977
-0.245338 0.000000 -4.993977
-0.244674 -0.018048 -4.993977
-0.242683 -0.035999 -4.993977
-0.239377 -0.053754 -4.993977
-0.234774 -0.071218 -4.993977
-0.228899 -0.088296 -4.993977
-0.221783 -0.104896 -4.993977
-0.213466 -0.120927 -4.993977
-0.203991 -0.136303 -4.993977
-0.193412 -0.150940 -4.993977
-0.181784 -0.164759 -4.993977
-0.169171 -0.177686 -4.993977
-0.155641 -0.189649 -4.993977
-0.141268 -0.200585 -4.993977
-0.126129 -0.210434 -4.993977
-0.110307 -0.219142 -4.993977
-0.093887 -0.226663 -4.993977
-0.076958 -0.232956 -4.993977
-0.059612 -0.237986 -4.993977
-0.041944 -0.241726 -4.993977
-0.024047 -0.244157 -4.993977
-0.006021 -0.245264 -4.993977
0.012038 -0.245043 -4.993977
0.030032 -0.243493 -4.993977
0.047863 -0.240624 -4.993977
0.065435 -0.236451 -4.993977
0.082652 -0.230997 -4.993977
0.099421 -0.224291 -4.993977
0.115652 -0.216369 -4.993977
0.131255 -0.207275 -4.993977
0.146148 -0.197058 -4.993977
0.160248 -0.185772 -4.993977
0.173480 -0.173480 -4.993977
3 1 3 4
3 2 4034 4033
3 1 4 5
3 2 4035 4034
3 1 5 6
3 2 4036 4035
3 1 6 7
3 2 4037 4036
3 1 7 8
3 2 4038 4037
3 1 8 9
3 2 4039 4038
3 1 9 10
3 2 4040 4039
3 1 10 11
3 2 4041 4040
3 1 11 12
3 2 4042 4041
3 1 12 13
3 2 4043 4042
3 1 13 14
3 2 4044 4043
3 1 14 15
3 2 4045 4044
3 1 15 16
3 2 4046 4045
3 1 16 17
3 2 4047 4046
3 1 17 18
3 2 4048 4047
3 1 18 19
3 2 4049 4048
3 1 19 20
3 2 4050 4049
3 1 20 21
3 2 4051 4050
3 1 21 22
3 2 4052 4051
3 1 22 23
3 2 4053 4052
3 1 23 24
3 2 4054 4053
3 1 24 25
3 2 4055 4054
3 1 25 26
3 2 4056 4055
3 1 26 27
3 2 4057 4056
3 1 27 28
3 2 4058 4057
3 1 28 29
3 2 4059 4058
3 1 29 30
3 2 4060 4059
3 1 30 31
3 2 4061 4060
3 1 31 32
3 2 4062 4061
3 1 32 33
3 2 4063 4062
3 1 33 34
3 2 4064 4063
3 1 34 35
3 2 4065 4064
3 1 35 36
3 2 4066 4065
3 1 36 37
3 2 4067 4066
3 1 37 38
3 2 4068 4067
3 1 38 39
3 2 4069 4068
3 1 39 40
3 2 4070 4069
3 1 40 41
3 2 4071 4070
3 1 41 42
3 2 4072 4071
3 1 42 43
3 2 4073 4072
3 1 43 44
3 2 4074 4073
3 1 44 45
3 2 4075 4074
3 1 45 46
3 2 4076 4075
3 1 46 47
3 2 4077 4076
3 1 47 48
3 2 4078 4077
3 1 48 49
3 2 4079 4078
3 1 49 50
3 2 4080 4079
3 1 50 51
3 2 4081 4080
3 1 51 52
3 2 4082 4081
3 1 52 53
3 2 4083 4082
3 1 53 54
3 2 4084 4083
3 1 54 55
3 2 4085 4084
3 1 55 56
3 2 4086 4085
3 1 56 57
3 2 4087 4086
3 1 57 58
3 2 4088 4087
3 1 58 59
3 2 4089 4088
3 1 59 60
3 2 4090 4089
3 1 60 61
3 2 4091 4090
3 1 61 62
3 2 4092 4091
3 1 62 63
3 2 4093 4092
3 1 63 64
3 2 4094 4093
3 1 64 65
3 2 4095 4094
3 1 65 66
3 2 4096 4095
3 1 66 67
3 2 4097 4096
3 3 68 4
3 4 68 69
3 4 69 5
3 5 69 70
3 5 70 6
3 6 70 71
3 6 71 7
3 7 71 72
3 7 72 8
3 8 72 73
3 8 73 9
3 9 73 74
3 9 74 10
3 10 74 75
3 10 75 11
3 11 75 76
3 11 76 12
3 12 76 77
3 12 77 13
3 13 77 78
3 13 78 14
3 14 78 79
3 14 79 15
3 15 79 80
3 15 80 16
3 16 80 81
3 16 81 17
3 17 81 82
3 17 82 18
3 18 82 83
3 18 83 19
3 19 83 84
3 19 84 20
3 20 84 85
3 20 85 21
3 21 85 86
3 21 86 22
3 22 86 87
3 22 87 23
3 23 87 88
3 23 88 24
3 24 88 89
3 24 89 25
3 25 89 90
3 25 90 26
3 26 90 91
3 26 91 27
3 27 91 92
3 27 92 28
3 28 92 93
3 28 93 29
3 29 93 94
3 29 94 30
3 30 94 95
3 30 95 31
3 31 95 96
3 31 96 32
3 32 96 97
3 32 97 33
3 33 97 98
3 33 98 34
3 34 98 99
3 34 99 35
3 35 99 100
3 35 100 36
3 36 100 101
3 36 101 37
3 37 101 102
3 37 102 38
3 38 102 103
3 38 103 39
3 39 103 104
3 39 104 40
3 40 104 105
3 40 105 41
3 41 105 106
3 41 106 42
3 42 106 107
3 42 107 43
3 43 107 108
3 43 108 44
3 44 108 109
3 44 109 45
3 45 109 110
3 45 110 46
3 46 110 111
3 46 111 47
3 47 111 112
3 47 112 48
3 48 112 113
3 48 113 49
3 49 113 114
3 49 114 50
3 50 114 115
3 50 115 51
3 51 115 116
3 51 116 52
3 52 116 117
3 52 117 53
3 53 117 118
3 53 118 54
3 54 118 119
3 54 119 55
3 55 119 120
3 55 120 56
3 56 120 121
3 56 121 57
3 57 121 122
3 57 122 58
3 58 122 123
3 58 123 59
3 59 123 124
3 59 124 60
3 60 124 125
3 60 125 61
3 61 125 126
3 61 126 62
3 62 126 127
3 62 127 63
3 63 127 128
3 63 128 64
3 64 128 129
3 64 129 65
3 65 129 130
3 65 130 66
3 66 130 131
3 66 131 67
3 67 131 132
3 68 133 69
3 69 133 134
3 69 134 70
3 70 134 135
3 70 135 71
3 71 135 136
3 71 136 72
3 72 136 137
3 72 137 73
3 73 137 138
3 73 138 74
3 74 138 139
3 74 139 75
3 75 139 140
3 75 140 76
3 76 140 141
3 76 141 77
3 77 141 142
3 77 142 78
3 78 142 143
3 78 143 79
3 79 143 144
3 79 144 80
3 80 144 145
3 80 145 81
3 81 145 146
3 81 146 82
3 82 146 147
3 82 147 83
3 83 147 148
3 83 148 84
3 84 148 149
3 84 149 85
3 85 149 150
3 85 150 86
3 86 150 151
3 86 151 87
3 87 151 152
3 87 152 88
3 88 152 153
3 88 153 89
3 89 153 154
3 89 154 90
3 90 154 155
3 90 155 91
3 91 155 156
3 91 156 92
3 92 156 157
3 92 157 93
3 93 157 158
3 93 158 94
3 94 158 159
3 94 159 95
3 95 159 160
3 95 160 96
3 96 160 161
3 96 161 97
3 97 161 162
3 97 162 98
3 98 162 163
3 98 163 99
3 99 163 164
3 99 164 100
3 100 164 165
3 100 165 101
3 101 165 166
3 101 166 102
3 102 166 167
3 102 167 103
3 103 167 168
3 103 168 104
3 104 168 169
3 104 169 105
3 105 169 170
3 105 170 106
3 106 170 171
3 106 171 107
3 107 171 172
3 107 172 108
3 108 172 173
3 108 173 109
3 109 173 174
3 109 174 110
3 110 174 175
3 110 175 111
3 111 175 176
3 111 176 112
3 112 176 177
3 112 177 113
3 113 177 178
3 113 178 114
3 114 178 179
3 114 179 115
3 115 179 180
3 115 180 116
3 116 180 181
3 116 181 117
3 117 181 182
3 117 182 118
3 118 182 183
3 118 183 119
3 119 183 184
3 119 184 120
3 120 184 185
3 120 185 121
3 121 185 186
3 121 186 122
3 122 186 187
3 122 187 123
3 123 187 188
3 123 188 124
3 124 188 189
3 124 189 125
3 125 189 190
3 125 190 126
3 126 190 191
3 126 191 127
3 127 191 192
3 127 192 128
3 128 192 193
3 128 193 129
3 129 193 194
3 129 194 130
3 130 194 195
3 130 195 131
3 131 195 196
3 131 196 132
3 132 196 197
3 133 198 134
3 134 198 199
3 134 199 135
3 135 199 200
3 135 200 136
3 136 200 201
3 136 201 137
3 137 201 202
3 137 202 138
3 138 202 203
3 138 203 139
3 139 203 204
3 139 204 140
3 140 204 205
3 140 205 141
3 141 205 206
3 141 206 142
3 142 206 207
3 142 207 143
3 143 207 208
3 143 208 144
3 144 208 209
3 144 209 145
3 145 209 210
3 145 210 146
3 146 210 211
3 146 211 147
3 147 211 212
3 147 212 148
3 148 212 213
3 148 213 149
3 149 213 214
3 149 214 150
3 150 214 215
3 150 215 151
3 151 215 216
3 151 216 152
3 152 216 217
3 152 217 153
3 153 217 218
3 153 218 154
3 154 218 219
3 154 219 155
3 155 219 220
3 155 220 156
3 156 220 221
3 156 221 157
3 157 221 222
3 157 222 158
3 158 222 223
3 158 223 159
3 159 223 224
3 159 224 160
3 160 224 225
3 160 225 161
3 161 225 226
3 161 226 162
3 162 226 227
3 162 227 163
3 163 227 228
3 163 228 164
3 164 228 229
3 164 229 165
3 165 229 230
3 165 230 166
3 166 230 231
3 166 231 167
3 167 231 232
3 167 232 168
3 168 232 233
3 168 233 169
3 169 233 234
3 169 234 170
3 170 234 235
3 170 235 171
3 171 235 236
3 171 236 172
3 172 236 237
3 172 237 173
3 173 237 238
3 173 238 174
3 174 238 239
3 174 239 175
3 175 239 240
3 175 240 176
3 176 240 241
3 176 241 177
3 177 241 242
3 177 242 178
3 178 242 243
3 178 243 179
3 179 243 244
3 179 244 180
3 180 244 245
3 180 245 181
3 181 245 246
3 181 246 182
3 182 246 247
3 182 247 183
3 183 247 248
3 183 248 184
3 184 248 249
3 184 249 185
3 185 249 250
3 185 250 186
3 186 250 251
3 186 251 187
3 187 251 252
3 187 252 188
3 188 252 253
3 188 253 189
3 189 253 254
3 189 254 190
3 190 254 255
3 190 255 191
3 191 255 256
3 191 256 192
3 192 256 257
3 192 257 193
3 193 257 258
3 193 258 194
3 194 258 259
3 194 259 195
3 195 259 260
3 195 260 196
3 196 260 261
3 196 261 197
3 197 261 262
3 198 263 199
3 199 263 264
3 199 264 200
3 200 264 265
3 200 265 201
3 201 265 266
3 201 266 202
3 202 266 267
3 202 267 203
3 203 267 268
3 203 268 204
3 204 268 269
3 204 269 205
3 205 269 270
3 205 270 206
3 206 270 271
3 206 271 207
3 207 271 272
3 207 272 208
3 208 272 273
3 208 273 209
3 209 273 274
3 209 274 210
3 210 274 275
3 210 275 211
3 211 275 276
3 211 276 212
3 212 276 277
3 212 277 213
3 213 277 278
3 213 278 214
3 214 278 279
3 214 279 215
3 215 279 280
3 215 280 216
3 216 280 281
3 216 281 217
3 217 281 282
3 217 282 218
3 218 282 283
3 218 283 219
3 219 283 284
3 219 284 220
3 220 284 285
3 220 285 221
3 221 285 286
3 221 286 222
3 222 286 287
3 222 287 223
3 223 287 288
3 223 288 224
3 224 288 289
3 224 289 225
3 225 289 290
3 225 290 226
3 226 290 291
3 226 291 227
3 227 291 292
3 227 292 228
3 228 292 293
3 228 293 229
3 229 293 294
3 229 294 230
3 230 294 295
3 230 295 231
3 231 295 296
3 231 296 232
3 232 296 297
3 232 297 233
3 233 297 298
3 233 298 234
3 234 298 299
3 234 299 235
3 235 299 300
3 235 300 236
3 236 300 301
3 236 301 237
3 237 301 302
3 237 302 238
3 238 302 303
3 238 303 239
3 239 303 304
3 239 304 240
3 240 304 305
3 240 305 241
3 241 305 306
3 241 306 242
3 242 306 307
3 242 307 243
3 243 307 308
3 243 308 244
3 244 308 309
3 244 309 245
3 245 309 310
3 245 310 246
3 246 310 311
3 246 311 247
3 247 311 312
3 247 312 248
3 248 312 313
3 248 313 249
3 249 313 314
3 249 314 250
3 250 314 315
3 250 315 251
3 251 315 316
3 251 316 252
3 252 316 317
3 252 317 253
3 253 317 318
3 253 318 254
3 254 318 319
3 254 319 255
3 255 319 320
3 255 320 256
3 256 320 321
3 256 321 257
3 257 321 322
3 257 322 258
3 258 322 323
3 258 323 259
3 259 323 324
3 259 324 260
3 260 324 325
3 260 325 261
3 261 325 326
3 261 326 262
3 262 326 327
3 263 328 264
3 264 328 329
3 264 329 265
3 265 329 330
3 265 330 266
3 266 330 331
3 266 331 267
3 267 331 332
3 267 332 268
3 268 332 333
3 268 333 269
3 269 333 334
3 269 334 270
3 270 334 335
3 270 335 271
3 271 335 336
3 271 336 272
3 272 336 337
3 272 337 273
3 273 337 338
3 273 338 274
3 274 338 339
3 274 339 275
3 275 339 340
3 275 340 276
3 276 340 341
3 276 341 277
3 277 341 342
3 277 342 278
3 278 342 343
3 278 343 279
3 279 343 344
3 279 344 280
3 280 344 345
3 280 345 281
3 281 345 346
3 281 346 282
3 282 346 347
3 282 347 283
3 283 347 348
3 283 348 284
3 284 348 349
3 284 349 285
3 285 349 350
3 285 350 286
3 286 350 351
3 286 351 287
3 287 351 352
3 287 352 288
3 288 352 353
3 288 353 289
3 289 353 354
3 289 354 290
3 290 354 355
3 290 355 291
3 291 355 356
3 291 356 292
3 292 356 357
3 292 357 293
3 293 357 358
3 293 358 294
3 294 358 359
3 294 359 295
3 295 359 360
3 295 360 296
3 296 360 361
3 296 361 297
3 297 361 362
3 297 362 298
3 298 362 363
3 298 363 299
3 299 363 364
3 299 364 300
3 300 364 365
3 300 365 301
3 301 365 366
3 301 366 302
3 302 366 367
3 302 367 303
3 303 367 368
3 303 368 304
3 304 368 369
3 304 369 305
3 305 369 370
3 305 370 306
3 306 370 371
3 306 371 307
3 307 371 372
3 307 372 308
3 308 372 373
3 308 373 309
3 309 373 374
3 309 374 310
3 310 374 375
3 310 375 311
3 311 375 376
3 311 376 312
3 312 376 377
3 312 377 313
3 313 377 378
3 313 378 314
3 314 378 379
3 314 379 315
3 315 379 380
3 315 380 316
3 316 380 381
3 316 381 317
3 317 381 382
3 317 382 318
3 318 382 383
3 318 383 319
3 319 383 384
3 319 384 320
3 320 384 385
3 320 385 321
3 321 385 386
3 321 386 322
3 322 386 387
3 322 387 323
3 323 387 388
3 323 388 324
3 324 388 389
3 324 389 325
3 325 389 390
3 325 390 326
3 326 390 391
3 326 391 327
3 327 391 392
3 328 393 329
3 329 393 394
3 329 394 330
3 330 394 395
3 330 395 331
3 331 395 396
3 331 396 332
3 332 396 397
3 332 397 333
3 333 397 398
3 333 398 334
3 334 398 399
3 334 399 335
3 335 399 400
3 335 400 336
3 336 400 401
3 336 401 337
3 337 401 402
3 337 402 338
3 338 402 403
3 338 403 339
3 339 403 404
3 339 404 340
3 340 404 405
3 340 405 341
3 341 405 406
3 341 406 342
3 342 406 407
3 342 407 343
3 343 407 408
3 343 408 344
3 344 408 409
3 344 409 345
3 345 409 410
3 345 410 346
3 346 410 411
3 346 411 347
3 347 411 412
3 347 412 348
3 348 412 413
3 348 413 349
3 349 413 414
3 349 414 350
3 350 414 415
3 350 415 351
3 351 415 416
3 351 416 352
3 352 416 417
3 352 417 353
3 353 417 418
3 353 418 354
3 354 418 419
3 354 419 355
3 355 419 420
3 355 420 356
3 356 420 421
3 356 421 357
3 357 421 422
3 357 422 358
3 358 422 423
3 358 423 359
3 359 423 424
3 359 424 360
3 360 424 425
3 360 425 361
3 361 425 426
3 361 426 362
3 362 426 427
3 362 427 363
3 363 427 428
3 363 428 364
3 364 428 429
3 364 429 365
3 365 429 430
3 365 430 366
3 366 430 431
3 366 431 367
3 367 431 432
3 367 432 368
3 368 432 433
3 368 433 369
3 369 433 434
3 369 434 370
3 370 434 435
3 370 435 371
3 371 435 436
3 371 436 372
3 372 436 437
3 372 437 373
3 373 437 438
3 373 438 374
3 374 438 439
3 374 439 375
3 375 439 440
3 375 440 376
3 376 440 441
3 376 441 377
3 377 441 442
3 377 442 378
3 378 442 443
3 378 443 379
3 379 443 444
3 379 444 380
3 380 444 445
3 380 445 381
3 381 445 446
3 381 446 382
3 382 446 447
3 382 447 383
3 383 447 448
3 383 448 384
3 384 448 449
3 384 449 385
3 385 449 450
3 385 450 386
3 386 450 451
3 386 451 387
3 387 451 452
3 387 452 388
3 388 452 453
3 388 453 389
3 389 453 454
3 389 454 390
3 390 454 455
3 390 455 391
3 391 455 456
3 391 456 392
3 392 456 457
3 393 458 394
3 394 458 459
3 394 459 395
3 395 459 460
3 395 460 396
3 396 460 461
3 396 461 397
3 397 461 462
3 397 462 398
3 398 462 463
3 398 463 399
3 399 463 464
3 399 464 400
3 400 464 465
3 400 465 401
3 401 465 466
3 401 466 402
3 402 466 467
3 402 467 403
3 403 467 468
3 403 468 404
3 404 468 469
3 404 469 405
3 405 469 470
3 405 470 406
3 406 470 471
3 406 471 407
3 407 471 472
3 407 472 408
3 408 472 473
3 408 473 409
3 409 473 474
3 409 474 410
3 410 474 475
3 410 475 411
3 411 475 476
3 411 476 412
3 412 476 477
3 412 477 413
3 413 477 478
3 413 478 414
3 414 478 479
3 414 479 415
3 415 479 480
3 415 480 416
3 416 480 481
3 416 481 417
3 417 481 482
3 417 482 418
3 418 482 483
3 418 483 419
3 419 483 484
3 419 484 420
3 420 484 485
3 420 485 421
3 421 485 486
3 421 486 422
3 422 486 487
3 422 487 423
3 423 487 488
3 423 488 424
3 424 488 489
3 424 489 425
3 425 489 490
3 425 490 426
3 426 490 491
3 426 491 427
3 427 491 492
3 427 492 428
3 428 492 493
3 428 493 429
3 429 493 494
3 429 494 430
3 430 494 495
3 430 495 431
3 431 495 496
3 431 496 432
3 432 496 497
3 432 497 433
3 433 497 498
3 433 498 434
3 434 498 499
3 434 499 435
3 435 499 500
3 435 500 436
3 436 500 501
3 436 501 437
3 437 501 502
3 437 502 438
3 438 502 503
3 438 503 439
3 439 503 504
3 439 504 440
3 440 504 505
3 440 505 441
3 441 505 506
3 441 506 442
3 442 506 507
3 442 507 443
3 443 507 508
3 443 508 444
3 444 508 509
3 444 509 445
3 445 509 510
3 445 510 446
3 446 510 511
3 446 511 447
3 447 511 512
3 447 512 448
3 448 512 513
3 448 513 449
3 449 513 514
3 449 514 450
3 450 514 515
3 450 515 451
3 451 515 516
3 451 516 452
3 452 516 517
3 452 517 453
3 453 517 518
3 453 518 454
3 454 518 519
3 454 519 455
3 455 519 520
3 455 520 456
3 456 520 521
3 456 521 457
3 457 521 522
3 458 523 459
3 459 523 524
3 459 524 460
3 460 524 525
3 460 525 461
3 461 525 526
3 461 526 462
3 462 526 527
3 462 527 463
3 463 527 528
3 463 528 464
3 464 528 529
3 464 529 465
3 465 529 530
3 465 530 466
3 466 530 531
3 466 531 467
3 467 531 532
3 467 532 468
3 468 532 533
3 468 533 469
3 469 533 534
3 469 534 470
3 470 534 535
3 470 535 471
3 471 535 536
3 471 536 472
3 472 536 537
3 472 537 473
3 473 537 538
3 473 538 474
3 474 538 539
3 474 539 475
3 475 539 540
3 475 540 476
3 476 540 541
3 476 541 477
3 477 541 542
3 477 542 478
3 478 542 543
3 478 543 479
3 479 543 544
3 479 544 480
3 480 544 545
3 480 545 481
3 481 545 546
3 481 546 482
3 482 546 547
3 482 547 483
3 483 547 548
3 483 548 484
3 484 548 549
3 484 549 485
3 485 549 550
3 485 550 486
3 486 550 551
3 486 551 487
3 487 551 552
3 487 552 488
3 488 552 553
3 488 553 489
3 489 553 554
3 489 554 490
3 490 554 555
3 490 555 491
3 491 555 556
3 491 556 492
3 492 556 557
3 492 557 493
3 493 557 558
3 493 558 494
3 494 558 559
3 494 559 495
3 495 559 560
3 495 560 496
3 496 560 561
3 496 561 497
3 497 561 562
3 497 562 498
3 498 562 563
3 498 563 499
3 499 563 564
3 499 564 500
3 500 564 565
3 500 565 501
3 501 565 566
3 501 566 502
3 502 566 567
3 502 567 503
3 503 567 568
3 503 568 504
3 504 568 569
3 504 569 505
3 505 569 570
3 505 570 506
3 506 570 571
3 506 571 507
3 507 571 572
3 507 572 508
3 508 572 573
3 508 573 509
3 509 573 574
3 509 574 510
3 510 574 575
3 510 575 511
3 511 575 576
3 511 576 512
3 512 576 577
3 512 577 513
3 513 577 578
3 513 578 514
3 514 578 579
3 514 579 515
3 515 579 580
3 515 580 516
3 516 580 581
3 516 581 517
3 517 581 582
3 517 582 518
3 518 582 583
3 518 583 519
3 519 583 584
3 519 584 520
3 520 584 585
3 520 585 521
3 521 585 586
3 521 586 522
3 522 586 587
3 523 588 524
3 524 588 589
3 524 589 525
3 525 589 590
3 525 590 526
3 526 590 591
3 526 591 527
3 527 591 592
3 527 592 528
3 528 592 593
3 528 593 529
3 529 593 594
3 529 594 530
3 530 594 595
3 530 595 531
3 531 595 596
3 531 596 532
3 532 596 597
3 532 597 533
3 533 597 598
3 533 598 534
3 534 598 599
3 534 599 535
3 535 599 600
3 535 600 536
3 536 600 601
3 536 601 537
3 537 601 602
3 537 602 538
3 538 602 603
3 538 603 539
3 539 603 604
3 539 604 540
3 540 604 605
3 540 605 541
3 541 605 606
3 541 606 542
3 542 606 607
3 542 607 543
3 543 607 608
3 543 608 544
3 544 608 609
3 544 609 545
3 545 609 610
3 545 610 546
3 546 610 611
3 546 611 547
3 547 611 612
3 547 612 548
3 548 612 613
3 548 613 549
3 549 613 614
3 549 614 550
3 550 614 615
3 550 615 551
3 551 615 616
3 551 616 552
3 552 616 617
3 552 617 553
3 553 617 618
3 553 618 554
3 554 618 619
3 554 619 555
3 555 619 620
3 555 620 556
3 556 620 621
3 556 621 557
3 557 621 622
3 557 622 558
3 558 622 623
3 558 623 559
3 559 623 624
3 559 624 560
3 560 624 625
3 560 625 561
3 561 625 626
3 561 626 562
3 562 626 627
3 562 627 563
3 563 627 628
3 563 628 564
3 564 628 629
3 564 629 565
3 565 629 630
3 565 630 566
3 566 630 631
3 566 631 567
3 567 631 632
3 567 632 568
3 568 632 633
3 568 633 569
3 569 633 634
3 569 634 570
3 570 634 635
3 570 635 571
3 571 635 636
3 571 636 572
3 572 636 637
3 572 637 573
3 573 637 638
3 573 638 574
3 574 638 639
3 574 639 575
3 575 639 640
3 575 640 576
3 576 640 641
3 576 641 577
3 577 641 642
3 577 642 578
3 578 642 643
3 578 643 579
3 579 643 644
3 579 644 580
3 580 644 645
3 580 645 581
3 581 645 646
3 581 646 582
3 582 646 647
3 582 647 583
3 583 647 648
3 583 648 584
3 584 648 649
3 584 649 585
3 585 649 650
3 585 650 586
3 586 650 651
3 586 651 587
3 587 651 652
3 588 653 589
3 589 653 654
3 589 654 590
3 590 654 655
3 590 655 591
3 591 655 656
3 591 656 592
3 592 656 657
3 592 657 593
3 593 657 658
3 593 658 594
3 594 658 659
3 594 659 595
3 595 659 660
3 595 660 596
3 596 660 661
3 596 661 597
3 597 661 662
3 597 662 598
3 598 662 663
3 598 663 599
3 599 663 664
3 599 664 600
3 600 664 665
3 600 665 601
3 601 665 666
3 601 666 602
3 602 666 667
3 602 667 603
3 603 667 668
3 603 668 604
3 604 668 669
3 604 669 605
3 605 669 670
3 605 670 606
3 606 670 671
3 606 671 607
3 607 671 672
3 607 672 608
3 608 672 673
3 608 673 609
3 609 673 674
3 609 674 610
3 610 674 675
3 610 675 611
3 611 675 676
3 611 676 612
3 612 676 677
3 612 677 613
3 613 677 678
3 613 678 614
3 614 678 679
3 614 679 615
3 615 679 680
3 615 680 616
3 616 680 681
3 616 681 617
3 617 681 682
3 617 682 618
3 618 682 683
3 618 683 619
3 619 683 684
3 619 684 620
3 620 684 685
3 620 685 621
3 621 685 686
3 621 686 622
3 622 686 687
3 622 687 623
3 623 687 688
3 623 688 624
3 624 688 689
3 624 689 625
3 625 689 690
3 625 690 626
3 626 690 691
3 626 691 627
3 627 691 692
3 627 692 628
3 628 692 693
3 628 693 629
3 629 693 694
3 629 694 630
3 630 694 695
3 630 695 631
3 631 695 696
3 631 696 632
3 632 696 697
3 632 697 633
3 633 697 698
3 633 698 634
3 634 698 699
3 634 699 635
3 635 699 700
3 635 700 636
3 636 700 701
3 636 701 637
3 637 701 702
3 637 702 638
3 638 702 703
3 638 703 639
3 639 703 704
3 639 704 640
3 640 704 705
3 640 705 641
3 641 705 706
3 641 706 642
3 642 706 707
3 642 707 643
3 643 707 708
3 643 708 644
3 644 708 709
3 644 709 645
3 645 709 710
3 645 710 646
3 646 710 711
3 646 711 647
3 647 711 712
3 647 712 648
3 648 712 713
3 648 713 649
3 649 713 714
3 649 714 650
3 650 714 715
3 650 715 651
3 651 715 716
3 651 716 652
3 652 716 717
3 653 718 654
3 654 718 719
3 654 719 655
3 655 719 720
3 655 720 656
3 656 720 721
3 656 721 657
3 657 721 722
3 657 722 658
3 658 722 723
3 658 723 659
3 659 723 724
3 659 724 660
3 660 724 725
3 660 725 661
3 661 725 726
3 661 726 662
3 662 726 727
3 662 727 663
3 663 727 728
3 663 728 664
3 664 728 729
3 664 729 665
3 665 729 730
3 665 730 666
3 666 730 731
3 666 731 667
3 667 731 732
3 667 732 668
3 668 732 733
3 668 733 669
3 669 733 734
3 669 734 670
3 670 734 735
3 670 735 671
3 671 735 736
3 671 736 672
3 672 736 737
3 672 737 673
3 673 737 738
3 673 738 674
3 674 738 739
3 674 739 675
3 675 739 740
3 675 740 676
3 676 740 741
3 676 741 677
3 677 741 742
3 677 742 678
3 678 742 743
3 678 743 679
3 679 743 744
3 679 744 680
3 680 744 745
3 680 745 681
3 681 745 746
3 681 746 682
3 682 746 747
3 682 747 683
3 683 747 748
3 683 748 684
3 684 748 749
3 684 749 685
3 685 749 750
3 685 750 686
3 686 750 751
3 686 751 687
3 687 751 752
3 687 752 688
3 688 752 753
3 688 753 689
3 689 753 754
3 689 754 690
3 690 754 755
3 690 755 691
3 691 755 756
3 691 756 692
3 692 756 757
3 692 757 693
3 693 757 758
3 693 758 694
3 694 758 759
3 694 759 695
3 695 759 760
3 695 760 696
3 696 760 761
3 696 761 697
3 697 761 762
3 697 762 698
3 698 762 763
3 698 763 699
3 699 763 764
3 699 764 700
3 700 764 765
3 700 765 701
3 701 765 766
3 701 766 702
3 702 766 767
3 702 767 703
3 703 767 768
3 703 768 704
3 704 768 769
3 704 769 705
3 705 769 770
3 705 770 706
3 706 770 771
3 706 771 707
3 707 771 772
3 707 772 708
3 708 772 773
3 708 773 709
3 709 773 774
3 709 774 710
3 710 774 775
3 710 775 711
3 711 775 776
3 711 776 712
3 712 776 777
3 712 777 713
3 713 777 778
3 713 778 714
3 714 778 779
3 714 779 715
3 715 779 780
3 715 780 716
3 716 780 781
3 716 781 717
3 717 781 782
3 718 783 719
3 719 783 784
3 719 784 720
3 720 784 785
3 720 785 721
3 721 785 786
3 721 786 722
3 722 786 787
3 722 787 723
3 723 787 788
3 723 788 724
3 724 788 789
3 724 789 725
3 725 789 790
3 725 790 726
3 726 790 791
3 726 791 727
3 727 791 792
3 727 792 728
3 728 792 793
3 728 793 729
3 729 793 794
3 729 794 730
3 730 794 795
3 730 795 731
3 731 795 796
3 731 796 732
3 732 796 797
3 732 797 733
3 733 797 798
3 733 798 734
3 734 798 799
3 734 799 735
3 735 799 800
3 735 800 736
3 736 800 801
3 736 801 737
3 737 801 802
3 737 802 738
3 738 802 803
3 738 803 739
3 739 803 804
3 739 804 740
3 740 804 805
3 740 805 741
3 741 805 806
3 741 806 742
3 742 806 807
3 742 807 743
3 743 807 808
3 743 808 744
3 744 808 809
3 744 809 745
3 745 809 810
3 745 810 746
3 746 810 811
3 746 811 747
3 747 811 812
3 747 812 748
3 748 812 813
3 748 813 749
3 749 813 814
3 749 814 750
3 750 814 815
3 750 815 751
3 751 815 816
3 751 816 752
3 752 816 817
3 752 817 753
3 753 817 818
3 753 818 754
3 754 818 819
3 754 819 755
3 755 819 820
3 755 820 756
3 756 820 821
3 756 821 757
3 757 821 822
3 757 822 758
3 758 822 823
3 758 823 759
3 759 823 824
3 759 824 760
3 760 824 825
3 760 825 761
3 761 825 826
3 761 826 762
3 762 826 827
3 762 827 763
3 763 827 828
3 763 828 764
3 764 828 829
3 764 829 765
3 765 829 830
3 765 830 766
3 766 830 831
3 766 831 767
3 767 831 832
3 767 832 768
3 768 832 833
3 768 833 769
3 769 833 834
3 769 834 770
3 770 834 835
3 770 835 771
3 771 835 836
3 771 836 772
3 772 836 837
3 772 837 773
3 773 837 838
3 773 838 774
3 774 838 839
3 774 839 775
3 775 839 840
3 775 840 776
3 776 840 841
3 776 841 777
3 777 841 842
3 777 842 778
3 778 842 843
3 778 843 779
3 779 843 844
3 779 844 780
3 780 844 845
3 780 845 781
3 781 845 846
3 781 846 782
3 782 846 847
3 783 848 784
3 784 848 849
3 784 849 785
3 785 849 850
3 785 850 786
3 786 850 851
3 786 851 787
3 787 851 852
3 787 852 788
3 788 852 853
3 788 853 789
3 789 853 854
3 789 854 790
3 790 854 855
3 790 855 791
3 791 855 856
3 791 856 792
3 792 856 857
3 792 857 793
3 793 857 858
3 793 858 794
3 794 858 859
3 794 859 795
3 795 859 860
3 795 860 796
3 796 860 861
3 796 861 797
3 797 861 862
3 797 862 798
3 798 862 863
3 798 863 799
3 799 863 864
3 799 864 800
3 800 864 865
3 800 865 801
3 801 865 866
3 801 866 802
3 802 866 867
3 802 867 803
3 803 867 868
3 803 868 804
3 804 868 869
3 804 869 805
3 805 869 870
3 805 870 806
3 806 870 871
3 806 871 807
3 807 871 872
3 807 872 808
3 808 872 873
3 808 873 809
3 809 873 874
3 809 874 810
3 810 874 875
3 810 875 811
3 811 875 876
3 811 876 812
3 812 876 877
3 812 877 813
3 813 877 878
3 813 878 814
3 814 878 879
3 814 879 815
3 815 879 880
3 815 880 816
3 816 880 881
3 816 881 817
3 817 881 882
3 817 882 818
3 818 882 883
3 818 883 819
3 819 883 884
3 819 884 820
3 820 884 885
3 820 885 821
3 821 885 886
3 821 886 822
3 822 886 887
3 822 887 823
3 823 887 888
3 823 888 824
3 824 888 889
3 824 889 825
3 825 889 890
3 825 890 826
3 826 890 891
3 826 891 827
3 827 891 892
3 827 892 828
3 828 892 893
3 828 893 829
3 829 893 894
3 829 894 830
3 830 894 895
3 830 895 831
3 831 895 896
3 831 896 832
3 832 896 897
3 832 897 833
3 833 897 898
3 833 898 834
3 834 898 899
3 834 899 835
3 835 899 900
3 835 900 836
3 836 900 901
3 836 901 837
3 837 901 902
3 837 902 838
3 838 902 903
3 838 903 839
3 839 903 904
3 839 904 840
3 840 904 905
3 840 905 841
3 841 905 906
3 841 906 842
3 842 906 907
3 842 907 843
3 843 907 908
3 843 908 844
3 844 908 909
3 844 909 845
3 845 909 910
3 845 910 846
3 846 910 911
3 846 911 847
3 847 911 912
3 848 913 849
3 849 913 914
3 849 914 850
3 850 914 915
3 850 915 851
3 851 915 916
3 851 916 852
3 852 916 917
3 852 917 853
3 853 917 918
3 853 918 854
3 854 918 919
3 854 919 855
3 855 919 920
3 855 920 856
3 856 920 921
3 856 921 857
3 857 921 922
3 857 922 858
3 858 922 923
3 858 923 859
3 859 923 924
3 859 924 860
3 860 924 925
3 860 925 861
3 861 925 926
3 861 926 862
3 862 926 927
3 862 927 863
3 863 927 928
3 863 928 864
3 864 928 929
3 864 929 865
3 865 929 930
3 865 930 866
3 866 930 931
3 866 931 867
3 867 931 932
3 867 932 868
3 868 932 933
3 868 933 869
3 869 933 934
3 869 934 870
3 870 934 935
3 870 935 871
3 871 935 936
3 871 936 872
3 872 936 937
3 872 937 873
3 873 937 938
3 873 938 874
3 874 938 939
3 874 939 875
3 875 939 940
3 875 940 876
3 876 940 941
3 876 941 877
3 877 941 942
3 877 942 878
3 878 942 943
3 878 943 879
3 879 943 944
3 879 944 880
3 880 944 945
3 880 945 881
3 881 945 946
3 881 946 882
3 882 946 947
3 882 947 883
3 883 947 948
3 883 948 884
3 884 948 949
3 884 949 885
3 885 949 950
3 885 950 886
3 886 950 951
3 886 951 887
3 887 951 952
3 887 952 888
3 888 952 953
3 888 953 889
3 889 953 954
3 889 954 890
3 890 954 955
3 890 955 891
3 891 955 956
3 891 956 892
3 892 956 957
3 892 957 893
3 893 957 958
3 893 958 894
3 894 958 959
3 894 959 895
3 895 959 960
3 895 960 896
3 896 960 961
3 896 961 897
3 897 961 962
3 897 962 898
3 898 962 963
3 898 963 899
3 899 963 964
3 899 964 900
3 900 964 965
3 900 965 901
3 901 965 966
3 901 966 902
3 902 966 967
3 902 967 903
3 903 967 968
3 903 968 904
3 904 968 969
3 904 969 905
3 905 969 970
3 905 970 906
3 906 970 971
3 906 971 907
3 907 971 972
3 907 972 908
3 908 972 973
3 908 973 909
3 909 973 974
3 909 974 910
3 910 974 975
3 910 975 911
3 911 975 976
3 911 976 912
3 912 976 977
3 913 978 914
3 914 978 979
3 914 979 915
3 915 979 980
3 915 980 916
3 916 980 981
3 916 981 917
3 917 981 982
3 917 982 918
3 918 982 983
3 918 983 919
3 919 983 984
3 919 984 920
3 920 984 985
3 920 985 921
3 921 985 986
3 921 986 922
3 922 986 987
3 922 987 923
3 923 987 988
3 923 988 924
3 924 988 989
3 924 989 925
3 925 989 990
3 925 990 926
3 926 990 991
3 926 991 927
3 927 991 992
3 927 992 928
3 928 992 993
3 928 993 929
3 929 993 994
3 929 994 930
3 930 994 995
3 930 995 931
3 931 995 996
3 931 996 932
3 932 996 997
3 932 997 933
3 933 997 998
3 933 998 934
3 934 998 999
3 934 999 935
3 935 999 1000
3 935 1000 936
3 936 1000 1001
3 936 1001 937
3 937 1001 1002
3 937 1002 938
3 938 1002 1003
3 938 1003 939
3 939 1003 1004
3 939 1004 940
3 940 1004 1005
3 940 1005 941
3 941 1005 1006
3 941 1006 942
3 942 1006 1007
3 942 1007 943
3 943 1007 1008
3 943 1008 944
3 944 1008 1009
3 944 1009 945
3 945 1009 1010
3 945 1010 946
3 946 1010 1011
3 946 1011 947
3 947 1011 1012
3 947 1012 948
3 948 1012 1013
3 948 1013 949
3 949 1013 1014
3 949 1014 950
3 950 1014 1015
3 950 1015 951
3 951 1015 1016
3 951 1016 952
3 952 1016 1017
3 952 1017 953
3 953 1017 1018
3 953 1018 954
3 954 1018 1019
3 954 1019 955
3 955 1019 1020
3 955 1020 956
3 956 1020 1021
3 956 1021 957
3 957 1021 1022
3 957 1022 958
3 958 1022 1023
3 958 1023 959
3 959 1023 1024
3 959 1024 960
3 960 1024 1025
3 960 1025 961
3 961 1025 1026
3 961 1026 962
3 962 1026 1027
3 962 1027 963
3 963 1027 1028
3 963 1028 964
3 964 1028 1029
3 964 1029 965
3 965 1029 1030
3 965 1030 966
3 966 1030 1031
3 966 1031 967
3 967 1031 1032
3 967 1032 968
3 968 1032 1033
3 968 1033 969
3 969 1033 1034
3 969 1034 970
3 970 1034 1035
3 970 1035 971
3 971 1035 1036
3 971 1036 972
3 972 1036 1037
3 972 1037 973
3 973 1037 1038
3 973 1038 974
3 974 1038 1039
3 974 1039 975
3 975 1039 1040
3 975 1040 976
3 976 1040 1041
3 976 1041 977
3 977 1041 1042
3 978 1043 979
3 979 1043 1044
3 979 1044 980
3 980 1044 1045
3 980 1045 981
3 981 1045 1046
3 981 1046 982
3 982 1046 1047
3 982 1047 983
3 983 1047 1048
3 983 1048 984
3 984 1048 1049
3 984 1049 985
3 985 1049 1050
3 985 1050 986
3 986 1050 1051
3 986 1051 987
3 987 1051 1052
3 987 1052 988
3 988 1052 1053
3 988 1053 989
3 989 1053 1054
3 989 1054 990
3 990 1054 1055
3 990 1055 991
3 991 1055 1056
3 991 1056 992
3 992 1056 1057
3 992 1057 993
3 993 1057 1058
3 993 1058 994
3 994 1058 1059
3 994 1059 995
3 995 1059 1060
3 995 1060 996
3 996 1060 1061
3 996 1061 997
3 997 1061 1062
3 997 1062 998
3 998 1062 1063
3 998 1063 999
3 999 1063 1064
3 999 1064 1000
3 1000 1064 1065
3 1000 1065 1001
3 1001 1065 1066
3 1001 1066 1002
3 1002 1066 1067
3 1002 1067 1003
3 1003 1067 1068
3 1003 1068 1004
3 1004 1068 1069
3 1004 1069 1005
3 1005 1069 1070
3 1005 1070 1006
3 1006 1070 1071
3 1006 1071 1007
3 1007 1071 1072
3 1007 1072 1008
3 1008 1072 1073
3 1008 1073 1009
3 1009 1073 1074
3 1009 1074 1010
3 1010 1074 1075
3 1010 1075 1011
3 1011 1075 1076
3 1011 1076 1012
3 1012 1076 1077
3 1012 1077 1013
3 1013 1077 1078
3 1013 1078 1014
3 1014 1078 1079
3 1014 1079 1015
3 1015 1079 1080
3 1015 1080 1016
3 1016 1080 1081
3 1016 1081 1017
3 1017 1081 1082
3 1017 1082 1018
3 1018 1082 1083
3 1018 1083 1019
3 1019 1083 1084
3 1019 1084 1020
3 1020 1084 1085
3 1020 1085 1021
3 1021 1085 1086
3 1021 1086 1022
3 1022 1086 1087
3 1022 1087 1023
3 1023 1087 1088
3 1023 1088 1024
3 1024 1088 1089
3 1024 1089 1025
3 1025 1089 1090
3 1025 1090 1026
3 1026 1090 1091
3 1026 1091 1027
3 1027 1091 1092
3 1027 1092 1028
3 1028 1092 1093
3 1028 1093 1029
3 1029 1093 1094
3 1029 1094 1030
3 1030 1094 1095
3 1030 1095 1031
3 1031 1095 1096
3 1031 1096 1032
3 1032 1096 1097
3 1032 1097 1033
3 1033 1097 1098
3 1033 1098 1034
3 1034 1098 1099
3 1034 1099 1035
3 1035 1099 1100
3 1035 1100 1036
3 1036 1100 1101
3 1036 1101 1037
3 1037 1101 1102
3 1037 1102 1038
3 1038 1102 1103
3 1038 1103 1039
3 1039 1103 1104
3 1039 1104 1040
3 1040 1104 1105
3 1040 1105 1041
3 1041 1105 1106
3 1041 1106 1042
3 1042 1106 1107
3 1043 1108 1044
3 1044 1108 1109
3 1044 1109 1045
3 1045 1109 1110
3 1045 1110 1046
3 1046 1110 1111
3 1046 1111 1047
3 1047 1111 1112
3 1047 1112 1048
3 1048 1112 1113
3 1048 1113 1049
3 1049 1113 1114
3 1049 1114 1050
3 1050 1114 1115
3 1050 1115 1051
3 1051 1115 1116
3 1051 1116 1052
3 1052 1116 1117
3 1052 1117 1053
3 1053 1117 1118
3 1053 1118 1054
3 1054 1118 1119
3 1054 1119 1055
3 1055 1119 1120
3 1055 1120 1056
3 1056 1120 1121
3 1056 1121 1057
3 1057 1121 1122
3 1057 1122 1058
3 1058 1122 1123
3 1058 1123 1059
3 1059 1123 1124
3 1059 1124 1060
3 1060 1124 1125
3 1060 1125 1061
3 1061 1125 1126
3 1061 1126 1062
3 1062 1126 1127
3 1062 1127 1063
3 1063 1127 1128
3 1063 1128 1064
3 1064 1128 1129
3 1064 1129 1065
3 1065 1129 1130
3 1065 1130 1066
3 1066 1130 1131
3 1066 1131 1067
3 1067 1131 1132
3 1067 1132 1068
3 1068 1132 1133
3 1068 1133 1069
3 1069 1133 1134
3 1069 1134 1070
3 1070 1134 1135
3 1070 1135 1071
3 1071 1135 1136
3 1071 1136 1072
3 1072 1136 1137
3 1072 1137 1073
3 1073 1137 1138
3 1073 1138 1074
3 1074 1138 1139
3 1074 1139 1075
3 1075 1139 1140
3 1075 1140 1076
3 1076 1140 1141
3 1076 1141 1077
3 1077 1141 1142
3 1077 1142 1078
3 1078 1142 1143
3 1078 1143 1079
3 1079 1143 1144
3 1079 1144 1080
3 1080 1144 1145
3 1080 1145 1081
3 1081 1145 1146
3 1081 1146 1082
3 1082 1146 1147
3 1082 1147 1083
3 1083 1147 1148
3 1083 1148 1084
3 1084 1148 1149
3 1084 1149 1085
3 1085 1149 1150
3 1085 1150 1086
3 1086 1150 1151
3 1086 1151 1087
3 1087 1151 1152
3 1087 1152 1088
3 1088 1152 1153
3 1088 1153 1089
3 1089 1153 1154
3 1089 1154 1090
3 1090 1154 1155
3 1090 1155 1091
3 1091 1155 1156
3 1091 1156 1092
3 1092 1156 1157
3 1092 1157 1093
3 1093 1157 1158
3 1093 1158 1094
3 1094 1158 1159
3 1094 1159 1095
3 1095 1159 1160
3 1095 1160 1096
3 1096 1160 1161
3 1096 1161 1097
3 1097 1161 1162
3 1097 1162 1098
3 1098 1162 1163
3 1098 1163 1099
3 1099 1163 1164
3 1099 1164 1100
3 1100 1164 1165
3 1100 1165 1101
3 1101 1165 1166
3 1101 1166 1102
3 1102 1166 1167
3 1102 1167 1103
3 1103 1167 1168
3 1103 1168 1104
3 1104 1168 1169
3 1104 1169 1105
3 1105 1169 1170
3 1105 1170 1106
3 1106 1170 1171
3 1106 1171 1107
3 1107 1171 1172
3 1108 1173 1109
3 1109 1173 1174
3 1109 1174 1110
3 1110 1174 1175
3 1110 1175 1111
3 1111 1175 1176
3 1111 1176 1112
3 1112 1176 1177
3 1112 1177 1113
3 1113 1177 1178
3 1113 1178 1114
3 1114 1178 1179
3 1114 1179 1115
3 1115 1179 1180
3 1115 1180 1116
3 1116 1180 1181
3 1116 1181 1117
3 1117 1181 1182
3 1117 1182 1118
3 1118 1182 1183
3 1118 1183 1119
3 1119 1183 1184
3 1119 1184 1120
3 1120 1184 1185
3 1120 1185 1121
3 1121 1185 1186
3 1121 1186 1122
3 1122 1186 1187
3 1122 1187 1123
3 1123 1187 1188
3 1123 1188 1124
3 1124 1188 1189
3 1124 1189 1125
3 1125 1189 1190
3 1125 1190 1126
3 1126 1190 1191
3 1126 1191 1127
3 1127 1191 1192
3 1127 1192 1128
3 1128 1192 1193
3 1128 1193 1129
3 1129 1193 1194
3 1129 1194 1130
3 1130 1194 1195
3 1130 1195 1131
3 1131 1195 1196
3 1131 1196 1132
3 1132 1196 1197
3 1132 1197 1133
3 1133 1197 1198
3 1133 1198 1134
3 1134 1198 1199
3 1134 1199 1135
3 1135 1199 1200
3 1135 1200 1136
3 1136 1200 1201
3 1136 1201 1137
3 1137 1201 1202
3 1137 1202 1138
3 1138 1202 1203
3 1138 1203 1139
3 1139 1203 1204
3 1139 1204 1140
3 1140 1204 1205
3 1140 1205 1141
3 1141 1205 1206
3 1141 1206 1142
3 1142 1206 1207
3 1142 1207 1143
3 1143 1207 1208
3 1143 1208 1144
3 1144 1208 1209
3 1144 1209 1145
3 1145 1209 1210
3 1145 1210 1146
3 1146 1210 1211
3 1146 1211 1147
3 1147 1211 1212
3 1147 1212 1148
3 1148 1212 1213
3 1148 1213 1149
3 1149 1213 1214
3 1149 1214 1150
3 1150 1214 1215
3 1150 1215 1151
3 1151 1215 1216
3 1151 1216 1152
3 1152 1216 1217
3 1152 1217 1153
3 1153 1217 1218
3 1153 1218 1154
3 1154 1218 1219
3 1154 1219 1155
3 1155 1219 1220
3 1155 1220 1156
3 1156 1220 1221
3 1156 1221 1157
3 1157 1221 1222
3 1157 1222 1158
3 1158 1222 1223
3 1158 1223 1159
3 1159 1223 1224
3 1159 1224 1160
3 1160 1224 1225
3 1160 1225 1161
3 1161 1225 1226
3 1161 1226 1162
3 1162 1226 1227
3 1162 1227 1163
3 1163 1227 1228
3 1163 1228 1164
3 1164 1228 1229
3 1164 1229 1165
3 1165 1229 1230
3 1165 1230 1166
3 1166 1230 1231
3 1166 1231 1167
3 1167 1231 1232
3 1167 1232 1168
3 1168 1232 1233
3 1168 1233 1169
3 1169 1233 1234
3 1169 1234 1170
3 1170 1234 1235
3 1170 1235 1171
3 1171 1235 1236
3 1171 1236 1172
3 1172 1236 1237
3 1173 1238 1174
3 1174 1238 1239
3 1174 1239 1175
3 1175 1239 1240
3 1175 1240 1176
3 1176 1240 1241
3 1176 1241 1177
3 1177 1241 1242
3 1177 1242 1178
3 1178 1242 1243
3 1178 1243 1179
3 1179 1243 1244
3 1179 1244 1180
3 1180 1244 1245
3 1180 1245 1181
3 1181 1245 1246
3 1181 1246 1182
3 1182 1246 1247
3 1182 1247 1183
3 1183 1247 1248
3 1183 1248 1184
3 1184 1248 1249
3 1184 1249 1185
3 1185 1249 1250
3 1185 1250 1186
3 1186 1250 1251
3 1186 1251 1187
3 1187 1251 1252
3 1187 1252 1188
3 1188 1252 1253
3 1188 1253 1189
3 1189 1253 1254
3 1189 1254 1190
3 1190 1254 1255
3 1190 1255 1191
3 1191 1255 1256
3 1191 1256 1192
3 1192 1256 1257
3 1192 1257 1193
3 1193 1257 1258
3 1193 1258 1194
3 1194 1258 1259
3 1194 1259 1195
3 1195 1259 1260
3 1195 1260 1196
3 1196 1260 1261
3 1196 1261 1197
3 1197 1261 1262
3 1197 1262 1198
3 1198 1262 1263
3 1198 1263 1199
3 1199 1263 1264
3 1199 1264 1200
3 1200 1264 1265
3 1200 1265 1201
3 1201 1265 1266
3 1201 1266 1202
3 1202 1266 1267
3 1202 1267 1203
3 1203 1267 1268
3 1203 1268 1204
3 1204 1268 1269
3 1204 1269 1205
3 1205 1269 1270
3 1205 1270 1206
3 1206 1270 1271
3 1206 1271 1207
3 1207 1271 1272
3 1207 1272 1208
3 1208 1272 1273
3 1208 1273 1209
3 1209 1273 1274
3 1209 1274 1210
3 1210 1274 1275
3 1210 1275 1211
3 1211 1275 1276
3 1211 1276 1212
3 1212 1276 1277
3 1212 1277 1213
3 1213 1277 1278
3 1213 1278 1214
3 1214 1278 1279
3 1214 1279 1215
3 1215 1279 1280
3 1215 1280 1216
3 1216 1280 1281
3 1216 1281 1217
3 1217 1281 1282
3 1217 1282 1218
3 1218 1282 1283
3 1218 1283 1219
3 1219 1283 1284
3 1219 1284 1220
3 1220 1284 1285
3 1220 1285 1221
3 1221 1285 1286
3 1221 1286 1222
3 1222 1286 1287
3 1222 1287 1223
3 1223 1287 1288
3 1223 1288 1224
3 1224 1288 1289
3 1224 1289 1225
3 1225 1289 1290
3 1225 1290 1226
3 1226 1290 1291
3 1226 1291 1227
3 1227 1291 1292
3 1227 1292 1228
3 1228 1292 1293
3 1228 1293 1229
3 1229 1293 1294
3 1229 1294 1230
3 1230 1294 1295
3 1230 1295 1231
3 1231 1295 1296
3 1231 1296 1232
3 1232 1296 1297
3 1232 1297 1233
3 1233 1297 1298
3 1233 1298 1234
3 1234 1298 1299
3 1234 1299 1235
3 1235 1299 1300
3 1235 1300 1236
3 1236 1300 1301
3 1236 1301 1237
3 1237 1301 1302
3 1238 1303 1239
3 1239 1303 1304
3 1239 1304 1240
3 1240 1304 1305
3 1240 1305 1241
3 1241 1305 1306
3 1241 1306 1242
3 1242 1306 1307
3 1242 1307 1243
3 1243 1307 1308
3 1243 1308 1244
3 1244 1308 1309
3 1244 1309 1245
3 1245 1309 1310
3 1245 1310 1246
3 1246 1310 1311
3 1246 1311 1247
3 1247 1311 1312
3 1247 1312 1248
3 1248 1312 1313
3 1248 1313 1249
3 1249 1313 1314
3 1249 1314 1250
3 1250 1314 1315
3 1250 1315 1251
3 1251 1315 1316
3 1251 1316 1252
3 1252 1316 1317
3 1252 1317 1253
3 1253 1317 1318
3 1253 1318 1254
3 1254 1318 1319
3 1254 1319 1255
3 1255 1319 1320
3 1255 1320 1256
3 1256 1320 1321
3 1256 1321 1257
3 1257 1321 1322
3 1257 1322 1258
3 1258 1322 1323
3 1258 1323 1259
3 1259 1323 1324
3 1259 1324 1260
3 1260 1324 1325
3 1260 1325 1261
3 1261 1325 1326
3 1261 1326 1262
3 1262 1326 1327
3 1262 1327 1263
3 1263 1327 1328
3 1263 1328 1264
3 1264 1328 1329
3 1264 1329 1265
3 1265 1329 1330
3 1265 1330 1266
3 1266 1330 1331
3 1266 1331 1267
3 1267 1331 1332
3 1267 1332 1268
3 1268 1332 1333
3 1268 1333 1269
3 1269 1333 1334
3 1269 1334 1270
3 1270 1334 1335
3 1270 1335 1271
3 1271 1335 1336
3 1271 1336 1272
3 1272 1336 1337
3 1272 1337 1273
3 1273 1337 1338
3 1273 1338 1274
3 1274 1338 1339
3 1274 1339 1275
3 1275 1339 1340
3 1275 1340 1276
3 1276 1340 1341
3 1276 1341 1277
3 1277 1341 1342
3 1277 1342 1278
3 1278 1342 1343
3 1278 1343 1279
3 1279 1343 1344
3 1279 1344 1280
3 1280 1344 1345
3 1280 1345 1281
3 1281 1345 1346
3 1281 1346 1282
3 1282 1346 1347
3 1282 1347 1283
3 1283 1347 1348
3 1283 1348 1284
3 1284 1348 1349
3 1284 1349 1285
3 1285 1349 1350
3 1285 1350 1286
3 1286 1350 1351
3 1286 1351 1287
3 1287 1351 1352
3 1287 1352 1288
3 1288 1352 1353
3 1288 1353 1289
3 1289 1353 1354
3 1289 1354 1290
3 1290 1354 1355
3 1290 1355 1291
3 1291 1355 1356
3 1291 1356 1292
3 1292 1356 1357
3 1292 1357 1293
3 1293 1357 1358
3 1293 1358 1294
3 1294 1358 1359
3 1294 1359 1295
3 1295 1359 1360
3 1295 1360 1296
3 1296 1360 1361
3 1296 1361 1297
3 1297 1361 1362
3 1297 1362 1298
3 1298 1362 1363
3 1298 1363 1299
3 1299 1363 1364
3 1299 1364 1300
3 1300 1364 1365
3 1300 1365 1301
3 1301 1365 1366
3 1301 1366 1302
3 1302 1366 1367
3 1303 1368 1304
3 1304 1368 1369
3 1304 1369 1305
3 1305 1369 1370
3 1305 1370 1306
3 1306 1370 1371
3 1306 1371 1307
3 1307 1371 1372
3 1307 1372 1308
3 1308 1372 1373
3 1308 1373 1309
3 1309 1373 1374
3 1309 1374 1310
3 1310 1374 1375
3 1310 1375 1311
3 1311 1375 1376
3 1311 1376 1312
3 1312 1376 1377
3 1312 1377 1313
3 1313 1377 1378
3 1313 1378 1314
3 1314 1378 1379
3 1314 1379 1315
3 1315 1379 1380
3 1315 1380 1316
3 1316 1380 1381
3 1316 1381 1317
3 1317 1381 1382
3 1317 1382 1318
3 1318 1382 1383
3 1318 1383 1319
3 1319 1383 1384
3 1319 1384 1320
3 1320 1384 1385
3 1320 1385 1321
3 1321 1385 1386
3 1321 1386 1322
3 1322 1386 1387
3 1322 1387 1323
3 1323 1387 1388
3 1323 1388 1324
3 1324 1388 1389
3 1324 1389 1325
3 1325 1389 1390
3 1325 1390 1326
3 1326 1390 1391
3 1326 1391 1327
3 1327 1391 1392
3 1327 1392 1328
3 1328 1392 1393
3 1328 1393 1329
3 1329 1393 1394
3 1329 1394 1330
3 1330 1394 1395
3 1330 1395 1331
3 1331 1395 1396
3 1331 1396 1332
3 1332 1396 1397
3 1332 1397 1333
3 1333 1397 1398
3 1333 1398 1334
3 1334 1398 1399
3 1334 1399 1335
3 1335 1399 1400
3 1335 1400 1336
3 1336 1400 1401
3 1336 1401 1337
3 1337 1401 1402
3 1337 1402 1338
3 1338 1402 1403
3 1338 1403 1339
3 1339 1403 1404
3 1339 1404 1340
3 1340 1404 1405
3 1340 1405 1341
3 1341 1405 1406
3 1341 1406 1342
3 1342 1406 1407
3 1342 1407 1343
3 1343 1407 1408
3 1343 1408 1344
3 1344 1408 1409
3 1344 1409 1345
3 1345 1409 1410
3 1345 1410 1346
3 1346 1410 1411
3 1346 1411 1347
3 1347 1411 1412
3 1347 1412 1348
3 1348 1412 1413
3 1348 1413 1349
3 1349 1413 1414
3 1349 1414 1350
3 1350 1414 1415
3 1350 1415 1351
3 1351 1415 1416
3 1351 1416 1352
3 1352 1416 1417
3 1352 1417 1353
3 1353 1417 1418
3 1353 1418 1354
3 1354 1418 1419
3 1354 1419 1355
3 1355 1419 1420
3 1355 1420 1356
3 1356 1420 1421
3 1356 1421 1357
3 1357 1421 1422
3 1357 1422 1358
3 1358 1422 1423
3 1358 1423 1359
3 1359 1423 1424
3 1359 1424 1360
3 1360 1424 1425
3 1360 1425 1361
3 1361 1425 1426
3 1361 1426 1362
3 1362 1426 1427
3 1362 1427 1363
3 1363 1427 1428
3 1363 1428 1364
3 1364 1428 1429
3 1364 1429 1365
3 1365 1429 1430
3 1365 1430 1366
3 1366 1430 1431
3 1366 1431 1367
3 1367 1431 1432
3 1368 1433 1369
3 1369 1433 1434
3 1369 1434 1370
3 1370 1434 1435
3 1370 1435 1371
3 1371 1435 1436
3 1371 1436 1372
3 1372 1436 1437
3 1372 1437 1373
3 1373 1437 1438
3 1373 1438 1374
3 1374 1438 1439
3 1374 1439 1375
3 1375 1439 1440
3 1375 1440 1376
3 1376 1440 1441
3 1376 1441 1377
3 1377 1441 1442
3 1377 1442 1378
3 1378 1442 1443
3 1378 1443 1379
3 1379 1443 1444
3 1379 1444 1380
3 1380 1444 1445
3 1380 1445 1381
3 1381 1445 1446
3 1381 1446 1382
3 1382 1446 1447
3 1382 1447 1383
3 1383 1447 1448
3 1383 1448 1384
3 1384 1448 1449
3 1384 1449 1385
3 1385 1449 1450
3 1385 1450 1386
3 1386 1450 1451
3 1386 1451 1387
3 1387 1451 1452
3 1387 1452 1388
3 1388 1452 1453
3 1388 1453 1389
3 1389 1453 1454
3 1389 1454 1390
3 1390 1454 1455
3 1390 1455 1391
3 1391 1455 1456
3 1391 1456 1392
3 1392 1456 1457
3 1392 1457 1393
3 1393 1457 1458
3 1393 1458 1394
3 1394 1458 1459
3 1394 1459 1395
3 1395 1459 1460
3 1395 1460 1396
3 1396 1460 1461
3 1396 1461 1397
3 1397 1461 1462
3 1397 1462 1398
3 1398 1462 1463
3 1398 1463 1399
3 1399 1463 1464
3 1399 1464 1400
3 1400 1464 1465
3 1400 1465 1401
3 1401 1465 1466
3 1401 1466 1402
3 1402 1466 1467
3 1402 1467 1403
3 1403 1467 1468
3 1403 1468 1404
3 1404 1468 1469
3 1404 1469 1405
3 1405 1469 1470
3 1405 1470 1406
3 1406 1470 1471
3 1406 1471 1407
3 1407 1471 1472
3 1407 1472 1408
3 1408 1472 1473
3 1408 1473 1409
3 1409 1473 1474
3 1409 1474 1410
3 1410 1474 1475
3 1410 1475 1411
3 1411 1475 1476
3 1411 1476 1412
3 1412 1476 1477
3 1412 1477 1413
3 1413 1477 1478
3 1413 1478 1414
3 1414 1478 1479
3 1414 1479 1415
3 1415 1479 1480
3 1415 1480 1416
3 1416 1480 1481
3 1416 1481 1417
3 1417 1481 1482
3 1417 1482 1418
3 1418 1482 1483
3 1418 1483 1419
3 1419 1483 1484
3 1419 1484 1420
3 1420 1484 1485
3 1420 1485 1421
3 1421 1485 1486
3 1421 1486 1422
3 1422 1486 1487
3 1422 1487 1423
3 1423 1487 1488
3 1423 1488 1424
3 1424 1488 1489
3 1424 1489 1425
3 1425 1489 1490
3 1425 1490 1426
3 1426 1490 1491
3 1426 1491 1427
3 1427 1491 1492
3 1427 1492 1428
3 1428 1492 1493
3 1428 1493 1429
3 1429 1493 1494
3 1429 1494 1430
3 1430 1494 1495
3 1430 1495 1431
3 1431 1495 1496
3 1431 1496 1432
3 1432 1496 1497
3 1433 1498 1434
3 1434 1498 1499
3 1434 1499 1435
3 1435 1499 1500
3 1435 1500 1436
3 1436 1500 1501
3 1436 1501 1437
3 1437 1501 1502
3 1437 1502 1438
3 1438 1502 1503
3 1438 1503 1439
3 1439 1503 1504
3 1439 1504 1440
3 1440 1504 1505
3 1440 1505 1441
3 1441 1505 1506
3 1441 1506 1442
3 1442 1506 1507
3 1442 1507 1443
3 1443 1507 1508
3 1443 1508 1444
3 1444 1508 1509
3 1444 1509 1445
3 1445 1509 1510
3 1445 1510 1446
3 1446 1510 1511
3 1446 1511 1447
3 1447 1511 1512
3 1447 1512 1448
3 1448 1512 1513
3 1448 1513 1449
3 1449 1513 1514
3 1449 1514 1450
3 1450 1514 1515
3 1450 1515 1451
3 1451 1515 1516
3 1451 1516 1452
3 1452 1516 1517
3 1452 1517 1453
3 1453 1517 1518
3 1453 1518 1454
3 1454 1518 1519
3 1454 1519 1455
3 1455 1519 1520
3 1455 1520 1456
3 1456 1520 1521
3 1456 1521 1457
3 1457 1521 1522
3 1457 1522 1458
3 1458 1522 1523
3 1458 1523 1459
3 1459 1523 1524
3 1459 1524 1460
3 1460 1524 1525
3 1460 1525 1461
3 1461 1525 1526
3 1461 1526 1462
3 1462 1526 1527
3 1462 1527 1463
3 1463 1527 1528
3 1463 1528 1464
3 1464 1528 1529
3 1464 1529 1465
3 1465 1529 1530
3 1465 1530 1466
3 1466 1530 1531
3 1466 1531 1467
3 1467 1531 1532
3 1467 1532 1468
3 1468 1532 1533
3 1468 1533 1469
3 1469 1533 1534
3 1469 1534 1470
3 1470 1534 1535
3 1470 1535 1471
3 1471 1535 1536
3 1471 1536 1472
3 1472 1536 1537
3 1472 1537 1473
3 1473 1537 1538
3 1473 1538 1474
3 1474 1538 1539
3 1474 1539 1475
3 1475 1539 1540
3 1475 1540 1476
3 1476 1540 1541
3 1476 1541 1477
3 1477 1541 1542
3 1477 1542 1478
3 1478 1542 1543
3 1478 1543 1479
3 1479 1543 1544
3 1479 1544 1480
3 1480 1544 1545
3 1480 1545 1481
3 1481 1545 1546
3 1481 1546 1482
3 1482 1546 1547
3 1482 1547 1483
3 1483 1547 1548
3 1483 1548 1484
3 1484 1548 1549
3 1484 1549 1485
3 1485 1549 1550
3 1485 1550 1486
3 1486 1550 1551
3 1486 1551 1487
3 1487 1551 1552
3 1487 1552 1488
3 1488 1552 1553
3 1488 1553 1489
3 1489 1553 1554
3 1489 1554 1490
3 1490 1554 1555
3 1490 1555 1491
3 1491 1555 1556
3 1491 1556 1492
3 1492 1556 1557
3 1492 1557 1493
3 1493 1557 1558
3 1493 1558 1494
3 1494 1558 1559
3 1494 1559 1495
3 1495 1559 1560
3 1495 1560 1496
3 1496 1560 1561
3 1496 1561 1497
3 1497 1561 1562
3 1498 1563 1499
3 1499 1563 1564
3 1499 1564 1500
3 1500 1564 1565
3 1500 1565 1501
3 1501 1565 1566
3 1501 1566 1502
3 1502 1566 1567
3 1502 1567 1503
3 1503 1567 1568
3 1503 1568 1504
3 1504 1568 1569
3 1504 1569 1505
3 1505 1569 1570
3 1505 1570 1506
3 1506 1570 1571
3 1506 1571 1507
3 1507 1571 1572
3 1507 1572 1508
3 1508 1572 1573
3 1508 1573 1509
3 1509 1573 1574
3 1509 1574 1510
3 1510 1574 1575
3 1510 1575 1511
3 1511 1575 1576
3 1511 1576 1512
3 1512 1576 1577
3 1512 1577 1513
3 1513 1577 1578
3 1513 1578 1514
3 1514 1578 1579
3 1514 1579 1515
3 1515 1579 1580
3 1515 1580 1516
3 1516 1580 1581
3 1516 1581 1517
3 1517 1581 1582
3 1517 1582 1518
3 1518 1582 1583
3 1518 1583 1519
3 1519 1583 1584
3 1519 1584 1520
3 1520 1584 1585
3 1520 1585 1521
3 1521 1585 1586
3 1521 1586 1522
3 1522 1586 1587
3 1522 1587 1523
3 1523 1587 1588
3 1523 1588 1524
3 1524 1588 1589
3 1524 1589 1525
3 1525 1589 1590
3 1525 1590 1526
3 1526 1590 1591
3 1526 1591 1527
3 1527 1591 1592
3 1527 1592 1528
3 1528 1592 1593
3 1528 1593 1529
3 1529 1593 1594
3 1529 1594 1530
3 1530 1594 1595
3 1530 1595 1531
3 1531 1595 1596
3 1531 1596 1532
3 1532 1596 1597
3 1532 1597 1533
3 1533 1597 1598
3 1533 1598 1534
3 1534 1598 1599
3 1534 1599 1535
3 1535 1599 1600
3 1535 1600 1536
3 1536 1600 1601
3 1536 1601 1537
3 1537 1601 1602
3 1537 1602 1538
3 1538 1602 1603
3 1538 1603 1539
3 1539 1603 1604
3 1539 1604 1540
3 1540 1604 1605
3 1540 1605 1541
3 1541 1605 1606
3 1541 1606 1542
3 1542 1606 1607
3 1542 1607 1543
3 1543 1607 1608
3 1543 1608 1544
3 1544 1608 1609
3 1544 1609 1545
3 1545 1609 1610
3 1545 1610 1546
3 1546 1610 1611
3 1546 1611 1547
3 1547 1611 1612
3 1547 1612 1548
3 1548 1612 1613
3 1548 1613 1549
3 1549 1613 1614
3 1549 1614 1550
3 1550 1614 1615
3 1550 1615 1551
3 1551 1615 1616
3 1551 1616 1552
3 1552 1616 1617
3 1552 1617 1553
3 1553 1617 1618
3 1553 1618 1554
3 1554 1618 1619
3 1554 1619 1555
3 1555 1619 1620
3 1555 1620 1556
3 1556 1620 1621
3 1556 1621 1557
3 1557 1621 1622
3 1557 1622 1558
3 1558 1622 1623
3 1558 1623 1559
3 1559 1623 1624
3 1559 1624 1560
3 1560 1624 1625
3 1560 1625 1561
3 1561 1625 1626
3 1561 1626 1562
3 1562 1626 1627
3 1563 1628 1564
3 1564 1628 1629
3 1564 1629 1565
3 1565 1629 1630
3 1565 1630 1566
3 1566 1630 1631
3 1566 1631 1567
3 1567 1631 1632
3 1567 1632 1568
3 1568 1632 1633
3 1568 1633 1569
3 1569 1633 1634
3 1569 1634 1570
3 1570 1634 1635
3 1570 1635 1571
3 1571 1635 1636
3 1571 1636 1572
3 1572 1636 1637
3 1572 1637 1573
3 1573 1637 1638
3 1573 1638 1574
3 1574 1638 1639
3 1574 1639 1575
3 1575 1639 1640
3 1575 1640 1576
3 1576 1640 1641
3 1576 1641 1577
3 1577 1641 1642
3 1577 1642 1578
3 1578 1642 1643
3 1578 1643 1579
3 1579 1643 1644
3 1579 1644 1580
3 1580 1644 1645
3 1580 1645 1581
3 1581 1645 1646
3 1581 1646 1582
3 1582 1646 1647
3 1582 1647 1583
3 1583 1647 1648
3 1583 1648 1584
3 1584 1648 1649
3 1584 1649 1585
3 1585 1649 1650
3 1585 1650 1586
3 1586 1650 1651
3 1586 1651 1587
3 1587 1651 1652
3 1587 1652 1588
3 1588 1652 1653
3 1588 1653 1589
3 1589 1653 1654
3 1589 1654 1590
3 1590 1654 1655
3 1590 1655 1591
3 1591 1655 1656
3 1591 1656 1592
3 1592 1656 1657
3 1592 1657 1593
3 1593 1657 1658
3 1593 1658 1594
3 1594 1658 1659
3 1594 1659 1595
3 1595 1659 1660
3 1595 1660 1596
3 1596 1660 1661
3 1596 1661 1597
3 1597 1661 1662
3 1597 1662 1598
3 1598 1662 1663
3 1598 1663 1599
3 1599 1663 1664
3 1599 1664 1600
3 1600 1664 1665
3 1600 1665 1601
3 1601 1665 1666
3 1601 1666 1602
3 1602 1666 1667
3 1602 1667 1603
3 1603 1667 1668
3 1603 1668 1604
3 1604 1668 1669
3 1604 1669 1605
3 1605 1669 1670
3 1605 1670 1606
3 1606 1670 1671
3 1606 1671 1607
3 1607 1671 1672
3 1607 1672 1608
3 1608 1672 1673
3 1608 1673 1609
3 1609 1673 1674
3 1609 1674 1610
3 1610 1674 1675
3 1610 1675 1611
3 1611 1675 1676
3 1611 1676 1612
3 1612 1676 1677
3 1612 1677 1613
3 1613 1677 1678
3 1613 1678 1614
3 1614 1678 1679
3 1614 1679 1615
3 1615 1679 1680
3 1615 1680 1616
3 1616 1680 1681
3 1616 1681 1617
3 1617 1681 1682
3 1617 1682 1618
3 1618 1682 1683
3 1618 1683 1619
3 1619 1683 1684
3 1619 1684 1620
3 1620 1684 1685
3 1620 1685 1621
3 1621 1685 1686
3 1621 1686 1622
3 1622 1686 1687
3 1622 1687 1623
3 1623 1687 1688
3 1623 1688 1624
3 1624 1688 1689
3 1624 1689 1625
3 1625 1689 1690
3 1625 1690 1626
3 1626 1690 1691
3 1626 1691 1627
3 1627 1691 1692
3 1628 1693 1629
3 1629 1693 1694
3 1629 1694 1630
3 1630 1694 1695
3 1630 1695 1631
3 1631 1695 1696
3 1631 1696 1632
3 1632 1696 1697
3 1632 1697 1633
3 1633 1697 1698
3 1633 1698 1634
3 1634 1698 1699
3 1634 1699 1635
3 1635 1699 1700
3 1635 1700 1636
3 1636 1700 1701
3 1636 1701 1637
3 1637 1701 1702
3 1637 1702 1638
3 1638 1702 1703
3 1638 1703 1639
3 1639 1703 1704
3 1639 1704 1640
3 1640 1704 1705
3 1640 1705 1641
3 1641 1705 1706
3 1641 1706 1642
3 1642 1706 1707
3 1642 1707 1643
3 1643 1707 1708
3 1643 1708 1644
3 1644 1708 1709
3 1644 1709 1645
3 1645 1709 1710
3 1645 1710 1646
3 1646 1710 1711
3 1646 1711 1647
3 1647 1711 1712
3 1647 1712 1648
3 1648 1712 1713
3 1648 1713 1649
3 1649 1713 1714
3 1649 1714 1650
3 1650 1714 1715
3 1650 1715 1651
3 1651 1715 1716
3 1651 1716 1652
3 1652 1716 1717
3 1652 1717 1653
3 1653 1717 1718
3 1653 1718 1654
3 1654 1718 1719
3 1654 1719 1655
3 1655 1719 1720
3 1655 1720 1656
3 1656 1720 1721
3 1656 1721 1657
3 1657 1721 1722
3 1657 1722 1658
3 1658 1722 1723
3 1658 1723 1659
3 1659 1723 1724
3 1659 1724 1660
3 1660 1724 1725
3 1660 1725 1661
3 1661 1725 1726
3 1661 1726 1662
3 1662 1726 1727
3 1662 1727 1663
3 1663 1727 1728
3 1663 1728 1664
3 1664 1728 1729
3 1664 1729 1665
3 1665 1729 1730
3 1665 1730 1666
3 1666 1730 1731
3 1666 1731 1667
3 1667 1731 1732
3 1667 1732 1668
3 1668 1732 1733
3 1668 1733 1669
3 1669 1733 1734
3 1669 1734 1670
3 1670 1734 1735
3 1670 1735 1671
3 1671 1735 1736
3 1671 1736 1672
3 1672 1736 1737
3 1672 1737 1673
3 1673 1737 1738
3 1673 1738 1674
3 1674 1738 1739
3 1674 1739 1675
3 1675 1739 1740
3 1675 1740 1676
3 1676 1740 1741
3 1676 1741 1677
3 1677 1741 1742
3 1677 1742 1678
3 1678 1742 1743
3 1678 1743 1679
3 1679 1743 1744
3 1679 1744 1680
3 1680 1744 1745
3 1680 1745 1681
3 1681 1745 1746
3 1681 1746 1682
3 1682 1746 1747
3 1682 1747 1683
3 1683 1747 1748
3 1683 1748 1684
3 1684 1748 1749
3 1684 1749 1685
3 1685 1749 1750
3 1685 1750 1686
3 1686 1750 1751
3 1686 1751 1687
3 1687 1751 1752
3 1687 1752 1688
3 1688 1752 1753
3 1688 1753 1689
3 1689 1753 1754
3 1689 1754 1690
3 1690 1754 1755
3 1690 1755 1691
3 1691 1755 1756
3 1691 1756 1692
3 1692 1756 1757
3 1693 1758 1694
3 1694 1758 1759
3 1694 1759 1695
3 1695 1759 1760
3 1695 1760 1696
3 1696 1760 1761
3 1696 1761 1697
3 1697 1761 1762
3 1697 1762 1698
3 1698 1762 1763
3 1698 1763 1699
3 1699 1763 1764
3 1699 1764 1700
3 1700 1764 1765
3 1700 1765 1701
3 1701 1765 1766
3 1701 1766 1702
3 1702 1766 1767
3 1702 1767 1703
3 1703 1767 1768
3 1703 1768 1704
3 1704 1768 1769
3 1704 1769 1705
3 1705 1769 1770
3 1705 1770 1706
3 1706 1770 1771
3 1706 1771 1707
3 1707 1771 1772
3 1707 1772 1708
3 1708 1772 1773
3 1708 1773 1709
3 1709 1773 1774
3 1709 1774 1710
3 1710 1774 1775
3 1710 1775 1711
3 1711 1775 1776
3 1711 1776 1712
3 1712 1776 1777
3 1712 1777 1713
3 1713 1777 1778
3 1713 1778 1714
3 1714 1778 1779
3 1714 1779 1715
3 1715 1779 1780
3 1715 1780 1716
3 1716 1780 1781
3 1716 1781 1717
3 1717 1781 1782
3 1717 1782 1718
3 1718 1782 1783
3 1718 1783 1719
3 1719 1783 1784
3 1719 1784 1720
3 1720 1784 1785
3 1720 1785 1721
3 1721 1785 1786
3 1721 1786 1722
3 1722 1786 1787
3 1722 1787 1723
3 1723 1787 1788
3 1723 1788 1724
3 1724 1788 1789
3 1724 1789 1725
3 1725 1789 1790
3 1725 1790 1726
3 1726 1790 1791
3 1726 1791 1727
3 1727 1791 1792
3 1727 1792 1728
3 1728 1792 1793
3 1728 1793 1729
3 1729 1793 1794
3 1729 1794 1730
3 1730 1794 1795
3 1730 1795 1731
3 1731 1795 1796
3 1731 1796 1732
3 1732 1796 1797
3 1732 1797 1733
3 1733 1797 1798
3 1733 1798 1734
3 1734 1798 1799
3 1734 1799 1735
3 1735 1799 1800
3 1735 1800 1736
3 1736 1800 1801
3 1736 1801 1737
3 1737 1801 1802
3 1737 1802 1738
3 1738 1802 1803
3 1738 1803 1739
3 1739 1803 1804
3 1739 1804 1740
3 1740 1804 1805
3 1740 1805 1741
3 1741 1805 1806
3 1741 1806 1742
3 1742 1806 1807
3 1742 1807 1743
3 1743 1807 1808
3 1743 1808 1744
3 1744 1808 1809
3 1744 1809 1745
3 1745 1809 1810
3 1745 1810 1746
3 1746 1810 1811
3 1746 1811 1747
3 1747 1811 1812
3 1747 1812 1748
3 1748 1812 1813
3 1748 1813 1749
3 1749 1813 1814
3 1749 1814 1750
3 1750 1814 1815
3 1750 1815 1751
3 1751 1815 1816
3 1751 1816 1752
3 1752 1816 1817
3 1752 1817 1753
3 1753 1817 1818
3 1753 1818 1754
3 1754 1818 1819
3 1754 1819 1755
3 1755 1819 1820
3 1755 1820 1756
3 1756 1820 1821
3 1756 1821 1757
3 1757 1821 1822
3 1758 1823 1759
3 1759 1823 1824
3 1759 1824 1760
3 1760 1824 1825
3 1760 1825 1761
3 1761 1825 1826
3 1761 1826 1762
3 1762 1826 1827
3 1762 1827 1763
3 1763 1827 1828
3 1763 1828 1764
3 1764 1828 1829
3 1764 1829 1765
3 1765 1829 1830
3 1765 1830 1766
3 1766 1830 1831
3 1766 1831 1767
3 1767 1831 1832
3 1767 1832 1768
3 1768 1832 1833
3 1768 1833 1769
3 1769 1833 1834
3 1769 1834 1770
3 1770 1834 1835
3 1770 1835 1771
3 1771 1835 1836
3 1771 1836 1772
3 1772 1836 1837
3 1772 1837 1773
3 1773 1837 1838
3 1773 1838 1774
3 1774 1838 1839
3 1774 1839 1775
3 1775 1839 1840
3 1775 1840 1776
3 1776 1840 1841
3 1776 1841 1777
3 1777 1841 1842
3 1777 1842 1778
3 1778 1842 1843
3 1778 1843 1779
3 1779 1843 1844
3 1779 1844 1780
3 1780 1844 1845
3 1780 1845 1781
3 1781 1845 1846
3 1781 1846 1782
3 1782 1846 1847
3 1782 1847 1783
3 1783 1847 1848
3 1783 1848 1784
3 1784 1848 1849
3 1784 1849 1785
3 1785 1849 1850
3 1785 1850 1786
3 1786 1850 1851
3 1786 1851 1787
3 1787 1851 1852
3 1787 1852 1788
3 1788 1852 1853
3 1788 1853 1789
3 1789 1853 1854
3 1789 1854 1790
3 1790 1854 1855
3 1790 1855 1791
3 1791 1855 1856
3 1791 1856 1792
3 1792 1856 1857
3 1792 1857 1793
3 1793 1857 1858
3 1793 1858 1794
3 1794 1858 1859
3 1794 1859 1795
3 1795 1859 1860
3 1795 1860 1796
3 1796 1860 1861
3 1796 1861 1797
3 1797 1861 1862
3 1797 1862 1798
3 1798 1862 1863
3 1798 1863 1799
3 1799 1863 1864
3 1799 1864 1800
3 1800 1864 1865
3 1800 1865 1801
3 1801 1865 1866
3 1801 1866 1802
3 1802 1866 1867
3 1802 1867 1803
3 1803 1867 1868
3 1803 1868 1804
3 1804 1868 1869
3 1804 1869 1805
3 1805 1869 1870
3 1805 1870 1806
3 1806 1870 1871
3 1806 1871 1807
3 1807 1871 1872
3 1807 1872 1808
3 1808 1872 1873
3 1808 1873 1809
3 1809 1873 1874
3 1809 1874 1810
3 1810 1874 1875
3 1810 1875 1811
3 1811 1875 1876
3 1811 1876 1812
3 1812 1876 1877
3 1812 1877 1813
3 1813 1877 1878
3 1813 1878 1814
3 1814 1878 1879
3 1814 1879 1815
3 1815 1879 1880
3 1815 1880 1816
3 1816 1880 1881
3 1816 1881 1817
3 1817 1881 1882
3 1817 1882 1818
3 1818 1882 1883
3 1818 1883 1819
3 1819 1883 1884
3 1819 1884 1820
3 1820 1884 1885
3 1820 1885 1821
3 1821 1885 1886
3 1821 1886 1822
3 1822 1886 1887
3 1823 1888 1824
3 1824 1888 1889
3 1824 1889 1825
3 1825 1889 1890
3 1825 1890 1826
3 1826 1890 1891
3 1826 1891 1827
3 1827 1891 1892
3 1827 1892 1828
3 1828 1892 1893
3 1828 1893 1829
3 1829 1893 1894
3 1829 1894 1830
3 1830 1894 1895
3 1830 1895 1831
3 1831 1895 1896
3 1831 1896 1832
3 1832 1896 1897
3 1832 1897 1833
3 1833 1897 1898
3 1833 1898 1834
3 1834 1898 1899
3 1834 1899 1835
3 1835 1899 1900
3 1835 1900 1836
3 1836 1900 1901
3 1836 1901 1837
3 1837 1901 1902
3 1837 1902 1838
3 1838 1902 1903
3 1838 1903 1839
3 1839 1903 1904
3 1839 1904 1840
3 1840 1904 1905
3 1840 1905 1841
3 1841 1905 1906
3 1841 1906 1842
3 1842 1906 1907
3 1842 1907 1843
3 1843 1907 1908
3 1843 1908 1844
3 1844 1908 1909
3 1844 1909 1845
3 1845 1909 1910
3 1845 1910 1846
3 1846 1910 1911
3 1846 1911 1847
3 1847 1911 1912
3 1847 1912 1848
3 1848 1912 1913
3 1848 1913 1849
3 1849 1913 1914
3 1849 1914 1850
3 1850 1914 1915
3 1850 1915 1851
3 1851 1915 1916
3 1851 1916 1852
3 1852 1916 1917
3 1852 1917 1853
3 1853 1917 1918
3 1853 1918 1854
3 1854 1918 1919
3 1854 1919 1855
3 1855 1919 1920
3 1855 1920 1856
3 1856 1920 1921
3 1856 1921 1857
3 1857 1921 1922
3 1857 1922 1858
3 1858 1922 1923
3 1858 1923 1859
3 1859 1923 1924
3 1859 1924 1860
3 1860 1924 1925
3 1860 1925 1861
3 1861 1925 1926
3 1861 1926 1862
3 1862 1926 1927
3 1862 1927 1863
3 1863 1927 1928
3 1863 1928 1864
3 1864 1928 1929
3 1864 1929 1865
3 1865 1929 1930
3 1865 1930 1866
3 1866 1930 1931
3 1866 1931 1867
3 1867 1931 1932
3 1867 1932 1868
3 1868 1932 1933
3 1868 1933 1869
3 1869 1933 1934
3 1869 1934 1870
3 1870 1934 1935
3 1870 1935 1871
3 1871 1935 1936
3 1871 1936 1872
3 1872 1936 1937
3 1872 1937 1873
3 1873 1937 1938
3 1873 1938 1874
3 1874 1938 1939
3 1874 1939 1875
3 1875 1939 1940
3 1875 1940 1876
3 1876 1940 1941
3 1876 1941 1877
3 1877 1941 1942
3 1877 1942 1878
3 1878 1942 1943
3 1878 1943 1879
3 1879 1943 1944
3 1879 1944 1880
3 1880 1944 1945
3 1880 1945 1881
3 1881 1945 1946
3 1881 1946 1882
3 1882 1946 1947
3 1882 1947 1883
3 1883 1947 1948
3 1883 1948 1884
3 1884 1948 1949
3 1884 1949 1885
3 1885 1949 1950
3 1885 1950 1886
3 1886 1950 1951
3 1886 1951 1887
3 1887 1951 1952
3 1888 1953 1889
3 1889 1953 1954
3 1889 1954 1890
3 1890 1954 1955
3 1890 1955 1891
3 1891 1955 1956
3 1891 1956 1892
3 1892 1956 1957
3 1892 1957 1893
3 1893 1957 1958
3 1893 1958 1894
3 1894 1958 1959
3 1894 1959 1895
3 1895 1959 1960
3 1895 1960 1896
3 1896 1960 1961
3 1896 1961 1897
3 1897 1961 1962
3 1897 1962 1898
3 1898 1962 1963
3 1898 1963 1899
3 1899 1963 1964
3 1899 1964 1900
3 1900 1964 1965
3 1900 1965 1901
3 1901 1965 1966
3 1901 1966 1902
3 1902 1966 1967
3 1902 1967 1903
3 1903 1967 1968
3 1903 1968 1904
3 1904 1968 1969
3 1904 1969 1905
3 1905 1969 1970
3 1905 1970 1906
3 1906 1970 1971
3 1906 1971 1907
3 1907 1971 1972
3 1907 1972 1908
3 1908 1972 1973
3 1908 1973 1909
3 1909 1973 1974
3 1909 1974 1910
3 1910 1974 1975
3 1910 1975 1911
3 1911 1975 1976
3 1911 1976 1912
3 1912 1976 1977
3 1912 1977 1913
3 1913 1977 1978
3 1913 1978 1914
3 1914 1978 1979
3 1914 1979 1915
3 1915 1979 1980
3 1915 1980 1916
3 1916 1980 1981
3 1916 1981 1917
3 1917 1981 1982
3 1917 1982 1918
3 1918 1982 1983
3 1918 1983 1919
3 1919 1983 1984
3 1919 1984 1920
3 1920 1984 1985
3 1920 1985 1921
3 1921 1985 1986
3 1921 1986 1922
3 1922 1986 1987
3 1922 1987 1923
3 1923 1987 1988
3 1923 1988 1924
3 1924 1988 1989
3 1924 1989 1925
3 1925 1989 1990
3 1925 1990 1926
3 1926 1990 1991
3 1926 1991 1927
3 1927 1991 1992
3 1927 1992 1928
3 1928 1992 1993
3 1928 1993 1929
3 1929 1993 1994
3 1929 1994 1930
3 1930 1994 1995
3 1930 1995 1931
3 1931 1995 1996
3 1931 1996 1932
3 1932 1996 1997
3 1932 1997 1933
3 1933 1997 1998
3 1933 1998 1934
3 1934 1998 1999
3 1934 1999 1935
3 1935 1999 2000
3 1935 2000 1936
3 1936 2000 2001
3 1936 2001 1937
3 1937 2001 2002
3 1937 2002 1938
3 1938 2002 2003
3 1938 2003 1939
3 1939 2003 2004
3 1939 2004 1940
3 1940 2004 2005
3 1940 2005 1941
3 1941 2005 2006
3 1941 2006 1942
3 1942 2006 2007
3 1942 2007 1943
3 1943 2007 2008
3 1943 2008 1944
3 1944 2008 2009
3 1944 2009 1945
3 1945 2009 2010
3 1945 2010 1946
3 1946 2010 2011
3 1946 2011 1947
3 1947 2011 2012
3 1947 2012 1948
3 1948 2012 2013
3 1948 2013 1949
3 1949 2013 2014
3 1949 2014 1950
3 1950 2014 2015
3 1950 2015 1951
3 1951 2015 2016
3 1951 2016 1952
3 1952 2016 2017
3 1953 2018 1954
3 1954 2018 2019
3 1954 2019 1955
3 1955 2019 2020
3 1955 2020 1956
3 1956 2020 2021
3 1956 2021 1957
3 1957 2021 2022
3 1957 2022 1958
3 1958 2022 2023
3 1958 2023 1959
3 1959 2023 2024
3 1959 2024 1960
3 1960 2024 2025
3 1960 2025 1961
3 1961 2025 2026
3 1961 2026 1962
3 1962 2026 2027
3 1962 2027 1963
3 1963 2027 2028
3 1963 2028 1964
3 1964 2028 2029
3 1964 2029 1965
3 1965 2029 2030
3 1965 2030 1966
3 1966 2030 2031
3 1966 2031 1967
3 1967 2031 2032
3 1967 2032 1968
3 1968 2032 2033
3 1968 2033 1969
3 1969 2033 2034
3 1969 2034 1970
3 1970 2034 2035
3 1970 2035 1971
3 1971 2035 2036
3 1971 2036 1972
3 1972 2036 2037
3 1972 2037 1973
3 1973 2037 2038
3 1973 2038 1974
3 1974 2038 2039
3 1974 2039 1975
3 1975 2039 2040
3 1975 2040 1976
3 1976 2040 2041
3 1976 2041 1977
3 1977 2041 2042
3 1977 2042 1978
3 1978 2042 2043
3 1978 2043 1979
3 1979 2043 2044
3 1979 2044 1980
3 1980 2044 2045
3 1980 2045 1981
3 1981 2045 2046
3 1981 2046 1982
3 1982 2046 2047
3 1982 2047 1983
3 1983 2047 2048
3 1983 2048 1984
3 1984 2048 2049
3 1984 2049 1985
3 1985 2049 2050
3 1985 2050 1986
3 1986 2050 2051
3 1986 2051 1987
3 1987 2051 2052
3 1987 2052 1988
3 1988 2052 2053
3 1988 2053 1989
3 1989 2053 2054
3 1989 2054 1990
3 1990 2054 2055
3 1990 2055 1991
3 1991 2055 2056
3 1991 2056 1992
3 1992 2056 2057
3 1992 2057 1993
3 1993 2057 2058
3 1993 2058 1994
3 1994 2058 2059
3 1994 2059 1995
3 1995 2059 2060
3 1995 2060 1996
3 1996 2060 2061
3 1996 2061 1997
3 1997 2061 2062
3 1997 2062 1998
3 1998 2062 2063
3 1998 2063 1999
3 1999 2063 2064
3 1999 2064 2000
3 2000 2064 2065
3 2000 2065 2001
3 2001 2065 2066
3 2001 2066 2002
3 2002 2066 2067
3 2002 2067 2003
3 2003 2067 2068
3 2003 2068 2004
3 2004 2068 2069
3 2004 2069 2005
3 2005 2069 2070
3 2005 2070 2006
3 2006 2070 2071
3 2006 2071 2007
3 2007 2071 2072
3 2007 2072 2008
3 2008 2072 2073
3 2008 2073 2009
3 2009 2073 2074
3 2009 2074 2010
3 2010 2074 2075
3 2010 2075 2011
3 2011 2075 2076
3 2011 2076 2012
3 2012 2076 2077
3 2012 2077 2013
3 2013 2077 2078
3 2013 2078 2014
3 2014 2078 2079
3 2014 2079 2015
3 2015 2079 2080
3 2015 2080 2016
3 2016 2080 2081
3 2016 2081 2017
3 2017 2081 2082
3 2018 2083 2019
3 2019 2083 2084
3 2019 2084 2020
3 2020 2084 2085
3 2020 2085 2021
3 2021 2085 2086
3 2021 2086 2022
3 2022 2086 2087
3 2022 2087 2023
3 2023 2087 2088
3 2023 2088 2024
3 2024 2088 2089
3 2024 2089 2025
3 2025 2089 2090
3 2025 2090 2026
3 2026 2090 2091
3 2026 2091 2027
3 2027 2091 2092
3 2027 2092 2028
3 2028 2092 2093
3 2028 2093 2029
3 2029 2093 2094
3 2029 2094 2030
3 2030 2094 2095
3 2030 2095 2031
3 2031 2095 2096
3 2031 2096 2032
3 2032 2096 2097
3 2032 2097 2033
3 2033 2097 2098
3 2033 2098 2034
3 2034 2098 2099
3 2034 2099 2035
3 2035 2099 2100
3 2035 2100 2036
3 2036 2100 2101
3 2036 2101 2037
3 2037 2101 2102
3 2037 2102 2038
3 2038 2102 2103
3 2038 2103 2039
3 2039 2103 2104
3 2039 2104 2040
3 2040 2104 2105
3 2040 2105 2041
3 2041 2105 2106
3 2041 2106 2042
3 2042 2106 2107
3 2042 2107 2043
3 2043 2107 2108
3 2043 2108 2044
3 2044 2108 2109
3 2044 2109 2045
3 2045 2109 2110
3 2045 2110 2046
3 2046 2110 2111
3 2046 2111 2047
3 2047 2111 2112
3 2047 2112 2048
3 2048 2112 2113
3 2048 2113 2049
3 2049 2113 2114
3 2049 2114 2050
3 2050 2114 2115
3 2050 2115 2051
3 2051 2115 2116
3 2051 2116 2052
3 2052 2116 2117
3 2052 2117 2053
3 2053 2117 2118
3 2053 2118 2054
3 2054 2118 2119
3 2054 2119 2055
3 2055 2119 2120
3 2055 2120 2056
3 2056 2120 2121
3 2056 2121 2057
3 2057 2121 2122
3 2057 2122 2058
3 2058 2122 2123
3 2058 2123 2059
3 2059 2123 2124
3 2059 2124 2060
3 2060 2124 2125
3 2060 2125 2061
3 2061 2125 2126
3 2061 2126 2062
3 2062 2126 2127
3 2062 2127 2063
3 2063 2127 2128
3 2063 2128 2064
3 2064 2128 2129
3 2064 2129 2065
3 2065 2129 2130
3 2065 2130 2066
3 2066 2130 2131
3 2066 2131 2067
3 2067 2131 2132
3 2067 2132 2068
3 2068 2132 2133
3 2068 2133 2069
3 2069 2133 2134
3 2069 2134 2070
3 2070 2134 2135
3 2070 2135 2071
3 2071 2135 2136
3 2071 2136 2072
3 2072 2136 2137
3 2072 2137 2073
3 2073 2137 2138
3 2073 2138 2074
3 2074 2138 2139
3 2074 2139 2075
3 2075 2139 2140
3 2075 2140 2076
3 2076 2140 2141
3 2076 2141 2077
3 2077 2141 2142
3 2077 2142 2078
3 2078 2142 2143
3 2078 2143 2079
3 2079 2143 2144
3 2079 2144 2080
3 2080 2144 2145
3 2080 2145 2081
3 2081 2145 2146
3 2081 2146 2082
3 2082 2146 2147
3 2083 2148 2084
3 2084 2148 2149
3 2084 2149 2085
3 2085 2149 2150
3 2085 2150 2086
3 2086 2150 2151
3 2086 2151 2087
3 2087 2151 2152
3 2087 2152 2088
3 2088 2152 2153
3 2088 2153 2089
3 2089 2153 2154
3 2089 2154 2090
3 2090 2154 2155
3 2090 2155 2091
3 2091 2155 2156
3 2091 2156 2092
3 2092 2156 2157
3 2092 2157 2093
3 2093 2157 2158
3 2093 2158 2094
3 2094 2158 2159
3 2094 2159 2095
3 2095 2159 2160
3 2095 2160 2096
3 2096 2160 2161
3 2096 2161 2097
3 2097 2161 2162
3 2097 2162 2098
3 2098 2162 2163
3 2098 2163 2099
3 2099 2163 2164
3 2099 2164 2100
3 2100 2164 2165
3 2100 2165 2101
3 2101 2165 2166
3 2101 2166 2102
3 2102 2166 2167
3 2102 2167 2103
3 2103 2167 2168
3 2103 2168 2104
3 2104 2168 2169
3 2104 2169 2105
3 2105 2169 2170
3 2105 2170 2106
3 2106 2170 2171
3 2106 2171 2107
3 2107 2171 2172
3 2107 2172 2108
3 2108 2172 2173
3 2108 2173 2109
3 2109 2173 2174
3 2109 2174 2110
3 2110 2174 2175
3 2110 2175 2111
3 2111 2175 2176
3 2111 2176 2112
3 2112 2176 2177
3 2112 2177 2113
3 2113 2177 2178
3 2113 2178 2114
3 2114 2178 2179
3 2114 2179 2115
3 2115 2179 2180
3 2115 2180 2116
3 2116 2180 2181
3 2116 2181 2117
3 2117 2181 2182
3 2117 2182 2118
3 2118 2182 2183
3 2118 2183 2119
3 2119 2183 2184
3 2119 2184 2120
3 2120 2184 2185
3 2120 2185 2121
3 2121 2185 2186
3 2121 2186 2122
3 2122 2186 2187
3 2122 2187 2123
3 2123 2187 2188
3 2123 2188 2124
3 2124 2188 2189
3 2124 2189 2125
3 2125 2189 2190
3 2125 2190 2126
3 2126 2190 2191
3 2126 2191 2127
3 2127 2191 2192
3 2127 2192 2128
3 2128 2192 2193
3 2128 2193 2129
3 2129 2193 2194
3 2129 2194 2130
3 2130 2194 2195
3 2130 2195 2131
3 2131 2195 2196
3 2131 2196 2132
3 2132 2196 2197
3 2132 2197 2133
3 2133 2197 2198
3 2133 2198 2134
3 2134 2198 2199
3 2134 2199 2135
3 2135 2199 2200
3 2135 2200 2136
3 2136 2200 2201
3 2136 2201 2137
3 2137 2201 2202
3 2137 2202 2138
3 2138 2202 2203
3 2138 2203 2139
3 2139 2203 2204
3 2139 2204 2140
3 2140 2204 2205
3 2140 2205 2141
3 2141 2205 2206
3 2141 2206 2142
3 2142 2206 2207
3 2142 2207 2143
3 2143 2207 2208
3 2143 2208 2144
3 2144 2208 2209
3 2144 2209 2145
3 2145 2209 2210
3 2145 2210 2146
3 2146 2210 2211
3 2146 2211 2147
3 2147 2211 2212
3 2148 2213 2149
3 2149 2213 2214
3 2149 2214 2150
3 2150 2214 2215
3 2150 2215 2151
3 2151 2215 2216
3 2151 2216 2152
3 2152 2216 2217
3 2152 2217 2153
3 2153 2217 2218
3 2153 2218 2154
3 2154 2218 2219
3 2154 2219 2155
3 2155 2219 2220
3 2155 2220 2156
3 2156 2220 2221
3 2156 2221 2157
3 2157 2221 2222
3 2157 2222 2158
3 2158 2222 2223
3 2158 2223 2159
3 2159 2223 2224
3 2159 2224 2160
3 2160 2224 2225
3 2160 2225 2161
3 2161 2225 2226
3 2161 2226 2162
3 2162 2226 2227
3 2162 2227 2163
3 2163 2227 2228
3 2163 2228 2164
3 2164 2228 2229
3 2164 2229 2165
3 2165 2229 2230
3 2165 2230 2166
3 2166 2230 2231
3 2166 2231 2167
3 2167 2231 2232
3 2167 2232 2168
3 2168 2232 2233
3 2168 2233 2169
3 2169 2233 2234
3 2169 2234 2170
3 2170 2234 2235
3 2170 2235 2171
3 2171 2235 2236
3 2171 2236 2172
3 2172 2236 2237
3 2172 2237 2173
3 2173 2237 2238
3 2173 2238 2174
3 2174 2238 2239
3 2174 2239 2175
3 2175 2239 2240
3 2175 2240 2176
3 2176 2240 2241
3 2176 2241 2177
3 2177 2241 2242
3 2177 2242 2178
3 2178 2242 2243
3 2178 2243 2179
3 2179 2243 2244
3 2179 2244 2180
3 2180 2244 2245
3 2180 2245 2181
3 2181 2245 2246
3 2181 2246 2182
3 2182 2246 2247
3 2182 2247 2183
3 2183 2247 2248
3 2183 2248 2184
3 2184 2248 2249
3 2184 2249 2185
3 2185 2249 2250
3 2185 2250 2186
3 2186 2250 2251
3 2186 2251 2187
3 2187 2251 2252
3 2187 2252 2188
3 2188 2252 2253
3 2188 2253 2189
3 2189 2253 2254
3 2189 2254 2190
3 2190 2254 2255
3 2190 2255 2191
3 2191 2255 2256
3 2191 2256 2192
3 2192 2256 2257
3 2192 2257 2193
3 2193 2257 2258
3 2193 2258 2194
3 2194 2258 2259
3 2194 2259 2195
3 2195 2259 2260
3 2195 2260 2196
3 2196 2260 2261
3 2196 2261 2197
3 2197 2261 2262
3 2197 2262 2198
3 2198 2262 2263
3 2198 2263 2199
3 2199 2263 2264
3 2199 2264 2200
3 2200 2264 2265
3 2200 2265 2201
3 2201 2265 2266
3 2201 2266 2202
3 2202 2266 2267
3 2202 2267 2203
3 2203 2267 2268
3 2203 2268 2204
3 2204 2268 2269
3 2204 2269 2205
3 2205 2269 2270
3 2205 2270 2206
3 2206 2270 2271
3 2206 2271 2207
3 2207 2271 2272
3 2207 2272 2208
3 2208 2272 2273
3 2208 2273 2209
3 2209 2273 2274
3 2209 2274 2210
3 2210 2274 2275
3 2210 2275 2211
3 2211 2275 2276
3 2211 2276 2212
3 2212 2276 2277
3 2213 2278 2214
3 2214 2278 2279
3 2214 2279 2215
3 2215 2279 2280
3 2215 2280 2216
3 2216 2280 2281
3 2216 2281 2217
3 2217 2281 2282
3 2217 2282 2218
3 2218 2282 2283
3 2218 2283 2219
3 2219 2283 2284
3 2219 2284 2220
3 2220 2284 2285
3 2220 2285 2221
3 2221 2285 2286
3 2221 2286 2222
3 2222 2286 2287
3 2222 2287 2223
3 2223 2287 2288
3 2223 2288 2224
3 2224 2288 2289
3 2224 2289 2225
3 2225 2289 2290
3 2225 2290 2226
3 2226 2290 2291
3 2226 2291 2227
3 2227 2291 2292
3 2227 2292 2228
3 2228 2292 2293
3 2228 2293 2229
3 2229 2293 2294
3 2229 2294 2230
3 2230 2294 2295
3 2230 2295 2231
3 2231 2295 2296
3 2231 2296 2232
3 2232 2296 2297
3 2232 2297 2233
3 2233 2297 2298
3 2233 2298 2234
3 2234 2298 2299
3 2234 2299 2235
3 2235 2299 2300
3 2235 2300 2236
3 2236 2300 2301
3 2236 2301 2237
3 2237 2301 2302
3 2237 2302 2238
3 2238 2302 2303
3 2238 2303 2239
3 2239 2303 2304
3 2239 2304 2240
3 2240 2304 2305
3 2240 2305 2241
3 2241 2305 2306
3 2241 2306 2242
3 2242 2306 2307
3 2242 2307 2243
3 2243 2307 2308
3 2243 2308 2244
3 2244 2308 2309
3 2244 2309 2245
3 2245 2309 2310
3 2245 2310 2246
3 2246 2310 2311
3 2246 2311 2247
3 2247 2311 2312
3 2247 2312 2248
3 2248 2312 2313
3 2248 2313 2249
3 2249 2313 2314
3 2249 2314 2250
3 2250 2314 2315
3 2250 2315 2251
3 2251 2315 2316
3 2251 2316 2252
3 2252 2316 2317
3 2252 2317 2253
3 2253 2317 2318
3 2253 2318 2254
3 2254 2318 2319
3 2254 2319 2255
3 2255 2319 2320
3 2255 2320 2256
3 2256 2320 2321
3 2256 2321 2257
3 2257 2321 2322
3 2257 2322 2258
3 2258 2322 2323
3 2258 2323 2259
3 2259 2323 2324
3 2259 2324 2260
3 2260 2324 2325
3 2260 2325 2261
3 2261 2325 2326
3 2261 2326 2262
3 2262 2326 2327
3 2262 2327 2263
3 2263 2327 2328
3 2263 2328 2264
3 2264 2328 2329
3 2264 2329 2265
3 2265 2329 2330
3 2265 2330 2266
3 2266 2330 2331
3 2266 2331 2267
3 2267 2331 2332
3 2267 2332 2268
3 2268 2332 2333
3 2268 2333 2269
3 2269 2333 2334
3 2269 2334 2270
3 2270 2334 2335
3 2270 2335 2271
3 2271 2335 2336
3 2271 2336 2272
3 2272 2336 2337
3 2272 2337 2273
3 2273 2337 2338
3 2273 2338 2274
3 2274 2338 2339
3 2274 2339 2275
3 2275 2339 2340
3 2275 2340 2276
3 2276 2340 2341
3 2276 2341 2277
3 2277 2341 2342
3 2278 2343 2279
3 2279 2343 2344
3 2279 2344 2280
3 2280 2344 2345
3 2280 2345 2281
3 2281 2345 2346
3 2281 2346 2282
3 2282 2346 2347
3 2282 2347 2283
3 2283 2347 2348
3 2283 2348 2284
3 2284 2348 2349
3 2284 2349 2285
3 2285 2349 2350
3 2285 2350 2286
3 2286 2350 2351
3 2286 2351 2287
3 2287 2351 2352
3 2287 2352 2288
3 2288 2352 2353
3 2288 2353 2289
3 2289 2353 2354
3 2289 2354 2290
3 2290 2354 2355
3 2290 2355 2291
3 2291 2355 2356
3 2291 2356 2292
3 2292 2356 2357
3 2292 2357 2293
3 2293 2357 2358
3 2293 2358 2294
3 2294 2358 2359
3 2294 2359 2295
3 2295 2359 2360
3 2295 2360 2296
3 2296 2360 2361
3 2296 2361 2297
3 2297 2361 2362
3 2297 2362 2298
3 2298 2362 2363
3 2298 2363 2299
3 2299 2363 2364
3 2299 2364 2300
3 2300 2364 2365
3 2300 2365 2301
3 2301 2365 2366
3 2301 2366 2302
3 2302 2366 2367
3 2302 2367 2303
3 2303 2367 2368
3 2303 2368 2304
3 2304 2368 2369
3 2304 2369 2305
3 2305 2369 2370
3 2305 2370 2306
3 2306 2370 2371
3 2306 2371 2307
3 2307 2371 2372
3 2307 2372 2308
3 2308 2372 2373
3 2308 2373 2309
3 2309 2373 2374
3 2309 2374 2310
3 2310 2374 2375
3 2310 2375 2311
3 2311 2375 2376
3 2311 2376 2312
3 2312 2376 2377
3 2312 2377 2313
3 2313 2377 2378
3 2313 2378 2314
3 2314 2378 2379
3 2314 2379 2315
3 2315 2379 2380
3 2315 2380 2316
3 2316 2380 2381
3 2316 2381 2317
3 2317 2381 2382
3 2317 2382 2318
3 2318 2382 2383
3 2318 2383 2319
3 2319 2383 2384
3 2319 2384 2320
3 2320 2384 2385
3 2320 2385 2321
3 2321 2385 2386
3 2321 2386 2322
3 2322 2386 2387
3 2322 2387 2323
3 2323 2387 2388
3 2323 2388 2324
3 2324 2388 2389
3 2324 2389 2325
3 2325 2389 2390
3 2325 2390 2326
3 2326 2390 2391
3 2326 2391 2327
3 2327 2391 2392
3 2327 2392 2328
3 2328 2392 2393
3 2328 2393 2329
3 2329 2393 2394
3 2329 2394 2330
3 2330 2394 2395
3 2330 2395 2331
3 2331 2395 2396
3 2331 2396 2332
3 2332 2396 2397
3 2332 2397 2333
3 2333 2397 2398
3 2333 2398 2334
3 2334 2398 2399
3 2334 2399 2335
3 2335 2399 2400
3 2335 2400 2336
3 2336 2400 2401
3 2336 2401 2337
3 2337 2401 2402
3 2337 2402 2338
3 2338 2402 2403
3 2338 2403 2339
3 2339 2403 2404
3 2339 2404 2340
3 2340 2404 2405
3 2340 2405 2341
3 2341 2405 2406
3 2341 2406 2342
3 2342 2406 2407
3 2343 2408 2344
3 2344 2408 2409
3 2344 2409 2345
3 2345 2409 2410
3 2345 2410 2346
3 2346 2410 2411
3 2346 2411 2347
3 2347 2411 2412
3 2347 2412 2348
3 2348 2412 2413
3 2348 2413 2349
3 2349 2413 2414
3 2349 2414 2350
3 2350 2414 2415
3 2350 2415 2351
3 2351 2415 2416
3 2351 2416 2352
3 2352 2416 2417
3 2352 2417 2353
3 2353 2417 2418
3 2353 2418 2354
3 2354 2418 2419
3 2354 2419 2355
3 2355 2419 2420
3 2355 2420 2356
3 2356 2420 2421
3 2356 2421 2357
3 2357 2421 2422
3 2357 2422 2358
3 2358 2422 2423
3 2358 2423 2359
3 2359 2423 2424
3 2359 2424 2360
3 2360 2424 2425
3 2360 2425 2361
3 2361 2425 2426
3 2361 2426 2362
3 2362 2426 2427
3 2362 2427 2363
3 2363 2427 2428
3 2363 2428 2364
3 2364 2428 2429
3 2364 2429 2365
3 2365 2429 2430
3 2365 2430 2366
3 2366 2430 2431
3 2366 2431 2367
3 2367 2431 2432
3 2367 2432 2368
3 2368 2432 2433
3 2368 2433 2369
3 2369 2433 2434
3 2369 2434 2370
3 2370 2434 2435
3 2370 2435 2371
3 2371 2435 2436
3 2371 2436 2372
3 2372 2436 2437
3 2372 2437 2373
3 2373 2437 2438
3 2373 2438 2374
3 2374 2438 2439
3 2374 2439 2375
3 2375 2439 2440
3 2375 2440 2376
3 2376 2440 2441
3 2376 2441 2377
3 2377 2441 2442
3 2377 2442 2378
3 2378 2442 2443
3 2378 2443 2379
3 2379 2443 2444
3 2379 2444 2380
3 2380 2444 2445
3 2380 2445 2381
3 2381 2445 2446
3 2381 2446 2382
3 2382 2446 2447
3 2382 2447 2383
3 2383 2447 2448
3 2383 2448 2384
3 2384 2448 2449
3 2384 2449 2385
3 2385 2449 2450
3 2385 2450 2386
3 2386 2450 2451
3 2386 2451 2387
3 2387 2451 2452
3 2387 2452 2388
3 2388 2452 2453
3 2388 2453 2389
3 2389 2453 2454
3 2389 2454 2390
3 2390 2454 2455
3 2390 2455 2391
3 2391 2455 2456
3 2391 2456 2392
3 2392 2456 2457
3 2392 2457 2393
3 2393 2457 2458
3 2393 2458 2394
3 2394 2458 2459
3 2394 2459 2395
3 2395 2459 2460
3 2395 2460 2396
3 2396 2460 2461
3 2396 2461 2397
3 2397 2461 2462
3 2397 2462 2398
3 2398 2462 2463
3 2398 2463 2399
3 2399 2463 2464
3 2399 2464 2400
3 2400 2464 2465
3 2400 2465 2401
3 2401 2465 2466
3 2401 2466 2402
3 2402 2466 2467
3 2402 2467 2403
3 2403 2467 2468
3 2403 2468 2404
3 2404 2468 2469
3 2404 2469 2405
3 2405 2469 2470
3 2405 2470 2406
3 2406 2470 2471
3 2406 2471 2407
3 2407 2471 2472
3 2408 2473 2409
3 2409 2473 2474
3 2409 2474 2410
3 2410 2474 2475
3 2410 2475 2411
3 2411 2475 2476
3 2411 2476 2412
3 2412 2476 2477
3 2412 2477 2413
3 2413 2477 2478
3 2413 2478 2414
3 2414 2478 2479
3 2414 2479 2415
3 2415 2479 2480
3 2415 2480 2416
3 2416 2480 2481
3 2416 2481 2417
3 2417 2481 2482
3 2417 2482 2418
3 2418 2482 2483
3 2418 2483 2419
3 2419 2483 2484
3 2419 2484 2420
3 2420 2484 2485
3 2420 2485 2421
3 2421 2485 2486
3 2421 2486 2422
3 2422 2486 2487
3 2422 2487 2423
3 2423 2487 2488
3 2423 2488 2424
3 2424 2488 2489
3 2424 2489 2425
3 2425 2489 2490
3 2425 2490 2426
3 2426 2490 2491
3 2426 2491 2427
3 2427 2491 2492
3 2427 2492 2428
3 2428 2492 2493
3 2428 2493 2429
3 2429 2493 2494
3 2429 2494 2430
3 2430 2494 2495
3 2430 2495 2431
3 2431 2495 2496
3 2431 2496 2432
3 2432 2496 2497
3 2432 2497 2433
3 2433 2497 2498
3 2433 2498 2434
3 2434 2498 2499
3 2434 2499 2435
3 2435 2499 2500
3 2435 2500 2436
3 2436 2500 2501
3 2436 2501 2437
3 2437 2501 2502
3 2437 2502 2438
3 2438 2502 2503
3 2438 2503 2439
3 2439 2503 2504
3 2439 2504 2440
3 2440 2504 2505
3 2440 2505 2441
3 2441 2505 2506
3 2441 2506 2442
3 2442 2506 2507
3 2442 2507 2443
3 2443 2507 2508
3 2443 2508 2444
3 2444 2508 2509
3 2444 2509 2445
3 2445 2509 2510
3 2445 2510 2446
3 2446 2510 2511
3 2446 2511 2447
3 2447 2511 2512
3 2447 2512 2448
3 2448 2512 2513
3 2448 2513 2449
3 2449 2513 2514
3 2449 2514 2450
3 2450 2514 2515
3 2450 2515 2451
3 2451 2515 2516
3 2451 2516 2452
3 2452 2516 2517
3 2452 2517 2453
3 2453 2517 2518
3 2453 2518 2454
3 2454 2518 2519
3 2454 2519 2455
3 2455 2519 2520
3 2455 2520 2456
3 2456 2520 2521
3 2456 2521 2457
3 2457 2521 2522
3 2457 2522 2458
3 2458 2522 2523
3 2458 2523 2459
3 2459 2523 2524
3 2459 2524 2460
3 2460 2524 2525
3 2460 2525 2461
3 2461 2525 2526
3 2461 2526 2462
3 2462 2526 2527
3 2462 2527 2463
3 2463 2527 2528
3 2463 2528 2464
3 2464 2528 2529
3 2464 2529 2465
3 2465 2529 2530
3 2465 2530 2466
3 2466 2530 2531
3 2466 2531 2467
3 2467 2531 2532
3 2467 2532 2468
3 2468 2532 2533
3 2468 2533 2469
3 2469 2533 2534
3 2469 2534 2470
3 2470 2534 2535
3 2470 2535 2471
3 2471 2535 2536
3 2471 2536 2472
3 2472 2536 2537
3 2473 2538 2474
3 2474 2538 2539
3 2474 2539 2475
3 2475 2539 2540
3 2475 2540 2476
3 2476 2540 2541
3 2476 2541 2477
3 2477 2541 2542
3 2477 2542 2478
3 2478 2542 2543
3 2478 2543 2479
3 2479 2543 2544
3 2479 2544 2480
3 2480 2544 2545
3 2480 2545 2481
3 2481 2545 2546
3 2481 2546 2482
3 2482 2546 2547
3 2482 2547 2483
3 2483 2547 2548
3 2483 2548 2484
3 2484 2548 2549
3 2484 2549 2485
3 2485 2549 2550
3 2485 2550 2486
3 2486 2550 2551
3 2486 2551 2487
3 2487 2551 2552
3 2487 2552 2488
3 2488 2552 2553
3 2488 2553 2489
3 2489 2553 2554
3 2489 2554 2490
3 2490 2554 2555
3 2490 2555 2491
3 2491 2555 2556
3 2491 2556 2492
3 2492 2556 2557
3 2492 2557 2493
3 2493 2557 2558
3 2493 2558 2494
3 2494 2558 2559
3 2494 2559 2495
3 2495 2559 2560
3 2495 2560 2496
3 2496 2560 2561
3 2496 2561 2497
3 2497 2561 2562
3 2497 2562 2498
3 2498 2562 2563
3 2498 2563 2499
3 2499 2563 2564
3 2499 2564 2500
3 2500 2564 2565
3 2500 2565 2501
3 2501 2565 2566
3 2501 2566 2502
3 2502 2566 2567
3 2502 2567 2503
3 2503 2567 2568
3 2503 2568 2504
3 2504 2568 2569
3 2504 2569 2505
3 2505 2569 2570
3 2505 2570 2506
3 2506 2570 2571
3 2506 2571 2507
3 2507 2571 2572
3 2507 2572 2508
3 2508 2572 2573
3 2508 2573 2509
3 2509 2573 2574
3 2509 2574 2510
3 2510 2574 2575
3 2510 2575 2511
3 2511 2575 2576
3 2511 2576 2512
3 2512 2576 2577
3 2512 2577 2513
3 2513 2577 2578
3 2513 2578 2514
3 2514 2578 2579
3 2514 2579 2515
3 2515 2579 2580
3 2515 2580 2516
3 2516 2580 2581
3 2516 2581 2517
3 2517 2581 2582
3 2517 2582 2518
3 2518 2582 2583
3 2518 2583 2519
3 2519 2583 2584
3 2519 2584 2520
3 2520 2584 2585
3 2520 2585 2521
3 2521 2585 2586
3 2521 2586 2522
3 2522 2586 2587
3 2522 2587 2523
3 2523 2587 2588
3 2523 2588 2524
3 2524 2588 2589
3 2524 2589 2525
3 2525 2589 2590
3 2525 2590 2526
3 2526 2590 2591
3 2526 2591 2527
3 2527 2591 2592
3 2527 2592 2528
3 2528 2592 2593
3 2528 2593 2529
3 2529 2593 2594
3 2529 2594 2530
3 2530 2594 2595
3 2530 2595 2531
3 2531 2595 2596
3 2531 2596 2532
3 2532 2596 2597
3 2532 2597 2533
3 2533 2597 2598
3 2533 2598 2534
3 2534 2598 2599
3 2534 2599 2535
3 2535 2599 2600
3 2535 2600 2536
3 2536 2600 2601
3 2536 2601 2537
3 2537 2601 2602
3 2538 2603 2539
3 2539 2603 2604
3 2539 2604 2540
3 2540 2604 2605
3 2540 2605 2541
3 2541 2605 2606
3 2541 2606 2542
3 2542 2606 2607
3 2542 2607 2543
3 2543 2607 2608
3 2543 2608 2544
3 2544 2608 2609
3 2544 2609 2545
3 2545 2609 2610
3 2545 2610 2546
3 2546 2610 2611
3 2546 2611 2547
3 2547 2611 2612
3 2547 2612 2548
3 2548 2612 2613
3 2548 2613 2549
3 2549 2613 2614
3 2549 2614 2550
3 2550 2614 2615
3 2550 2615 2551
3 2551 2615 2616
3 2551 2616 2552
3 2552 2616 2617
3 2552 2617 2553
3 2553 2617 2618
3 2553 2618 2554
3 2554 2618 2619
3 2554 2619 2555
3 2555 2619 2620
3 2555 2620 2556
3 2556 2620 2621
3 2556 2621 2557
3 2557 2621 2622
3 2557 2622 2558
3 2558 2622 2623
3 2558 2623 2559
3 2559 2623 2624
3 2559 2624 2560
3 2560 2624 2625
3 2560 2625 2561
3 2561 2625 2626
3 2561 2626 2562
3 2562 2626 2627
3 2562 2627 2563
3 2563 2627 2628
3 2563 2628 2564
3 2564 2628 2629
3 2564 2629 2565
3 2565 2629 2630
3 2565 2630 2566
3 2566 2630 2631
3 2566 2631 2567
3 2567 2631 2632
3 2567 2632 2568
3 2568 2632 2633
3 2568 2633 2569
3 2569 2633 2634
3 2569 2634 2570
3 2570 2634 2635
3 2570 2635 2571
3 2571 2635 2636
3 2571 2636 2572
3 2572 2636 2637
3 2572 2637 2573
3 2573 2637 2638
3 2573 2638 2574
3 2574 2638 2639
3 2574 2639 2575
3 2575 2639 2640
3 2575 2640 2576
3 2576 2640 2641
3 2576 2641 2577
3 2577 2641 2642
3 2577 2642 2578
3 2578 2642 2643
3 2578 2643 2579
3 2579 2643 2644
3 2579 2644 2580
3 2580 2644 2645
3 2580 2645 2581
3 2581 2645 2646
3 2581 2646 2582
3 2582 2646 2647
3 2582 2647 2583
3 2583 2647 2648
3 2583 2648 2584
3 2584 2648 2649
3 2584 2649 2585
3 2585 2649 2650
3 2585 2650 2586
3 2586 2650 2651
3 2586 2651 2587
3 2587 2651 2652
3 2587 2652 2588
3 2588 2652 2653
3 2588 2653 2589
3 2589 2653 2654
3 2589 2654 2590
3 2590 2654 2655
3 2590 2655 2591
3 2591 2655 2656
3 2591 2656 2592
3 2592 2656 2657
3 2592 2657 2593
3 2593 2657 2658
3 2593 2658 2594
3 2594 2658 2659
3 2594 2659 2595
3 2595 2659 2660
3 2595 2660 2596
3 2596 2660 2661
3 2596 2661 2597
3 2597 2661 2662
3 2597 2662 2598
3 2598 2662 2663
3 2598 2663 2599
3 2599 2663 2664
3 2599 2664 2600
3 2600 2664 2665
3 2600 2665 2601
3 2601 2665 2666
3 2601 2666 2602
3 2602 2666 2667
3 2603 2668 2604
3 2604 2668 2669
3 2604 2669 2605
3 2605 2669 2670
3 2605 2670 2606
3 2606 2670 2671
3 2606 2671 2607
3 2607 2671 2672
3 2607 2672 2608
3 2608 2672 2673
3 2608 2673 2609
3 2609 2673 2674
3 2609 2674 2610
3 2610 2674 2675
3 2610 2675 2611
3 2611 2675 2676
3 2611 2676 2612
3 2612 2676 2677
3 2612 2677 2613
3 2613 2677 2678
3 2613 2678 2614
3 2614 2678 2679
3 2614 2679 2615
3 2615 2679 2680
3 2615 2680 2616
3 2616 2680 2681
3 2616 2681 2617
3 2617 2681 2682
3 2617 2682 2618
3 2618 2682 2683
3 2618 2683 2619
3 2619 2683 2684
3 2619 2684 2620
3 2620 2684 2685
3 2620 2685 2621
3 2621 2685 2686
3 2621 2686 2622
3 2622 2686 2687
3 2622 2687 2623
3 2623 2687 2688
3 2623 2688 2624
3 2624 2688 2689
3 2624 2689 2625
3 2625 2689 2690
3 2625 2690 2626
3 2626 2690 2691
3 2626 2691 2627
3 2627 2691 2692
3 2627 2692 2628
3 2628 2692 2693
3 2628 2693 2629
3 2629 2693 2694
3 2629 2694 2630
3 2630 2694 2695
3 2630 2695 2631
3 2631 2695 2696
3 2631 2696 2632
3 2632 2696 2697
3 2632 2697 2633
3 2633 2697 2698
3 2633 2698 2634
3 2634 2698 2699
3 2634 2699 2635
3 2635 2699 2700
3 2635 2700 2636
3 2636 2700 2701
3 2636 2701 2637
3 2637 2701 2702
3 2637 2702 2638
3 2638 2702 2703
3 2638 2703 2639
3 2639 2703 2704
3 2639 2704 2640
3 2640 2704 2705
3 2640 2705 2641
3 2641 2705 2706
3 2641 2706 2642
3 2642 2706 2707
3 2642 2707 2643
3 2643 2707 2708
3 2643 2708 2644
3 2644 2708 2709
3 2644 2709 2645
3 2645 2709 2710
3 2645 2710 2646
3 2646 2710 2711
3 2646 2711 2647
3 2647 2711 2712
3 2647 2712 2648
3 2648 2712 2713
3 2648 2713 2649
3 2649 2713 2714
3 2649 2714 2650
3 2650 2714 2715
3 2650 2715 2651
3 2651 2715 2716
3 2651 2716 2652
3 2652 2716 2717
3 2652 2717 2653
3 2653 2717 2718
3 2653 2718 2654
3 2654 2718 2719
3 2654 2719 2655
3 2655 2719 2720
3 2655 2720 2656
3 2656 2720 2721
3 2656 2721 2657
3 2657 2721 2722
3 2657 2722 2658
3 2658 2722 2723
3 2658 2723 2659
3 2659 2723 2724
3 2659 2724 2660
3 2660 2724 2725
3 2660 2725 2661
3 2661 2725 2726
3 2661 2726 2662
3 2662 2726 2727
3 2662 2727 2663
3 2663 2727 2728
3 2663 2728 2664
3 2664 2728 2729
3 2664 2729 2665
3 2665 2729 2730
3 2665 2730 2666
3 2666 2730 2731
3 2666 2731 2667
3 2667 2731 2732
3 2668 2733 2669
3 2669 2733 2734
3 2669 2734 2670
3 2670 2734 2735
3 2670 2735 2671
3 2671 2735 2736
3 2671 2736 2672
3 2672 2736 2737
3 2672 2737 2673
3 2673 2737 2738
3 2673 2738 2674
3 2674 2738 2739
3 2674 2739 2675
3 2675 2739 2740
3 2675 2740 2676
3 2676 2740 2741
3 2676 2741 2677
3 2677 2741 2742
3 2677 2742 2678
3 2678 2742 2743
3 2678 2743 2679
3 2679 2743 2744
3 2679 2744 2680
3 2680 2744 2745
3 2680 2745 2681
3 2681 2745 2746
3 2681 2746 2682
3 2682 2746 2747
3 2682 2747 2683
3 2683 2747 2748
3 2683 2748 2684
3 2684 2748 2749
3 2684 2749 2685
3 2685 2749 2750
3 2685 2750 2686
3 2686 2750 2751
3 2686 2751 2687
3 2687 2751 2752
3 2687 2752 2688
3 2688 2752 2753
3 2688 2753 2689
3 2689 2753 2754
3 2689 2754 2690
3 2690 2754 2755
3 2690 2755 2691
3 2691 2755 2756
3 2691 2756 2692
3 2692 2756 2757
3 2692 2757 2693
3 2693 2757 2758
3 2693 2758 2694
3 2694 2758 2759
3 2694 2759 2695
3 2695 2759 2760
3 2695 2760 2696
3 2696 2760 2761
3 2696 2761 2697
3 2697 2761 2762
3 2697 2762 2698
3 2698 2762 2763
3 2698 2763 2699
3 2699 2763 2764
3 2699 2764 2700
3 2700 2764 2765
3 2700 2765 2701
3 2701 2765 2766
3 2701 2766 2702
3 2702 2766 2767
3 2702 2767 2703
3 2703 2767 2768
3 2703 2768 2704
3 2704 2768 2769
3 2704 2769 2705
3 2705 2769 2770
3 2705 2770 2706
3 2706 2770 2771
3 2706 2771 2707
3 2707 2771 2772
3 2707 2772 2708
3 2708 2772 2773
3 2708 2773 2709
3 2709 2773 2774
3 2709 2774 2710
3 2710 2774 2775
3 2710 2775 2711
3 2711 2775 2776
3 2711 2776 2712
3 2712 2776 2777
3 2712 2777 2713
3 2713 2777 2778
3 2713 2778 2714
3 2714 2778 2779
3 2714 2779 2715
3 2715 2779 2780
3 2715 2780 2716
3 2716 2780 2781
3 2716 2781 2717
3 2717 2781 2782
3 2717 2782 2718
3 2718 2782 2783
3 2718 2783 2719
3 2719 2783 2784
3 2719 2784 2720
3 2720 2784 2785
3 2720 2785 2721
3 2721 2785 2786
3 2721 2786 2722
3 2722 2786 2787
3 2722 2787 2723
3 2723 2787 2788
3 2723 2788 2724
3 2724 2788 2789
3 2724 2789 2725
3 2725 2789 2790
3 2725 2790 2726
3 2726 2790 2791
3 2726 2791 2727
3 2727 2791 2792
3 2727 2792 2728
3 2728 2792 2793
3 2728 2793 2729
3 2729 2793 2794
3 2729 2794 2730
3 2730 2794 2795
3 2730 2795 2731
3 2731 2795 2796
3 2731 2796 2732
3 2732 2796 2797
3 2733 2798 2734
3 2734 2798 2799
3 2734 2799 2735
3 2735 2799 2800
3 2735 2800 2736
3 2736 2800 2801
3 2736 2801 2737
3 2737 2801 2802
3 2737 2802 2738
3 2738 2802 2803
3 2738 2803 2739
3 2739 2803 2804
3 2739 2804 2740
3 2740 2804 2805
3 2740 2805 2741
3 2741 2805 2806
3 2741 2806 2742
3 2742 2806 2807
3 2742 2807 2743
3 2743 2807 2808
3 2743 2808 2744
3 2744 2808 2809
3 2744 2809 2745
3 2745 2809 2810
3 2745 2810 2746
3 2746 2810 2811
3 2746 2811 2747
3 2747 2811 2812
3 2747 2812 2748
3 2748 2812 2813
3 2748 2813 2749
3 2749 2813 2814
3 2749 2814 2750
3 2750 2814 2815
3 2750 2815 2751
3 2751 2815 2816
3 2751 2816 2752
3 2752 2816 2817
3 2752 2817 2753
3 2753 2817 2818
3 2753 2818 2754
3 2754 2818 2819
3 2754 2819 2755
3 2755 2819 2820
3 2755 2820 2756
3 2756 2820 2821
3 2756 2821 2757
3 2757 2821 2822
3 2757 2822 2758
3 2758 2822 2823
3 2758 2823 2759
3 2759 2823 2824
3 2759 2824 2760
3 2760 2824 2825
3 2760 2825 2761
3 2761 2825 2826
3 2761 2826 2762
3 2762 2826 2827
3 2762 2827 2763
3 2763 2827 2828
3 2763 2828 2764
3 2764 2828 2829
3 2764 2829 2765
3 2765 2829 2830
3 2765 2830 2766
3 2766 2830 2831
3 2766 2831 2767
3 2767 2831 2832
3 2767 2832 2768
3 2768 2832 2833
3 2768 2833 2769
3 2769 2833 2834
3 2769 2834 2770
3 2770 2834 2835
3 2770 2835 2771
3 2771 2835 2836
3 2771 2836 2772
3 2772 2836 2837
3 2772 2837 2773
3 2773 2837 2838
3 2773 2838 2774
3 2774 2838 2839
3 2774 2839 2775
3 2775 2839 2840
3 2775 2840 2776
3 2776 2840 2841
3 2776 2841 2777
3 2777 2841 2842
3 2777 2842 2778
3 2778 2842 2843
3 2778 2843 2779
3 2779 2843 2844
3 2779 2844 2780
3 2780 2844 2845
3 2780 2845 2781
3 2781 2845 2846
3 2781 2846 2782
3 2782 2846 2847
3 2782 2847 2783
3 2783 2847 2848
3 2783 2848 2784
3 2784 2848 2849
3 2784 2849 2785
3 2785 2849 2850
3 2785 2850 2786
3 2786 2850 2851
3 2786 2851 2787
3 2787 2851 2852
3 2787 2852 2788
3 2788 2852 2853
3 2788 2853 2789
3 2789 2853 2854
3 2789 2854 2790
3 2790 2854 2855
3 2790 2855 2791
3 2791 2855 2856
3 2791 2856 2792
3 2792 2856 2857
3 2792 2857 2793
3 2793 2857 2858
3 2793 2858 2794
3 2794 2858 2859
3 2794 2859 2795
3 2795 2859 2860
3 2795 2860 2796
3 2796 2860 2861
3 2796 2861 2797
3 2797 2861 2862
3 2798 2863 2799
3 2799 2863 2864
3 2799 2864 2800
3 2800 2864 2865
3 2800 2865 2801
3 2801 2865 2866
3 2801 2866 2802
3 2802 2866 2867
3 2802 2867 2803
3 2803 2867 2868
3 2803 2868 2804
3 2804 2868 2869
3 2804 2869 2805
3 2805 2869 2870
3 2805 2870 2806
3 2806 2870 2871
3 2806 2871 2807
3 2807 2871 2872
3 2807 2872 2808
3 2808 2872 2873
3 2808 2873 2809
3 2809 2873 2874
3 2809 2874 2810
3 2810 2874 2875
3 2810 2875 2811
3 2811 2875 2876
3 2811 2876 2812
3 2812 2876 2877
3 2812 2877 2813
3 2813 2877 2878
3 2813 2878 2814
3 2814 2878 2879
3 2814 2879 2815
3 2815 2879 2880
3 2815 2880 2816
3 2816 2880 2881
3 2816 2881 2817
3 2817 2881 2882
3 2817 2882 2818
3 2818 2882 2883
3 2818 2883 2819
3 2819 2883 2884
3 2819 2884 2820
3 2820 2884 2885
3 2820 2885 2821
3 2821 2885 2886
3 2821 2886 2822
3 2822 2886 2887
3 2822 2887 2823
3 2823 2887 2888
3 2823 2888 2824
3 2824 2888 2889
3 2824 2889 2825
3 2825 2889 2890
3 2825 2890 2826
3 2826 2890 2891
3 2826 2891 2827
3 2827 2891 2892
3 2827 2892 2828
3 2828 2892 2893
3 2828 2893 2829
3 2829 2893 2894
3 2829 2894 2830
3 2830 2894 2895
3 2830 2895 2831
3 2831 2895 2896
3 2831 2896 2832
3 2832 2896 2897
3 2832 2897 2833
3 2833 2897 2898
3 2833 2898 2834
3 2834 2898 2899
3 2834 2899 2835
3 2835 2899 2900
3 2835 2900 2836
3 2836 2900 2901
3 2836 2901 2837
3 2837 2901 2902
3 2837 2902 2838
3 2838 2902 2903
3 2838 2903 2839
3 2839 2903 2904
3 2839 2904 2840
3 2840 2904 2905
3 2840 2905 2841
3 2841 2905 2906
3 2841 2906 2842
3 2842 2906 2907
3 2842 2907 2843
3 2843 2907 2908
3 2843 2908 2844
3 2844 2908 2909
3 2844 2909 2845
3 2845 2909 2910
3 2845 2910 2846
3 2846 2910 2911
3 2846 2911 2847
3 2847 2911 2912
3 2847 2912 2848
3 2848 2912 2913
3 2848 2913 2849
3 2849 2913 2914
3 2849 2914 2850
3 2850 2914 2915
3 2850 2915 2851
3 2851 2915 2916
3 2851 2916 2852
3 2852 2916 2917
3 2852 2917 2853
3 2853 2917 2918
3 2853 2918 2854
3 2854 2918 2919
3 2854 2919 2855
3 2855 2919 2920
3 2855 2920 2856
3 2856 2920 2921
3 2856 2921 2857
3 2857 2921 2922
3 2857 2922 2858
3 2858 2922 2923
3 2858 2923 2859
3 2859 2923 2924
3 2859 2924 2860
3 2860 2924 2925
3 2860 2925 2861
3 2861 2925 2926
3 2861 2926 2862
3 2862 2926 2927
3 2863 2928 2864
3 2864 2928 2929
3 2864 2929 2865
3 2865 2929 2930
3 2865 2930 2866
3 2866 2930 2931
3 2866 2931 2867
3 2867 2931 2932
3 2867 2932 2868
3 2868 2932 2933
3 2868 2933 2869
3 2869 2933 2934
3 2869 2934 2870
3 2870 2934 2935
3 2870 2935 2871
3 2871 2935 2936
3 2871 2936 2872
3 2872 2936 2937
3 2872 2937 2873
3 2873 2937 2938
3 2873 2938 2874
3 2874 2938 2939
3 2874 2939 2875
3 2875 2939 2940
3 2875 2940 2876
3 2876 2940 2941
3 2876 2941 2877
3 2877 2941 2942
3 2877 2942 2878
3 2878 2942 2943
3 2878 2943 2879
3 2879 2943 2944
3 2879 2944 2880
3 2880 2944 2945
3 2880 2945 2881
3 2881 2945 2946
3 2881 2946 2882
3 2882 2946 2947
3 2882 2947 2883
3 2883 2947 2948
3 2883 2948 2884
3 2884 2948 2949
3 2884 2949 2885
3 2885 2949 2950
3 2885 2950 2886
3 2886 2950 2951
3 2886 2951 2887
3 2887 2951 2952
3 2887 2952 2888
3 2888 2952 2953
3 2888 2953 2889
3 2889 2953 2954
3 2889 2954 2890
3 2890 2954 2955
3 2890 2955 2891
3 2891 2955 2956
3 2891 2956 2892
3 2892 2956 2957
3 2892 2957 2893
3 2893 2957 2958
3 2893 2958 2894
3 2894 2958 2959
3 2894 2959 2895
3 2895 2959 2960
3 2895 2960 2896
3 2896 2960 2961
3 2896 2961 2897
3 2897 2961 2962
3 2897 2962 2898
3 2898 2962 2963
3 2898 2963 2899
3 2899 2963 2964
3 2899 2964 2900
3 2900 2964 2965
3 2900 2965 2901
3 2901 2965 2966
3 2901 2966 2902
3 2902 2966 2967
3 2902 2967 2903
3 2903 2967 2968
3 2903 2968 2904
3 2904 2968 2969
3 2904 2969 2905
3 2905 2969 2970
3 2905 2970 2906
3 2906 2970 2971
3 2906 2971 2907
3 2907 2971 2972
3 2907 2972 2908
3 2908 2972 2973
3 2908 2973 2909
3 2909 2973 2974
3 2909 2974 2910
3 2910 2974 2975
3 2910 2975 2911
3 2911 2975 2976
3 2911 2976 2912
3 2912 2976 2977
3 2912 2977 2913
3 2913 2977 2978
3 2913 2978 2914
3 2914 2978 2979
3 2914 2979 2915
3 2915 2979 2980
3 2915 2980 2916
3 2916 2980 2981
3 2916 2981 2917
3 2917 2981 2982
3 2917 2982 2918
3 2918 2982 2983
3 2918 2983 2919
3 2919 2983 2984
3 2919 2984 2920
3 2920 2984 2985
3 2920 2985 2921
3 2921 2985 2986
3 2921 2986 2922
3 2922 2986 2987
3 2922 2987 2923
3 2923 2987 2988
3 2923 2988 2924
3 2924 2988 2989
3 2924 2989 2925
3 2925 2989 2990
3 2925 2990 2926
3 2926 2990 2991
3 2926 2991 2927
3 2927 2991 2992
3 2928 2993 2929
3 2929 2993 2994
3 2929 2994 2930
3 2930 2994 2995
3 2930 2995 2931
3 2931 2995 2996
3 2931 2996 2932
3 2932 2996 2997
3 2932 2997 2933
3 2933 2997 2998
3 2933 2998 2934
3 2934 2998 2999
3 2934 2999 2935
3 2935 2999 3000
3 2935 3000 2936
3 2936 3000 3001
3 2936 3001 2937
3 2937 3001 3002
3 2937 3002 2938
3 2938 3002 3003
3 2938 3003 2939
3 2939 3003 3004
3 2939 3004 2940
3 2940 3004 3005
3 2940 3005 2941
3 2941 3005 3006
3 2941 3006 2942
3 2942 3006 3007
3 2942 3007 2943
3 2943 3007 3008
3 2943 3008 2944
3 2944 3008 3009
3 2944 3009 2945
3 2945 3009 3010
3 2945 3010 2946
3 2946 3010 3011
3 2946 3011 2947
3 2947 3011 3012
3 2947 3012 2948
3 2948 3012 3013
3 2948 3013 2949
3 2949 3013 3014
3 2949 3014 2950
3 2950 3014 3015
3 2950 3015 2951
3 2951 3015 3016
3 2951 3016 2952
3 2952 3016 3017
3 2952 3017 2953
3 2953 3017 3018
3 2953 3018 2954
3 2954 3018 3019
3 2954 3019 2955
3 2955 3019 3020
3 2955 3020 2956
3 2956 3020 3021
3 2956 3021 2957
3 2957 3021 3022
3 2957 3022 2958
3 2958 3022 3023
3 2958 3023 2959
3 2959 3023 3024
3 2959 3024 2960
3 2960 3024 3025
3 2960 3025 2961
3 2961 3025 3026
3 2961 3026 2962
3 2962 3026 3027
3 2962 3027 2963
3 2963 3027 3028
3 2963 3028 2964
3 2964 3028 3029
3 2964 3029 2965
3 2965 3029 3030
3 2965 3030 2966
3 2966 3030 3031
3 2966 3031 2967
3 2967 3031 3032
3 2967 3032 2968
3 2968 3032 3033
3 2968 3033 2969
3 2969 3033 3034
3 2969 3034 2970
3 2970 3034 3035
3 2970 3035 2971
3 2971 3035 3036
3 2971 3036 2972
3 2972 3036 3037
3 2972 3037 2973
3 2973 3037 3038
3 2973 3038 2974
3 2974 3038 3039
3 2974 3039 2975
3 2975 3039 3040
3 2975 3040 2976
3 2976 3040 3041
3 2976 3041 2977
3 2977 3041 3042
3 2977 3042 2978
3 2978 3042 3043
3 2978 3043 2979
3 2979 3043 3044
3 2979 3044 2980
3 2980 3044 3045
3 2980 3045 2981
3 2981 3045 3046
3 2981 3046 2982
3 2982 3046 3047
3 2982 3047 2983
3 2983 3047 3048
3 2983 3048 2984
3 2984 3048 3049
3 2984 3049 2985
3 2985 3049 3050
3 2985 3050 2986
3 2986 3050 3051
3 2986 3051 2987
3 2987 3051 3052
3 2987 3052 2988
3 2988 3052 3053
3 2988 3053 2989
3 2989 3053 3054
3 2989 3054 2990
3 2990 3054 3055
3 2990 3055 2991
3 2991 3055 3056
3 2991 3056 2992
3 2992 3056 3057
3 2993 3058 2994
3 2994 3058 3059
3 2994 3059 2995
3 2995 3059 3060
3 2995 3060 2996
3 2996 3060 3061
3 2996 3061 2997
3 2997 3061 3062
3 2997 3062 2998
3 2998 3062 3063
3 2998 3063 2999
3 2999 3063 3064
3 2999 3064 3000
3 3000 3064 3065
3 3000 3065 3001
3 3001 3065 3066
3 3001 3066 3002
3 3002 3066 3067
3 3002 3067 3003
3 3003 3067 3068
3 3003 3068 3004
3 3004 3068 3069
3 3004 3069 3005
3 3005 3069 3070
3 3005 3070 3006
3 3006 3070 3071
3 3006 3071 3007
3 3007 3071 3072
3 3007 3072 3008
3 3008 3072 3073
3 3008 3073 3009
3 3009 3073 3074
3 3009 3074 3010
3 3010 3074 3075
3 3010 3075 3011
3 3011 3075 3076
3 3011 3076 3012
3 3012 3076 3077
3 3012 3077 3013
3 3013 3077 3078
3 3013 3078 3014
3 3014 3078 3079
3 3014 3079 3015
3 3015 3079 3080
3 3015 3080 3016
3 3016 3080 3081
3 3016 3081 3017
3 3017 3081 3082
3 3017 3082 3018
3 3018 3082 3083
3 3018 3083 3019
3 3019 3083 3084
3 3019 3084 3020
3 3020 3084 3085
3 3020 3085 3021
3 3021 3085 3086
3 3021 3086 3022
3 3022 3086 3087
3 3022 3087 3023
3 3023 3087 3088
3 3023 3088 3024
3 3024 3088 3089
3 3024 3089 3025
3 3025 3089 3090
3 3025 3090 3026
3 3026 3090 3091
3 3026 3091 3027
3 3027 3091 3092
3 3027 3092 3028
3 3028 3092 3093
3 3028 3093 3029
3 3029 3093 3094
3 3029 3094 3030
3 3030 3094 3095
3 3030 3095 3031
3 3031 3095 3096
3 3031 3096 3032
3 3032 3096 3097
3 3032 3097 3033
3 3033 3097 3098
3 3033 3098 3034
3 3034 3098 3099
3 3034 3099 3035
3 3035 3099 3100
3 3035 3100 3036
3 3036 3100 3101
3 3036 3101 3037
3 3037 3101 3102
3 3037 3102 3038
3 3038 3102 3103
3 3038 3103 3039
3 3039 3103 3104
3 3039 3104 3040
3 3040 3104 3105
3 3040 3105 3041
3 3041 3105 3106
3 3041 3106 3042
3 3042 3106 3107
3 3042 3107 3043
3 3043 3107 3108
3 3043 3108 3044
3 3044 3108 3109
3 3044 3109 3045
3 3045 3109 3110
3 3045 3110 3046
3 3046 3110 3111
3 3046 3111 3047
3 3047 3111 3112
3 3047 3112 3048
3 3048 3112 3113
3 3048 3113 3049
3 3049 3113 3114
3 3049 3114 3050
3 3050 3114 3115
3 3050 3115 3051
3 3051 3115 3116
3 3051 3116 3052
3 3052 3116 3117
3 3052 3117 3053
3 3053 3117 3118
3 3053 3118 3054
3 3054 3118 3119
3 3054 3119 3055
3 3055 3119 3120
3 3055 3120 3056
3 3056 3120 3121
3 3056 3121 3057
3 3057 3121 3122
3 3058 3123 3059
3 3059 3123 3124
3 3059 3124 3060
3 3060 3124 3125
3 3060 3125 3061
3 3061 3125 3126
3 3061 3126 3062
3 3062 3126 3127
3 3062 3127 3063
3 3063 3127 3128
3 3063 3128 3064
3 3064 3128 3129
3 3064 3129 3065
3 3065 3129 3130
3 3065 3130 3066
3 3066 3130 3131
3 3066 3131 3067
3 3067 3131 3132
3 3067 3132 3068
3 3068 3132 3133
3 3068 3133 3069
3 3069 3133 3134
3 3069 3134 3070
3 3070 3134 3135
3 3070 3135 3071
3 3071 3135 3136
3 3071 3136 3072
3 3072 3136 3137
3 3072 3137 3073
3 3073 3137 3138
3 3073 3138 3074
3 3074 3138 3139
3 3074 3139 3075
3 3075 3139 3140
3 3075 3140 3076
3 3076 3140 3141
3 3076 3141 3077
3 3077 3141 3142
3 3077 3142 3078
3 3078 3142 3143
3 3078 3143 3079
3 3079 3143 3144
3 3079 3144 3080
3 3080 3144 3145
3 3080 3145 3081
3 3081 3145 3146
3 3081 3146 3082
3 3082 3146 3147
3 3082 3147 3083
3 3083 3147 3148
3 3083 3148 3084
3 3084 3148 3149
3 3084 3149 3085
3 3085 3149 3150
3 3085 3150 3086
3 3086 3150 3151
3 3086 3151 3087
3 3087 3151 3152
3 3087 3152 3088
3 3088 3152 3153
3 3088 3153 3089
3 3089 3153 3154
3 3089 3154 3090
3 3090 3154 3155
3 3090 3155 3091
3 3091 3155 3156
3 3091 3156 3092
3 3092 3156 3157
3 3092 3157 3093
3 3093 3157 3158
3 3093 3158 3094
3 3094 3158 3159
3 3094 3159 3095
3 3095 3159 3160
3 3095 3160 3096
3 3096 3160 3161
3 3096 3161 3097
3 3097 3161 3162
3 3097 3162 3098
3 3098 3162 3163
3 3098 3163 3099
3 3099 3163 3164
3 3099 3164 3100
3 3100 3164 3165
3 3100 3165 3101
3 3101 3165 3166
3 3101 3166 3102
3 3102 3166 3167
3 3102 3167 3103
3 3103 3167 3168
3 3103 3168 3104
3 3104 3168 3169
3 3104 3169 3105
3 3105 3169 3170
3 3105 3170 3106
3 3106 3170 3171
3 3106 3171 3107
3 3107 3171 3172
3 3107 3172 3108
3 3108 3172 3173
3 3108 3173 3109
3 3109 3173 3174
3 3109 3174 3110
3 3110 3174 3175
3 3110 3175 3111
3 3111 3175 3176
3 3111 3176 3112
3 3112 3176 3177
3 3112 3177 3113
3 3113 3177 3178
3 3113 3178 3114
3 3114 3178 3179
3 3114 3179 3115
3 3115 3179 3180
3 3115 3180 3116
3 3116 3180 3181
3 3116 3181 3117
3 3117 3181 3182
3 3117 3182 3118
3 3118 3182 3183
3 3118 3183 3119
3 3119 3183 3184
3 3119 3184 3120
3 3120 3184 3185
3 3120 3185 3121
3 3121 3185 3186
3 3121 3186 3122
3 3122 3186 3187
3 3123 3188 3124
3 3124 3188 3189
3 3124 3189 3125
3 3125 3189 3190
3 3125 3190 3126
3 3126 3190 3191
3 3126 3191 3127
3 3127 3191 3192
3 3127 3192 3128
3 3128 3192 3193
3 3128 3193 3129
3 3129 3193 3194
3 3129 3194 3130
3 3130 3194 3195
3 3130 3195 3131
3 3131 3195 3196
3 3131 3196 3132
3 3132 3196 3197
3 3132 3197 3133
3 3133 3197 3198
3 3133 3198 3134
3 3134 3198 3199
3 3134 3199 3135
3 3135 3199 3200
3 3135 3200 3136
3 3136 3200 3201
3 3136 3201 3137
3 3137 3201 3202
3 3137 3202 3138
3 3138 3202 3203
3 3138 3203 3139
3 3139 3203 3204
3 3139 3204 3140
3 3140 3204 3205
3 3140 3205 3141
3 3141 3205 3206
3 3141 3206 3142
3 3142 3206 3207
3 3142 3207 3143
3 3143 3207 3208
3 3143 3208 3144
3 3144 3208 3209
3 3144 3209 3145
3 3145 3209 3210
3 3145 3210 3146
3 3146 3210 3211
3 3146 3211 3147
3 3147 3211 3212
3 3147 3212 3148
3 3148 3212 3213
3 3148 3213 3149
3 3149 3213 3214
3 3149 3214 3150
3 3150 3214 3215
3 3150 3215 3151
3 3151 3215 3216
3 3151 3216 3152
3 3152 3216 3217
3 3152 3217 3153
3 3153 3217 3218
3 3153 3218 3154
3 3154 3218 3219
3 3154 3219 3155
3 3155 3219 3220
3 3155 3220 3156
3 3156 3220 3221
3 3156 3221 3157
3 3157 3221 3222
3 3157 3222 3158
3 3158 3222 3223
3 3158 3223 3159
3 3159 3223 3224
3 3159 3224 3160
3 3160 3224 3225
3 3160 3225 3161
3 3161 3225 3226
3 3161 3226 3162
3 3162 3226 3227
3 3162 3227 3163
3 3163 3227 3228
3 3163 3228 3164
3 3164 3228 3229
3 3164 3229 3165
3 3165 3229 3230
3 3165 3230 3166
3 3166 3230 3231
3 3166 3231 3167
3 3167 3231 3232
3 3167 3232 3168
3 3168 3232 3233
3 3168 3233 3169
3 3169 3233 3234
3 3169 3234 3170
3 3170 3234 3235
3 3170 3235 3171
3 3171 3235 3236
3 3171 3236 3172
3 3172 3236 3237
3 3172 3237 3173
3 3173 3237 3238
3 3173 3238 3174
3 3174 3238 3239
3 3174 3239 3175
3 3175 3239 3240
3 3175 3240 3176
3 3176 3240 3241
3 3176 3241 3177
3 3177 3241 3242
3 3177 3242 3178
3 3178 3242 3243
3 3178 3243 3179
3 3179 3243 3244
3 3179 3244 3180
3 3180 3244 3245
3 3180 3245 3181
3 3181 3245 3246
3 3181 3246 3182
3 3182 3246 3247
3 3182 3247 3183
3 3183 3247 3248
3 3183 3248 3184
3 3184 3248 3249
3 3184 3249 3185
3 3185 3249 3250
3 3185 3250 3186
3 3186 3250 3251
3 3186 3251 3187
3 3187 3251 3252
3 3188 3253 3189
3 3189 3253 3254
3 3189 3254 3190
3 3190 3254 3255
3 3190 3255 3191
3 3191 3255 3256
3 3191 3256 3192
3 3192 3256 3257
3 3192 3257 3193
3 3193 3257 3258
3 3193 3258 3194
3 3194 3258 3259
3 3194 3259 3195
3 3195 3259 3260
3 3195 3260 3196
3 3196 3260 3261
3 3196 3261 3197
3 3197 3261 3262
3 3197 3262 3198
3 3198 3262 3263
3 3198 3263 3199
3 3199 3263 3264
3 3199 3264 3200
3 3200 3264 3265
3 3200 3265 3201
3 3201 3265 3266
3 3201 3266 3202
3 3202 3266 3267
3 3202 3267 3203
3 3203 3267 3268
3 3203 3268 3204
3 3204 3268 3269
3 3204 3269 3205
3 3205 3269 3270
3 3205 3270 3206
3 3206 3270 3271
3 3206 3271 3207
3 3207 3271 3272
3 3207 3272 3208
3 3208 3272 3273
3 3208 3273 3209
3 3209 3273 3274
3 3209 3274 3210
3 3210 3274 3275
3 3210 3275 3211
3 3211 3275 3276
3 3211 3276 3212
3 3212 3276 3277
3 3212 3277 3213
3 3213 3277 3278
3 3213 3278 3214
3 3214 3278 3279
3 3214 3279 3215
3 3215 3279 3280
3 3215 3280 3216
3 3216 3280 3281
3 3216 3281 3217
3 3217 3281 3282
3 3217 3282 3218
3 3218 3282 3283
3 3218 3283 3219
3 3219 3283 3284
3 3219 3284 3220
3 3220 3284 3285
3 3220 3285 3221
3 3221 3285 3286
3 3221 3286 3222
3 3222 3286 3287
3 3222 3287 3223
3 3223 3287 3288
3 3223 3288 3224
3 3224 3288 3289
3 3224 3289 3225
3 3225 3289 3290
3 3225 3290 3226
3 3226 3290 3291
3 3226 3291 3227
3 3227 3291 3292
3 3227 3292 3228
3 3228 3292 3293
3 3228 3293 3229
3 3229 3293 3294
3 3229 3294 3230
3 3230 3294 3295
3 3230 3295 3231
3 3231 3295 3296
3 3231 3296 3232
3 3232 3296 3297
3 3232 3297 3233
3 3233 3297 3298
3 3233 3298 3234
3 3234 3298 3299
3 3234 3299 3235
3 3235 3299 3300
3 3235 3300 3236
3 3236 3300 3301
3 3236 3301 3237
3 3237 3301 3302
3 3237 3302 3238
3 3238 3302 3303
3 3238 3303 3239
3 3239 3303 3304
3 3239 3304 3240
3 3240 3304 3305
3 3240 3305 3241
3 3241 3305 3306
3 3241 3306 3242
3 3242 3306 3307
3 3242 3307 3243
3 3243 3307 3308
3 3243 3308 3244
3 3244 3308 3309
3 3244 3309 3245
3 3245 3309 3310
3 3245 3310 3246
3 3246 3310 3311
3 3246 3311 3247
3 3247 3311 3312
3 3247 3312 3248
3 3248 3312 3313
3 3248 3313 3249
3 3249 3313 3314
3 3249 3314 3250
3 3250 3314 3315
3 3250 3315 3251
3 3251 3315 3316
3 3251 3316 3252
3 3252 3316 3317
3 3253 3318 3254
3 3254 3318 3319
3 3254 3319 3255
3 3255 3319 3320
3 3255 3320 3256
3 3256 3320 3321
3 3256 3321 3257
3 3257 3321 3322
3 3257 3322 3258
3 3258 3322 3323
3 3258 3323 3259
3 3259 3323 3324
3 3259 3324 3260
3 3260 3324 3325
3 3260 3325 3261
3 3261 3325 3326
3 3261 3326 3262
3 3262 3326 3327
3 3262 3327 3263
3 3263 3327 3328
3 3263 3328 3264
3 3264 3328 3329
3 3264 3329 3265
3 3265 3329 3330
3 3265 3330 3266
3 3266 3330 3331
3 3266 3331 3267
3 3267 3331 3332
3 3267 3332 3268
3 3268 3332 3333
3 3268 3333 3269
3 3269 3333 3334
3 3269 3334 3270
3 3270 3334 3335
3 3270 3335 3271
3 3271 3335 3336
3 3271 3336 3272
3 3272 3336 3337
3 3272 3337 3273
3 3273 3337 3338
3 3273 3338 3274
3 3274 3338 3339
3 3274 3339 3275
3 3275 3339 3340
3 3275 3340 3276
3 3276 3340 3341
3 3276 3341 3277
3 3277 3341 3342
3 3277 3342 3278
3 3278 3342 3343
3 3278 3343 3279
3 3279 3343 3344
3 3279 3344 3280
3 3280 3344 3345
3 3280 3345 3281
3 3281 3345 3346
3 3281 3346 3282
3 3282 3346 3347
3 3282 3347 3283
3 3283 3347 3348
3 3283 3348 3284
3 3284 3348 3349
3 3284 3349 3285
3 3285 3349 3350
3 3285 3350 3286
3 3286 3350 3351
3 3286 3351 3287
3 3287 3351 3352
3 3287 3352 3288
3 3288 3352 3353
3 3288 3353 3289
3 3289 3353 3354
3 3289 3354 3290
3 3290 3354 3355
3 3290 3355 3291
3 3291 3355 3356
3 3291 3356 3292
3 3292 3356 3357
3 3292 3357 3293
3 3293 3357 3358
3 3293 3358 3294
3 3294 3358 3359
3 3294 3359 3295
3 3295 3359 3360
3 3295 3360 3296
3 3296 3360 3361
3 3296 3361 3297
3 3297 3361 3362
3 3297 3362 3298
3 3298 3362 3363
3 3298 3363 3299
3 3299 3363 3364
3 3299 3364 3300
3 3300 3364 3365
3 3300 3365 3301
3 3301 3365 3366
3 3301 3366 3302
3 3302 3366 3367
3 3302 3367 3303
3 3303 3367 3368
3 3303 3368 3304
3 3304 3368 3369
3 3304 3369 3305
3 3305 3369 3370
3 3305 3370 3306
3 3306 3370 3371
3 3306 3371 3307
3 3307 3371 3372
3 3307 3372 3308
3 3308 3372 3373
3 3308 3373 3309
3 3309 3373 3374
3 3309 3374 3310
3 3310 3374 3375
3 3310 3375 3311
3 3311 3375 3376
3 3311 3376 3312
3 3312 3376 3377
3 3312 3377 3313
3 3313 3377 3378
3 3313 3378 3314
3 3314 3378 3379
3 3314 3379 3315
3 3315 3379 3380
3 3315 3380 3316
3 3316 3380 3381
3 3316 3381 3317
3 3317 3381 3382
3 3318 3383 3319
3 3319 3383 3384
3 3319 3384 3320
3 3320 3384 3385
3 3320 3385 3321
3 3321 3385 3386
3 3321 3386 3322
3 3322 3386 3387
3 3322 3387 3323
3 3323 3387 3388
3 3323 3388 3324
3 3324 3388 3389
3 3324 3389 3325
3 3325 3389 3390
3 3325 3390 3326
3 3326 3390 3391
3 3326 3391 3327
3 3327 3391 3392
3 3327 3392 3328
3 3328 3392 3393
3 3328 3393 3329
3 3329 3393 3394
3 3329 3394 3330
3 3330 3394 3395
3 3330 3395 3331
3 3331 3395 3396
3 3331 3396 3332
3 3332 3396 3397
3 3332 3397 3333
3 3333 3397 3398
3 3333 3398 3334
3 3334 3398 3399
3 3334 3399 3335
3 3335 3399 3400
3 3335 3400 3336
3 3336 3400 3401
3 3336 3401 3337
3 3337 3401 3402
3 3337 3402 3338
3 3338 3402 3403
3 3338 3403 3339
3 3339 3403 3404
3 3339 3404 3340
3 3340 3404 3405
3 3340 3405 3341
3 3341 3405 3406
3 3341 3406 3342
3 3342 3406 3407
3 3342 3407 3343
3 3343 3407 3408
3 3343 3408 3344
3 3344 3408 3409
3 3344 3409 3345
3 3345 3409 3410
3 3345 3410 3346
3 3346 3410 3411
3 3346 3411 3347
3 3347 3411 3412
3 3347 3412 3348
3 3348 3412 3413
3 3348 3413 3349
3 3349 3413 3414
3 3349 3414 3350
3 3350 3414 3415
3 3350 3415 3351
3 3351 3415 3416
3 3351 3416 3352
3 3352 3416 3417
3 3352 3417 3353
3 3353 3417 3418
3 3353 3418 3354
3 3354 3418 3419
3 3354 3419 3355
3 3355 3419 3420
3 3355 3420 3356
3 3356 3420 3421
3 3356 3421 3357
3 3357 3421 3422
3 3357 3422 3358
3 3358 3422 3423
3 3358 3423 3359
3 3359 3423 3424
3 3359 3424 3360
3 3360 3424 3425
3 3360 3425 3361
3 3361 3425 3426
3 3361 3426 3362
3 3362 3426 3427
3 3362 3427 3363
3 3363 3427 3428
3 3363 3428 3364
3 3364 3428 3429
3 3364 3429 3365
3 3365 3429 3430
3 3365 3430 3366
3 3366 3430 3431
3 3366 3431 3367
3 3367 3431 3432
3 3367 3432 3368
3 3368 3432 3433
3 3368 3433 3369
3 3369 3433 3434
3 3369 3434 3370
3 3370 3434 3435
3 3370 3435 3371
3 3371 3435 3436
3 3371 3436 3372
3 3372 3436 3437
3 3372 3437 3373
3 3373 3437 3438
3 3373 3438 3374
3 3374 3438 3439
3 3374 3439 3375
3 3375 3439 3440
3 3375 3440 3376
3 3376 3440 3441
3 3376 3441 3377
3 3377 3441 3442
3 3377 3442 3378
3 3378 3442 3443
3 3378 3443 3379
3 3379 3443 3444
3 3379 3444 3380
3 3380 3444 3445
3 3380 3445 3381
3 3381 3445 3446
3 3381 3446 3382
3 3382 3446 3447
3 3383 3448 3384
3 3384 3448 3449
3 3384 3449 3385
3 3385 3449 3450
3 3385 3450 3386
3 3386 3450 3451
3 3386 3451 3387
3 3387 3451 3452
3 3387 3452 3388
3 3388 3452 3453
3 3388 3453 3389
3 3389 3453 3454
3 3389 3454 3390
3 3390 3454 3455
3 3390 3455 3391
3 3391 3455 3456
3 3391 3456 3392
3 3392 3456 3457
3 3392 3457 3393
3 3393 3457 3458
3 3393 3458 3394
3 3394 3458 3459
3 3394 3459 3395
3 3395 3459 3460
3 3395 3460 3396
3 3396 3460 3461
3 3396 3461 3397
3 3397 3461 3462
3 3397 3462 3398
3 3398 3462 3463
3 3398 3463 3399
3 3399 3463 3464
3 3399 3464 3400
3 3400 3464 3465
3 3400 3465 3401
3 3401 3465 3466
3 3401 3466 3402
3 3402 3466 3467
3 3402 3467 3403
3 3403 3467 3468
3 3403 3468 3404
3 3404 3468 3469
3 3404 3469 3405
3 3405 3469 3470
3 3405 3470 3406
3 3406 3470 3471
3 3406 3471 3407
3 3407 3471 3472
3 3407 3472 3408
3 3408 3472 3473
3 3408 3473 3409
3 3409 3473 3474
3 3409 3474 3410
3 3410 3474 3475
3 3410 3475 3411
3 3411 3475 3476
3 3411 3476 3412
3 3412 3476 3477
3 3412 3477 3413
3 3413 3477 3478
3 3413 3478 3414
3 3414 3478 3479
3 3414 3479 3415
3 3415 3479 3480
3 3415 3480 3416
3 3416 3480 3481
3 3416 3481 3417
3 3417 3481 3482
3 3417 3482 3418
3 3418 3482 3483
3 3418 3483 3419
3 3419 3483 3484
3 3419 3484 3420
3 3420 3484 3485
3 3420 3485 3421
3 3421 3485 3486
3 3421 3486 3422
3 3422 3486 3487
3 3422 3487 3423
3 3423 3487 3488
3 3423 3488 3424
3 3424 3488 3489
3 3424 3489 3425
3 3425 3489 3490
3 3425 3490 3426
3 3426 3490 3491
3 3426 3491 3427
3 3427 3491 3492
3 3427 3492 3428
3 3428 3492 3493
3 3428 3493 3429
3 3429 3493 3494
3 3429 3494 3430
3 3430 3494 3495
3 3430 3495 3431
3 3431 3495 3496
3 3431 3496 3432
3 3432 3496 3497
3 3432 3497 3433
3 3433 3497 3498
3 3433 3498 3434
3 3434 3498 3499
3 3434 3499 3435
3 3435 3499 3500
3 3435 3500 3436
3 3436 3500 3501
3 3436 3501 3437
3 3437 3501 3502
3 3437 3502 3438
3 3438 3502 3503
3 3438 3503 3439
3 3439 3503 3504
3 3439 3504 3440
3 3440 3504 3505
3 3440 3505 3441
3 3441 3505 3506
3 3441 3506 3442
3 3442 3506 3507
3 3442 3507 3443
3 3443 3507 3508
3 3443 3508 3444
3 3444 3508 3509
3 3444 3509 3445
3 3445 3509 3510
3 3445 3510 3446
3 3446 3510 3511
3 3446 3511 3447
3 3447 3511 3512
3 3448 3513 3449
3 3449 3513 3514
3 3449 3514 3450
3 3450 3514 3515
3 3450 3515 3451
3 3451 3515 3516
3 3451 3516 3452
3 3452 3516 3517
3 3452 3517 3453
3 3453 3517 3518
3 3453 3518 3454
3 3454 3518 3519
3 3454 3519 3455
3 3455 3519 3520
3 3455 3520 3456
3 3456 3520 3521
3 3456 3521 3457
3 3457 3521 3522
3 3457 3522 3458
3 3458 3522 3523
3 3458 3523 3459
3 3459 3523 3524
3 3459 3524 3460
3 3460 3524 3525
3 3460 3525 3461
3 3461 3525 3526
3 3461 3526 3462
3 3462 3526 3527
3 3462 3527 3463
3 3463 3527 3528
3 3463 3528 3464
3 3464 3528 3529
3 3464 3529 3465
3 3465 3529 3530
3 3465 3530 3466
3 3466 3530 3531
3 3466 3531 3467
3 3467 3531 3532
3 3467 3532 3468
3 3468 3532 3533
3 3468 3533 3469
3 3469 3533 3534
3 3469 3534 3470
3 3470 3534 3535
3 3470 3535 3471
3 3471 3535 3536
3 3471 3536 3472
3 3472 3536 3537
3 3472 3537 3473
3 3473 3537 3538
3 3473 3538 3474
3 3474 3538 3539
3 3474 3539 3475
3 3475 3539 3540
3 3475 3540 3476
3 3476 3540 3541
3 3476 3541 3477
3 3477 3541 3542
3 3477 3542 3478
3 3478 3542 3543
3 3478 3543 3479
3 3479 3543 3544
3 3479 3544 3480
3 3480 3544 3545
3 3480 3545 3481
3 3481 3545 3546
3 3481 3546 3482
3 3482 3546 3547
3 3482 3547 3483
3 3483 3547 3548
3 3483 3548 3484
3 3484 3548 3549
3 3484 3549 3485
3 3485 3549 3550
3 3485 3550 3486
3 3486 3550 3551
3 3486 3551 3487
3 3487 3551 3552
3 3487 3552 3488
3 3488 3552 3553
3 3488 3553 3489
3 3489 3553 3554
3 3489 3554 3490
3 3490 3554 3555
3 3490 3555 3491
3 3491 3555 3556
3 3491 3556 3492
3 3492 3556 3557
3 3492 3557 3493
3 3493 3557 3558
3 3493 3558 3494
3 3494 3558 3559
3 3494 3559 3495
3 3495 3559 3560
3 3495 3560 3496
3 3496 3560 3561
3 3496 3561 3497
3 3497 3561 3562
3 3497 3562 3498
3 3498 3562 3563
3 3498 3563 3499
3 3499 3563 3564
3 3499 3564 3500
3 3500 3564 3565
3 3500 3565 3501
3 3501 3565 3566
3 3501 3566 3502
3 3502 3566 3567
3 3502 3567 3503
3 3503 3567 3568
3 3503 3568 3504
3 3504 3568 3569
3 3504 3569 3505
3 3505 3569 3570
3 3505 3570 3506
3 3506 3570 3571
3 3506 3571 3507
3 3507 3571 3572
3 3507 3572 3508
3 3508 3572 3573
3 3508 3573 3509
3 3509 3573 3574
3 3509 3574 3510
3 3510 3574 3575
3 3510 3575 3511
3 3511 3575 3576
3 3511 3576 3512
3 3512 3576 3577
3 3513 3578 3514
3 3514 3578 3579
3 3514 3579 3515
3 3515 3579 3580
3 3515 3580 3516
3 3516 3580 3581
3 3516 3581 3517
3 3517 3581 3582
3 3517 3582 3518
3 3518 3582 3583
3 3518 3583 3519
3 3519 3583 3584
3 3519 3584 3520
3 3520 3584 3585
3 3520 3585 3521
3 3521 3585 3586
3 3521 3586 3522
3 3522 3586 3587
3 3522 3587 3523
3 3523 3587 3588
3 3523 3588 3524
3 3524 3588 3589
3 3524 3589 3525
3 3525 3589 3590
3 3525 3590 3526
3 3526 3590 3591
3 3526 3591 3527
3 3527 3591 3592
3 3527 3592 3528
3 3528 3592 3593
3 3528 3593 3529
3 3529 3593 3594
3 3529 3594 3530
3 3530 3594 3595
3 3530 3595 3531
3 3531 3595 3596
3 3531 3596 3532
3 3532 3596 3597
3 3532 3597 3533
3 3533 3597 3598
3 3533 3598 3534
3 3534 3598 3599
3 3534 3599 3535
3 3535 3599 3600
3 3535 3600 3536
3 3536 3600 3601
3 3536 3601 3537
3 3537 3601 3602
3 3537 3602 3538
3 3538 3602 3603
3 3538 3603 3539
3 3539 3603 3604
3 3539 3604 3540
3 3540 3604 3605
3 3540 3605 3541
3 3541 3605 3606
3 3541 3606 3542
3 3542 3606 3607
3 3542 3607 3543
3 3543 3607 3608
3 3543 3608 3544
3 3544 3608 3609
3 3544 3609 3545
3 3545 3609 3610
3 3545 3610 3546
3 3546 3610 3611
3 3546 3611 3547
3 3547 3611 3612
3 3547 3612 3548
3 3548 3612 3613
3 3548 3613 3549
3 3549 3613 3614
3 3549 3614 3550
3 3550 3614 3615
3 3550 3615 3551
3 3551 3615 3616
3 3551 3616 3552
3 3552 3616 3617
3 3552 3617 3553
3 3553 3617 3618
3 3553 3618 3554
3 3554 3618 3619
3 3554 3619 3555
3 3555 3619 3620
3 3555 3620 3556
3 3556 3620 3621
3 3556 3621 3557
3 3557 3621 3622
3 3557 3622 3558
3 3558 3622 3623
3 3558 3623 3559
3 3559 3623 3624
3 3559 3624 3560
3 3560 3624 3625
3 3560 3625 3561
3 3561 3625 3626
3 3561 3626 3562
3 3562 3626 3627
3 3562 3627 3563
3 3563 3627 3628
3 3563 3628 3564
3 3564 3628 3629
3 3564 3629 3565
3 3565 3629 3630
3 3565 3630 3566
3 3566 3630 3631
3 3566 3631 3567
3 3567 3631 3632
3 3567 3632 3568
3 3568 3632 3633
3 3568 3633 3569
3 3569 3633 3634
3 3569 3634 3570
3 3570 3634 3635
3 3570 3635 3571
3 3571 3635 3636
3 3571 3636 3572
3 3572 3636 3637
3 3572 3637 3573
3 3573 3637 3638
3 3573 3638 3574
3 3574 3638 3639
3 3574 3639 3575
3 3575 3639 3640
3 3575 3640 3576
3 3576 3640 3641
3 3576 3641 3577
3 3577 3641 3642
3 3578 3643 3579
3 3579 3643 3644
3 3579 3644 3580
3 3580 3644 3645
3 3580 3645 3581
3 3581 3645 3646
3 3581 3646 3582
3 3582 3646 3647
3 3582 3647 3583
3 3583 3647 3648
3 3583 3648 3584
3 3584 3648 3649
3 3584 3649 3585
3 3585 3649 3650
3 3585 3650 3586
3 3586 3650 3651
3 3586 3651 3587
3 3587 3651 3652
3 3587 3652 3588
3 3588 3652 3653
3 3588 3653 3589
3 3589 3653 3654
3 3589 3654 3590
3 3590 3654 3655
3 3590 3655 3591
3 3591 3655 3656
3 3591 3656 3592
3 3592 3656 3657
3 3592 3657 3593
3 3593 3657 3658
3 3593 3658 3594
3 3594 3658 3659
3 3594 3659 3595
3 3595 3659 3660
3 3595 3660 3596
3 3596 3660 3661
3 3596 3661 3597
3 3597 3661 3662
3 3597 3662 3598
3 3598 3662 3663
3 3598 3663 3599
3 3599 3663 3664
3 3599 3664 3600
3 3600 3664 3665
3 3600 3665 3601
3 3601 3665 3666
3 3601 3666 3602
3 3602 3666 3667
3 3602 3667 3603
3 3603 3667 3668
3 3603 3668 3604
3 3604 3668 3669
3 3604 3669 3605
3 3605 3669 3670
3 3605 3670 3606
3 3606 3670 3671
3 3606 3671 3607
3 3607 3671 3672
3 3607 3672 3608
3 3608 3672 3673
3 3608 3673 3609
3 3609 3673 3674
3 3609 3674 3610
3 3610 3674 3675
3 3610 3675 3611
3 3611 3675 3676
3 3611 3676 3612
3 3612 3676 3677
3 3612 3677 3613
3 3613 3677 3678
3 3613 3678 3614
3 3614 3678 3679
3 3614 3679 3615
3 3615 3679 3680
3 3615 3680 3616
3 3616 3680 3681
3 3616 3681 3617
3 3617 3681 3682
3 3617 3682 3618
3 3618 3682 3683
3 3618 3683 3619
3 3619 3683 3684
3 3619 3684 3620
3 3620 3684 3685
3 3620 3685 3621
3 3621 3685 3686
3 3621 3686 3622
3 3622 3686 3687
3 3622 3687 3623
3 3623 3687 3688
3 3623 3688 3624
3 3624 3688 3689
3 3624 3689 3625
3 3625 3689 3690
3 3625 3690 3626
3 3626 3690 3691
3 3626 3691 3627
3 3627 3691 3692
3 3627 3692 3628
3 3628 3692 3693
3 3628 3693 3629
3 3629 3693 3694
3 3629 3694 3630
3 3630 3694 3695
3 3630 3695 3631
3 3631 3695 3696
3 3631 3696 3632
3 3632 3696 3697
3 3632 3697 3633
3 3633 3697 3698
3 3633 3698 3634
3 3634 3698 3699
3 3634 3699 3635
3 3635 3699 3700
3 3635 3700 3636
3 3636 3700 3701
3 3636 3701 3637
3 3637 3701 3702
3 3637 3702 3638
3 3638 3702 3703
3 3638 3703 3639
3 3639 3703 3704
3 3639 3704 3640
3 3640 3704 3705
3 3640 3705 3641
3 3641 3705 3706
3 3641 3706 3642
3 3642 3706 3707
3 3643 3708 3644
3 3644 3708 3709
3 3644 3709 3645
3 3645 3709 3710
3 3645 3710 3646
3 3646 3710 3711
3 3646 3711 3647
3 3647 3711 3712
3 3647 3712 3648
3 3648 3712 3713
3 3648 3713 3649
3 3649 3713 3714
3 3649 3714 3650
3 3650 3714 3715
3 3650 3715 3651
3 3651 3715 3716
3 3651 3716 3652
3 3652 3716 3717
3 3652 3717 3653
3 3653 3717 3718
3 3653 3718 3654
3 3654 3718 3719
3 3654 3719 3655
3 3655 3719 3720
3 3655 3720 3656
3 3656 3720 3721
3 3656 3721 3657
3 3657 3721 3722
3 3657 3722 3658
3 3658 3722 3723
3 3658 3723 3659
3 3659 3723 3724
3 3659 3724 3660
3 3660 3724 3725
3 3660 3725 3661
3 3661 3725 3726
3 3661 3726 3662
3 3662 3726 3727
3 3662 3727 3663
3 3663 3727 3728
3 3663 3728 3664
3 3664 3728 3729
3 3664 3729 3665
3 3665 3729 3730
3 3665 3730 3666
3 3666 3730 3731
3 3666 3731 3667
3 3667 3731 3732
3 3667 3732 3668
3 3668 3732 3733
3 3668 3733 3669
3 3669 3733 3734
3 3669 3734 3670
3 3670 3734 3735
3 3670 3735 3671
3 3671 3735 3736
3 3671 3736 3672
3 3672 3736 3737
3 3672 3737 3673
3 3673 3737 3738
3 3673 3738 3674
3 3674 3738 3739
3 3674 3739 3675
3 3675 3739 3740
3 3675 3740 3676
3 3676 3740 3741
3 3676 3741 3677
3 3677 3741 3742
3 3677 3742 3678
3 3678 3742 3743
3 3678 3743 3679
3 3679 3743 3744
3 3679 3744 3680
3 3680 3744 3745
3 3680 3745 3681
3 3681 3745 3746
3 3681 3746 3682
3 3682 3746 3747
3 3682 3747 3683
3 3683 3747 3748
3 3683 3748 3684
3 3684 3748 3749
3 3684 3749 3685
3 3685 3749 3750
3 3685 3750 3686
3 3686 3750 3751
3 3686 3751 3687
3 3687 3751 3752
3 3687 3752 3688
3 3688 3752 3753
3 3688 3753 3689
3 3689 3753 3754
3 3689 3754 3690
3 3690 3754 3755
3 3690 3755 3691
3 3691 3755 3756
3 3691 3756 3692
3 3692 3756 3757
3 3692 3757 3693
3 3693 3757 3758
3 3693 3758 3694
3 3694 3758 3759
3 3694 3759 3695
3 3695 3759 3760
3 3695 3760 3696
3 3696 3760 3761
3 3696 3761 3697
3 3697 3761 3762
3 3697 3762 3698
3 3698 3762 3763
3 3698 3763 3699
3 3699 3763 3764
3 3699 3764 3700
3 3700 3764 3765
3 3700 3765 3701
3 3701 3765 3766
3 3701 3766 3702
3 3702 3766 3767
3 3702 3767 3703
3 3703 3767 3768
3 3703 3768 3704
3 3704 3768 3769
3 3704 3769 3705
3 3705 3769 3770
3 3705 3770 3706
3 3706 3770 3771
3 3706 3771 3707
3 3707 3771 3772
3 3708 3773 3709
3 3709 3773 3774
3 3709 3774 3710
3 3710 3774 3775
3 3710 3775 3711
3 3711 3775 3776
3 3711 3776 3712
3 3712 3776 3777
3 3712 3777 3713
3 3713 3777 3778
3 3713 3778 3714
3 3714 3778 3779
3 3714 3779 3715
3 3715 3779 3780
3 3715 3780 3716
3 3716 3780 3781
3 3716 3781 3717
3 3717 3781 3782
3 3717 3782 3718
3 3718 3782 3783
3 3718 3783 3719
3 3719 3783 3784
3 3719 3784 3720
3 3720 3784 3785
3 3720 3785 3721
3 3721 3785 3786
3 3721 3786 3722
3 3722 3786 3787
3 3722 3787 3723
3 3723 3787 3788
3 3723 3788 3724
3 3724 3788 3789
3 3724 3789 3725
3 3725 3789 3790
3 3725 3790 3726
3 3726 3790 3791
3 3726 3791 3727
3 3727 3791 3792
3 3727 3792 3728
3 3728 3792 3793
3 3728 3793 3729
3 3729 3793 3794
3 3729 3794 3730
3 3730 3794 3795
3 3730 3795 3731
3 3731 3795 3796
3 3731 3796 3732
3 3732 3796 3797
3 3732 3797 3733
3 3733 3797 3798
3 3733 3798 3734
3 3734 3798 3799
3 3734 3799 3735
3 3735 3799 3800
3 3735 3800 3736
3 3736 3800 3801
3 3736 3801 3737
3 3737 3801 3802
3 3737 3802 3738
3 3738 3802 3803
3 3738 3803 3739
3 3739 3803 3804
3 3739 3804 3740
3 3740 3804 3805
3 3740 3805 3741
3 3741 3805 3806
3 3741 3806 3742
3 3742 3806 3807
3 3742 3807 3743
3 3743 3807 3808
3 3743 3808 3744
3 3744 3808 3809
3 3744 3809 3745
3 3745 3809 3810
3 3745 3810 3746
3 3746 3810 3811
3 3746 3811 3747
3 3747 3811 3812
3 3747 3812 3748
3 3748 3812 3813
3 3748 3813 3749
3 3749 3813 3814
3 3749 3814 3750
3 3750 3814 3815
3 3750 3815 3751
3 3751 3815 3816
3 3751 3816 3752
3 3752 3816 3817
3 3752 3817 3753
3 3753 3817 3818
3 3753 3818 3754
3 3754 3818 3819
3 3754 3819 3755
3 3755 3819 3820
3 3755 3820 3756
3 3756 3820 3821
3 3756 3821 3757
3 3757 3821 3822
3 3757 3822 3758
3 3758 3822 3823
3 3758 3823 3759
3 3759 3823 3824
3 3759 3824 3760
3 3760 3824 3825
3 3760 3825 3761
3 3761 3825 3826
3 3761 3826 3762
3 3762 3826 3827
3 3762 3827 3763
3 3763 3827 3828
3 3763 3828 3764
3 3764 3828 3829
3 3764 3829 3765
3 3765 3829 3830
3 3765 3830 3766
3 3766 3830 3831
3 3766 3831 3767
3 3767 3831 3832
3 3767 3832 3768
3 3768 3832 3833
3 3768 3833 3769
3 3769 3833 3834
3 3769 3834 3770
3 3770 3834 3835
3 3770 3835 3771
3 3771 3835 3836
3 3771 3836 3772
3 3772 3836 3837
3 3773 3838 3774
3 3774 3838 3839
3 3774 3839 3775
3 3775 3839 3840
3 3775 3840 3776
3 3776 3840 3841
3 3776 3841 3777
3 3777 3841 3842
3 3777 3842 3778
3 3778 3842 3843
3 3778 3843 3779
3 3779 3843 3844
3 3779 3844 3780
3 3780 3844 3845
3 3780 3845 3781
3 3781 3845 3846
3 3781 3846 3782
3 3782 3846 3847
3 3782 3847 3783
3 3783 3847 3848
3 3783 3848 3784
3 3784 3848 3849
3 3784 3849 3785
3 3785 3849 3850
3 3785 3850 3786
3 3786 3850 3851
3 3786 3851 3787
3 3787 3851 3852
3 3787 3852 3788
3 3788 3852 3853
3 3788 3853 3789
3 3789 3853 3854
3 3789 3854 3790
3 3790 3854 3855
3 3790 3855 3791
3 3791 3855 3856
3 3791 3856 3792
3 3792 3856 3857
3 3792 3857 3793
3 3793 3857 3858
3 3793 3858 3794
3 3794 3858 3859
3 3794 3859 3795
3 3795 3859 3860
3 3795 3860 3796
3 3796 3860 3861
3 3796 3861 3797
3 3797 3861 3862
3 3797 3862 3798
3 3798 3862 3863
3 3798 3863 3799
3 3799 3863 3864
3 3799 3864 3800
3 3800 3864 3865
3 3800 3865 3801
3 3801 3865 3866
3 3801 3866 3802
3 3802 3866 3867
3 3802 3867 3803
3 3803 3867 3868
3 3803 3868 3804
3 3804 3868 3869
3 3804 3869 3805
3 3805 3869 3870
3 3805 3870 3806
3 3806 3870 3871
3 3806 3871 3807
3 3807 3871 3872
3 3807 3872 3808
3 3808 3872 3873
3 3808 3873 3809
3 3809 3873 3874
3 3809 3874 3810
3 3810 3874 3875
3 3810 3875 3811
3 3811 3875 3876
3 3811 3876 3812
3 3812 3876 3877
3 3812 3877 3813
3 3813 3877 3878
3 3813 3878 3814
3 3814 3878 3879
3 3814 3879 3815
3 3815 3879 3880
3 3815 3880 3816
3 3816 3880 3881
3 3816 3881 3817
3 3817 3881 3882
3 3817 3882 3818
3 3818 3882 3883
3 3818 3883 3819
3 3819 3883 3884
3 3819 3884 3820
3 3820 3884 3885
3 3820 3885 3821
3 3821 3885 3886
3 3821 3886 3822
3 3822 3886 3887
3 3822 3887 3823
3 3823 3887 3888
3 3823 3888 3824
3 3824 3888 3889
3 3824 3889 3825
3 3825 3889 3890
3 3825 3890 3826
3 3826 3890 3891
3 3826 3891 3827
3 3827 3891 3892
3 3827 3892 3828
3 3828 3892 3893
3 3828 3893 3829
3 3829 3893 3894
3 3829 3894 3830
3 3830 3894 3895
3 3830 3895 3831
3 3831 3895 3896
3 3831 3896 3832
3 3832 3896 3897
3 3832 3897 3833
3 3833 3897 3898
3 3833 3898 3834
3 3834 3898 3899
3 3834 3899 3835
3 3835 3899 3900
3 3835 3900 3836
3 3836 3900 3901
3 3836 3901 3837
3 3837 3901 3902
3 3838 3903 3839
3 3839 3903 3904
3 3839 3904 3840
3 3840 3904 3905
3 3840 3905 3841
3 3841 3905 3906
3 3841 3906 3842
3 3842 3906 3907
3 3842 3907 3843
3 3843 3907 3908
3 3843 3908 3844
3 3844 3908 3909
3 3844 3909 3845
3 3845 3909 3910
3 3845 3910 3846
3 3846 3910 3911
3 3846 3911 3847
3 3847 3911 3912
3 3847 3912 3848
3 3848 3912 3913
3 3848 3913 3849
3 3849 3913 3914
3 3849 3914 3850
3 3850 3914 3915
3 3850 3915 3851
3 3851 3915 3916
3 3851 3916 3852
3 3852 3916 3917
3 3852 3917 3853
3 3853 3917 3918
3 3853 3918 3854
3 3854 3918 3919
3 3854 3919 3855
3 3855 3919 3920
3 3855 3920 3856
3 3856 3920 3921
3 3856 3921 3857
3 3857 3921 3922
3 3857 3922 3858
3 3858 3922 3923
3 3858 3923 3859
3 3859 3923 3924
3 3859 3924 3860
3 3860 3924 3925
3 3860 3925 3861
3 3861 3925 3926
3 3861 3926 3862
3 3862 3926 3927
3 3862 3927 3863
3 3863 3927 3928
3 3863 3928 3864
3 3864 3928 3929
3 3864 3929 3865
3 3865 3929 3930
3 3865 3930 3866
3 3866 3930 3931
3 3866 3931 3867
3 3867 3931 3932
3 3867 3932 3868
3 3868 3932 3933
3 3868 3933 3869
3 3869 3933 3934
3 3869 3934 3870
3 3870 3934 3935
3 3870 3935 3871
3 3871 3935 3936
3 3871 3936 3872
3 3872 3936 3937
3 3872 3937 3873
3 3873 3937 3938
3 3873 3938 3874
3 3874 3938 3939
3 3874 3939 3875
3 3875 3939 3940
3 3875 3940 3876
3 3876 3940 3941
3 3876 3941 3877
3 3877 3941 3942
3 3877 3942 3878
3 3878 3942 3943
3 3878 3943 3879
3 3879 3943 3944
3 3879 3944 3880
3 3880 3944 3945
3 3880 3945 3881
3 3881 3945 3946
3 3881 3946 3882
3 3882 3946 3947
3 3882 3947 3883
3 3883 3947 3948
3 3883 3948 3884
3 3884 3948 3949
3 3884 3949 3885
3 3885 3949 3950
3 3885 3950 3886
3 3886 3950 3951
3 3886 3951 3887
3 3887 3951 3952
3 3887 3952 3888
3 3888 3952 3953
3 3888 3953 3889
3 3889 3953 3954
3 3889 3954 3890
3 3890 3954 3955
3 3890 3955 3891
3 3891 3955 3956
3 3891 3956 3892
3 3892 3956 3957
3 3892 3957 3893
3 3893 3957 3958
3 3893 3958 3894
3 3894 3958 3959
3 3894 3959 3895
3 3895 3959 3960
3 3895 3960 3896
3 3896 3960 3961
3 3896 3961 3897
3 3897 3961 3962
3 3897 3962 3898
3 3898 3962 3963
3 3898 3963 3899
3 3899 3963 3964
3 3899 3964 3900
3 3900 3964 3965
3 3900 3965 3901
3 3901 3965 3966
3 3901 3966 3902
3 3902 3966 3967
3 3903 3968 3904
3 3904 3968 3969
3 3904 3969 3905
3 3905 3969 3970
3 3905 3970 3906
3 3906 3970 3971
3 3906 3971 3907
3 3907 3971 3972
3 3907 3972 3908
3 3908 3972 3973
3 3908 3973 3909
3 3909 3973 3974
3 3909 3974 3910
3 3910 3974 3975
3 3910 3975 3911
3 3911 3975 3976
3 3911 3976 3912
3 3912 3976 3977
3 3912 3977 3913
3 3913 3977 3978
3 3913 3978 3914
3 3914 3978 3979
3 3914 3979 3915
3 3915 3979 3980
3 3915 3980 3916
3 3916 3980 3981
3 3916 3981 3917
3 3917 3981 3982
3 3917 3982 3918
3 3918 3982 3983
3 3918 3983 3919
3 3919 3983 3984
3 3919 3984 3920
3 3920 3984 3985
3 3920 3985 3921
3 3921 3985 3986
3 3921 3986 3922
3 3922 3986 3987
3 3922 3987 3923
3 3923 3987 3988
3 3923 3988 3924
3 3924 3988 3989
3 3924 3989 3925
3 3925 3989 3990
3 3925 3990 3926
3 3926 3990 3991
3 3926 3991 3927
3 3927 3991 3992
3 3927 3992 3928
3 3928 3992 3993
3 3928 3993 3929
3 3929 3993 3994
3 3929 3994 3930
3 3930 3994 3995
3 3930 3995 3931
3 3931 3995 3996
3 3931 3996 3932
3 3932 3996 3997
3 3932 3997 3933
3 3933 3997 3998
3 3933 3998 3934
3 3934 3998 3999
3 3934 3999 3935
3 3935 3999 4000
3 3935 4000 3936
3 3936 4000 4001
3 3936 4001 3937
3 3937 4001 4002
3 3937 4002 3938
3 3938 4002 4003
3 3938 4003 3939
3 3939 4003 4004
3 3939 4004 3940
3 3940 4004 4005
3 3940 4005 3941
3 3941 4005 4006
3 3941 4006 3942
3 3942 4006 4007
3 3942 4007 3943
3 3943 4007 4008
3 3943 4008 3944
3 3944 4008 4009
3 3944 4009 3945
3 3945 4009 4010
3 3945 4010 3946
3 3946 4010 4011
3 3946 4011 3947
3 3947 4011 4012
3 3947 4012 3948
3 3948 4012 4013
3 3948 4013 3949
3 3949 4013 4014
3 3949 4014 3950
3 3950 4014 4015
3 3950 4015 3951
3 3951 4015 4016
3 3951 4016 3952
3 3952 4016 4017
3 3952 4017 3953
3 3953 4017 4018
3 3953 4018 3954
3 3954 4018 4019
3 3954 4019 3955
3 3955 4019 4020
3 3955 4020 3956
3 3956 4020 4021
3 3956 4021 3957
3 3957 4021 4022
3 3957 4022 3958
3 3958 4022 4023
3 3958 4023 3959
3 3959 4023 4024
3 3959 4024 3960
3 3960 4024 4025
3 3960 4025 3961
3 3961 4025 4026
3 3961 4026 3962
3 3962 4026 4027
3 3962 4027 3963
3 3963 4027 4028
3 3963 4028 3964
3 3964 4028 4029
3 3964 4029 3965
3 3965 4029 4030
3 3965 4030 3966
3 3966 4030 4031
3 3966 4031 3967
3 3967 4031 4032
3 3968 4033 3969
3 3969 4033 4034
3 3969 4034 3970
3 3970 4034 4035
3 3970 4035 3971
3 3971 4035 4036
3 3971 4036 3972
3 3972 4036 4037
3 3972 4037 3973
3 3973 4037 4038
3 3973 4038 3974
3 3974 4038 4039
3 3974 4039 3975
3 3975 4039 4040
3 3975 4040 3976
3 3976 4040 4041
3 3976 4041 3977
3 3977 4041 4042
3 3977 4042 3978
3 3978 4042 4043
3 3978 4043 3979
3 3979 4043 4044
3 3979 4044 3980
3 3980 4044 4045
3 3980 4045 3981
3 3981 4045 4046
3 3981 4046 3982
3 3982 4046 4047
3 3982 4047 3983
3 3983 4047 4048
3 3983 4048 3984
3 3984 4048 4049
3 3984 4049 3985
3 3985 4049 4050
3 3985 4050 3986
3 3986 4050 4051
3 3986 4051 3987
3 3987 4051 4052
3 3987 4052 3988
3 3988 4052 4053
3 3988 4053 3989
3 3989 4053 4054
3 3989 4054 3990
3 3990 4054 4055
3 3990 4055 3991
3 3991 4055 4056
3 3991 4056 3992
3 3992 4056 4057
3 3992 4057 3993
3 3993 4057 4058
3 3993 4058 3994
3 3994 4058 4059
3 3994 4059 3995
3 3995 4059 4060
3 3995 4060 3996
3 3996 4060 4061
3 3996 4061 3997
3 3997 4061 4062
3 3997 4062 3998
3 3998 4062 4063
3 3998 4063 3999
3 3999 4063 4064
3 3999 4064 4000
3 4000 4064 4065
3 4000 4065 4001
3 4001 4065 4066
3 4001 4066 4002
3 4002 4066 4067
3 4002 4067 4003
3 4003 4067 4068
3 4003 4068 4004
3 4004 4068 4069
3 4004 4069 4005
3 4005 4069 4070
3 4005 4070 4006
3 4006 4070 4071
3 4006 4071 4007
3 4007 4071 4072
3 4007 4072 4008
3 4008 4072 4073
3 4008 4073 4009
3 4009 4073 4074
3 4009 4074 4010
3 4010 4074 4075
3 4010 4075 4011
3 4011 4075 4076
3 4011 4076 4012
3 4012 4076 4077
3 4012 4077 4013
3 4013 4077 4078
3 4013 4078 4014
3 4014 4078 4079
3 4014 4079 4015
3 4015 4079 4080
3 4015 4080 4016
3 4016 4080 4081
3 4016 4081 4017
3 4017 4081 4082
3 4017 4082 4018
3 4018 4082 4083
3 4018 4083 4019
3 4019 4083 4084
3 4019 4084 4020
3 4020 4084 4085
3 4020 4085 4021
3 4021 4085 4086
3 4021 4086 4022
3 4022 4086 4087
3 4022 4087 4023
3 4023 4087 4088
3 4023 4088 4024
3 4024 4088 4089
3 4024 4089 4025
3 4025 4089 4090
3 4025 4090 4026
3 4026 4090 4091
3 4026 4091 4027
3 4027 4091 4092
3 4027 4092 4028
3 4028 4092 4093
3 4028 4093 4029
3 4029 4093 4094
3 4029 4094 4030
3 4030 4094 4095
3 4030 4095 4031
3 4031 4095 4096
3 4031 4096 4032
3 4032 4096 4097
3 0 3 1
3 0 1 67
3 0 68 3
3 0 67 132
3 0 133 68
3 0 132 197
3 0 198 133
3 0 197 262
3 0 263 198
3 0 262 327
3 0 328 263
3 0 327 392
3 0 393 328
3 0 392 457
3 0 458 393
3 0 457 522
3 0 523 458
3 0 522 587
3 0 588 523
3 0 587 652
3 0 653 588
3 0 652 717
3 0 718 653
3 0 717 782
3 0 783 718
3 0 782 847
3 0 848 783
3 0 847 912
3 0 913 848
3 0 912 977
3 0 978 913
3 0 977 1042
3 0 1043 978
3 0 1042 1107
3 0 1108 1043
3 0 1107 1172
3 0 1173 1108
3 0 1172 1237
3 0 1238 1173
3 0 1237 1302
3 0 1303 1238
3 0 1302 1367
3 0 1368 1303
3 0 1367 1432
3 0 1433 1368
3 0 1432 1497
3 0 1498 1433
3 0 1497 1562
3 0 1563 1498
3 0 1562 1627
3 0 1628 1563
3 0 1627 1692
3 0 1693 1628
3 0 1692 1757
3 0 1758 1693
3 0 1757 1822
3 0 1823 1758
3 0 1822 1887
3 0 1888 1823
3 0 1887 1952
3 0 1953 1888
3 0 1952 2017
3 0 2018 1953
3 0 2017 2082
3 0 2083 2018
3 0 2082 2147
3 0 2148 2083
3 0 2147 2212
3 0 2213 2148
3 0 2212 2277
3 0 2278 2213
3 0 2277 2342
3 0 2343 2278
3 0 2342 2407
3 0 2408 2343
3 0 2407 2472
3 0 2473 2408
3 0 2472 2537
3 0 2538 2473
3 0 2537 2602
3 0 2603 2538
3 0 2602 2667
3 0 2668 2603
3 0 2667 2732
3 0 2733 2668
3 0 2732 2797
3 0 2798 2733
3 0 2797 2862
3 0 2863 2798
3 0 2862 2927
3 0 2928 2863
3 0 2927 2992
3 0 2993 2928
3 0 2992 3057
3 0 3058 2993
3 0 3057 3122
3 0 3123 3058
3 0 3122 3187
3 0 3188 3123
3 0 3187 3252
3 0 3253 3188
3 0 3252 3317
3 0 3318 3253
3 0 3317 3382
3 0 3383 3318
3 0 3382 3447
3 0 3448 3383
3 0 3447 3512
3 0 3513 3448
3 0 3512 3577
3 0 3578 3513
3 0 3577 3642
3 0 3643 3578
3 0 3642 3707
3 0 3708 3643
3 0 3707 3772
3 0 3773 3708
3 0 3772 3837
3 0 3838 3773
3 0 3837 3902
3 0 3903 3838
3 0 3902 3967
3 0 3968 3903
3 0 3967 4032
3 0 4033 3968
3 0 4032 4097
3 0 2 4033
3 0 4097 2
