OFF
8066 16128 0
0.000000 0.000000 5.000000
0.000000 0.000000 -5.000000
0.252996 0.000000 5.149862
0.252362 0.012398 5.143149
0.250494 0.024671 5.123590
0.247489 0.036711 5.092869
0.243499 0.048435 5.053632
0.238714 0.059795 5.009257
0.233344 0.070784 4.963566
0.227598 0.081436 4.920494
0.221660 0.091815 4.883750
0.215678 0.102008 4.856500
0.209745 0.112111 4.841088
0.203897 0.122211 4.838844
0.198109 0.132372 4.849959
0.192303 0.142621 4.873477
0.186360 0.152942 4.907373
0.180137 0.163266 4.948726
0.173480 0.173480 4.993977
0.166252 0.183431 5.039228
0.158340 0.192938 5.080582
0.149674 0.201812 5.114477
0.140233 0.209874 5.137996
0.130047 0.216971 5.149111
0.119192 0.222993 5.146866
0.107783 0.227889 5.131455
0.095959 0.231666 5.104204
0.083868 0.234396 5.067461
0.071652 0.236204 5.024389
0.059430 0.237258 4.978698
0.047291 0.237750 4.934323
0.035286 0.237877 4.895085
0.023423 0.237820 4.864364
0.011679 0.237723 4.844805
0.000000 0.237680 4.838093
-0.011679 0.237723 4.844805
-0.023423 0.237820 4.864364
-0.035286 0.237877 4.895085
-0.047291 0.237750 4.934323
-0.059430 0.237258 4.978698
-0.071652 0.236204 5.024389
-0.083868 0.234396 5.067461
-0.095959 0.231666 5.104204
-0.107783 0.227889 5.131455
-0.119192 0.222993 5.146866
-0.130047 0.216971 5.149111
-0.140233 0.209874 5.137996
-0.149674 0.201812 5.114477
-0.158340 0.192938 5.080582
-0.166252 0.183431 5.039228
-0.173480 0.173480 4.993977
-0.180137 0.163266 4.948726
-0.186360 0.152942 4.907373
-0.192303 0.142621 4.873477
-0.198109 0.132372 4.849959
-0.203897 0.122211 4.838844
-0.209745 0.112111 4.841088
-0.215678 0.102008 4.856500
-0.221660 0.091815 4.883750
-0.227598 0.081436 4.920494
-0.233344 0.070784 4.963566
-0.238714 0.059795 5.009257
-0.243499 0.048435 5.053632
-0.247489 0.036711 5.092869
-0.250494 0.024671 5.123590
-0.252362 0.012398 5.143149
-0.252996 0.000000 5.149862
-0.252362 -0.012398 5.143149
-0.250494 -0.024671 5.123590
-0.247489 -0.036711 5.092869
-0.243499 -0.048435 5.053632
-0.238714 -0.059795 5.009257
-0.233344 -0.070784 4.963566
-0.227598 -0.081436 4.920494
-0.221660 -0.091815 4.883750
-0.215678 -0.102008 4.856500
-0.209745 -0.112111 4.841088
-0.203897 -0.122211 4.838844
-0.198109 -0.132372 4.849959
-0.192303 -0.142621 4.873477
-0.186360 -0.152942 4.907373
-0.180137 -0.163266 4.948726
-0.173480 -0.173480 4.993977
-0.166252 -0.183431 5.039228
-0.158340 -0.192938 5.080582
-0.149674 -0.201812 5.114477
-0.140233 -0.209874 5.137996
-0.130047 -0.216971 5.149111
-0.119192 -0.222993 5.146866
-0.107783 -0.227889 5.131455
-0.095959 -0.231666 5.104204
-0.083868 -0.234396 5.067461
-0.071652 -0.236204 5.024389
-0.059430 -0.237258 4.978698
-0.047291 -0.237750 4.934323
-0.035286 -0.237877 4.895085
-0.023423 -0.237820 4.864364
-0.011679 -0.237723 4.844805
-0.000000 -0.237680 4.838093
0.011679 -0.237723 4.844805
0.023423 -0.237820 4.864364
0.035286 -0.237877 4.895085
0.047291 -0.237750 4.934323
0.059430 -0.237258 4.978698
0.071652 -0.236204 5.024389
0.083868 -0.234396 5.067461
0.095959 -0.231666 5.104204
0.107783 -0.227889 5.131455
0.119192 -0.222993 5.146866
0.130047 -0.216971 5.149111
0.140233 -0.209874 5.137996
0.149674 -0.201812 5.114477
0.158340 -0.192938 5.080582
0.166252 -0.183431 5.039228
0.173480 -0.173480 4.993977
0.180137 -0.163266 4.948726
0.186360 -0.152942 4.907373
0.192303 -0.142621 4.873477
0.198109 -0.132372 4.849959
0.203897 -0.122211 4.838844
0.209745 -0.112111 4.841088
0.215678 -0.102008 4.856500
0.221660 -0.091815 4.883750
0.227598 -0.081436 4.920494
0.233344 -0.070784 4.963566
0.238714 -0.059795 5.009257
0.243499 -0.048435 5.053632
0.247489 -0.036711 5.092869
0.250494 -0.024671 5.123590
0.252362 -0.012398 5.143149
0.520093 0.000000 5.280596
0.518176 0.025456 5.267477
0.512556 0.050482 5.229250
0.503612 0.074704 5.169206
0.491932 0.097851 5.092517
0.478252 0.119796 5.005787
0.463381 0.140565 4.916485
0.448119 0.160339 4.832302
0.433177 0.179428 4.760488
0.419109 0.198224 4.707226
0.406261 0.217151 4.677105
0.394746 0.236602 4.672718
0.384440 0.256875 4.694443
0.375009 0.278126 4.740409
0.365954 0.300331 4.806657
0.356675 0.323272 4.887482
0.346543 0.346543 4.975924
0.334971 0.369584 5.064365
0.321483 0.391728 5.145191
0.305762 0.412272 5.211439
0.287679 0.430543 5.257404
0.267307 0.445975 5.279129
0.244898 0.458173 5.274742
0.220854 0.466956 5.244621
0.195668 0.472384 5.191360
0.169870 0.474756 5.119545
0.143964 0.474585 5.035362
0.118366 0.472545 4.946060
0.093371 0.469406 4.859330
0.069117 0.465951 4.782641
0.045591 0.462896 4.722598
0.022638 0.460814 4.684370
0.000000 0.460078 4.671251
-0.022638 0.460814 4.684370
-0.045591 0.462896 4.722598
-0.069117 0.465951 4.782641
-0.093371 0.469406 4.859330
-0.118366 0.472545 4.946060
-0.143964 0.474585 5.035362
-0.169870 0.474756 5.119545
-0.195668 0.472384 5.191360
-0.220854 0.466956 5.244621
-0.244898 0.458173 5.274742
-0.267307 0.445975 5.279129
-0.287679 0.430543 5.257404
-0.305762 0.412272 5.211439
-0.321483 0.391728 5.145191
-0.334971 0.369584 5.064365
-0.346543 0.346543 4.975924
-0.356675 0.323272 4.887482
-0.365954 0.300331 4.806657
-0.375009 0.278126 4.740409
-0.384440 0.256875 4.694443
-0.394746 0.236602 4.672718
-0.406261 0.217151 4.677105
-0.419109 0.198224 4.707226
-0.433177 0.179428 4.760488
-0.448119 0.160339 4.832302
-0.463381 0.140565 4.916485
-0.478252 0.119796 5.005787
-0.491932 0.097851 5.092517
-0.503612 0.074704 5.169206
-0.512556 0.050482 5.229250
-0.518176 0.025456 5.267477
-0.520093 0.000000 5.280596
-0.518176 -0.025456 5.267477
-0.512556 -0.050482 5.229250
-0.503612 -0.074704 5.169206
-0.491932 -0.097851 5.092517
-0.478252 -0.119796 5.005787
-0.463381 -0.140565 4.916485
-0.448119 -0.160339 4.832302
-0.433177 -0.179428 4.760488
-0.419109 -0.198224 4.707226
-0.406261 -0.217151 4.677105
-0.394746 -0.236602 4.672718
-0.384440 -0.256875 4.694443
-0.375009 -0.278126 4.740409
-0.365954 -0.300331 4.806657
-0.356675 -0.323272 4.887482
-0.346543 -0.346543 4.975924
-0.334971 -0.369584 5.064365
-0.321483 -0.391728 5.145191
-0.305762 -0.412272 5.211439
-0.287679 -0.430543 5.257404
-0.267307 -0.445975 5.279129
-0.244898 -0.458173 5.274742
-0.220854 -0.466956 5.244621
-0.195668 -0.472384 5.191360
-0.169870 -0.474756 5.119545
-0.143964 -0.474585 5.035362
-0.118366 -0.472545 4.946060
-0.093371 -0.469406 4.859330
-0.069117 -0.465951 4.782641
-0.045591 -0.462896 4.722598
-0.022638 -0.460814 4.684370
-0.000000 -0.460078 4.671251
0.022638 -0.460814 4.684370
0.045591 -0.462896 4.722598
0.069117 -0.465951 4.782641
0.093371 -0.469406 4.859330
0.118366 -0.472545 4.946060
0.143964 -0.474585 5.035362
0.169870 -0.474756 5.119545
0.195668 -0.472384 5.191360
0.220854 -0.466956 5.244621
0.244898 -0.458173 5.274742
0.267307 -0.445975 5.279129
0.287679 -0.430543 5.257404
0.305762 -0.412272 5.211439
0.321483 -0.391728 5.145191
0.334971 -0.369584 5.064365
0.346543 -0.346543 4.975924
0.356675 -0.323272 4.887482
0.365954 -0.300331 4.806657
0.375009 -0.278126 4.740409
0.384440 -0.256875 4.694443
0.394746 -0.236602 4.672718
0.406261 -0.217151 4.677105
0.419109 -0.198224 4.707226
0.433177 -0.179428 4.760488
0.448119 -0.160339 4.832302
0.463381 -0.140565 4.916485
0.478252 -0.119796 5.005787
0.491932 -0.097851 5.092517
0.503612 -0.074704 5.169206
0.512556 -0.050482 5.229250
0.518176 -0.025456 5.267477
0.798868 0.000000 5.385528
0.795101 0.039061 5.366597
0.784083 0.077225 5.311435
0.766636 0.113720 5.224791
0.744033 0.147997 5.114128
0.717866 0.179816 4.988975
0.689887 0.209275 4.860112
0.661821 0.236803 4.738635
0.635202 0.263109 4.635006
0.611221 0.289086 4.558150
0.590614 0.315690 4.514685
0.573607 0.343807 4.508354
0.559913 0.374122 4.539703
0.548784 0.407006 4.606032
0.539114 0.442439 4.701629
0.529574 0.479978 4.818260
0.518771 0.518771 4.945883
0.505404 0.557627 5.073505
0.488409 0.595128 5.190137
0.467067 0.629766 5.285733
0.441069 0.660107 5.352062
0.410539 0.684942 5.383411
0.375993 0.703433 5.377081
0.338268 0.715207 5.333615
0.298404 0.720410 5.256759
0.257517 0.719711 5.153130
0.216661 0.714237 5.031653
0.176710 0.705465 4.902790
0.138260 0.695078 4.777637
0.101579 0.684787 4.666974
0.066596 0.676156 4.580331
0.032936 0.670437 4.525168
0.000000 0.668437 4.506237
-0.032936 0.670437 4.525168
-0.066596 0.676156 4.580331
-0.101579 0.684787 4.666974
-0.138260 0.695078 4.777637
-0.176710 0.705465 4.902790
-0.216661 0.714237 5.031653
-0.257517 0.719711 5.153130
-0.298404 0.720410 5.256759
-0.338268 0.715207 5.333615
-0.375993 0.703433 5.377081
-0.410539 0.684942 5.383411
-0.441069 0.660107 5.352062
-0.467067 0.629766 5.285733
-0.488409 0.595128 5.190137
-0.505404 0.557627 5.073505
-0.518771 0.518771 4.945883
-0.529574 0.479978 4.818260
-0.539114 0.442439 4.701629
-0.548784 0.407006 4.606032
-0.559913 0.374122 4.539703
-0.573607 0.343807 4.508354
-0.590614 0.315690 4.514685
-0.611221 0.289086 4.558150
-0.635202 0.263109 4.635006
-0.661821 0.236803 4.738635
-0.689887 0.209275 4.860112
-0.717866 0.179816 4.988975
-0.744033 0.147997 5.114128
-0.766636 0.113720 5.224791
-0.784083 0.077225 5.311435
-0.795101 0.039061 5.366597
-0.798868 0.000000 5.385528
-0.795101 -0.039061 5.366597
-0.784083 -0.077225 5.311435
-0.766636 -0.113720 5.224791
-0.744033 -0.147997 5.114128
-0.717866 -0.179816 4.988975
-0.689887 -0.209275 4.860112
-0.661821 -0.236803 4.738635
-0.635202 -0.263109 4.635006
-0.611221 -0.289086 4.558150
-0.590614 -0.315690 4.514685
-0.573607 -0.343807 4.508354
-0.559913 -0.374122 4.539703
-0.548784 -0.407006 4.606032
-0.539114 -0.442439 4.701629
-0.529574 -0.479978 4.818260
-0.518771 -0.518771 4.945883
-0.505404 -0.557627 5.073505
-0.488409 -0.595128 5.190137
-0.467067 -0.629766 5.285733
-0.441069 -0.660107 5.352062
-0.410539 -0.684942 5.383411
-0.375993 -0.703433 5.377081
-0.338268 -0.715207 5.333615
-0.298404 -0.720410 5.256759
-0.257517 -0.719711 5.153130
-0.216661 -0.714237 5.031653
-0.176710 -0.705465 4.902790
-0.138260 -0.695078 4.777637
-0.101579 -0.684787 4.666974
-0.066596 -0.676156 4.580331
-0.032936 -0.670437 4.525168
-0.000000 -0.668437 4.506237
0.032936 -0.670437 4.525168
0.066596 -0.676156 4.580331
0.101579 -0.684787 4.666974
0.138260 -0.695078 4.777637
0.176710 -0.705465 4.902790
0.216661 -0.714237 5.031653
0.257517 -0.719711 5.153130
0.298404 -0.720410 5.256759
0.338268 -0.715207 5.333615
0.375993 -0.703433 5.377081
0.410539 -0.684942 5.383411
0.441069 -0.660107 5.352062
0.467067 -0.629766 5.285733
0.488409 -0.595128 5.190137
0.505404 -0.557627 5.073505
0.518771 -0.518771 4.945883
0.529574 -0.479978 4.818260
0.539114 -0.442439 4.701629
0.548784 -0.407006 4.606032
0.559913 -0.374122 4.539703
0.573607 -0.343807 4.508354
0.590614 -0.315690 4.514685
0.611221 -0.289086 4.558150
0.635202 -0.263109 4.635006
0.661821 -0.236803 4.738635
0.689887 -0.209275 4.860112
0.717866 -0.179816 4.988975
0.744033 -0.147997 5.114128
0.766636 -0.113720 5.224791
0.784083 -0.077225 5.311435
0.795101 -0.039061 5.366597
1.085811 0.000000 5.458742
1.079757 0.053045 5.434852
1.062073 0.104605 5.365239
1.034148 0.153401 5.255898
0.998130 0.198540 5.116245
0.956712 0.239644 4.958308
0.912846 0.276909 4.795687
0.869449 0.311094 4.642388
0.829104 0.343426 4.511612
0.793814 0.375446 4.414622
0.764813 0.408801 4.359771
0.742470 0.445019 4.351782
0.726282 0.485286 4.391343
0.714969 0.530257 4.475048
0.706639 0.579924 4.595687
0.699025 0.633559 4.742872
0.689748 0.689748 4.903926
0.676587 0.746499 5.064981
0.657716 0.801430 5.212166
0.631895 0.852011 5.332805
0.598577 0.895834 5.416509
0.557945 0.930876 5.456071
0.510848 0.955730 5.448082
0.458673 0.969782 5.393230
0.403152 0.973296 5.296241
0.346146 0.967413 5.165465
0.289409 0.954052 5.012166
0.234387 0.935726 4.849545
0.182062 0.915287 4.691608
0.132856 0.895640 4.551955
0.086617 0.879436 4.442614
0.042681 0.868796 4.373001
0.000000 0.865092 4.349110
-0.042681 0.868796 4.373001
-0.086617 0.879436 4.442614
-0.132856 0.895640 4.551955
-0.182062 0.915287 4.691608
-0.234387 0.935726 4.849545
-0.289409 0.954052 5.012166
-0.346146 0.967413 5.165465
-0.403152 0.973296 5.296241
-0.458673 0.969782 5.393230
-0.510848 0.955730 5.448082
-0.557945 0.930876 5.456071
-0.598577 0.895834 5.416509
-0.631895 0.852011 5.332805
-0.657716 0.801430 5.212166
-0.676587 0.746499 5.064981
-0.689748 0.689748 4.903926
-0.699025 0.633559 4.742872
-0.706639 0.579924 4.595687
-0.714969 0.530257 4.475048
-0.726282 0.485286 4.391343
-0.742470 0.445019 4.351782
-0.764813 0.408801 4.359771
-0.793814 0.375446 4.414622
-0.829104 0.343426 4.511612
-0.869449 0.311094 4.642388
-0.912846 0.276909 4.795687
-0.956712 0.239644 4.958308
-0.998130 0.198540 5.116245
-1.034148 0.153401 5.255898
-1.062073 0.104605 5.365239
-1.079757 0.053045 5.434852
-1.085811 0.000000 5.458742
-1.079757 -0.053045 5.434852
-1.062073 -0.104605 5.365239
-1.034148 -0.153401 5.255898
-0.998130 -0.198540 5.116245
-0.956712 -0.239644 4.958308
-0.912846 -0.276909 4.795687
-0.869449 -0.311094 4.642388
-0.829104 -0.343426 4.511612
-0.793814 -0.375446 4.414622
-0.764813 -0.408801 4.359771
-0.742470 -0.445019 4.351782
-0.726282 -0.485286 4.391343
-0.714969 -0.530257 4.475048
-0.706639 -0.579924 4.595687
-0.699025 -0.633559 4.742872
-0.689748 -0.689748 4.903926
-0.676587 -0.746499 5.064981
-0.657716 -0.801430 5.212166
-0.631895 -0.852011 5.332805
-0.598577 -0.895834 5.416509
-0.557945 -0.930876 5.456071
-0.510848 -0.955730 5.448082
-0.458673 -0.969782 5.393230
-0.403152 -0.973296 5.296241
-0.346146 -0.967413 5.165465
-0.289409 -0.954052 5.012166
-0.234387 -0.935726 4.849545
-0.182062 -0.915287 4.691608
-0.132856 -0.895640 4.551955
-0.086617 -0.879436 4.442614
-0.042681 -0.868796 4.373001
-0.000000 -0.865092 4.349110
0.042681 -0.868796 4.373001
0.086617 -0.879436 4.442614
0.132856 -0.895640 4.551955
0.182062 -0.915287 4.691608
0.234387 -0.935726 4.849545
0.289409 -0.954052 5.012166
0.346146 -0.967413 5.165465
0.403152 -0.973296 5.296241
0.458673 -0.969782 5.393230
0.510848 -0.955730 5.448082
0.557945 -0.930876 5.456071
0.598577 -0.895834 5.416509
0.631895 -0.852011 5.332805
0.657716 -0.801430 5.212166
0.676587 -0.746499 5.064981
0.689748 -0.689748 4.903926
0.699025 -0.633559 4.742872
0.706639 -0.579924 4.595687
0.714969 -0.530257 4.475048
0.726282 -0.485286 4.391343
0.742470 -0.445019 4.351782
0.764813 -0.408801 4.359771
0.793814 -0.375446 4.414622
0.829104 -0.343426 4.511612
0.869449 -0.311094 4.642388
0.912846 -0.276909 4.795687
0.956712 -0.239644 4.958308
0.998130 -0.198540 5.116245
1.034148 -0.153401 5.255898
1.062073 -0.104605 5.365239
1.079757 -0.053045 5.434852
1.376525 0.000000 5.495397
1.367916 0.067201 5.467614
1.342790 0.132253 5.386655
1.303175 0.193308 5.259493
1.252219 0.249082 5.097079
1.193859 0.299046 4.913401
1.132414 0.343514 4.724276
1.072147 0.383620 4.545992
1.016836 0.421187 4.393902
0.969403 0.458493 4.281104
0.931646 0.497975 4.217313
0.904093 0.541892 4.208022
0.885997 0.592004 4.254031
0.875467 0.649290 4.351378
0.869720 0.713760 4.491679
0.865419 0.784370 4.662853
0.859065 0.859065 4.850156
0.847385 0.934945 5.037460
0.827690 1.008543 5.208633
0.798141 1.076168 5.348934
0.757921 1.134310 5.446281
0.707275 1.180018 5.492290
0.647426 1.211248 5.482999
0.580381 1.227112 5.419208
0.508658 1.228008 5.306411
0.434955 1.215618 5.154321
0.361820 1.192761 4.976037
0.291348 1.163125 4.786912
0.224949 1.130894 4.603233
0.163218 1.100328 4.440820
0.105909 1.075312 4.313658
0.052023 1.058959 4.232699
0.000000 1.053276 4.204915
-0.052023 1.058959 4.232699
-0.105909 1.075312 4.313658
-0.163218 1.100328 4.440820
-0.224949 1.130894 4.603233
-0.291348 1.163125 4.786912
-0.361820 1.192761 4.976037
-0.434955 1.215618 5.154321
-0.508658 1.228008 5.306411
-0.580381 1.227112 5.419208
-0.647426 1.211248 5.482999
-0.707275 1.180018 5.492290
-0.757921 1.134310 5.446281
-0.798141 1.076168 5.348934
-0.827690 1.008543 5.208633
-0.847385 0.934945 5.037460
-0.859065 0.859065 4.850156
-0.865419 0.784370 4.662853
-0.869720 0.713760 4.491679
-0.875467 0.649290 4.351378
-0.885997 0.592004 4.254031
-0.904093 0.541892 4.208022
-0.931646 0.497975 4.217313
-0.969403 0.458493 4.281104
-1.016836 0.421187 4.393902
-1.072147 0.383620 4.545992
-1.132414 0.343514 4.724276
-1.193859 0.299046 4.913401
-1.252219 0.249082 5.097079
-1.303175 0.193308 5.259493
-1.342790 0.132253 5.386655
-1.367916 0.067201 5.467614
-1.376525 0.000000 5.495397
-1.367916 -0.067201 5.467614
-1.342790 -0.132253 5.386655
-1.303175 -0.193308 5.259493
-1.252219 -0.249082 5.097079
-1.193859 -0.299046 4.913401
-1.132414 -0.343514 4.724276
-1.072147 -0.383620 4.545992
-1.016836 -0.421187 4.393902
-0.969403 -0.458493 4.281104
-0.931646 -0.497975 4.217313
-0.904093 -0.541892 4.208022
-0.885997 -0.592004 4.254031
-0.875467 -0.649290 4.351378
-0.869720 -0.713760 4.491679
-0.865419 -0.784370 4.662853
-0.859065 -0.859065 4.850156
-0.847385 -0.934945 5.037460
-0.827690 -1.008543 5.208633
-0.798141 -1.076168 5.348934
-0.757921 -1.134310 5.446281
-0.707275 -1.180018 5.492290
-0.647426 -1.211248 5.482999
-0.580381 -1.227112 5.419208
-0.508658 -1.228008 5.306411
-0.434955 -1.215618 5.154321
-0.361820 -1.192761 4.976037
-0.291348 -1.163125 4.786912
-0.224949 -1.130894 4.603233
-0.163218 -1.100328 4.440820
-0.105909 -1.075312 4.313658
-0.052023 -1.058959 4.232699
-0.000000 -1.053276 4.204915
0.052023 -1.058959 4.232699
0.105909 -1.075312 4.313658
0.163218 -1.100328 4.440820
0.224949 -1.130894 4.603233
0.291348 -1.163125 4.786912
0.361820 -1.192761 4.976037
0.434955 -1.215618 5.154321
0.508658 -1.228008 5.306411
0.580381 -1.227112 5.419208
0.647426 -1.211248 5.482999
0.707275 -1.180018 5.492290
0.757921 -1.134310 5.446281
0.798141 -1.076168 5.348934
0.827690 -1.008543 5.208633
0.847385 -0.934945 5.037460
0.859065 -0.859065 4.850156
0.865419 -0.784370 4.662853
0.869720 -0.713760 4.491679
0.875467 -0.649290 4.351378
0.885997 -0.592004 4.254031
0.904093 -0.541892 4.208022
0.931646 -0.497975 4.217313
0.969403 -0.458493 4.281104
1.016836 -0.421187 4.393902
1.072147 -0.383620 4.545992
1.132414 -0.343514 4.724276
1.193859 -0.299046 4.913401
1.252219 -0.249082 5.097079
1.303175 -0.193308 5.259493
1.342790 -0.132253 5.386655
1.367916 -0.067201 5.467614
1.665974 0.000000 5.491980
1.654740 0.081292 5.461525
1.621968 0.159750 5.372782
1.570350 0.232939 5.233394
1.504062 0.299177 5.055365
1.428325 0.357777 4.854027
1.348871 0.409176 4.646719
1.271353 0.454897 4.451293
1.200779 0.497379 4.284581
1.141021 0.539663 4.160938
1.094460 0.585001 4.091014
1.061787 0.636411 4.080829
1.042002 0.696243 4.131262
1.032582 0.765815 4.237968
1.029824 0.845155 4.391759
1.029287 0.932891 4.579390
1.026311 1.026311 4.784702
1.016542 1.121581 4.990014
0.996392 1.214107 5.177644
0.963408 1.299006 5.331435
0.916492 1.371627 5.438141
0.855951 1.428067 5.488574
0.783391 1.465622 5.478390
0.701464 1.483121 5.408465
0.613493 1.481102 5.284823
0.523042 1.461805 5.118110
0.433476 1.428980 4.922685
0.347557 1.387527 4.715376
0.267141 1.343007 4.514038
0.192997 1.301078 4.336009
0.124779 1.266901 4.196621
0.061144 1.244610 4.107879
0.000000 1.236873 4.077424
-0.061144 1.244610 4.107879
-0.124779 1.266901 4.196621
-0.192997 1.301078 4.336009
-0.267141 1.343007 4.514038
-0.347557 1.387527 4.715376
-0.433476 1.428980 4.922685
-0.523042 1.461805 5.118110
-0.613493 1.481102 5.284823
-0.701464 1.483121 5.408465
-0.783391 1.465622 5.478390
-0.855951 1.428067 5.488574
-0.916492 1.371627 5.438141
-0.963408 1.299006 5.331435
-0.996392 1.214107 5.177644
-1.016542 1.121581 4.990014
-1.026311 1.026311 4.784702
-1.029287 0.932891 4.579390
-1.029824 0.845155 4.391759
-1.032582 0.765815 4.237968
-1.042002 0.696243 4.131262
-1.061787 0.636411 4.080829
-1.094460 0.585001 4.091014
-1.141021 0.539663 4.160938
-1.200779 0.497379 4.284581
-1.271353 0.454897 4.451293
-1.348871 0.409176 4.646719
-1.428325 0.357777 4.854027
-1.504062 0.299177 5.055365
-1.570350 0.232939 5.233394
-1.621968 0.159750 5.372782
-1.654740 0.081292 5.461525
-1.665974 0.000000 5.491980
-1.654740 -0.081292 5.461525
-1.621968 -0.159750 5.372782
-1.570350 -0.232939 5.233394
-1.504062 -0.299177 5.055365
-1.428325 -0.357777 4.854027
-1.348871 -0.409176 4.646719
-1.271353 -0.454897 4.451293
-1.200779 -0.497379 4.284581
-1.141021 -0.539663 4.160938
-1.094460 -0.585001 4.091014
-1.061787 -0.636411 4.080829
-1.042002 -0.696243 4.131262
-1.032582 -0.765815 4.237968
-1.029824 -0.845155 4.391759
-1.029287 -0.932891 4.579390
-1.026311 -1.026311 4.784702
-1.016542 -1.121581 4.990014
-0.996392 -1.214107 5.177644
-0.963408 -1.299006 5.331435
-0.916492 -1.371627 5.438141
-0.855951 -1.428067 5.488574
-0.783391 -1.465622 5.478390
-0.701464 -1.483121 5.408465
-0.613493 -1.481102 5.284823
-0.523042 -1.461805 5.118110
-0.433476 -1.428980 4.922685
-0.347557 -1.387527 4.715376
-0.267141 -1.343007 4.514038
-0.192997 -1.301078 4.336009
-0.124779 -1.266901 4.196621
-0.061144 -1.244610 4.107879
-0.000000 -1.236873 4.077424
0.061144 -1.244610 4.107879
0.124779 -1.266901 4.196621
0.192997 -1.301078 4.336009
0.267141 -1.343007 4.514038
0.347557 -1.387527 4.715376
0.433476 -1.428980 4.922685
0.523042 -1.461805 5.118110
0.613493 -1.481102 5.284823
0.701464 -1.483121 5.408465
0.783391 -1.465622 5.478390
0.855951 -1.428067 5.488574
0.916492 -1.371627 5.438141
0.963408 -1.299006 5.331435
0.996392 -1.214107 5.177644
1.016542 -1.121581 4.990014
1.026311 -1.026311 4.784702
1.029287 -0.932891 4.579390
1.029824 -0.845155 4.391759
1.032582 -0.765815 4.237968
1.042002 -0.696243 4.131262
1.061787 -0.636411 4.080829
1.094460 -0.585001 4.091014
1.141021 -0.539663 4.160938
1.200779 -0.497379 4.284581
1.271353 -0.454897 4.451293
1.348871 -0.409176 4.646719
1.428325 -0.357777 4.854027
1.504062 -0.299177 5.055365
1.570350 -0.232939 5.233394
1.621968 -0.159750 5.372782
1.654740 -0.081292 5.461525
1.948783 0.000000 5.446482
1.935067 0.095064 5.414672
1.895065 0.186648 5.321979
1.832094 0.271765 5.176386
1.751295 0.348354 4.990432
1.659101 0.415583 4.780132
1.562569 0.474000 4.563595
1.468661 0.525495 4.359470
1.383544 0.573083 4.185337
1.311985 0.620523 4.056190
1.256910 0.671832 3.983153
1.219166 0.730740 3.972516
1.197513 0.800153 4.025193
1.188841 0.881705 4.136650
1.188576 0.975439 4.297286
1.191240 1.079677 4.493269
1.191085 1.191085 4.707720
1.182737 1.304949 4.922172
1.161768 1.415618 5.118155
1.125146 1.517084 5.278791
1.071507 1.603623 5.390247
1.001220 1.670435 5.442925
0.916255 1.714193 5.432287
0.819867 1.733463 5.359250
0.716139 1.728912 5.230104
0.609452 1.703305 5.055970
0.503939 1.661266 4.851846
0.402992 1.608836 4.635309
0.308885 1.552871 4.425008
0.222555 1.500341 4.239055
0.143562 1.457611 4.093462
0.070240 1.429774 4.000769
0.000000 1.420116 3.968958
-0.070240 1.429774 4.000769
-0.143562 1.457611 4.093462
-0.222555 1.500341 4.239055
-0.308885 1.552871 4.425008
-0.402992 1.608836 4.635309
-0.503939 1.661266 4.851846
-0.609452 1.703305 5.055970
-0.716139 1.728912 5.230104
-0.819867 1.733463 5.359250
-0.916255 1.714193 5.432287
-1.001220 1.670435 5.442925
-1.071507 1.603623 5.390247
-1.125146 1.517084 5.278791
-1.161768 1.415618 5.118155
-1.182737 1.304949 4.922172
-1.191085 1.191085 4.707720
-1.191240 1.079677 4.493269
-1.188576 0.975439 4.297286
-1.188841 0.881705 4.136650
-1.197513 0.800153 4.025193
-1.219166 0.730740 3.972516
-1.256910 0.671832 3.983153
-1.311985 0.620523 4.056190
-1.383544 0.573083 4.185337
-1.468661 0.525495 4.359470
-1.562569 0.474000 4.563595
-1.659101 0.415583 4.780132
-1.751295 0.348354 4.990432
-1.832094 0.271765 5.176386
-1.895065 0.186648 5.321979
-1.935067 0.095064 5.414672
-1.948783 0.000000 5.446482
-1.935067 -0.095064 5.414672
-1.895065 -0.186648 5.321979
-1.832094 -0.271765 5.176386
-1.751295 -0.348354 4.990432
-1.659101 -0.415583 4.780132
-1.562569 -0.474000 4.563595
-1.468661 -0.525495 4.359470
-1.383544 -0.573083 4.185337
-1.311985 -0.620523 4.056190
-1.256910 -0.671832 3.983153
-1.219166 -0.730740 3.972516
-1.197513 -0.800153 4.025193
-1.188841 -0.881705 4.136650
-1.188576 -0.975439 4.297286
-1.191240 -1.079677 4.493269
-1.191085 -1.191085 4.707720
-1.182737 -1.304949 4.922172
-1.161768 -1.415618 5.118155
-1.125146 -1.517084 5.278791
-1.071507 -1.603623 5.390247
-1.001220 -1.670435 5.442925
-0.916255 -1.714193 5.432287
-0.819867 -1.733463 5.359250
-0.716139 -1.728912 5.230104
-0.609452 -1.703305 5.055970
-0.503939 -1.661266 4.851846
-0.402992 -1.608836 4.635309
-0.308885 -1.552871 4.425008
-0.222555 -1.500341 4.239055
-0.143562 -1.457611 4.093462
-0.070240 -1.429774 4.000769
-0.000000 -1.420116 3.968958
0.070240 -1.429774 4.000769
0.143562 -1.457611 4.093462
0.222555 -1.500341 4.239055
0.308885 -1.552871 4.425008
0.402992 -1.608836 4.635309
0.503939 -1.661266 4.851846
0.609452 -1.703305 5.055970
0.716139 -1.728912 5.230104
0.819867 -1.733463 5.359250
0.916255 -1.714193 5.432287
1.001220 -1.670435 5.442925
1.071507 -1.603623 5.390247
1.125146 -1.517084 5.278791
1.161768 -1.415618 5.118155
1.182737 -1.304949 4.922172
1.191085 -1.191085 4.707720
1.191240 -1.079677 4.493269
1.188576 -0.975439 4.297286
1.188841 -0.881705 4.136650
1.197513 -0.800153 4.025193
1.219166 -0.730740 3.972516
1.256910 -0.671832 3.983153
1.311985 -0.620523 4.056190
1.383544 -0.573083 4.185337
1.468661 -0.525495 4.359470
1.562569 -0.474000 4.563595
1.659101 -0.415583 4.780132
1.751295 -0.348354 4.990432
1.832094 -0.271765 5.176386
1.895065 -0.186648 5.321979
1.935067 -0.095064 5.414672
2.219564 0.000000 5.358501
2.203724 0.108262 5.326676
2.157530 0.212498 5.233940
2.084823 0.309254 5.088280
1.991558 0.396145 4.902240
1.885183 0.472214 4.691842
1.773872 0.538098 4.475206
1.665686 0.595992 4.270987
1.567767 0.649390 4.096772
1.485634 0.702653 3.967566
1.422674 0.760435 3.894496
1.379866 0.827060 3.883853
1.355773 0.905899 3.936555
1.346788 0.998846 4.048063
1.347613 1.105958 4.208774
1.351900 1.225291 4.404847
1.352990 1.352990 4.619398
1.344654 1.483597 4.833948
1.321760 1.610570 5.030022
1.280796 1.726954 5.190732
1.220177 1.826123 5.302240
1.140326 1.902519 5.354942
1.043522 1.952293 5.344300
0.933530 1.973783 5.271229
0.815076 1.967767 5.142023
0.693230 1.937447 4.967809
0.572773 1.888181 4.763590
0.457631 1.826966 4.546953
0.350433 1.761745 4.336555
0.252259 1.700592 4.150515
0.162597 1.650878 4.004855
0.079512 1.618501 3.912120
0.000000 1.607270 3.880294
-0.079512 1.618501 3.912120
-0.162597 1.650878 4.004855
-0.252259 1.700592 4.150515
-0.350433 1.761745 4.336555
-0.457631 1.826966 4.546953
-0.572773 1.888181 4.763590
-0.693230 1.937447 4.967809
-0.815076 1.967767 5.142023
-0.933530 1.973783 5.271229
-1.043522 1.952293 5.344300
-1.140326 1.902519 5.354942
-1.220177 1.826123 5.302240
-1.280796 1.726954 5.190732
-1.321760 1.610570 5.030022
-1.344654 1.483597 4.833948
-1.352990 1.352990 4.619398
-1.351900 1.225291 4.404847
-1.347613 1.105958 4.208774
-1.346788 0.998846 4.048063
-1.355773 0.905899 3.936555
-1.379866 0.827060 3.883853
-1.422674 0.760435 3.894496
-1.485634 0.702653 3.967566
-1.567767 0.649390 4.096772
-1.665686 0.595992 4.270987
-1.773872 0.538098 4.475206
-1.885183 0.472214 4.691842
-1.991558 0.396145 4.902240
-2.084823 0.309254 5.088280
-2.157530 0.212498 5.233940
-2.203724 0.108262 5.326676
-2.219564 0.000000 5.358501
-2.203724 -0.108262 5.326676
-2.157530 -0.212498 5.233940
-2.084823 -0.309254 5.088280
-1.991558 -0.396145 4.902240
-1.885183 -0.472214 4.691842
-1.773872 -0.538098 4.475206
-1.665686 -0.595992 4.270987
-1.567767 -0.649390 4.096772
-1.485634 -0.702653 3.967566
-1.422674 -0.760435 3.894496
-1.379866 -0.827060 3.883853
-1.355773 -0.905899 3.936555
-1.346788 -0.998846 4.048063
-1.347613 -1.105958 4.208774
-1.351900 -1.225291 4.404847
-1.352990 -1.352990 4.619398
-1.344654 -1.483597 4.833948
-1.321760 -1.610570 5.030022
-1.280796 -1.726954 5.190732
-1.220177 -1.826123 5.302240
-1.140326 -1.902519 5.354942
-1.043522 -1.952293 5.344300
-0.933530 -1.973783 5.271229
-0.815076 -1.967767 5.142023
-0.693230 -1.937447 4.967809
-0.572773 -1.888181 4.763590
-0.457631 -1.826966 4.546953
-0.350433 -1.761745 4.336555
-0.252259 -1.700592 4.150515
-0.162597 -1.650878 4.004855
-0.079512 -1.618501 3.912120
-0.000000 -1.607270 3.880294
0.079512 -1.618501 3.912120
0.162597 -1.650878 4.004855
0.252259 -1.700592 4.150515
0.350433 -1.761745 4.336555
0.457631 -1.826966 4.546953
0.572773 -1.888181 4.763590
0.693230 -1.937447 4.967809
0.815076 -1.967767 5.142023
0.933530 -1.973783 5.271229
1.043522 -1.952293 5.344300
1.140326 -1.902519 5.354942
1.220177 -1.826123 5.302240
1.280796 -1.726954 5.190732
1.321760 -1.610570 5.030022
1.344654 -1.483597 4.833948
1.352990 -1.352990 4.619398
1.351900 -1.225291 4.404847
1.347613 -1.105958 4.208774
1.346788 -0.998846 4.048063
1.355773 -0.905899 3.936555
1.379866 -0.827060 3.883853
1.422674 -0.760435 3.894496
1.485634 -0.702653 3.967566
1.567767 -0.649390 4.096772
1.665686 -0.595992 4.270987
1.773872 -0.538098 4.475206
1.885183 -0.472214 4.691842
1.991558 -0.396145 4.902240
2.084823 -0.309254 5.088280
2.157530 -0.212498 5.233940
2.203724 -0.108262 5.326676
2.473247 0.000000 5.229242
2.455840 0.120648 5.198700
2.405073 0.236879 5.109704
2.325155 0.344904 4.969919
2.222611 0.442105 4.791382
2.105606 0.527427 4.589470
1.983094 0.601565 4.381570
1.863914 0.666919 4.185587
1.755889 0.727313 4.018399
1.665072 0.787520 3.894404
1.595175 0.852639 3.824280
1.547273 0.927400 3.814066
1.519793 1.015493 3.864643
1.508787 1.118993 3.971654
1.508451 1.237953 4.125883
1.511832 1.370244 4.314049
1.511636 1.511636 4.519946
1.501040 1.656143 4.725844
1.474427 1.796595 4.914010
1.427950 1.925368 5.068239
1.359875 2.035197 5.175250
1.270673 2.119989 5.225827
1.162842 2.175524 5.215613
1.040513 2.199980 5.145489
0.908869 2.194205 5.021494
0.773471 2.161706 4.854306
0.639562 2.108353 4.658323
0.511447 2.041812 4.450423
0.392014 1.970786 4.248511
0.282449 1.904120 4.069974
0.182198 1.849890 3.930189
0.089144 1.814561 3.841193
0.000000 1.802304 3.810651
-0.089144 1.814561 3.841193
-0.182198 1.849890 3.930189
-0.282449 1.904120 4.069974
-0.392014 1.970786 4.248511
-0.511447 2.041812 4.450423
-0.639562 2.108353 4.658323
-0.773471 2.161706 4.854306
-0.908869 2.194205 5.021494
-1.040513 2.199980 5.145489
-1.162842 2.175524 5.215613
-1.270673 2.119989 5.225827
-1.359875 2.035197 5.175250
-1.427950 1.925368 5.068239
-1.474427 1.796595 4.914010
-1.501040 1.656143 4.725844
-1.511636 1.511636 4.519946
-1.511832 1.370244 4.314049
-1.508451 1.237953 4.125883
-1.508787 1.118993 3.971654
-1.519793 1.015493 3.864643
-1.547273 0.927400 3.814066
-1.595175 0.852639 3.824280
-1.665072 0.787520 3.894404
-1.755889 0.727313 4.018399
-1.863914 0.666919 4.185587
-1.983094 0.601565 4.381570
-2.105606 0.527427 4.589470
-2.222611 0.442105 4.791382
-2.325155 0.344904 4.969919
-2.405073 0.236879 5.109704
-2.455840 0.120648 5.198700
-2.473247 0.000000 5.229242
-2.455840 -0.120648 5.198700
-2.405073 -0.236879 5.109704
-2.325155 -0.344904 4.969919
-2.222611 -0.442105 4.791382
-2.105606 -0.527427 4.589470
-1.983094 -0.601565 4.381570
-1.863914 -0.666919 4.185587
-1.755889 -0.727313 4.018399
-1.665072 -0.787520 3.894404
-1.595175 -0.852639 3.824280
-1.547273 -0.927400 3.814066
-1.519793 -1.015493 3.864643
-1.508787 -1.118993 3.971654
-1.508451 -1.237953 4.125883
-1.511832 -1.370244 4.314049
-1.511636 -1.511636 4.519946
-1.501040 -1.656143 4.725844
-1.474427 -1.796595 4.914010
-1.427950 -1.925368 5.068239
-1.359875 -2.035197 5.175250
-1.270673 -2.119989 5.225827
-1.162842 -2.175524 5.215613
-1.040513 -2.199980 5.145489
-0.908869 -2.194205 5.021494
-0.773471 -2.161706 4.854306
-0.639562 -2.108353 4.658323
-0.511447 -2.041812 4.450423
-0.392014 -1.970786 4.248511
-0.282449 -1.904120 4.069974
-0.182198 -1.849890 3.930189
-0.089144 -1.814561 3.841193
-0.000000 -1.802304 3.810651
0.089144 -1.814561 3.841193
0.182198 -1.849890 3.930189
0.282449 -1.904120 4.069974
0.392014 -1.970786 4.248511
0.511447 -2.041812 4.450423
0.639562 -2.108353 4.658323
0.773471 -2.161706 4.854306
0.908869 -2.194205 5.021494
1.040513 -2.199980 5.145489
1.162842 -2.175524 5.215613
1.270673 -2.119989 5.225827
1.359875 -2.035197 5.175250
1.427950 -1.925368 5.068239
1.474427 -1.796595 4.914010
1.501040 -1.656143 4.725844
1.511636 -1.511636 4.519946
1.511832 -1.370244 4.314049
1.508451 -1.237953 4.125883
1.508787 -1.118993 3.971654
1.519793 -1.015493 3.864643
1.547273 -0.927400 3.814066
1.595175 -0.852639 3.824280
1.665072 -0.787520 3.894404
1.755889 -0.727313 4.018399
1.863914 -0.666919 4.185587
1.983094 -0.601565 4.381570
2.105606 -0.527427 4.589470
2.222611 -0.442105 4.791382
2.325155 -0.344904 4.969919
2.405073 -0.236879 5.109704
2.455840 -0.120648 5.198700
2.705395 0.000000 5.061438
2.687152 0.132011 5.033370
2.633932 0.259420 4.951584
2.550110 0.378273 4.823124
2.442464 0.485836 4.659051
2.319475 0.580998 4.473497
2.190448 0.664465 4.282440
2.064565 0.738713 4.102335
1.949959 0.807699 3.948692
1.852918 0.876365 3.834743
1.777307 0.949990 3.770300
1.724249 1.033475 3.760914
1.692119 1.130638 3.807393
1.676823 1.243617 3.905734
1.672344 1.372457 4.047468
1.671471 1.514933 4.220390
1.666639 1.666639 4.409606
1.650774 1.821348 4.598823
1.618052 1.971602 4.771744
1.564490 2.109471 4.913479
1.488302 2.227402 5.011820
1.389988 2.319055 5.058299
1.272158 2.380041 5.048913
1.139116 2.408458 4.984470
0.996258 2.405179 4.870521
0.849375 2.373843 4.716877
0.703927 2.320538 4.536772
0.564402 2.253221 4.345716
0.433813 2.180926 4.160161
0.313410 2.112836 3.996089
0.202630 2.057336 3.867628
0.099292 2.021138 3.785843
0.000000 2.008573 3.757775
-0.099292 2.021138 3.785843
-0.202630 2.057336 3.867628
-0.313410 2.112836 3.996089
-0.433813 2.180926 4.160161
-0.564402 2.253221 4.345716
-0.703927 2.320538 4.536772
-0.849375 2.373843 4.716877
-0.996258 2.405179 4.870521
-1.139116 2.408458 4.984470
-1.272158 2.380041 5.048913
-1.389988 2.319055 5.058299
-1.488302 2.227402 5.011820
-1.564490 2.109471 4.913479
-1.618052 1.971602 4.771744
-1.650774 1.821348 4.598823
-1.666639 1.666639 4.409606
-1.671471 1.514933 4.220390
-1.672344 1.372457 4.047468
-1.676823 1.243617 3.905734
-1.692119 1.130638 3.807393
-1.724249 1.033475 3.760914
-1.777307 0.949990 3.770300
-1.852918 0.876365 3.834743
-1.949959 0.807699 3.948692
-2.064565 0.738713 4.102335
-2.190448 0.664465 4.282440
-2.319475 0.580998 4.473497
-2.442464 0.485836 4.659051
-2.550110 0.378273 4.823124
-2.633932 0.259420 4.951584
-2.687152 0.132011 5.033370
-2.705395 0.000000 5.061438
-2.687152 -0.132011 5.033370
-2.633932 -0.259420 4.951584
-2.550110 -0.378273 4.823124
-2.442464 -0.485836 4.659051
-2.319475 -0.580998 4.473497
-2.190448 -0.664465 4.282440
-2.064565 -0.738713 4.102335
-1.949959 -0.807699 3.948692
-1.852918 -0.876365 3.834743
-1.777307 -0.949990 3.770300
-1.724249 -1.033475 3.760914
-1.692119 -1.130638 3.807393
-1.676823 -1.243617 3.905734
-1.672344 -1.372457 4.047468
-1.671471 -1.514933 4.220390
-1.666639 -1.666639 4.409606
-1.650774 -1.821348 4.598823
-1.618052 -1.971602 4.771744
-1.564490 -2.109471 4.913479
-1.488302 -2.227402 5.011820
-1.389988 -2.319055 5.058299
-1.272158 -2.380041 5.048913
-1.139116 -2.408458 4.984470
-0.996258 -2.405179 4.870521
-0.849375 -2.373843 4.716877
-0.703927 -2.320538 4.536772
-0.564402 -2.253221 4.345716
-0.433813 -2.180926 4.160161
-0.313410 -2.112836 3.996089
-0.202630 -2.057336 3.867628
-0.099292 -2.021138 3.785843
-0.000000 -2.008573 3.757775
0.099292 -2.021138 3.785843
0.202630 -2.057336 3.867628
0.313410 -2.112836 3.996089
0.433813 -2.180926 4.160161
0.564402 -2.253221 4.345716
0.703927 -2.320538 4.536772
0.849375 -2.373843 4.716877
0.996258 -2.405179 4.870521
1.139116 -2.408458 4.984470
1.272158 -2.380041 5.048913
1.389988 -2.319055 5.058299
1.488302 -2.227402 5.011820
1.564490 -2.109471 4.913479
1.618052 -1.971602 4.771744
1.650774 -1.821348 4.598823
1.666639 -1.666639 4.409606
1.671471 -1.514933 4.220390
1.672344 -1.372457 4.047468
1.676823 -1.243617 3.905734
1.692119 -1.130638 3.807393
1.724249 -1.033475 3.760914
1.777307 -0.949990 3.770300
1.852918 -0.876365 3.834743
1.949959 -0.807699 3.948692
2.064565 -0.738713 4.102335
2.190448 -0.664465 4.282440
2.319475 -0.580998 4.473497
2.442464 -0.485836 4.659051
2.550110 -0.378273 4.823124
2.633932 -0.259420 4.951584
2.687152 -0.132011 5.033370
2.912482 0.000000 4.859183
2.894267 0.142186 4.834616
2.841103 0.279824 4.763030
2.757286 0.409005 4.650590
2.649473 0.527013 4.506979
2.525993 0.632728 4.344566
2.395986 0.726814 4.177336
2.268472 0.811672 4.019692
2.151443 0.891157 3.885210
2.051083 0.970090 3.785471
1.971196 1.053626 3.729066
1.912899 1.146548 3.720850
1.874611 1.252575 3.761533
1.852332 1.373783 3.847609
1.840172 1.510190 3.971668
1.831072 1.659587 4.123024
1.817628 1.817628 4.288643
1.792916 1.978178 4.454262
1.751243 2.133896 4.605618
1.688724 2.276980 4.729677
1.603627 2.399997 4.815753
1.496469 2.496707 4.856436
1.369837 2.562785 4.848220
1.227982 2.596350 4.791815
1.076229 2.598247 4.692076
0.920288 2.572032 4.557594
0.765547 2.523670 4.399950
0.616439 2.460964 4.232720
0.475952 2.392771 4.070307
0.345341 2.328097 3.926696
0.224085 2.275169 3.814256
0.110072 2.240568 3.742670
0.000000 2.228545 3.718103
-0.110072 2.240568 3.742670
-0.224085 2.275169 3.814256
-0.345341 2.328097 3.926696
-0.475952 2.392771 4.070307
-0.616439 2.460964 4.232720
-0.765547 2.523670 4.399950
-0.920288 2.572032 4.557594
-1.076229 2.598247 4.692076
-1.227982 2.596350 4.791815
-1.369837 2.562785 4.848220
-1.496469 2.496707 4.856436
-1.603627 2.399997 4.815753
-1.688724 2.276980 4.729677
-1.751243 2.133896 4.605618
-1.792916 1.978178 4.454262
-1.817628 1.817628 4.288643
-1.831072 1.659587 4.123024
-1.840172 1.510190 3.971668
-1.852332 1.373783 3.847609
-1.874611 1.252575 3.761533
-1.912899 1.146548 3.720850
-1.971196 1.053626 3.729066
-2.051083 0.970090 3.785471
-2.151443 0.891157 3.885210
-2.268472 0.811672 4.019692
-2.395986 0.726814 4.177336
-2.525993 0.632728 4.344566
-2.649473 0.527013 4.506979
-2.757286 0.409005 4.650590
-2.841103 0.279824 4.763030
-2.894267 0.142186 4.834616
-2.912482 0.000000 4.859183
-2.894267 -0.142186 4.834616
-2.841103 -0.279824 4.763030
-2.757286 -0.409005 4.650590
-2.649473 -0.527013 4.506979
-2.525993 -0.632728 4.344566
-2.395986 -0.726814 4.177336
-2.268472 -0.811672 4.019692
-2.151443 -0.891157 3.885210
-2.051083 -0.970090 3.785471
-1.971196 -1.053626 3.729066
-1.912899 -1.146548 3.720850
-1.874611 -1.252575 3.761533
-1.852332 -1.373783 3.847609
-1.840172 -1.510190 3.971668
-1.831072 -1.659587 4.123024
-1.817628 -1.817628 4.288643
-1.792916 -1.978178 4.454262
-1.751243 -2.133896 4.605618
-1.688724 -2.276980 4.729677
-1.603627 -2.399997 4.815753
-1.496469 -2.496707 4.856436
-1.369837 -2.562785 4.848220
-1.227982 -2.596350 4.791815
-1.076229 -2.598247 4.692076
-0.920288 -2.572032 4.557594
-0.765547 -2.523670 4.399950
-0.616439 -2.460964 4.232720
-0.475952 -2.392771 4.070307
-0.345341 -2.328097 3.926696
-0.224085 -2.275169 3.814256
-0.110072 -2.240568 3.742670
-0.000000 -2.228545 3.718103
0.110072 -2.240568 3.742670
0.224085 -2.275169 3.814256
0.345341 -2.328097 3.926696
0.475952 -2.392771 4.070307
0.616439 -2.460964 4.232720
0.765547 -2.523670 4.399950
0.920288 -2.572032 4.557594
1.076229 -2.598247 4.692076
1.227982 -2.596350 4.791815
1.369837 -2.562785 4.848220
1.496469 -2.496707 4.856436
1.603627 -2.399997 4.815753
1.688724 -2.276980 4.729677
1.751243 -2.133896 4.605618
1.792916 -1.978178 4.454262
1.817628 -1.817628 4.288643
1.831072 -1.659587 4.123024
1.840172 -1.510190 3.971668
1.852332 -1.373783 3.847609
1.874611 -1.252575 3.761533
1.912899 -1.146548 3.720850
1.971196 -1.053626 3.729066
2.051083 -0.970090 3.785471
2.151443 -0.891157 3.885210
2.268472 -0.811672 4.019692
2.395986 -0.726814 4.177336
2.525993 -0.632728 4.344566
2.649473 -0.527013 4.506979
2.757286 -0.409005 4.650590
2.841103 -0.279824 4.763030
2.894267 -0.142186 4.834616
3.092129 0.000000 4.627698
3.074888 0.151060 4.607445
3.024529 0.297890 4.548430
2.945003 0.436850 4.455735
2.842434 0.565395 4.337343
2.724484 0.682448 4.203450
2.599565 0.788570 4.065587
2.475980 0.885920 3.935626
2.361088 0.977995 3.824760
2.260590 1.069180 3.742536
2.178003 1.164167 3.696035
2.114375 1.267308 3.689263
2.068277 1.381979 3.722801
2.036060 1.510045 3.793762
2.012338 1.651483 3.896035
1.990655 1.804224 4.020813
1.964237 1.964237 4.157348
1.926757 2.125849 4.293884
1.873017 2.282278 4.418661
1.799483 2.426322 4.520934
1.704604 2.551120 4.591895
1.588894 2.650910 4.625433
1.454773 2.721689 4.618661
1.306189 2.761705 4.572160
1.148081 2.771712 4.489936
0.985740 2.754959 4.379070
0.824166 2.716910 4.249109
0.667478 2.664721 4.111246
0.518469 2.606517 3.977353
0.378341 2.550567 3.858961
0.246664 2.504421 3.766266
0.121546 2.474122 3.707251
0.000000 2.463573 3.686998
-0.121546 2.474122 3.707251
-0.246664 2.504421 3.766266
-0.378341 2.550567 3.858961
-0.518469 2.606517 3.977353
-0.667478 2.664721 4.111246
-0.824166 2.716910 4.249109
-0.985740 2.754959 4.379070
-1.148081 2.771712 4.489936
-1.306189 2.761705 4.572160
-1.454773 2.721689 4.618661
-1.588894 2.650910 4.625433
-1.704604 2.551120 4.591895
-1.799483 2.426322 4.520934
-1.873017 2.282278 4.418661
-1.926757 2.125849 4.293884
-1.964237 1.964237 4.157348
-1.990655 1.804224 4.020813
-2.012338 1.651483 3.896035
-2.036060 1.510045 3.793762
-2.068277 1.381979 3.722801
-2.114375 1.267308 3.689263
-2.178003 1.164167 3.696035
-2.260590 1.069180 3.742536
-2.361088 0.977995 3.824760
-2.475980 0.885920 3.935626
-2.599565 0.788570 4.065587
-2.724484 0.682448 4.203450
-2.842434 0.565395 4.337343
-2.945003 0.436850 4.455735
-3.024529 0.297890 4.548430
-3.074888 0.151060 4.607445
-3.092129 0.000000 4.627698
-3.074888 -0.151060 4.607445
-3.024529 -0.297890 4.548430
-2.945003 -0.436850 4.455735
-2.842434 -0.565395 4.337343
-2.724484 -0.682448 4.203450
-2.599565 -0.788570 4.065587
-2.475980 -0.885920 3.935626
-2.361088 -0.977995 3.824760
-2.260590 -1.069180 3.742536
-2.178003 -1.164167 3.696035
-2.114375 -1.267308 3.689263
-2.068277 -1.381979 3.722801
-2.036060 -1.510045 3.793762
-2.012338 -1.651483 3.896035
-1.990655 -1.804224 4.020813
-1.964237 -1.964237 4.157348
-1.926757 -2.125849 4.293884
-1.873017 -2.282278 4.418661
-1.799483 -2.426322 4.520934
-1.704604 -2.551120 4.591895
-1.588894 -2.650910 4.625433
-1.454773 -2.721689 4.618661
-1.306189 -2.761705 4.572160
-1.148081 -2.771712 4.489936
-0.985740 -2.754959 4.379070
-0.824166 -2.716910 4.249109
-0.667478 -2.664721 4.111246
-0.518469 -2.606517 3.977353
-0.378341 -2.550567 3.858961
-0.246664 -2.504421 3.766266
-0.121546 -2.474122 3.707251
-0.000000 -2.463573 3.686998
0.121546 -2.474122 3.707251
0.246664 -2.504421 3.766266
0.378341 -2.550567 3.858961
0.518469 -2.606517 3.977353
0.667478 -2.664721 4.111246
0.824166 -2.716910 4.249109
0.985740 -2.754959 4.379070
1.148081 -2.771712 4.489936
1.306189 -2.761705 4.572160
1.454773 -2.721689 4.618661
1.588894 -2.650910 4.625433
1.704604 -2.551120 4.591895
1.799483 -2.426322 4.520934
1.873017 -2.282278 4.418661
1.926757 -2.125849 4.293884
1.964237 -1.964237 4.157348
1.990655 -1.804224 4.020813
2.012338 -1.651483 3.896035
2.036060 -1.510045 3.793762
2.068277 -1.381979 3.722801
2.114375 -1.267308 3.689263
2.178003 -1.164167 3.696035
2.260590 -1.069180 3.742536
2.361088 -0.977995 3.824760
2.475980 -0.885920 3.935626
2.599565 -0.788570 4.065587
2.724484 -0.682448 4.203450
2.842434 -0.565395 4.337343
2.945003 -0.436850 4.455735
3.024529 -0.297890 4.548430
3.074888 -0.151060 4.607445
3.243259 0.000000 4.373028
3.227965 0.158580 4.357656
3.183236 0.313521 4.312864
3.112404 0.461682 4.242510
3.020639 0.600842 4.152652
2.914408 0.730021 4.051029
2.800815 0.849618 3.946392
2.686873 0.961379 3.847753
2.578808 1.068177 3.763607
2.481448 1.173637 3.701200
2.397787 1.281644 3.665907
2.328741 1.395794 3.660766
2.273145 1.518867 3.686221
2.227963 1.652370 3.740080
2.188704 1.796223 3.817704
2.149973 1.948622 3.912409
2.106115 2.106115 4.016038
2.051850 2.263867 4.119667
1.982854 2.416114 4.214371
1.896206 2.556738 4.291995
1.790661 2.679914 4.345854
1.666713 2.780742 4.371309
1.526463 2.855812 4.366169
1.373305 2.903610 4.330875
1.211465 2.924736 4.268468
1.045472 2.921898 4.184322
0.879606 2.899672 4.085683
0.717410 2.864061 3.981046
0.561309 2.821892 3.879423
0.412391 2.780113 3.789565
0.270366 2.745073 3.719211
0.133716 2.721852 3.674419
0.000000 2.713734 3.659047
-0.133716 2.721852 3.674419
-0.270366 2.745073 3.719211
-0.412391 2.780113 3.789565
-0.561309 2.821892 3.879423
-0.717410 2.864061 3.981046
-0.879606 2.899672 4.085683
-1.045472 2.921898 4.184322
-1.211465 2.924736 4.268468
-1.373305 2.903610 4.330875
-1.526463 2.855812 4.366169
-1.666713 2.780742 4.371309
-1.790661 2.679914 4.345854
-1.896206 2.556738 4.291995
-1.982854 2.416114 4.214371
-2.051850 2.263867 4.119667
-2.106115 2.106115 4.016038
-2.149973 1.948622 3.912409
-2.188704 1.796223 3.817704
-2.227963 1.652370 3.740080
-2.273145 1.518867 3.686221
-2.328741 1.395794 3.660766
-2.397787 1.281644 3.665907
-2.481448 1.173637 3.701200
-2.578808 1.068177 3.763607
-2.686873 0.961379 3.847753
-2.800815 0.849618 3.946392
-2.914408 0.730021 4.051029
-3.020639 0.600842 4.152652
-3.112404 0.461682 4.242510
-3.183236 0.313521 4.312864
-3.227965 0.158580 4.357656
-3.243259 0.000000 4.373028
-3.227965 -0.158580 4.357656
-3.183236 -0.313521 4.312864
-3.112404 -0.461682 4.242510
-3.020639 -0.600842 4.152652
-2.914408 -0.730021 4.051029
-2.800815 -0.849618 3.946392
-2.686873 -0.961379 3.847753
-2.578808 -1.068177 3.763607
-2.481448 -1.173637 3.701200
-2.397787 -1.281644 3.665907
-2.328741 -1.395794 3.660766
-2.273145 -1.518867 3.686221
-2.227963 -1.652370 3.740080
-2.188704 -1.796223 3.817704
-2.149973 -1.948622 3.912409
-2.106115 -2.106115 4.016038
-2.051850 -2.263867 4.119667
-1.982854 -2.416114 4.214371
-1.896206 -2.556738 4.291995
-1.790661 -2.679914 4.345854
-1.666713 -2.780742 4.371309
-1.526463 -2.855812 4.366169
-1.373305 -2.903610 4.330875
-1.211465 -2.924736 4.268468
-1.045472 -2.921898 4.184322
-0.879606 -2.899672 4.085683
-0.717410 -2.864061 3.981046
-0.561309 -2.821892 3.879423
-0.412391 -2.780113 3.789565
-0.270366 -2.745073 3.719211
-0.133716 -2.721852 3.674419
-0.000000 -2.713734 3.659047
0.133716 -2.721852 3.674419
0.270366 -2.745073 3.719211
0.412391 -2.780113 3.789565
0.561309 -2.821892 3.879423
0.717410 -2.864061 3.981046
0.879606 -2.899672 4.085683
1.045472 -2.921898 4.184322
1.211465 -2.924736 4.268468
1.373305 -2.903610 4.330875
1.526463 -2.855812 4.366169
1.666713 -2.780742 4.371309
1.790661 -2.679914 4.345854
1.896206 -2.556738 4.291995
1.982854 -2.416114 4.214371
2.051850 -2.263867 4.119667
2.106115 -2.106115 4.016038
2.149973 -1.948622 3.912409
2.188704 -1.796223 3.817704
2.227963 -1.652370 3.740080
2.273145 -1.518867 3.686221
2.328741 -1.395794 3.660766
2.397787 -1.281644 3.665907
2.481448 -1.173637 3.701200
2.578808 -1.068177 3.763607
2.686873 -0.961379 3.847753
2.800815 -0.849618 3.946392
2.914408 -0.730021 4.051029
3.020639 -0.600842 4.152652
3.112404 -0.461682 4.242510
3.183236 -0.313521 4.312864
3.227965 -0.158580 4.357656
3.366184 0.000000 4.101707
3.353776 0.164760 4.091517
3.317401 0.326735 4.061823
3.259511 0.483503 4.015184
3.183914 0.633320 3.955616
3.095373 0.775350 3.888248
2.999124 0.909774 3.818883
2.900345 1.037760 3.753494
2.803636 1.161304 3.697712
2.712584 1.282957 3.656342
2.629431 1.405460 3.632945
2.554903 1.531350 3.629537
2.488200 1.662562 3.646412
2.427160 1.800105 3.682116
2.368554 1.943822 3.733574
2.308498 2.092301 3.796355
2.242919 2.242919 3.865052
2.168024 2.392046 3.933749
2.080726 2.535372 3.996531
1.978972 2.668335 4.047989
1.861938 2.786587 4.083693
1.730084 2.886470 4.100567
1.585049 2.965418 4.097160
1.429424 3.022263 4.073763
1.266414 3.057394 4.032392
1.099447 3.072748 3.976610
0.931772 3.071641 3.911221
0.766099 3.058440 3.841856
0.604320 3.038122 3.774488
0.447345 3.015758 3.714920
0.295079 2.995984 3.668281
0.146522 2.982515 3.638588
0.000000 2.977749 3.628398
-0.146522 2.982515 3.638588
-0.295079 2.995984 3.668281
-0.447345 3.015758 3.714920
-0.604320 3.038122 3.774488
-0.766099 3.058440 3.841856
-0.931772 3.071641 3.911221
-1.099447 3.072748 3.976610
-1.266414 3.057394 4.032392
-1.429424 3.022263 4.073763
-1.585049 2.965418 4.097160
-1.730084 2.886470 4.100567
-1.861938 2.786587 4.083693
-1.978972 2.668335 4.047989
-2.080726 2.535372 3.996531
-2.168024 2.392046 3.933749
-2.242919 2.242919 3.865052
-2.308498 2.092301 3.796355
-2.368554 1.943822 3.733574
-2.427160 1.800105 3.682116
-2.488200 1.662562 3.646412
-2.554903 1.531350 3.629537
-2.629431 1.405460 3.632945
-2.712584 1.282957 3.656342
-2.803636 1.161304 3.697712
-2.900345 1.037760 3.753494
-2.999124 0.909774 3.818883
-3.095373 0.775350 3.888248
-3.183914 0.633320 3.955616
-3.259511 0.483503 4.015184
-3.317401 0.326735 4.061823
-3.353776 0.164760 4.091517
-3.366184 0.000000 4.101707
-3.353776 -0.164760 4.091517
-3.317401 -0.326735 4.061823
-3.259511 -0.483503 4.015184
-3.183914 -0.633320 3.955616
-3.095373 -0.775350 3.888248
-2.999124 -0.909774 3.818883
-2.900345 -1.037760 3.753494
-2.803636 -1.161304 3.697712
-2.712584 -1.282957 3.656342
-2.629431 -1.405460 3.632945
-2.554903 -1.531350 3.629537
-2.488200 -1.662562 3.646412
-2.427160 -1.800105 3.682116
-2.368554 -1.943822 3.733574
-2.308498 -2.092301 3.796355
-2.242919 -2.242919 3.865052
-2.168024 -2.392046 3.933749
-2.080726 -2.535372 3.996531
-1.978972 -2.668335 4.047989
-1.861938 -2.786587 4.083693
-1.730084 -2.886470 4.100567
-1.585049 -2.965418 4.097160
-1.429424 -3.022263 4.073763
-1.266414 -3.057394 4.032392
-1.099447 -3.072748 3.976610
-0.931772 -3.071641 3.911221
-0.766099 -3.058440 3.841856
-0.604320 -3.038122 3.774488
-0.447345 -3.015758 3.714920
-0.295079 -2.995984 3.668281
-0.146522 -2.982515 3.638588
-0.000000 -2.977749 3.628398
0.146522 -2.982515 3.638588
0.295079 -2.995984 3.668281
0.447345 -3.015758 3.714920
0.604320 -3.038122 3.774488
0.766099 -3.058440 3.841856
0.931772 -3.071641 3.911221
1.099447 -3.072748 3.976610
1.266414 -3.057394 4.032392
1.429424 -3.022263 4.073763
1.585049 -2.965418 4.097160
1.730084 -2.886470 4.100567
1.861938 -2.786587 4.083693
1.978972 -2.668335 4.047989
2.080726 -2.535372 3.996531
2.168024 -2.392046 3.933749
2.242919 -2.242919 3.865052
2.308498 -2.092301 3.796355
2.368554 -1.943822 3.733574
2.427160 -1.800105 3.682116
2.488200 -1.662562 3.646412
2.554903 -1.531350 3.629537
2.629431 -1.405460 3.632945
2.712584 -1.282957 3.656342
2.803636 -1.161304 3.697712
2.900345 -1.037760 3.753494
2.999124 -0.909774 3.818883
3.095373 -0.775350 3.888248
3.183914 -0.633320 3.955616
3.259511 -0.483503 4.015184
3.317401 -0.326735 4.061823
3.353776 -0.164760 4.091517
3.462606 0.000000 3.820398
3.453928 0.169681 3.815418
3.428354 0.337663 3.800908
3.387224 0.502447 3.778118
3.332615 0.662898 3.749010
3.267131 0.818374 3.716091
3.193642 0.968781 3.682195
3.114992 1.114562 3.650242
3.033726 1.256611 3.622984
2.951850 1.396121 3.602769
2.870651 1.534395 3.591336
2.790610 1.672627 3.589671
2.711390 1.811693 3.597916
2.631930 1.951972 3.615363
2.550598 2.093222 3.640508
2.465418 2.234525 3.671187
2.374319 2.374319 3.704756
2.275389 2.510505 3.738325
2.167103 2.640623 3.769003
2.048500 2.762082 3.794148
1.919289 2.872418 3.811595
1.779876 2.969544 3.819841
1.631312 3.051970 3.818176
1.475164 3.118971 3.806743
1.313334 3.170669 3.786527
1.147852 3.208031 3.759269
0.980652 3.232777 3.727316
0.813381 3.247200 3.693421
0.647248 3.253937 3.660501
0.482934 3.255680 3.631393
0.320579 3.254898 3.608603
0.159838 3.253572 3.594093
0.000000 3.252983 3.589114
-0.159838 3.253572 3.594093
-0.320579 3.254898 3.608603
-0.482934 3.255680 3.631393
-0.647248 3.253937 3.660501
-0.813381 3.247200 3.693421
-0.980652 3.232777 3.727316
-1.147852 3.208031 3.759269
-1.313334 3.170669 3.786527
-1.475164 3.118971 3.806743
-1.631312 3.051970 3.818176
-1.779876 2.969544 3.819841
-1.919289 2.872418 3.811595
-2.048500 2.762082 3.794148
-2.167103 2.640623 3.769003
-2.275389 2.510505 3.738325
-2.374319 2.374319 3.704756
-2.465418 2.234525 3.671187
-2.550598 2.093222 3.640508
-2.631930 1.951972 3.615363
-2.711390 1.811693 3.597916
-2.790610 1.672627 3.589671
-2.870651 1.534395 3.591336
-2.951850 1.396121 3.602769
-3.033726 1.256611 3.622984
-3.114992 1.114562 3.650242
-3.193642 0.968781 3.682195
-3.267131 0.818374 3.716091
-3.332615 0.662898 3.749010
-3.387224 0.502447 3.778118
-3.428354 0.337663 3.800908
-3.453928 0.169681 3.815418
-3.462606 0.000000 3.820398
-3.453928 -0.169681 3.815418
-3.428354 -0.337663 3.800908
-3.387224 -0.502447 3.778118
-3.332615 -0.662898 3.749010
-3.267131 -0.818374 3.716091
-3.193642 -0.968781 3.682195
-3.114992 -1.114562 3.650242
-3.033726 -1.256611 3.622984
-2.951850 -1.396121 3.602769
-2.870651 -1.534395 3.591336
-2.790610 -1.672627 3.589671
-2.711390 -1.811693 3.597916
-2.631930 -1.951972 3.615363
-2.550598 -2.093222 3.640508
-2.465418 -2.234525 3.671187
-2.374319 -2.374319 3.704756
-2.275389 -2.510505 3.738325
-2.167103 -2.640623 3.769003
-2.048500 -2.762082 3.794148
-1.919289 -2.872418 3.811595
-1.779876 -2.969544 3.819841
-1.631312 -3.051970 3.818176
-1.475164 -3.118971 3.806743
-1.313334 -3.170669 3.786527
-1.147852 -3.208031 3.759269
-0.980652 -3.232777 3.727316
-0.813381 -3.247200 3.693421
-0.647248 -3.253937 3.660501
-0.482934 -3.255680 3.631393
-0.320579 -3.254898 3.608603
-0.159838 -3.253572 3.594093
-0.000000 -3.252983 3.589114
0.159838 -3.253572 3.594093
0.320579 -3.254898 3.608603
0.482934 -3.255680 3.631393
0.647248 -3.253937 3.660501
0.813381 -3.247200 3.693421
0.980652 -3.232777 3.727316
1.147852 -3.208031 3.759269
1.313334 -3.170669 3.786527
1.475164 -3.118971 3.806743
1.631312 -3.051970 3.818176
1.779876 -2.969544 3.819841
1.919289 -2.872418 3.811595
2.048500 -2.762082 3.794148
2.167103 -2.640623 3.769003
2.275389 -2.510505 3.738325
2.374319 -2.374319 3.704756
2.465418 -2.234525 3.671187
2.550598 -2.093222 3.640508
2.631930 -1.951972 3.615363
2.711390 -1.811693 3.597916
2.790610 -1.672627 3.589671
2.870651 -1.534395 3.591336
2.951850 -1.396121 3.602769
3.033726 -1.256611 3.622984
3.114992 -1.114562 3.650242
3.193642 -0.968781 3.682195
3.267131 -0.818374 3.716091
3.332615 -0.662898 3.749010
3.387224 -0.502447 3.778118
3.428354 -0.337663 3.800908
3.453928 -0.169681 3.815418
3.535534 0.000000 3.535534
3.531275 0.173480 3.535534
3.518509 0.346543 3.535534
3.497267 0.518771 3.535534
3.467600 0.689748 3.535534
3.429578 0.859065 3.535534
3.383295 1.026311 3.535534
3.328861 1.191085 3.535534
3.266407 1.352990 3.535534
3.196085 1.511636 3.535534
3.118063 1.666639 3.535534
3.032529 1.817628 3.535534
2.939689 1.964237 3.535534
2.839767 2.106115 3.535534
2.733005 2.242919 3.535534
2.619658 2.374319 3.535534
2.500000 2.500000 3.535534
2.374319 2.619658 3.535534
2.242919 2.733005 3.535534
2.106115 2.839767 3.535534
1.964237 2.939689 3.535534
1.817628 3.032529 3.535534
1.666639 3.118063 3.535534
1.511636 3.196085 3.535534
1.352990 3.266407 3.535534
1.191085 3.328861 3.535534
1.026311 3.383295 3.535534
0.859065 3.429578 3.535534
0.689748 3.467600 3.535534
0.518771 3.497267 3.535534
0.346543 3.518509 3.535534
0.173480 3.531275 3.535534
0.000000 3.535534 3.535534
-0.173480 3.531275 3.535534
-0.346543 3.518509 3.535534
-0.518771 3.497267 3.535534
-0.689748 3.467600 3.535534
-0.859065 3.429578 3.535534
-1.026311 3.383295 3.535534
-1.191085 3.328861 3.535534
-1.352990 3.266407 3.535534
-1.511636 3.196085 3.535534
-1.666639 3.118063 3.535534
-1.817628 3.032529 3.535534
-1.964237 2.939689 3.535534
-2.106115 2.839767 3.535534
-2.242919 2.733005 3.535534
-2.374319 2.619658 3.535534
-2.500000 2.500000 3.535534
-2.619658 2.374319 3.535534
-2.733005 2.242919 3.535534
-2.839767 2.106115 3.535534
-2.939689 1.964237 3.535534
-3.032529 1.817628 3.535534
-3.118063 1.666639 3.535534
-3.196085 1.511636 3.535534
-3.266407 1.352990 3.535534
-3.328861 1.191085 3.535534
-3.383295 1.026311 3.535534
-3.429578 0.859065 3.535534
-3.467600 0.689748 3.535534
-3.497267 0.518771 3.535534
-3.518509 0.346543 3.535534
-3.531275 0.173480 3.535534
-3.535534 0.000000 3.535534
-3.531275 -0.173480 3.535534
-3.518509 -0.346543 3.535534
-3.497267 -0.518771 3.535534
-3.467600 -0.689748 3.535534
-3.429578 -0.859065 3.535534
-3.383295 -1.026311 3.535534
-3.328861 -1.191085 3.535534
-3.266407 -1.352990 3.535534
-3.196085 -1.511636 3.535534
-3.118063 -1.666639 3.535534
-3.032529 -1.817628 3.535534
-2.939689 -1.964237 3.535534
-2.839767 -2.106115 3.535534
-2.733005 -2.242919 3.535534
-2.619658 -2.374319 3.535534
-2.500000 -2.500000 3.535534
-2.374319 -2.619658 3.535534
-2.242919 -2.733005 3.535534
-2.106115 -2.839767 3.535534
-1.964237 -2.939689 3.535534
-1.817628 -3.032529 3.535534
-1.666639 -3.118063 3.535534
-1.511636 -3.196085 3.535534
-1.352990 -3.266407 3.535534
-1.191085 -3.328861 3.535534
-1.026311 -3.383295 3.535534
-0.859065 -3.429578 3.535534
-0.689748 -3.467600 3.535534
-0.518771 -3.497267 3.535534
-0.346543 -3.518509 3.535534
-0.173480 -3.531275 3.535534
-0.000000 -3.535534 3.535534
0.173480 -3.531275 3.535534
0.346543 -3.518509 3.535534
0.518771 -3.497267 3.535534
0.689748 -3.467600 3.535534
0.859065 -3.429578 3.535534
1.026311 -3.383295 3.535534
1.191085 -3.328861 3.535534
1.352990 -3.266407 3.535534
1.511636 -3.196085 3.535534
1.666639 -3.118063 3.535534
1.817628 -3.032529 3.535534
1.964237 -2.939689 3.535534
2.106115 -2.839767 3.535534
2.242919 -2.733005 3.535534
2.374319 -2.619658 3.535534
2.500000 -2.500000 3.535534
2.619658 -2.374319 3.535534
2.733005 -2.242919 3.535534
2.839767 -2.106115 3.535534
2.939689 -1.964237 3.535534
3.032529 -1.817628 3.535534
3.118063 -1.666639 3.535534
3.196085 -1.511636 3.535534
3.266407 -1.352990 3.535534
3.328861 -1.191085 3.535534
3.383295 -1.026311 3.535534
3.429578 -0.859065 3.535534
3.467600 -0.689748 3.535534
3.497267 -0.518771 3.535534
3.518509 -0.346543 3.535534
3.531275 -0.173480 3.535534
3.589114 0.000000 3.252983
3.589764 0.176354 3.257496
3.591226 0.353705 3.270647
3.592089 0.532836 3.291303
3.590166 0.714128 3.317685
3.582734 0.897428 3.347521
3.566819 1.081983 3.378243
3.539517 1.266460 3.407203
3.498295 1.449041 3.431908
3.441255 1.627592 3.450230
3.367330 1.799875 3.460593
3.276387 1.963791 3.462102
3.169225 2.117609 3.454628
3.047488 2.260171 3.438815
2.913479 2.391030 3.416025
2.769916 2.510505 3.388220
2.619658 2.619658 3.357795
2.465418 2.720170 3.327370
2.309514 2.814151 3.299565
2.153669 2.903887 3.276774
1.998895 2.991558 3.260961
1.845459 3.078963 3.253488
1.692944 3.167275 3.254997
1.540382 3.256864 3.265359
1.386456 3.347201 3.283682
1.229730 3.436864 3.308387
1.068885 3.523641 3.337347
0.902936 3.604724 3.368068
0.731396 3.676974 3.397904
0.554365 3.737226 3.424287
0.372554 3.782606 3.444943
0.187214 3.810822 3.458093
0.000000 3.820398 3.462606
-0.187214 3.810822 3.458093
-0.372554 3.782606 3.444943
-0.554365 3.737226 3.424287
-0.731396 3.676974 3.397904
-0.902936 3.604724 3.368068
-1.068885 3.523641 3.337347
-1.229730 3.436864 3.308387
-1.386456 3.347201 3.283682
-1.540382 3.256864 3.265359
-1.692944 3.167275 3.254997
-1.845459 3.078963 3.253488
-1.998895 2.991558 3.260961
-2.153669 2.903887 3.276774
-2.309514 2.814151 3.299565
-2.465418 2.720170 3.327370
-2.619658 2.619658 3.357795
-2.769916 2.510505 3.388220
-2.913479 2.391030 3.416025
-3.047488 2.260171 3.438815
-3.169225 2.117609 3.454628
-3.276387 1.963791 3.462102
-3.367330 1.799875 3.460593
-3.441255 1.627592 3.450230
-3.498295 1.449041 3.431908
-3.539517 1.266460 3.407203
-3.566819 1.081983 3.378243
-3.582734 0.897428 3.347521
-3.590166 0.714128 3.317685
-3.592089 0.532836 3.291303
-3.591226 0.353705 3.270647
-3.589764 0.176354 3.257496
-3.589114 0.000000 3.252983
-3.589764 -0.176354 3.257496
-3.591226 -0.353705 3.270647
-3.592089 -0.532836 3.291303
-3.590166 -0.714128 3.317685
-3.582734 -0.897428 3.347521
-3.566819 -1.081983 3.378243
-3.539517 -1.266460 3.407203
-3.498295 -1.449041 3.431908
-3.441255 -1.627592 3.450230
-3.367330 -1.799875 3.460593
-3.276387 -1.963791 3.462102
-3.169225 -2.117609 3.454628
-3.047488 -2.260171 3.438815
-2.913479 -2.391030 3.416025
-2.769916 -2.510505 3.388220
-2.619658 -2.619658 3.357795
-2.465418 -2.720170 3.327370
-2.309514 -2.814151 3.299565
-2.153669 -2.903887 3.276774
-1.998895 -2.991558 3.260961
-1.845459 -3.078963 3.253488
-1.692944 -3.167275 3.254997
-1.540382 -3.256864 3.265359
-1.386456 -3.347201 3.283682
-1.229730 -3.436864 3.308387
-1.068885 -3.523641 3.337347
-0.902936 -3.604724 3.368068
-0.731396 -3.676974 3.397904
-0.554365 -3.737226 3.424287
-0.372554 -3.782606 3.444943
-0.187214 -3.810822 3.458093
-0.000000 -3.820398 3.462606
0.187214 -3.810822 3.458093
0.372554 -3.782606 3.444943
0.554365 -3.737226 3.424287
0.731396 -3.676974 3.397904
0.902936 -3.604724 3.368068
1.068885 -3.523641 3.337347
1.229730 -3.436864 3.308387
1.386456 -3.347201 3.283682
1.540382 -3.256864 3.265359
1.692944 -3.167275 3.254997
1.845459 -3.078963 3.253488
1.998895 -2.991558 3.260961
2.153669 -2.903887 3.276774
2.309514 -2.814151 3.299565
2.465418 -2.720170 3.327370
2.619658 -2.619658 3.357795
2.769916 -2.510505 3.388220
2.913479 -2.391030 3.416025
3.047488 -2.260171 3.438815
3.169225 -2.117609 3.454628
3.276387 -1.963791 3.462102
3.367330 -1.799875 3.460593
3.441255 -1.627592 3.450230
3.498295 -1.449041 3.431908
3.539517 -1.266460 3.407203
3.566819 -1.081983 3.378243
3.582734 -0.897428 3.347521
3.590166 -0.714128 3.317685
3.592089 -0.532836 3.291303
3.591226 -0.353705 3.270647
3.589764 -0.176354 3.257496
3.628398 0.000000 2.977749
3.634205 0.178537 2.986112
3.650617 0.359554 3.010481
3.674712 0.545092 3.048756
3.701963 0.736366 3.097643
3.726720 0.933495 3.152930
3.742805 1.135368 3.209856
3.744154 1.339680 3.263520
3.725445 1.543130 3.309299
3.682638 1.741758 3.343251
3.613372 1.931388 3.362452
3.517174 2.108113 3.365249
3.395466 2.268778 3.351400
3.251375 2.411384 3.322099
3.089360 2.535372 3.279868
2.914716 2.641745 3.228345
2.733005 2.733005 3.171966
2.549476 2.812914 3.115588
2.368554 2.886092 3.064065
2.193434 2.957503 3.021834
2.025838 3.031881 2.992533
1.865955 3.113158 2.978684
1.712558 3.203971 2.981481
1.563287 3.305294 3.000682
1.415053 3.416241 3.034634
1.264514 3.534080 3.080413
1.108563 3.654443 3.134076
0.944767 3.771723 3.191003
0.771702 3.879610 3.246290
0.589150 3.971726 3.295177
0.398128 4.042265 3.333452
0.200761 4.086588 3.357821
0.000000 4.101707 3.366184
-0.200761 4.086588 3.357821
-0.398128 4.042265 3.333452
-0.589150 3.971726 3.295177
-0.771702 3.879610 3.246290
-0.944767 3.771723 3.191003
-1.108563 3.654443 3.134076
-1.264514 3.534080 3.080413
-1.415053 3.416241 3.034634
-1.563287 3.305294 3.000682
-1.712558 3.203971 2.981481
-1.865955 3.113158 2.978684
-2.025838 3.031881 2.992533
-2.193434 2.957503 3.021834
-2.368554 2.886092 3.064065
-2.549476 2.812914 3.115588
-2.733005 2.733005 3.171966
-2.914716 2.641745 3.228345
-3.089360 2.535372 3.279868
-3.251375 2.411384 3.322099
-3.395466 2.268778 3.351400
-3.517174 2.108113 3.365249
-3.613372 1.931388 3.362452
-3.682638 1.741758 3.343251
-3.725445 1.543130 3.309299
-3.744154 1.339680 3.263520
-3.742805 1.135368 3.209856
-3.726720 0.933495 3.152930
-3.701963 0.736366 3.097643
-3.674712 0.545092 3.048756
-3.650617 0.359554 3.010481
-3.634205 0.178537 2.986112
-3.628398 0.000000 2.977749
-3.634205 -0.178537 2.986112
-3.650617 -0.359554 3.010481
-3.674712 -0.545092 3.048756
-3.701963 -0.736366 3.097643
-3.726720 -0.933495 3.152930
-3.742805 -1.135368 3.209856
-3.744154 -1.339680 3.263520
-3.725445 -1.543130 3.309299
-3.682638 -1.741758 3.343251
-3.613372 -1.931388 3.362452
-3.517174 -2.108113 3.365249
-3.395466 -2.268778 3.351400
-3.251375 -2.411384 3.322099
-3.089360 -2.535372 3.279868
-2.914716 -2.641745 3.228345
-2.733005 -2.733005 3.171966
-2.549476 -2.812914 3.115588
-2.368554 -2.886092 3.064065
-2.193434 -2.957503 3.021834
-2.025838 -3.031881 2.992533
-1.865955 -3.113158 2.978684
-1.712558 -3.203971 2.981481
-1.563287 -3.305294 3.000682
-1.415053 -3.416241 3.034634
-1.264514 -3.534080 3.080413
-1.108563 -3.654443 3.134076
-0.944767 -3.771723 3.191003
-0.771702 -3.879610 3.246290
-0.589150 -3.971726 3.295177
-0.398128 -4.042265 3.333452
-0.200761 -4.086588 3.357821
-0.000000 -4.101707 3.366184
0.200761 -4.086588 3.357821
0.398128 -4.042265 3.333452
0.589150 -3.971726 3.295177
0.771702 -3.879610 3.246290
0.944767 -3.771723 3.191003
1.108563 -3.654443 3.134076
1.264514 -3.534080 3.080413
1.415053 -3.416241 3.034634
1.563287 -3.305294 3.000682
1.712558 -3.203971 2.981481
1.865955 -3.113158 2.978684
2.025838 -3.031881 2.992533
2.193434 -2.957503 3.021834
2.368554 -2.886092 3.064065
2.549476 -2.812914 3.115588
2.733005 -2.733005 3.171966
2.914716 -2.641745 3.228345
3.089360 -2.535372 3.279868
3.251375 -2.411384 3.322099
3.395466 -2.268778 3.351400
3.517174 -2.108113 3.365249
3.613372 -1.931388 3.362452
3.682638 -1.741758 3.343251
3.725445 -1.543130 3.309299
3.744154 -1.339680 3.263520
3.742805 -1.135368 3.209856
3.726720 -0.933495 3.152930
3.701963 -0.736366 3.097643
3.674712 -0.545092 3.048756
3.650617 -0.359554 3.010481
3.634205 -0.178537 2.986112
3.659047 0.000000 2.713734
3.669993 0.180295 2.725135
3.701302 0.364546 2.758355
3.748549 0.556045 2.810533
3.804881 0.756838 2.877176
3.861739 0.967315 2.952545
3.909755 1.186011 3.030149
3.939723 1.409656 3.103305
3.943550 1.633472 3.165712
3.915065 1.851688 3.211996
3.850617 2.058198 3.238171
3.749397 2.247302 3.241984
3.613445 2.414427 3.223105
3.447363 2.556738 3.183161
3.257753 2.673569 3.125591
3.052472 2.766599 3.055353
2.839767 2.839767 2.978497
2.627413 2.898904 2.901640
2.421926 2.951125 2.831403
2.227963 3.004061 2.773833
2.047955 3.064981 2.733888
1.882010 3.139944 2.715009
1.728096 3.233041 2.718822
1.582467 3.345845 2.744997
1.440270 3.477120 2.791281
1.296269 3.622829 2.853688
1.145577 3.776462 2.926844
0.984320 3.929625 3.004448
0.810142 4.072860 3.079817
0.622506 4.196591 3.146460
0.422735 4.292097 3.198638
0.213820 4.352407 3.231858
0.000000 4.373028 3.243259
-0.213820 4.352407 3.231858
-0.422735 4.292097 3.198638
-0.622506 4.196591 3.146460
-0.810142 4.072860 3.079817
-0.984320 3.929625 3.004448
-1.145577 3.776462 2.926844
-1.296269 3.622829 2.853688
-1.440270 3.477120 2.791281
-1.582467 3.345845 2.744997
-1.728096 3.233041 2.718822
-1.882010 3.139944 2.715009
-2.047955 3.064981 2.733888
-2.227963 3.004061 2.773833
-2.421926 2.951125 2.831403
-2.627413 2.898904 2.901640
-2.839767 2.839767 2.978497
-3.052472 2.766599 3.055353
-3.257753 2.673569 3.125591
-3.447363 2.556738 3.183161
-3.613445 2.414427 3.223105
-3.749397 2.247302 3.241984
-3.850617 2.058198 3.238171
-3.915065 1.851688 3.211996
-3.943550 1.633472 3.165712
-3.939723 1.409656 3.103305
-3.909755 1.186011 3.030149
-3.861739 0.967315 2.952545
-3.804881 0.756838 2.877176
-3.748549 0.556045 2.810533
-3.701302 0.364546 2.758355
-3.669993 0.180295 2.725135
-3.659047 0.000000 2.713734
-3.669993 -0.180295 2.725135
-3.701302 -0.364546 2.758355
-3.748549 -0.556045 2.810533
-3.804881 -0.756838 2.877176
-3.861739 -0.967315 2.952545
-3.909755 -1.186011 3.030149
-3.939723 -1.409656 3.103305
-3.943550 -1.633472 3.165712
-3.915065 -1.851688 3.211996
-3.850617 -2.058198 3.238171
-3.749397 -2.247302 3.241984
-3.613445 -2.414427 3.223105
-3.447363 -2.556738 3.183161
-3.257753 -2.673569 3.125591
-3.052472 -2.766599 3.055353
-2.839767 -2.839767 2.978497
-2.627413 -2.898904 2.901640
-2.421926 -2.951125 2.831403
-2.227963 -3.004061 2.773833
-2.047955 -3.064981 2.733888
-1.882010 -3.139944 2.715009
-1.728096 -3.233041 2.718822
-1.582467 -3.345845 2.744997
-1.440270 -3.477120 2.791281
-1.296269 -3.622829 2.853688
-1.145577 -3.776462 2.926844
-0.984320 -3.929625 3.004448
-0.810142 -4.072860 3.079817
-0.622506 -4.196591 3.146460
-0.422735 -4.292097 3.198638
-0.213820 -4.352407 3.231858
-0.000000 -4.373028 3.243259
0.213820 -4.352407 3.231858
0.422735 -4.292097 3.198638
0.622506 -4.196591 3.146460
0.810142 -4.072860 3.079817
0.984320 -3.929625 3.004448
1.145577 -3.776462 2.926844
1.296269 -3.622829 2.853688
1.440270 -3.477120 2.791281
1.582467 -3.345845 2.744997
1.728096 -3.233041 2.718822
1.882010 -3.139944 2.715009
2.047955 -3.064981 2.733888
2.227963 -3.004061 2.773833
2.421926 -2.951125 2.831403
2.627413 -2.898904 2.901640
2.839767 -2.839767 2.978497
3.052472 -2.766599 3.055353
3.257753 -2.673569 3.125591
3.447363 -2.556738 3.183161
3.613445 -2.414427 3.223105
3.749397 -2.247302 3.241984
3.850617 -2.058198 3.238171
3.915065 -1.851688 3.211996
3.943550 -1.633472 3.165712
3.939723 -1.409656 3.103305
3.909755 -1.186011 3.030149
3.861739 -0.967315 2.952545
3.804881 -0.756838 2.877176
3.748549 -0.556045 2.810533
3.701302 -0.364546 2.758355
3.669993 -0.180295 2.725135
3.686998 0.000000 2.463573
3.702785 0.181906 2.477106
3.748131 0.369159 2.516539
3.817194 0.566227 2.578475
3.900929 0.775943 2.657582
3.988037 0.998951 2.747047
4.066144 1.233451 2.839164
4.123087 1.475264 2.926001
4.148160 1.718224 3.000079
4.133184 1.954850 3.055020
4.073295 2.177222 3.086090
3.967367 2.377948 3.090616
3.818021 2.551120 3.068206
3.631248 2.693117 3.020791
3.415671 2.803169 2.952455
3.181558 2.883596 2.869081
2.939689 2.939689 2.777851
2.700213 2.979226 2.686621
2.471619 3.011676 2.603248
2.259942 3.047179 2.534911
2.068277 3.095396 2.487496
1.896660 3.164386 2.465087
1.742299 3.259612 2.469612
1.600140 3.383213 2.500683
1.463672 3.533618 2.555623
1.325873 3.705566 2.629702
1.180178 3.890524 2.716539
1.021355 4.077478 2.808656
0.846174 4.254002 2.898120
0.653792 4.407508 2.977227
0.445824 4.526528 3.039164
0.226077 4.601895 3.078596
0.000000 4.627698 3.092129
-0.226077 4.601895 3.078596
-0.445824 4.526528 3.039164
-0.653792 4.407508 2.977227
-0.846174 4.254002 2.898120
-1.021355 4.077478 2.808656
-1.180178 3.890524 2.716539
-1.325873 3.705566 2.629702
-1.463672 3.533618 2.555623
-1.600140 3.383213 2.500683
-1.742299 3.259612 2.469612
-1.896660 3.164386 2.465087
-2.068277 3.095396 2.487496
-2.259942 3.047179 2.534911
-2.471619 3.011676 2.603248
-2.700213 2.979226 2.686621
-2.939689 2.939689 2.777851
-3.181558 2.883596 2.869081
-3.415671 2.803169 2.952455
-3.631248 2.693117 3.020791
-3.818021 2.551120 3.068206
-3.967367 2.377948 3.090616
-4.073295 2.177222 3.086090
-4.133184 1.954850 3.055020
-4.148160 1.718224 3.000079
-4.123087 1.475264 2.926001
-4.066144 1.233451 2.839164
-3.988037 0.998951 2.747047
-3.900929 0.775943 2.657582
-3.817194 0.566227 2.578475
-3.748131 0.369159 2.516539
-3.702785 0.181906 2.477106
-3.686998 0.000000 2.463573
-3.702785 -0.181906 2.477106
-3.748131 -0.369159 2.516539
-3.817194 -0.566227 2.578475
-3.900929 -0.775943 2.657582
-3.988037 -0.998951 2.747047
-4.066144 -1.233451 2.839164
-4.123087 -1.475264 2.926001
-4.148160 -1.718224 3.000079
-4.133184 -1.954850 3.055020
-4.073295 -2.177222 3.086090
-3.967367 -2.377948 3.090616
-3.818021 -2.551120 3.068206
-3.631248 -2.693117 3.020791
-3.415671 -2.803169 2.952455
-3.181558 -2.883596 2.869081
-2.939689 -2.939689 2.777851
-2.700213 -2.979226 2.686621
-2.471619 -3.011676 2.603248
-2.259942 -3.047179 2.534911
-2.068277 -3.095396 2.487496
-1.896660 -3.164386 2.465087
-1.742299 -3.259612 2.469612
-1.600140 -3.383213 2.500683
-1.463672 -3.533618 2.555623
-1.325873 -3.705566 2.629702
-1.180178 -3.890524 2.716539
-1.021355 -4.077478 2.808656
-0.846174 -4.254002 2.898120
-0.653792 -4.407508 2.977227
-0.445824 -4.526528 3.039164
-0.226077 -4.601895 3.078596
-0.000000 -4.627698 3.092129
0.226077 -4.601895 3.078596
0.445824 -4.526528 3.039164
0.653792 -4.407508 2.977227
0.846174 -4.254002 2.898120
1.021355 -4.077478 2.808656
1.180178 -3.890524 2.716539
1.325873 -3.705566 2.629702
1.463672 -3.533618 2.555623
1.600140 -3.383213 2.500683
1.742299 -3.259612 2.469612
1.896660 -3.164386 2.465087
2.068277 -3.095396 2.487496
2.259942 -3.047179 2.534911
2.471619 -3.011676 2.603248
2.700213 -2.979226 2.686621
2.939689 -2.939689 2.777851
3.181558 -2.883596 2.869081
3.415671 -2.803169 2.952455
3.631248 -2.693117 3.020791
3.818021 -2.551120 3.068206
3.967367 -2.377948 3.090616
4.073295 -2.177222 3.086090
4.133184 -1.954850 3.055020
4.148160 -1.718224 3.000079
4.123087 -1.475264 2.926001
4.066144 -1.233451 2.839164
3.988037 -0.998951 2.747047
3.900929 -0.775943 2.657582
3.817194 -0.566227 2.578475
3.748131 -0.369159 2.516539
3.702785 -0.181906 2.477106
3.718103 0.000000 2.228545
3.738162 0.183644 2.243270
3.795890 0.373862 2.286177
3.884196 0.576166 2.353571
3.992097 0.794077 2.439648
4.105871 1.028467 2.536995
4.210490 1.277238 2.637228
4.291175 1.535407 2.731717
4.334913 1.795580 2.812322
4.331749 2.048765 2.872103
4.275749 2.285435 2.905912
4.165504 2.496707 2.910836
4.004153 2.675489 2.886452
3.798912 2.817465 2.834859
3.560191 2.921773 2.760501
3.300391 2.991300 2.669782
3.032529 3.032529 2.570514
2.768854 3.054959 2.471245
2.519599 3.070141 2.380526
2.292018 3.090429 2.306168
2.089796 3.127600 2.254576
1.912899 3.191480 2.230192
1.757869 3.288742 2.235116
1.618498 3.422026 2.268924
1.486806 3.589466 2.328705
1.354194 3.784717 2.409311
1.212617 3.997461 2.503799
1.055643 4.214365 2.604033
0.879268 4.420379 2.701379
0.682383 4.600254 2.787456
0.466859 4.740095 2.854850
0.237223 4.828792 2.897757
0.000000 4.859183 2.912482
-0.237223 4.828792 2.897757
-0.466859 4.740095 2.854850
-0.682383 4.600254 2.787456
-0.879268 4.420379 2.701379
-1.055643 4.214365 2.604033
-1.212617 3.997461 2.503799
-1.354194 3.784717 2.409311
-1.486806 3.589466 2.328705
-1.618498 3.422026 2.268924
-1.757869 3.288742 2.235116
-1.912899 3.191480 2.230192
-2.089796 3.127600 2.254576
-2.292018 3.090429 2.306168
-2.519599 3.070141 2.380526
-2.768854 3.054959 2.471245
-3.032529 3.032529 2.570514
-3.300391 2.991300 2.669782
-3.560191 2.921773 2.760501
-3.798912 2.817465 2.834859
-4.004153 2.675489 2.886452
-4.165504 2.496707 2.910836
-4.275749 2.285435 2.905912
-4.331749 2.048765 2.872103
-4.334913 1.795580 2.812322
-4.291175 1.535407 2.731717
-4.210490 1.277238 2.637228
-4.105871 1.028467 2.536995
-3.992097 0.794077 2.439648
-3.884196 0.576166 2.353571
-3.795890 0.373862 2.286177
-3.738162 0.183644 2.243270
-3.718103 0.000000 2.228545
-3.738162 -0.183644 2.243270
-3.795890 -0.373862 2.286177
-3.884196 -0.576166 2.353571
-3.992097 -0.794077 2.439648
-4.105871 -1.028467 2.536995
-4.210490 -1.277238 2.637228
-4.291175 -1.535407 2.731717
-4.334913 -1.795580 2.812322
-4.331749 -2.048765 2.872103
-4.275749 -2.285435 2.905912
-4.165504 -2.496707 2.910836
-4.004153 -2.675489 2.886452
-3.798912 -2.817465 2.834859
-3.560191 -2.921773 2.760501
-3.300391 -2.991300 2.669782
-3.032529 -3.032529 2.570514
-2.768854 -3.054959 2.471245
-2.519599 -3.070141 2.380526
-2.292018 -3.090429 2.306168
-2.089796 -3.127600 2.254576
-1.912899 -3.191480 2.230192
-1.757869 -3.288742 2.235116
-1.618498 -3.422026 2.268924
-1.486806 -3.589466 2.328705
-1.354194 -3.784717 2.409311
-1.212617 -3.997461 2.503799
-1.055643 -4.214365 2.604033
-0.879268 -4.420379 2.701379
-0.682383 -4.600254 2.787456
-0.466859 -4.740095 2.854850
-0.237223 -4.828792 2.897757
-0.000000 -4.859183 2.912482
0.237223 -4.828792 2.897757
0.466859 -4.740095 2.854850
0.682383 -4.600254 2.787456
0.879268 -4.420379 2.701379
1.055643 -4.214365 2.604033
1.212617 -3.997461 2.503799
1.354194 -3.784717 2.409311
1.486806 -3.589466 2.328705
1.618498 -3.422026 2.268924
1.757869 -3.288742 2.235116
1.912899 -3.191480 2.230192
2.089796 -3.127600 2.254576
2.292018 -3.090429 2.306168
2.519599 -3.070141 2.380526
2.768854 -3.054959 2.471245
3.032529 -3.032529 2.570514
3.300391 -2.991300 2.669782
3.560191 -2.921773 2.760501
3.798912 -2.817465 2.834859
4.004153 -2.675489 2.886452
4.165504 -2.496707 2.910836
4.275749 -2.285435 2.905912
4.331749 -2.048765 2.872103
4.334913 -1.795580 2.812322
4.291175 -1.535407 2.731717
4.210490 -1.277238 2.637228
4.105871 -1.028467 2.536995
3.992097 -0.794077 2.439648
3.884196 -0.576166 2.353571
3.795890 -0.373862 2.286177
3.738162 -0.183644 2.243270
3.757775 0.000000 2.008573
3.781283 0.185762 2.023575
3.849005 0.379094 2.067290
3.952837 0.586348 2.135954
4.080225 0.811607 2.223653
4.215480 1.055923 2.322833
4.341420 1.316955 2.424955
4.441148 1.589068 2.521224
4.499774 1.863868 2.603347
4.505908 2.131136 2.664255
4.452744 2.380041 2.698700
4.338648 2.600485 2.703717
4.167176 2.784418 2.678874
3.946543 2.926956 2.626309
3.688608 3.027163 2.550550
3.407503 3.088381 2.458122
3.118063 3.118063 2.356984
2.834241 3.127103 2.255845
2.567687 3.128735 2.163417
2.326643 3.137115 2.087658
2.115274 3.165731 2.035094
1.933496 3.225843 2.010250
1.777307 3.325108 2.015267
1.639564 3.466566 2.049713
1.511099 3.648116 2.110620
1.382035 3.862529 2.192744
1.243127 4.098040 2.289012
1.086971 4.339432 2.391134
0.908936 4.569529 2.490315
0.707699 4.770921 2.578013
0.485340 4.927741 2.646677
0.246976 5.027307 2.690392
0.000000 5.061438 2.705395
-0.246976 5.027307 2.690392
-0.485340 4.927741 2.646677
-0.707699 4.770921 2.578013
-0.908936 4.569529 2.490315
-1.086971 4.339432 2.391134
-1.243127 4.098040 2.289012
-1.382035 3.862529 2.192744
-1.511099 3.648116 2.110620
-1.639564 3.466566 2.049713
-1.777307 3.325108 2.015267
-1.933496 3.225843 2.010250
-2.115274 3.165731 2.035094
-2.326643 3.137115 2.087658
-2.567687 3.128735 2.163417
-2.834241 3.127103 2.255845
-3.118063 3.118063 2.356984
-3.407503 3.088381 2.458122
-3.688608 3.027163 2.550550
-3.946543 2.926956 2.626309
-4.167176 2.784418 2.678874
-4.338648 2.600485 2.703717
-4.452744 2.380041 2.698700
-4.505908 2.131136 2.664255
-4.499774 1.863868 2.603347
-4.441148 1.589068 2.521224
-4.341420 1.316955 2.424955
-4.215480 1.055923 2.322833
-4.080225 0.811607 2.223653
-3.952837 0.586348 2.135954
-3.849005 0.379094 2.067290
-3.781283 0.185762 2.023575
-3.757775 0.000000 2.008573
-3.781283 -0.185762 2.023575
-3.849005 -0.379094 2.067290
-3.952837 -0.586348 2.135954
-4.080225 -0.811607 2.223653
-4.215480 -1.055923 2.322833
-4.341420 -1.316955 2.424955
-4.441148 -1.589068 2.521224
-4.499774 -1.863868 2.603347
-4.505908 -2.131136 2.664255
-4.452744 -2.380041 2.698700
-4.338648 -2.600485 2.703717
-4.167176 -2.784418 2.678874
-3.946543 -2.926956 2.626309
-3.688608 -3.027163 2.550550
-3.407503 -3.088381 2.458122
-3.118063 -3.118063 2.356984
-2.834241 -3.127103 2.255845
-2.567687 -3.128735 2.163417
-2.326643 -3.137115 2.087658
-2.115274 -3.165731 2.035094
-1.933496 -3.225843 2.010250
-1.777307 -3.325108 2.015267
-1.639564 -3.466566 2.049713
-1.511099 -3.648116 2.110620
-1.382035 -3.862529 2.192744
-1.243127 -4.098040 2.289012
-1.086971 -4.339432 2.391134
-0.908936 -4.569529 2.490315
-0.707699 -4.770921 2.578013
-0.485340 -4.927741 2.646677
-0.246976 -5.027307 2.690392
-0.000000 -5.061438 2.705395
0.246976 -5.027307 2.690392
0.485340 -4.927741 2.646677
0.707699 -4.770921 2.578013
0.908936 -4.569529 2.490315
1.086971 -4.339432 2.391134
1.243127 -4.098040 2.289012
1.382035 -3.862529 2.192744
1.511099 -3.648116 2.110620
1.639564 -3.466566 2.049713
1.777307 -3.325108 2.015267
1.933496 -3.225843 2.010250
2.115274 -3.165731 2.035094
2.326643 -3.137115 2.087658
2.567687 -3.128735 2.163417
2.834241 -3.127103 2.255845
3.118063 -3.118063 2.356984
3.407503 -3.088381 2.458122
3.688608 -3.027163 2.550550
3.946543 -2.926956 2.626309
4.167176 -2.784418 2.678874
4.338648 -2.600485 2.703717
4.452744 -2.380041 2.698700
4.505908 -2.131136 2.664255
4.499774 -1.863868 2.603347
4.441148 -1.589068 2.521224
4.341420 -1.316955 2.424955
4.215480 -1.055923 2.322833
4.080225 -0.811607 2.223653
3.952837 -0.586348 2.135954
3.849005 -0.379094 2.067290
3.781283 -0.185762 2.023575
3.810651 0.000000 1.802304
3.836566 0.188478 1.816749
3.911264 0.385226 1.858841
4.025923 0.597189 1.924954
4.166877 0.828843 2.009396
4.317050 1.081365 2.104893
4.457737 1.352240 2.203223
4.570543 1.635366 2.295916
4.639256 1.921643 2.374990
4.651467 2.199980 2.433635
4.599760 2.458623 2.466801
4.482341 2.686612 2.471632
4.303063 2.875215 2.447711
4.070848 3.019147 2.397099
3.798581 3.117415 2.324154
3.501619 3.173683 2.235158
3.196085 3.196085 2.137775
2.897138 3.196499 2.040393
2.617432 3.189351 1.951397
2.365911 3.190062 1.878452
2.147081 3.213333 1.827840
1.960822 3.271434 1.803919
1.802753 3.372714 1.808750
1.665072 3.520499 1.841916
1.537775 3.712516 1.900561
1.410082 3.940914 1.979635
1.271903 4.192901 2.072328
1.115150 4.451929 2.170657
0.934752 4.699317 2.266155
0.729239 4.916127 2.350597
0.500839 5.085100 2.416710
0.255088 5.192438 2.458802
0.000000 5.229242 2.473247
-0.255088 5.192438 2.458802
-0.500839 5.085100 2.416710
-0.729239 4.916127 2.350597
-0.934752 4.699317 2.266155
-1.115150 4.451929 2.170657
-1.271903 4.192901 2.072328
-1.410082 3.940914 1.979635
-1.537775 3.712516 1.900561
-1.665072 3.520499 1.841916
-1.802753 3.372714 1.808750
-1.960822 3.271434 1.803919
-2.147081 3.213333 1.827840
-2.365911 3.190062 1.878452
-2.617432 3.189351 1.951397
-2.897138 3.196499 2.040393
-3.196085 3.196085 2.137775
-3.501619 3.173683 2.235158
-3.798581 3.117415 2.324154
-4.070848 3.019147 2.397099
-4.303063 2.875215 2.447711
-4.482341 2.686612 2.471632
-4.599760 2.458623 2.466801
-4.651467 2.199980 2.433635
-4.639256 1.921643 2.374990
-4.570543 1.635366 2.295916
-4.457737 1.352240 2.203223
-4.317050 1.081365 2.104893
-4.166877 0.828843 2.009396
-4.025923 0.597189 1.924954
-3.911264 0.385226 1.858841
-3.836566 0.188478 1.816749
-3.810651 0.000000 1.802304
-3.836566 -0.188478 1.816749
-3.911264 -0.385226 1.858841
-4.025923 -0.597189 1.924954
-4.166877 -0.828843 2.009396
-4.317050 -1.081365 2.104893
-4.457737 -1.352240 2.203223
-4.570543 -1.635366 2.295916
-4.639256 -1.921643 2.374990
-4.651467 -2.199980 2.433635
-4.599760 -2.458623 2.466801
-4.482341 -2.686612 2.471632
-4.303063 -2.875215 2.447711
-4.070848 -3.019147 2.397099
-3.798581 -3.117415 2.324154
-3.501619 -3.173683 2.235158
-3.196085 -3.196085 2.137775
-2.897138 -3.196499 2.040393
-2.617432 -3.189351 1.951397
-2.365911 -3.190062 1.878452
-2.147081 -3.213333 1.827840
-1.960822 -3.271434 1.803919
-1.802753 -3.372714 1.808750
-1.665072 -3.520499 1.841916
-1.537775 -3.712516 1.900561
-1.410082 -3.940914 1.979635
-1.271903 -4.192901 2.072328
-1.115150 -4.451929 2.170657
-0.934752 -4.699317 2.266155
-0.729239 -4.916127 2.350597
-0.500839 -5.085100 2.416710
-0.255088 -5.192438 2.458802
-0.000000 -5.229242 2.473247
0.255088 -5.192438 2.458802
0.500839 -5.085100 2.416710
0.729239 -4.916127 2.350597
0.934752 -4.699317 2.266155
1.115150 -4.451929 2.170657
1.271903 -4.192901 2.072328
1.410082 -3.940914 1.979635
1.537775 -3.712516 1.900561
1.665072 -3.520499 1.841916
1.802753 -3.372714 1.808750
1.960822 -3.271434 1.803919
2.147081 -3.213333 1.827840
2.365911 -3.190062 1.878452
2.617432 -3.189351 1.951397
2.897138 -3.196499 2.040393
3.196085 -3.196085 2.137775
3.501619 -3.173683 2.235158
3.798581 -3.117415 2.324154
4.070848 -3.019147 2.397099
4.303063 -2.875215 2.447711
4.482341 -2.686612 2.471632
4.599760 -2.458623 2.466801
4.651467 -2.199980 2.433635
4.639256 -1.921643 2.374990
4.570543 -1.635366 2.295916
4.457737 -1.352240 2.203223
4.317050 -1.081365 2.104893
4.166877 -0.828843 2.009396
4.025923 -0.597189 1.924954
3.911264 -0.385226 1.858841
3.836566 -0.188478 1.816749
3.880294 0.000000 1.607270
3.907407 0.191959 1.620453
3.985571 0.392544 1.658865
4.105592 0.609007 1.719200
4.253229 0.846020 1.796260
4.410686 1.104819 1.883410
4.558471 1.382797 1.973143
4.677411 1.673604 2.057734
4.750610 1.967767 2.129896
4.765134 2.253741 2.183414
4.713251 2.519285 2.213681
4.593087 2.752991 2.218090
4.408652 2.945767 2.196260
4.169235 3.092116 2.150072
3.888259 3.191012 2.083503
3.581719 3.246281 2.002287
3.266407 3.266407 1.913417
2.958115 3.263776 1.824547
2.670018 3.253426 1.743331
2.411428 3.251435 1.676763
2.187033 3.273126 1.630574
1.996699 3.331292 1.608745
1.835853 3.434639 1.613153
1.696353 3.586638 1.643420
1.567767 3.784924 1.696939
1.438852 4.021322 1.769101
1.299084 4.282505 1.853691
1.140025 4.551234 1.943425
0.956380 4.808045 2.030574
0.746606 5.033207 2.107635
0.513016 5.208737 2.167969
0.261368 5.320260 2.206381
0.000000 5.358501 2.219564
-0.261368 5.320260 2.206381
-0.513016 5.208737 2.167969
-0.746606 5.033207 2.107635
-0.956380 4.808045 2.030574
-1.140025 4.551234 1.943425
-1.299084 4.282505 1.853691
-1.438852 4.021322 1.769101
-1.567767 3.784924 1.696939
-1.696353 3.586638 1.643420
-1.835853 3.434639 1.613153
-1.996699 3.331292 1.608745
-2.187033 3.273126 1.630574
-2.411428 3.251435 1.676763
-2.670018 3.253426 1.743331
-2.958115 3.263776 1.824547
-3.266407 3.266407 1.913417
-3.581719 3.246281 2.002287
-3.888259 3.191012 2.083503
-4.169235 3.092116 2.150072
-4.408652 2.945767 2.196260
-4.593087 2.752991 2.218090
-4.713251 2.519285 2.213681
-4.765134 2.253741 2.183414
-4.750610 1.967767 2.129896
-4.677411 1.673604 2.057734
-4.558471 1.382797 1.973143
-4.410686 1.104819 1.883410
-4.253229 0.846020 1.796260
-4.105592 0.609007 1.719200
-3.985571 0.392544 1.658865
-3.907407 0.191959 1.620453
-3.880294 0.000000 1.607270
-3.907407 -0.191959 1.620453
-3.985571 -0.392544 1.658865
-4.105592 -0.609007 1.719200
-4.253229 -0.846020 1.796260
-4.410686 -1.104819 1.883410
-4.558471 -1.382797 1.973143
-4.677411 -1.673604 2.057734
-4.750610 -1.967767 2.129896
-4.765134 -2.253741 2.183414
-4.713251 -2.519285 2.213681
-4.593087 -2.752991 2.218090
-4.408652 -2.945767 2.196260
-4.169235 -3.092116 2.150072
-3.888259 -3.191012 2.083503
-3.581719 -3.246281 2.002287
-3.266407 -3.266407 1.913417
-2.958115 -3.263776 1.824547
-2.670018 -3.253426 1.743331
-2.411428 -3.251435 1.676763
-2.187033 -3.273126 1.630574
-1.996699 -3.331292 1.608745
-1.835853 -3.434639 1.613153
-1.696353 -3.586638 1.643420
-1.567767 -3.784924 1.696939
-1.438852 -4.021322 1.769101
-1.299084 -4.282505 1.853691
-1.140025 -4.551234 1.943425
-0.956380 -4.808045 2.030574
-0.746606 -5.033207 2.107635
-0.513016 -5.208737 2.167969
-0.261368 -5.320260 2.206381
-0.000000 -5.358501 2.219564
0.261368 -5.320260 2.206381
0.513016 -5.208737 2.167969
0.746606 -5.033207 2.107635
0.956380 -4.808045 2.030574
1.140025 -4.551234 1.943425
1.299084 -4.282505 1.853691
1.438852 -4.021322 1.769101
1.567767 -3.784924 1.696939
1.696353 -3.586638 1.643420
1.835853 -3.434639 1.613153
1.996699 -3.331292 1.608745
2.187033 -3.273126 1.630574
2.411428 -3.251435 1.676763
2.670018 -3.253426 1.743331
2.958115 -3.263776 1.824547
3.266407 -3.266407 1.913417
3.581719 -3.246281 2.002287
3.888259 -3.191012 2.083503
4.169235 -3.092116 2.150072
4.408652 -2.945767 2.196260
4.593087 -2.752991 2.218090
4.713251 -2.519285 2.213681
4.765134 -2.253741 2.183414
4.750610 -1.967767 2.129896
4.677411 -1.673604 2.057734
4.558471 -1.382797 1.973143
4.410686 -1.104819 1.883410
4.253229 -0.846020 1.796260
4.105592 -0.609007 1.719200
3.985571 -0.392544 1.658865
3.907407 -0.191959 1.620453
3.968958 0.000000 1.420116
3.995950 0.196308 1.431498
4.073751 0.401229 1.464664
4.193173 0.621998 1.516758
4.339983 0.863276 1.583293
4.496395 1.126288 1.658540
4.642927 1.408416 1.736018
4.760419 1.703305 1.809055
4.831986 2.001474 1.871361
4.844705 2.291375 1.917570
4.790850 2.560762 1.943703
4.668553 2.798223 1.947510
4.481827 2.994661 1.928661
4.239965 3.144572 1.888782
3.956387 3.246923 1.831305
3.647089 3.305528 1.761181
3.328861 3.328861 1.684449
3.017495 3.329293 1.607717
2.726169 3.321847 1.537594
2.464199 3.322588 1.480117
2.236278 3.346826 1.440237
2.042281 3.407340 1.421389
1.877646 3.512828 1.425195
1.734245 3.666753 1.451328
1.601659 3.866747 1.497537
1.468661 4.104633 1.559843
1.324742 4.367088 1.632880
1.161477 4.636877 1.710358
0.973585 4.894543 1.785605
0.759534 5.120359 1.852141
0.521645 5.296352 1.904234
0.265685 5.408149 1.937400
0.000000 5.446482 1.948783
-0.265685 5.408149 1.937400
-0.521645 5.296352 1.904234
-0.759534 5.120359 1.852141
-0.973585 4.894543 1.785605
-1.161477 4.636877 1.710358
-1.324742 4.367088 1.632880
-1.468661 4.104633 1.559843
-1.601659 3.866747 1.497537
-1.734245 3.666753 1.451328
-1.877646 3.512828 1.425195
-2.042281 3.407340 1.421389
-2.236278 3.346826 1.440237
-2.464199 3.322588 1.480117
-2.726169 3.321847 1.537594
-3.017495 3.329293 1.607717
-3.328861 3.328861 1.684449
-3.647089 3.305528 1.761181
-3.956387 3.246923 1.831305
-4.239965 3.144572 1.888782
-4.481827 2.994661 1.928661
-4.668553 2.798223 1.947510
-4.790850 2.560762 1.943703
-4.844705 2.291375 1.917570
-4.831986 2.001474 1.871361
-4.760419 1.703305 1.809055
-4.642927 1.408416 1.736018
-4.496395 1.126288 1.658540
-4.339983 0.863276 1.583293
-4.193173 0.621998 1.516758
-4.073751 0.401229 1.464664
-3.995950 0.196308 1.431498
-3.968958 0.000000 1.420116
-3.995950 -0.196308 1.431498
-4.073751 -0.401229 1.464664
-4.193173 -0.621998 1.516758
-4.339983 -0.863276 1.583293
-4.496395 -1.126288 1.658540
-4.642927 -1.408416 1.736018
-4.760419 -1.703305 1.809055
-4.831986 -2.001474 1.871361
-4.844705 -2.291375 1.917570
-4.790850 -2.560762 1.943703
-4.668553 -2.798223 1.947510
-4.481827 -2.994661 1.928661
-4.239965 -3.144572 1.888782
-3.956387 -3.246923 1.831305
-3.647089 -3.305528 1.761181
-3.328861 -3.328861 1.684449
-3.017495 -3.329293 1.607717
-2.726169 -3.321847 1.537594
-2.464199 -3.322588 1.480117
-2.236278 -3.346826 1.440237
-2.042281 -3.407340 1.421389
-1.877646 -3.512828 1.425195
-1.734245 -3.666753 1.451328
-1.601659 -3.866747 1.497537
-1.468661 -4.104633 1.559843
-1.324742 -4.367088 1.632880
-1.161477 -4.636877 1.710358
-0.973585 -4.894543 1.785605
-0.759534 -5.120359 1.852141
-0.521645 -5.296352 1.904234
-0.265685 -5.408149 1.937400
-0.000000 -5.446482 1.948783
0.265685 -5.408149 1.937400
0.521645 -5.296352 1.904234
0.759534 -5.120359 1.852141
0.973585 -4.894543 1.785605
1.161477 -4.636877 1.710358
1.324742 -4.367088 1.632880
1.468661 -4.104633 1.559843
1.601659 -3.866747 1.497537
1.734245 -3.666753 1.451328
1.877646 -3.512828 1.425195
2.042281 -3.407340 1.421389
2.236278 -3.346826 1.440237
2.464199 -3.322588 1.480117
2.726169 -3.321847 1.537594
3.017495 -3.329293 1.607717
3.328861 -3.328861 1.684449
3.647089 -3.305528 1.761181
3.956387 -3.246923 1.831305
4.239965 -3.144572 1.888782
4.481827 -2.994661 1.928661
4.668553 -2.798223 1.947510
4.790850 -2.560762 1.943703
4.844705 -2.291375 1.917570
4.831986 -2.001474 1.871361
4.760419 -1.703305 1.809055
4.642927 -1.408416 1.736018
4.496395 -1.126288 1.658540
4.339983 -0.863276 1.583293
4.193173 -0.621998 1.516758
4.073751 -0.401229 1.464664
3.995950 -0.196308 1.431498
4.077424 0.000000 1.236873
4.102931 0.201564 1.246111
4.176414 0.411341 1.273031
4.289078 0.636225 1.315314
4.427302 0.880645 1.369318
4.574062 1.145743 1.430394
4.710716 1.428980 1.493280
4.818926 1.724239 1.552562
4.882540 2.022414 1.603133
4.889195 2.312417 1.640640
4.831508 2.582495 1.661851
4.707707 2.821691 1.664941
4.521649 3.021269 1.649642
4.282249 3.175932 1.617273
4.002373 3.284663 1.570621
3.697356 3.351088 1.513704
3.383295 3.383295 1.451423
3.075330 3.393104 1.389143
2.786102 3.394876 1.332226
2.524555 3.403968 1.285574
2.295206 3.435019 1.253205
2.097966 3.500244 1.237906
1.928491 3.607952 1.240995
1.779030 3.761443 1.262207
1.639638 3.958436 1.299713
1.499595 4.191089 1.350285
1.348871 4.446632 1.409567
1.179432 4.708558 1.472453
0.986253 4.958228 1.533528
0.767898 5.176751 1.587533
0.526625 5.346910 1.629816
0.267984 5.454946 1.656735
0.000000 5.491980 1.665974
-0.267984 5.454946 1.656735
-0.526625 5.346910 1.629816
-0.767898 5.176751 1.587533
-0.986253 4.958228 1.533528
-1.179432 4.708558 1.472453
-1.348871 4.446632 1.409567
-1.499595 4.191089 1.350285
-1.639638 3.958436 1.299713
-1.779030 3.761443 1.262207
-1.928491 3.607952 1.240995
-2.097966 3.500244 1.237906
-2.295206 3.435019 1.253205
-2.524555 3.403968 1.285574
-2.786102 3.394876 1.332226
-3.075330 3.393104 1.389143
-3.383295 3.383295 1.451423
-3.697356 3.351088 1.513704
-4.002373 3.284663 1.570621
-4.282249 3.175932 1.617273
-4.521649 3.021269 1.649642
-4.707707 2.821691 1.664941
-4.831508 2.582495 1.661851
-4.889195 2.312417 1.640640
-4.882540 2.022414 1.603133
-4.818926 1.724239 1.552562
-4.710716 1.428980 1.493280
-4.574062 1.145743 1.430394
-4.427302 0.880645 1.369318
-4.289078 0.636225 1.315314
-4.176414 0.411341 1.273031
-4.102931 0.201564 1.246111
-4.077424 0.000000 1.236873
-4.102931 -0.201564 1.246111
-4.176414 -0.411341 1.273031
-4.289078 -0.636225 1.315314
-4.427302 -0.880645 1.369318
-4.574062 -1.145743 1.430394
-4.710716 -1.428980 1.493280
-4.818926 -1.724239 1.552562
-4.882540 -2.022414 1.603133
-4.889195 -2.312417 1.640640
-4.831508 -2.582495 1.661851
-4.707707 -2.821691 1.664941
-4.521649 -3.021269 1.649642
-4.282249 -3.175932 1.617273
-4.002373 -3.284663 1.570621
-3.697356 -3.351088 1.513704
-3.383295 -3.383295 1.451423
-3.075330 -3.393104 1.389143
-2.786102 -3.394876 1.332226
-2.524555 -3.403968 1.285574
-2.295206 -3.435019 1.253205
-2.097966 -3.500244 1.237906
-1.928491 -3.607952 1.240995
-1.779030 -3.761443 1.262207
-1.639638 -3.958436 1.299713
-1.499595 -4.191089 1.350285
-1.348871 -4.446632 1.409567
-1.179432 -4.708558 1.472453
-0.986253 -4.958228 1.533528
-0.767898 -5.176751 1.587533
-0.526625 -5.346910 1.629816
-0.267984 -5.454946 1.656735
-0.000000 -5.491980 1.665974
0.267984 -5.454946 1.656735
0.526625 -5.346910 1.629816
0.767898 -5.176751 1.587533
0.986253 -4.958228 1.533528
1.179432 -4.708558 1.472453
1.348871 -4.446632 1.409567
1.499595 -4.191089 1.350285
1.639638 -3.958436 1.299713
1.779030 -3.761443 1.262207
1.928491 -3.607952 1.240995
2.097966 -3.500244 1.237906
2.295206 -3.435019 1.253205
2.524555 -3.403968 1.285574
2.786102 -3.394876 1.332226
3.075330 -3.393104 1.389143
3.383295 -3.383295 1.451423
3.697356 -3.351088 1.513704
4.002373 -3.284663 1.570621
4.282249 -3.175932 1.617273
4.521649 -3.021269 1.649642
4.707707 -2.821691 1.664941
4.831508 -2.582495 1.661851
4.889195 -2.312417 1.640640
4.882540 -2.022414 1.603133
4.818926 -1.724239 1.552562
4.710716 -1.428980 1.493280
4.574062 -1.145743 1.430394
4.427302 -0.880645 1.369318
4.289078 -0.636225 1.315314
4.176414 -0.411341 1.273031
4.102931 -0.201564 1.246111
4.204915 0.000000 1.053276
4.227600 0.207689 1.060236
4.292886 0.422812 1.080515
4.392754 0.651604 1.112367
4.514783 0.898046 1.153050
4.643454 1.163125 1.199059
4.761770 1.444467 1.246432
4.853020 1.736438 1.291090
4.902484 2.030675 1.329187
4.898906 2.317010 1.357441
4.835574 2.584668 1.373420
4.710895 2.823602 1.375747
4.528417 3.025792 1.364222
4.296304 3.186357 1.339838
4.026328 3.304322 1.304695
3.732512 3.382951 1.261818
3.429578 3.429578 1.214901
3.131380 3.454946 1.167984
2.849491 3.472115 1.125107
2.592113 3.495060 1.089963
2.363413 3.537098 1.065579
2.163356 3.609341 1.054055
1.988028 3.719338 1.056382
1.830408 3.870072 1.072361
1.681473 4.059436 1.100615
1.531498 4.280251 1.138712
1.371385 4.520850 1.183370
1.193859 4.766152 1.230743
0.994391 4.999140 1.276752
0.771728 5.202567 1.317434
0.527984 5.360717 1.349287
0.268283 5.461028 1.369566
0.000000 5.495397 1.376525
-0.268283 5.461028 1.369566
-0.527984 5.360717 1.349287
-0.771728 5.202567 1.317434
-0.994391 4.999140 1.276752
-1.193859 4.766152 1.230743
-1.371385 4.520850 1.183370
-1.531498 4.280251 1.138712
-1.681473 4.059436 1.100615
-1.830408 3.870072 1.072361
-1.988028 3.719338 1.056382
-2.163356 3.609341 1.054055
-2.363413 3.537098 1.065579
-2.592113 3.495060 1.089963
-2.849491 3.472115 1.125107
-3.131380 3.454946 1.167984
-3.429578 3.429578 1.214901
-3.732512 3.382951 1.261818
-4.026328 3.304322 1.304695
-4.296304 3.186357 1.339838
-4.528417 3.025792 1.364222
-4.710895 2.823602 1.375747
-4.835574 2.584668 1.373420
-4.898906 2.317010 1.357441
-4.902484 2.030675 1.329187
-4.853020 1.736438 1.291090
-4.761770 1.444467 1.246432
-4.643454 1.163125 1.199059
-4.514783 0.898046 1.153050
-4.392754 0.651604 1.112367
-4.292886 0.422812 1.080515
-4.227600 0.207689 1.060236
-4.204915 0.000000 1.053276
-4.227600 -0.207689 1.060236
-4.292886 -0.422812 1.080515
-4.392754 -0.651604 1.112367
-4.514783 -0.898046 1.153050
-4.643454 -1.163125 1.199059
-4.761770 -1.444467 1.246432
-4.853020 -1.736438 1.291090
-4.902484 -2.030675 1.329187
-4.898906 -2.317010 1.357441
-4.835574 -2.584668 1.373420
-4.710895 -2.823602 1.375747
-4.528417 -3.025792 1.364222
-4.296304 -3.186357 1.339838
-4.026328 -3.304322 1.304695
-3.732512 -3.382951 1.261818
-3.429578 -3.429578 1.214901
-3.131380 -3.454946 1.167984
-2.849491 -3.472115 1.125107
-2.592113 -3.495060 1.089963
-2.363413 -3.537098 1.065579
-2.163356 -3.609341 1.054055
-1.988028 -3.719338 1.056382
-1.830408 -3.870072 1.072361
-1.681473 -4.059436 1.100615
-1.531498 -4.280251 1.138712
-1.371385 -4.520850 1.183370
-1.193859 -4.766152 1.230743
-0.994391 -4.999140 1.276752
-0.771728 -5.202567 1.317434
-0.527984 -5.360717 1.349287
-0.268283 -5.461028 1.369566
-0.000000 -5.495397 1.376525
0.268283 -5.461028 1.369566
0.527984 -5.360717 1.349287
0.771728 -5.202567 1.317434
0.994391 -4.999140 1.276752
1.193859 -4.766152 1.230743
1.371385 -4.520850 1.183370
1.531498 -4.280251 1.138712
1.681473 -4.059436 1.100615
1.830408 -3.870072 1.072361
1.988028 -3.719338 1.056382
2.163356 -3.609341 1.054055
2.363413 -3.537098 1.065579
2.592113 -3.495060 1.089963
2.849491 -3.472115 1.125107
3.131380 -3.454946 1.167984
3.429578 -3.429578 1.214901
3.732512 -3.382951 1.261818
4.026328 -3.304322 1.304695
4.296304 -3.186357 1.339838
4.528417 -3.025792 1.364222
4.710895 -2.823602 1.375747
4.835574 -2.584668 1.373420
4.898906 -2.317010 1.357441
4.902484 -2.030675 1.329187
4.853020 -1.736438 1.291090
4.761770 -1.444467 1.246432
4.643454 -1.163125 1.199059
4.514783 -0.898046 1.153050
4.392754 -0.651604 1.112367
4.292886 -0.422812 1.080515
4.227600 -0.207689 1.060236
4.349110 0.000000 0.865092
4.367733 0.214573 0.869844
4.421221 0.435452 0.883691
4.502687 0.667911 0.905440
4.601460 0.915287 0.933219
4.704210 1.178343 0.964634
4.796343 1.454955 0.996982
4.863513 1.740193 1.027475
4.893088 2.026783 1.053488
4.875423 2.305903 1.072780
4.804779 2.568208 1.083691
4.679828 2.804981 1.085280
4.503663 3.009251 1.077411
4.283349 3.176748 1.060761
4.029059 3.306563 1.036764
3.752903 3.401433 1.007487
3.467600 3.467600 0.975452
3.185118 3.514236 0.943416
2.915473 3.552514 0.914139
2.665783 3.594392 0.890142
2.439700 3.651269 0.873492
2.237263 3.732648 0.865623
2.055182 3.844975 0.867212
1.887494 3.990771 0.878123
1.726519 4.168186 0.897415
1.563973 4.371013 0.923428
1.392115 4.589187 0.953921
1.204771 4.809714 0.986269
0.998130 5.017938 1.017684
0.771200 5.199011 1.045463
0.525885 5.339404 1.067212
0.266676 5.428306 1.081059
0.000000 5.458742 1.085811
-0.266676 5.428306 1.081059
-0.525885 5.339404 1.067212
-0.771200 5.199011 1.045463
-0.998130 5.017938 1.017684
-1.204771 4.809714 0.986269
-1.392115 4.589187 0.953921
-1.563973 4.371013 0.923428
-1.726519 4.168186 0.897415
-1.887494 3.990771 0.878123
-2.055182 3.844975 0.867212
-2.237263 3.732648 0.865623
-2.439700 3.651269 0.873492
-2.665783 3.594392 0.890142
-2.915473 3.552514 0.914139
-3.185118 3.514236 0.943416
-3.467600 3.467600 0.975452
-3.752903 3.401433 1.007487
-4.029059 3.306563 1.036764
-4.283349 3.176748 1.060761
-4.503663 3.009251 1.077411
-4.679828 2.804981 1.085280
-4.804779 2.568208 1.083691
-4.875423 2.305903 1.072780
-4.893088 2.026783 1.053488
-4.863513 1.740193 1.027475
-4.796343 1.454955 0.996982
-4.704210 1.178343 0.964634
-4.601460 0.915287 0.933219
-4.502687 0.667911 0.905440
-4.421221 0.435452 0.883691
-4.367733 0.214573 0.869844
-4.349110 0.000000 0.865092
-4.367733 -0.214573 0.869844
-4.421221 -0.435452 0.883691
-4.502687 -0.667911 0.905440
-4.601460 -0.915287 0.933219
-4.704210 -1.178343 0.964634
-4.796343 -1.454955 0.996982
-4.863513 -1.740193 1.027475
-4.893088 -2.026783 1.053488
-4.875423 -2.305903 1.072780
-4.804779 -2.568208 1.083691
-4.679828 -2.804981 1.085280
-4.503663 -3.009251 1.077411
-4.283349 -3.176748 1.060761
-4.029059 -3.306563 1.036764
-3.752903 -3.401433 1.007487
-3.467600 -3.467600 0.975452
-3.185118 -3.514236 0.943416
-2.915473 -3.552514 0.914139
-2.665783 -3.594392 0.890142
-2.439700 -3.651269 0.873492
-2.237263 -3.732648 0.865623
-2.055182 -3.844975 0.867212
-1.887494 -3.990771 0.878123
-1.726519 -4.168186 0.897415
-1.563973 -4.371013 0.923428
-1.392115 -4.589187 0.953921
-1.204771 -4.809714 0.986269
-0.998130 -5.017938 1.017684
-0.771200 -5.199011 1.045463
-0.525885 -5.339404 1.067212
-0.266676 -5.428306 1.081059
-0.000000 -5.458742 1.085811
0.266676 -5.428306 1.081059
0.525885 -5.339404 1.067212
0.771200 -5.199011 1.045463
0.998130 -5.017938 1.017684
1.204771 -4.809714 0.986269
1.392115 -4.589187 0.953921
1.563973 -4.371013 0.923428
1.726519 -4.168186 0.897415
1.887494 -3.990771 0.878123
2.055182 -3.844975 0.867212
2.237263 -3.732648 0.865623
2.439700 -3.651269 0.873492
2.665783 -3.594392 0.890142
2.915473 -3.552514 0.914139
3.185118 -3.514236 0.943416
3.467600 -3.467600 0.975452
3.752903 -3.401433 1.007487
4.029059 -3.306563 1.036764
4.283349 -3.176748 1.060761
4.503663 -3.009251 1.077411
4.679828 -2.804981 1.085280
4.804779 -2.568208 1.083691
4.875423 -2.305903 1.072780
4.893088 -2.026783 1.053488
4.863513 -1.740193 1.027475
4.796343 -1.454955 0.996982
4.704210 -1.178343 0.964634
4.601460 -0.915287 0.933219
4.502687 -0.667911 0.905440
4.421221 -0.435452 0.883691
4.367733 -0.214573 0.869844
4.506237 0.000000 0.668437
4.519717 0.222039 0.671245
4.558275 0.448951 0.679428
4.616461 0.684787 0.692280
4.685836 0.932071 0.708696
4.755859 1.191281 0.727260
4.814992 1.460612 0.746375
4.851899 1.736037 0.764395
4.856612 2.011675 0.779767
4.821531 2.280414 0.791167
4.742162 2.534738 0.797615
4.617506 2.767626 0.798554
4.450077 2.973446 0.793903
4.245541 3.148708 0.784064
4.012030 3.292588 0.769884
3.759219 3.407158 0.752583
3.497267 3.497267 0.733652
3.235746 3.570095 0.714721
2.982682 3.634408 0.697421
2.743810 3.699600 0.683240
2.522124 3.774625 0.673401
2.317757 3.866944 0.668751
2.128208 3.981596 0.669690
1.948860 4.120519 0.676138
1.773740 4.282187 0.687538
1.596398 4.461634 0.702910
1.410816 4.650837 0.720930
1.212222 4.839462 0.740045
0.997717 5.015861 0.758609
0.766636 5.168240 0.775024
0.520612 5.285859 0.787877
0.263326 5.360133 0.796059
0.000000 5.385528 0.798868
-0.263326 5.360133 0.796059
-0.520612 5.285859 0.787877
-0.766636 5.168240 0.775024
-0.997717 5.015861 0.758609
-1.212222 4.839462 0.740045
-1.410816 4.650837 0.720930
-1.596398 4.461634 0.702910
-1.773740 4.282187 0.687538
-1.948860 4.120519 0.676138
-2.128208 3.981596 0.669690
-2.317757 3.866944 0.668751
-2.522124 3.774625 0.673401
-2.743810 3.699600 0.683240
-2.982682 3.634408 0.697421
-3.235746 3.570095 0.714721
-3.497267 3.497267 0.733652
-3.759219 3.407158 0.752583
-4.012030 3.292588 0.769884
-4.245541 3.148708 0.784064
-4.450077 2.973446 0.793903
-4.617506 2.767626 0.798554
-4.742162 2.534738 0.797615
-4.821531 2.280414 0.791167
-4.856612 2.011675 0.779767
-4.851899 1.736037 0.764395
-4.814992 1.460612 0.746375
-4.755859 1.191281 0.727260
-4.685836 0.932071 0.708696
-4.616461 0.684787 0.692280
-4.558275 0.448951 0.679428
-4.519717 0.222039 0.671245
-4.506237 0.000000 0.668437
-4.519717 -0.222039 0.671245
-4.558275 -0.448951 0.679428
-4.616461 -0.684787 0.692280
-4.685836 -0.932071 0.708696
-4.755859 -1.191281 0.727260
-4.814992 -1.460612 0.746375
-4.851899 -1.736037 0.764395
-4.856612 -2.011675 0.779767
-4.821531 -2.280414 0.791167
-4.742162 -2.534738 0.797615
-4.617506 -2.767626 0.798554
-4.450077 -2.973446 0.793903
-4.245541 -3.148708 0.784064
-4.012030 -3.292588 0.769884
-3.759219 -3.407158 0.752583
-3.497267 -3.497267 0.733652
-3.235746 -3.570095 0.714721
-2.982682 -3.634408 0.697421
-2.743810 -3.699600 0.683240
-2.522124 -3.774625 0.673401
-2.317757 -3.866944 0.668751
-2.128208 -3.981596 0.669690
-1.948860 -4.120519 0.676138
-1.773740 -4.282187 0.687538
-1.596398 -4.461634 0.702910
-1.410816 -4.650837 0.720930
-1.212222 -4.839462 0.740045
-0.997717 -5.015861 0.758609
-0.766636 -5.168240 0.775024
-0.520612 -5.285859 0.787877
-0.263326 -5.360133 0.796059
-0.000000 -5.385528 0.798868
0.263326 -5.360133 0.796059
0.520612 -5.285859 0.787877
0.766636 -5.168240 0.775024
0.997717 -5.015861 0.758609
1.212222 -4.839462 0.740045
1.410816 -4.650837 0.720930
1.596398 -4.461634 0.702910
1.773740 -4.282187 0.687538
1.948860 -4.120519 0.676138
2.128208 -3.981596 0.669690
2.317757 -3.866944 0.668751
2.522124 -3.774625 0.673401
2.743810 -3.699600 0.683240
2.982682 -3.634408 0.697421
3.235746 -3.570095 0.714721
3.497267 -3.497267 0.733652
3.759219 -3.407158 0.752583
4.012030 -3.292588 0.769884
4.245541 -3.148708 0.784064
4.450077 -2.973446 0.793903
4.617506 -2.767626 0.798554
4.742162 -2.534738 0.797615
4.821531 -2.280414 0.791167
4.856612 -2.011675 0.779767
4.851899 -1.736037 0.764395
4.814992 -1.460612 0.746375
4.755859 -1.191281 0.727260
4.685836 -0.932071 0.708696
4.616461 -0.684787 0.692280
4.558275 -0.448951 0.679428
4.519717 -0.222039 0.671245
4.671251 0.000000 0.460078
4.678728 0.229851 0.461370
4.699857 0.462896 0.465135
4.730877 0.701759 0.471049
4.765960 0.948008 0.478602
4.797833 1.201795 0.487144
4.818541 1.461689 0.495940
4.820277 1.724723 0.504231
4.796191 1.986647 0.511304
4.741081 2.242364 0.516550
4.651907 2.486496 0.519517
4.528060 2.714015 0.519949
4.371372 2.920857 0.517809
4.185867 3.104450 0.513282
3.977286 3.264074 0.506757
3.752447 3.401020 0.498796
3.518509 3.518509 0.490086
3.282232 3.621385 0.481375
3.049311 3.715596 0.473414
2.823858 3.807532 0.466889
2.608093 3.903287 0.462362
2.402257 4.007924 0.460223
2.204772 4.124839 0.460655
2.012599 4.255282 0.463621
1.821760 4.398117 0.468867
1.627954 4.549825 0.475940
1.427180 4.704783 0.484232
1.216307 4.855770 0.493027
0.993501 4.994665 0.501569
0.758480 5.113257 0.509122
0.512556 5.204069 0.515036
0.258463 5.261132 0.518801
0.000000 5.280596 0.520093
-0.258463 5.261132 0.518801
-0.512556 5.204069 0.515036
-0.758480 5.113257 0.509122
-0.993501 4.994665 0.501569
-1.216307 4.855770 0.493027
-1.427180 4.704783 0.484232
-1.627954 4.549825 0.475940
-1.821760 4.398117 0.468867
-2.012599 4.255282 0.463621
-2.204772 4.124839 0.460655
-2.402257 4.007924 0.460223
-2.608093 3.903287 0.462362
-2.823858 3.807532 0.466889
-3.049311 3.715596 0.473414
-3.282232 3.621385 0.481375
-3.518509 3.518509 0.490086
-3.752447 3.401020 0.498796
-3.977286 3.264074 0.506757
-4.185867 3.104450 0.513282
-4.371372 2.920857 0.517809
-4.528060 2.714015 0.519949
-4.651907 2.486496 0.519517
-4.741081 2.242364 0.516550
-4.796191 1.986647 0.511304
-4.820277 1.724723 0.504231
-4.818541 1.461689 0.495940
-4.797833 1.201795 0.487144
-4.765960 0.948008 0.478602
-4.730877 0.701759 0.471049
-4.699857 0.462896 0.465135
-4.678728 0.229851 0.461370
-4.671251 0.000000 0.460078
-4.678728 -0.229851 0.461370
-4.699857 -0.462896 0.465135
-4.730877 -0.701759 0.471049
-4.765960 -0.948008 0.478602
-4.797833 -1.201795 0.487144
-4.818541 -1.461689 0.495940
-4.820277 -1.724723 0.504231
-4.796191 -1.986647 0.511304
-4.741081 -2.242364 0.516550
-4.651907 -2.486496 0.519517
-4.528060 -2.714015 0.519949
-4.371372 -2.920857 0.517809
-4.185867 -3.104450 0.513282
-3.977286 -3.264074 0.506757
-3.752447 -3.401020 0.498796
-3.518509 -3.518509 0.490086
-3.282232 -3.621385 0.481375
-3.049311 -3.715596 0.473414
-2.823858 -3.807532 0.466889
-2.608093 -3.903287 0.462362
-2.402257 -4.007924 0.460223
-2.204772 -4.124839 0.460655
-2.012599 -4.255282 0.463621
-1.821760 -4.398117 0.468867
-1.627954 -4.549825 0.475940
-1.427180 -4.704783 0.484232
-1.216307 -4.855770 0.493027
-0.993501 -4.994665 0.501569
-0.758480 -5.113257 0.509122
-0.512556 -5.204069 0.515036
-0.258463 -5.261132 0.518801
-0.000000 -5.280596 0.520093
0.258463 -5.261132 0.518801
0.512556 -5.204069 0.515036
0.758480 -5.113257 0.509122
0.993501 -4.994665 0.501569
1.216307 -4.855770 0.493027
1.427180 -4.704783 0.484232
1.627954 -4.549825 0.475940
1.821760 -4.398117 0.468867
2.012599 -4.255282 0.463621
2.204772 -4.124839 0.460655
2.402257 -4.007924 0.460223
2.608093 -3.903287 0.462362
2.823858 -3.807532 0.466889
3.049311 -3.715596 0.473414
3.282232 -3.621385 0.481375
3.518509 -3.518509 0.490086
3.752447 -3.401020 0.498796
3.977286 -3.264074 0.506757
4.185867 -3.104450 0.513282
4.371372 -2.920857 0.517809
4.528060 -2.714015 0.519949
4.651907 -2.486496 0.519517
4.741081 -2.242364 0.516550
4.796191 -1.986647 0.511304
4.820277 -1.724723 0.504231
4.818541 -1.461689 0.495940
4.797833 -1.201795 0.487144
4.765960 -0.948008 0.478602
4.730877 -0.701759 0.471049
4.699857 -0.462896 0.465135
4.678728 -0.229851 0.461370
4.838093 0.000000 0.237680
4.838970 0.237723 0.238010
4.840941 0.476791 0.238971
4.842103 0.718258 0.240480
4.839511 0.962639 0.242408
4.829493 1.209725 0.244588
4.808040 1.458503 0.246832
4.771237 1.707176 0.248948
4.715670 1.953294 0.250753
4.638780 2.193980 0.252092
4.539131 2.426216 0.252849
4.416540 2.647172 0.252960
4.272087 2.854517 0.252414
4.107987 3.046691 0.251258
3.927343 3.223087 0.249593
3.733822 3.384139 0.247561
3.531275 3.531275 0.245338
3.323362 3.666764 0.243115
3.113204 3.793450 0.241084
2.903127 3.914414 0.239419
2.694493 4.032594 0.238263
2.487663 4.150415 0.237717
2.282073 4.269459 0.237827
2.076421 4.390224 0.238585
1.868930 4.511997 0.239923
1.657664 4.632862 0.241728
1.440847 4.749836 0.243844
1.217150 4.859135 0.246089
0.985915 4.956527 0.248269
0.747279 5.037747 0.250197
0.502200 5.098919 0.251706
0.252362 5.136954 0.252667
0.000000 5.149862 0.252996
-0.252362 5.136954 0.252667
-0.502200 5.098919 0.251706
-0.747279 5.037747 0.250197
-0.985915 4.956527 0.248269
-1.217150 4.859135 0.246089
-1.440847 4.749836 0.243844
-1.657664 4.632862 0.241728
-1.868930 4.511997 0.239923
-2.076421 4.390224 0.238585
-2.282073 4.269459 0.237827
-2.487663 4.150415 0.237717
-2.694493 4.032594 0.238263
-2.903127 3.914414 0.239419
-3.113204 3.793450 0.241084
-3.323362 3.666764 0.243115
-3.531275 3.531275 0.245338
-3.733822 3.384139 0.247561
-3.927343 3.223087 0.249593
-4.107987 3.046691 0.251258
-4.272087 2.854517 0.252414
-4.416540 2.647172 0.252960
-4.539131 2.426216 0.252849
-4.638780 2.193980 0.252092
-4.715670 1.953294 0.250753
-4.771237 1.707176 0.248948
-4.808040 1.458503 0.246832
-4.829493 1.209725 0.244588
-4.839511 0.962639 0.242408
-4.842103 0.718258 0.240480
-4.840941 0.476791 0.238971
-4.838970 0.237723 0.238010
-4.838093 0.000000 0.237680
-4.838970 -0.237723 0.238010
-4.840941 -0.476791 0.238971
-4.842103 -0.718258 0.240480
-4.839511 -0.962639 0.242408
-4.829493 -1.209725 0.244588
-4.808040 -1.458503 0.246832
-4.771237 -1.707176 0.248948
-4.715670 -1.953294 0.250753
-4.638780 -2.193980 0.252092
-4.539131 -2.426216 0.252849
-4.416540 -2.647172 0.252960
-4.272087 -2.854517 0.252414
-4.107987 -3.046691 0.251258
-3.927343 -3.223087 0.249593
-3.733822 -3.384139 0.247561
-3.531275 -3.531275 0.245338
-3.323362 -3.666764 0.243115
-3.113204 -3.793450 0.241084
-2.903127 -3.914414 0.239419
-2.694493 -4.032594 0.238263
-2.487663 -4.150415 0.237717
-2.282073 -4.269459 0.237827
-2.076421 -4.390224 0.238585
-1.868930 -4.511997 0.239923
-1.657664 -4.632862 0.241728
-1.440847 -4.749836 0.243844
-1.217150 -4.859135 0.246089
-0.985915 -4.956527 0.248269
-0.747279 -5.037747 0.250197
-0.502200 -5.098919 0.251706
-0.252362 -5.136954 0.252667
-0.000000 -5.149862 0.252996
0.252362 -5.136954 0.252667
0.502200 -5.098919 0.251706
0.747279 -5.037747 0.250197
0.985915 -4.956527 0.248269
1.217150 -4.859135 0.246089
1.440847 -4.749836 0.243844
1.657664 -4.632862 0.241728
1.868930 -4.511997 0.239923
2.076421 -4.390224 0.238585
2.282073 -4.269459 0.237827
2.487663 -4.150415 0.237717
2.694493 -4.032594 0.238263
2.903127 -3.914414 0.239419
3.113204 -3.793450 0.241084
3.323362 -3.666764 0.243115
3.531275 -3.531275 0.245338
3.733822 -3.384139 0.247561
3.927343 -3.223087 0.249593
4.107987 -3.046691 0.251258
4.272087 -2.854517 0.252414
4.416540 -2.647172 0.252960
4.539131 -2.426216 0.252849
4.638780 -2.193980 0.252092
4.715670 -1.953294 0.250753
4.771237 -1.707176 0.248948
4.808040 -1.458503 0.246832
4.829493 -1.209725 0.244588
4.839511 -0.962639 0.242408
4.842103 -0.718258 0.240480
4.840941 -0.476791 0.238971
4.838970 -0.237723 0.238010
5.000000 0.000000 0.000000
4.993977 0.245338 0.000000
4.975924 0.490086 0.000000
4.945883 0.733652 0.000000
4.903926 0.975452 0.000000
4.850156 1.214901 0.000000
4.784702 1.451423 0.000000
4.707720 1.684449 0.000000
4.619398 1.913417 0.000000
4.519946 2.137775 0.000000
4.409606 2.356984 0.000000
4.288643 2.570514 0.000000
4.157348 2.777851 0.000000
4.016038 2.978497 0.000000
3.865052 3.171966 0.000000
3.704756 3.357795 0.000000
3.535534 3.535534 0.000000
3.357795 3.704756 0.000000
3.171966 3.865052 0.000000
2.978497 4.016038 0.000000
2.777851 4.157348 0.000000
2.570514 4.288643 0.000000
2.356984 4.409606 0.000000
2.137775 4.519946 0.000000
1.913417 4.619398 0.000000
1.684449 4.707720 0.000000
1.451423 4.784702 0.000000
1.214901 4.850156 0.000000
0.975452 4.903926 0.000000
0.733652 4.945883 0.000000
0.490086 4.975924 0.000000
0.245338 4.993977 0.000000
0.000000 5.000000 0.000000
-0.245338 4.993977 0.000000
-0.490086 4.975924 0.000000
-0.733652 4.945883 0.000000
-0.975452 4.903926 0.000000
-1.214901 4.850156 0.000000
-1.451423 4.784702 0.000000
-1.684449 4.707720 0.000000
-1.913417 4.619398 0.000000
-2.137775 4.519946 0.000000
-2.356984 4.409606 0.000000
-2.570514 4.288643 0.000000
-2.777851 4.157348 0.000000
-2.978497 4.016038 0.000000
-3.171966 3.865052 0.000000
-3.357795 3.704756 0.000000
-3.535534 3.535534 0.000000
-3.704756 3.357795 0.000000
-3.865052 3.171966 0.000000
-4.016038 2.978497 0.000000
-4.157348 2.777851 0.000000
-4.288643 2.570514 0.000000
-4.409606 2.356984 0.000000
-4.519946 2.137775 0.000000
-4.619398 1.913417 0.000000
-4.707720 1.684449 0.000000
-4.784702 1.451423 0.000000
-4.850156 1.214901 0.000000
-4.903926 0.975452 0.000000
-4.945883 0.733652 0.000000
-4.975924 0.490086 0.000000
-4.993977 0.245338 0.000000
-5.000000 0.000000 0.000000
-4.993977 -0.245338 0.000000
-4.975924 -0.490086 0.000000
-4.945883 -0.733652 0.000000
-4.903926 -0.975452 0.000000
-4.850156 -1.214901 0.000000
-4.784702 -1.451423 0.000000
-4.707720 -1.684449 0.000000
-4.619398 -1.913417 0.000000
-4.519946 -2.137775 0.000000
-4.409606 -2.356984 0.000000
-4.288643 -2.570514 0.000000
-4.157348 -2.777851 0.000000
-4.016038 -2.978497 0.000000
-3.865052 -3.171966 0.000000
-3.704756 -3.357795 0.000000
-3.535534 -3.535534 0.000000
-3.357795 -3.704756 0.000000
-3.171966 -3.865052 0.000000
-2.978497 -4.016038 0.000000
-2.777851 -4.157348 0.000000
-2.570514 -4.288643 0.000000
-2.356984 -4.409606 0.000000
-2.137775 -4.519946 0.000000
-1.913417 -4.619398 0.000000
-1.684449 -4.707720 0.000000
-1.451423 -4.784702 0.000000
-1.214901 -4.850156 0.000000
-0.975452 -4.903926 0.000000
-0.733652 -4.945883 0.000000
-0.490086 -4.975924 0.000000
-0.245338 -4.993977 0.000000
-0.000000 -5.000000 0.000000
0.245338 -4.993977 0.000000
0.490086 -4.975924 0.000000
0.733652 -4.945883 0.000000
0.975452 -4.903926 0.000000
1.214901 -4.850156 0.000000
1.451423 -4.784702 0.000000
1.684449 -4.707720 0.000000
1.913417 -4.619398 0.000000
2.137775 -4.519946 0.000000
2.356984 -4.409606 0.000000
2.570514 -4.288643 0.000000
2.777851 -4.157348 0.000000
2.978497 -4.016038 0.000000
3.171966 -3.865052 0.000000
3.357795 -3.704756 0.000000
3.535534 -3.535534 0.000000
3.704756 -3.357795 0.000000
3.865052 -3.171966 0.000000
4.016038 -2.978497 0.000000
4.157348 -2.777851 0.000000
4.288643 -2.570514 0.000000
4.409606 -2.356984 0.000000
4.519946 -2.137775 0.000000
4.619398 -1.913417 0.000000
4.707720 -1.684449 0.000000
4.784702 -1.451423 0.000000
4.850156 -1.214901 0.000000
4.903926 -0.975452 0.000000
4.945883 -0.733652 0.000000
4.975924 -0.490086 0.000000
4.993977 -0.245338 0.000000
5.149862 0.000000 -0.252996
5.136954 0.252362 -0.252667
5.098919 0.502200 -0.251706
5.037747 0.747279 -0.250197
4.956527 0.985915 -0.248269
4.859135 1.217150 -0.246089
4.749836 1.440847 -0.243844
4.632862 1.657664 -0.241728
4.511997 1.868930 -0.239923
4.390224 2.076421 -0.238585
4.269459 2.282073 -0.237827
4.150415 2.487663 -0.237717
4.032594 2.694493 -0.238263
3.914414 2.903127 -0.239419
3.793450 3.113204 -0.241084
3.666764 3.323362 -0.243115
3.531275 3.531275 -0.245338
3.384139 3.733822 -0.247561
3.223087 3.927343 -0.249593
3.046691 4.107987 -0.251258
2.854517 4.272087 -0.252414
2.647172 4.416540 -0.252960
2.426216 4.539131 -0.252849
2.193980 4.638780 -0.252092
1.953294 4.715670 -0.250753
1.707176 4.771237 -0.248948
1.458503 4.808040 -0.246832
1.209725 4.829493 -0.244588
0.962639 4.839511 -0.242408
0.718258 4.842103 -0.240480
0.476791 4.840941 -0.238971
0.237723 4.838970 -0.238010
0.000000 4.838093 -0.237680
-0.237723 4.838970 -0.238010
-0.476791 4.840941 -0.238971
-0.718258 4.842103 -0.240480
-0.962639 4.839511 -0.242408
-1.209725 4.829493 -0.244588
-1.458503 4.808040 -0.246832
-1.707176 4.771237 -0.248948
-1.953294 4.715670 -0.250753
-2.193980 4.638780 -0.252092
-2.426216 4.539131 -0.252849
-2.647172 4.416540 -0.252960
-2.854517 4.272087 -0.252414
-3.046691 4.107987 -0.251258
-3.223087 3.927343 -0.249593
-3.384139 3.733822 -0.247561
-3.531275 3.531275 -0.245338
-3.666764 3.323362 -0.243115
-3.793450 3.113204 -0.241084
-3.914414 2.903127 -0.239419
-4.032594 2.694493 -0.238263
-4.150415 2.487663 -0.237717
-4.269459 2.282073 -0.237827
-4.390224 2.076421 -0.238585
-4.511997 1.868930 -0.239923
-4.632862 1.657664 -0.241728
-4.749836 1.440847 -0.243844
-4.859135 1.217150 -0.246089
-4.956527 0.985915 -0.248269
-5.037747 0.747279 -0.250197
-5.098919 0.502200 -0.251706
-5.136954 0.252362 -0.252667
-5.149862 0.000000 -0.252996
-5.136954 -0.252362 -0.252667
-5.098919 -0.502200 -0.251706
-5.037747 -0.747279 -0.250197
-4.956527 -0.985915 -0.248269
-4.859135 -1.217150 -0.246089
-4.749836 -1.440847 -0.243844
-4.632862 -1.657664 -0.241728
-4.511997 -1.868930 -0.239923
-4.390224 -2.076421 -0.238585
-4.269459 -2.282073 -0.237827
-4.150415 -2.487663 -0.237717
-4.032594 -2.694493 -0.238263
-3.914414 -2.903127 -0.239419
-3.793450 -3.113204 -0.241084
-3.666764 -3.323362 -0.243115
-3.531275 -3.531275 -0.245338
-3.384139 -3.733822 -0.247561
-3.223087 -3.927343 -0.249593
-3.046691 -4.107987 -0.251258
-2.854517 -4.272087 -0.252414
-2.647172 -4.416540 -0.252960
-2.426216 -4.539131 -0.252849
-2.193980 -4.638780 -0.252092
-1.953294 -4.715670 -0.250753
-1.707176 -4.771237 -0.248948
-1.458503 -4.808040 -0.246832
-1.209725 -4.829493 -0.244588
-0.962639 -4.839511 -0.242408
-0.718258 -4.842103 -0.240480
-0.476791 -4.840941 -0.238971
-0.237723 -4.838970 -0.238010
-0.000000 -4.838093 -0.237680
0.237723 -4.838970 -0.238010
0.476791 -4.840941 -0.238971
0.718258 -4.842103 -0.240480
0.962639 -4.839511 -0.242408
1.209725 -4.829493 -0.244588
1.458503 -4.808040 -0.246832
1.707176 -4.771237 -0.248948
1.953294 -4.715670 -0.250753
2.193980 -4.638780 -0.252092
2.426216 -4.539131 -0.252849
2.647172 -4.416540 -0.252960
2.854517 -4.272087 -0.252414
3.046691 -4.107987 -0.251258
3.223087 -3.927343 -0.249593
3.384139 -3.733822 -0.247561
3.531275 -3.531275 -0.245338
3.666764 -3.323362 -0.243115
3.793450 -3.113204 -0.241084
3.914414 -2.903127 -0.239419
4.032594 -2.694493 -0.238263
4.150415 -2.487663 -0.237717
4.269459 -2.282073 -0.237827
4.390224 -2.076421 -0.238585
4.511997 -1.868930 -0.239923
4.632862 -1.657664 -0.241728
4.749836 -1.440847 -0.243844
4.859135 -1.217150 -0.246089
4.956527 -0.985915 -0.248269
5.037747 -0.747279 -0.250197
5.098919 -0.502200 -0.251706
5.136954 -0.252362 -0.252667
5.280596 0.000000 -0.520093
5.261132 0.258463 -0.518801
5.204069 0.512556 -0.515036
5.113257 0.758480 -0.509122
4.994665 0.993501 -0.501569
4.855770 1.216307 -0.493027
4.704783 1.427180 -0.484232
4.549825 1.627954 -0.475940
4.398117 1.821760 -0.468867
4.255282 2.012599 -0.463621
4.124839 2.204772 -0.460655
4.007924 2.402257 -0.460223
3.903287 2.608093 -0.462362
3.807532 2.823858 -0.466889
3.715596 3.049311 -0.473414
3.621385 3.282232 -0.481375
3.518509 3.518509 -0.490086
3.401020 3.752447 -0.498796
3.264074 3.977286 -0.506757
3.104450 4.185867 -0.513282
2.920857 4.371372 -0.517809
2.714015 4.528060 -0.519949
2.486496 4.651907 -0.519517
2.242364 4.741081 -0.516550
1.986647 4.796191 -0.511304
1.724723 4.820277 -0.504231
1.461689 4.818541 -0.495940
1.201795 4.797833 -0.487144
0.948008 4.765960 -0.478602
0.701759 4.730877 -0.471049
0.462896 4.699857 -0.465135
0.229851 4.678728 -0.461370
0.000000 4.671251 -0.460078
-0.229851 4.678728 -0.461370
-0.462896 4.699857 -0.465135
-0.701759 4.730877 -0.471049
-0.948008 4.765960 -0.478602
-1.201795 4.797833 -0.487144
-1.461689 4.818541 -0.495940
-1.724723 4.820277 -0.504231
-1.986647 4.796191 -0.511304
-2.242364 4.741081 -0.516550
-2.486496 4.651907 -0.519517
-2.714015 4.528060 -0.519949
-2.920857 4.371372 -0.517809
-3.104450 4.185867 -0.513282
-3.264074 3.977286 -0.506757
-3.401020 3.752447 -0.498796
-3.518509 3.518509 -0.490086
-3.621385 3.282232 -0.481375
-3.715596 3.049311 -0.473414
-3.807532 2.823858 -0.466889
-3.903287 2.608093 -0.462362
-4.007924 2.402257 -0.460223
-4.124839 2.204772 -0.460655
-4.255282 2.012599 -0.463621
-4.398117 1.821760 -0.468867
-4.549825 1.627954 -0.475940
-4.704783 1.427180 -0.484232
-4.855770 1.216307 -0.493027
-4.994665 0.993501 -0.501569
-5.113257 0.758480 -0.509122
-5.204069 0.512556 -0.515036
-5.261132 0.258463 -0.518801
-5.280596 0.000000 -0.520093
-5.261132 -0.258463 -0.518801
-5.204069 -0.512556 -0.515036
-5.113257 -0.758480 -0.509122
-4.994665 -0.993501 -0.501569
-4.855770 -1.216307 -0.493027
-4.704783 -1.427180 -0.484232
-4.549825 -1.627954 -0.475940
-4.398117 -1.821760 -0.468867
-4.255282 -2.012599 -0.463621
-4.124839 -2.204772 -0.460655
-4.007924 -2.402257 -0.460223
-3.903287 -2.608093 -0.462362
-3.807532 -2.823858 -0.466889
-3.715596 -3.049311 -0.473414
-3.621385 -3.282232 -0.481375
-3.518509 -3.518509 -0.490086
-3.401020 -3.752447 -0.498796
-3.264074 -3.977286 -0.506757
-3.104450 -4.185867 -0.513282
-2.920857 -4.371372 -0.517809
-2.714015 -4.528060 -0.519949
-2.486496 -4.651907 -0.519517
-2.242364 -4.741081 -0.516550
-1.986647 -4.796191 -0.511304
-1.724723 -4.820277 -0.504231
-1.461689 -4.818541 -0.495940
-1.201795 -4.797833 -0.487144
-0.948008 -4.765960 -0.478602
-0.701759 -4.730877 -0.471049
-0.462896 -4.699857 -0.465135
-0.229851 -4.678728 -0.461370
-0.000000 -4.671251 -0.460078
0.229851 -4.678728 -0.461370
0.462896 -4.699857 -0.465135
0.701759 -4.730877 -0.471049
0.948008 -4.765960 -0.478602
1.201795 -4.797833 -0.487144
1.461689 -4.818541 -0.495940
1.724723 -4.820277 -0.504231
1.986647 -4.796191 -0.511304
2.242364 -4.741081 -0.516550
2.486496 -4.651907 -0.519517
2.714015 -4.528060 -0.519949
2.920857 -4.371372 -0.517809
3.104450 -4.185867 -0.513282
3.264074 -3.977286 -0.506757
3.401020 -3.752447 -0.498796
3.518509 -3.518509 -0.490086
3.621385 -3.282232 -0.481375
3.715596 -3.049311 -0.473414
3.807532 -2.823858 -0.466889
3.903287 -2.608093 -0.462362
4.007924 -2.402257 -0.460223
4.124839 -2.204772 -0.460655
4.255282 -2.012599 -0.463621
4.398117 -1.821760 -0.468867
4.549825 -1.627954 -0.475940
4.704783 -1.427180 -0.484232
4.855770 -1.216307 -0.493027
4.994665 -0.993501 -0.501569
5.113257 -0.758480 -0.509122
5.204069 -0.512556 -0.515036
5.261132 -0.258463 -0.518801
5.385528 0.000000 -0.798868
5.360133 0.263326 -0.796059
5.285859 0.520612 -0.787877
5.168240 0.766636 -0.775024
5.015861 0.997717 -0.758609
4.839462 1.212222 -0.740045
4.650837 1.410816 -0.720930
4.461634 1.596398 -0.702910
4.282187 1.773740 -0.687538
4.120519 1.948860 -0.676138
3.981596 2.128208 -0.669690
3.866944 2.317757 -0.668751
3.774625 2.522124 -0.673401
3.699600 2.743810 -0.683240
3.634408 2.982682 -0.697421
3.570095 3.235746 -0.714721
3.497267 3.497267 -0.733652
3.407158 3.759219 -0.752583
3.292588 4.012030 -0.769884
3.148708 4.245541 -0.784064
2.973446 4.450077 -0.793903
2.767626 4.617506 -0.798554
2.534738 4.742162 -0.797615
2.280414 4.821531 -0.791167
2.011675 4.856612 -0.779767
1.736037 4.851899 -0.764395
1.460612 4.814992 -0.746375
1.191281 4.755859 -0.727260
0.932071 4.685836 -0.708696
0.684787 4.616461 -0.692280
0.448951 4.558275 -0.679428
0.222039 4.519717 -0.671245
0.000000 4.506237 -0.668437
-0.222039 4.519717 -0.671245
-0.448951 4.558275 -0.679428
-0.684787 4.616461 -0.692280
-0.932071 4.685836 -0.708696
-1.191281 4.755859 -0.727260
-1.460612 4.814992 -0.746375
-1.736037 4.851899 -0.764395
-2.011675 4.856612 -0.779767
-2.280414 4.821531 -0.791167
-2.534738 4.742162 -0.797615
-2.767626 4.617506 -0.798554
-2.973446 4.450077 -0.793903
-3.148708 4.245541 -0.784064
-3.292588 4.012030 -0.769884
-3.407158 3.759219 -0.752583
-3.497267 3.497267 -0.733652
-3.570095 3.235746 -0.714721
-3.634408 2.982682 -0.697421
-3.699600 2.743810 -0.683240
-3.774625 2.522124 -0.673401
-3.866944 2.317757 -0.668751
-3.981596 2.128208 -0.669690
-4.120519 1.948860 -0.676138
-4.282187 1.773740 -0.687538
-4.461634 1.596398 -0.702910
-4.650837 1.410816 -0.720930
-4.839462 1.212222 -0.740045
-5.015861 0.997717 -0.758609
-5.168240 0.766636 -0.775024
-5.285859 0.520612 -0.787877
-5.360133 0.263326 -0.796059
-5.385528 0.000000 -0.798868
-5.360133 -0.263326 -0.796059
-5.285859 -0.520612 -0.787877
-5.168240 -0.766636 -0.775024
-5.015861 -0.997717 -0.758609
-4.839462 -1.212222 -0.740045
-4.650837 -1.410816 -0.720930
-4.461634 -1.596398 -0.702910
-4.282187 -1.773740 -0.687538
-4.120519 -1.948860 -0.676138
-3.981596 -2.128208 -0.669690
-3.866944 -2.317757 -0.668751
-3.774625 -2.522124 -0.673401
-3.699600 -2.743810 -0.683240
-3.634408 -2.982682 -0.697421
-3.570095 -3.235746 -0.714721
-3.497267 -3.497267 -0.733652
-3.407158 -3.759219 -0.752583
-3.292588 -4.012030 -0.769884
-3.148708 -4.245541 -0.784064
-2.973446 -4.450077 -0.793903
-2.767626 -4.617506 -0.798554
-2.534738 -4.742162 -0.797615
-2.280414 -4.821531 -0.791167
-2.011675 -4.856612 -0.779767
-1.736037 -4.851899 -0.764395
-1.460612 -4.814992 -0.746375
-1.191281 -4.755859 -0.727260
-0.932071 -4.685836 -0.708696
-0.684787 -4.616461 -0.692280
-0.448951 -4.558275 -0.679428
-0.222039 -4.519717 -0.671245
-0.000000 -4.506237 -0.668437
0.222039 -4.519717 -0.671245
0.448951 -4.558275 -0.679428
0.684787 -4.616461 -0.692280
0.932071 -4.685836 -0.708696
1.191281 -4.755859 -0.727260
1.460612 -4.814992 -0.746375
1.736037 -4.851899 -0.764395
2.011675 -4.856612 -0.779767
2.280414 -4.821531 -0.791167
2.534738 -4.742162 -0.797615
2.767626 -4.617506 -0.798554
2.973446 -4.450077 -0.793903
3.148708 -4.245541 -0.784064
3.292588 -4.012030 -0.769884
3.407158 -3.759219 -0.752583
3.497267 -3.497267 -0.733652
3.570095 -3.235746 -0.714721
3.634408 -2.982682 -0.697421
3.699600 -2.743810 -0.683240
3.774625 -2.522124 -0.673401
3.866944 -2.317757 -0.668751
3.981596 -2.128208 -0.669690
4.120519 -1.948860 -0.676138
4.282187 -1.773740 -0.687538
4.461634 -1.596398 -0.702910
4.650837 -1.410816 -0.720930
4.839462 -1.212222 -0.740045
5.015861 -0.997717 -0.758609
5.168240 -0.766636 -0.775024
5.285859 -0.520612 -0.787877
5.360133 -0.263326 -0.796059
5.458742 0.000000 -1.085811
5.428306 0.266676 -1.081059
5.339404 0.525885 -1.067212
5.199011 0.771200 -1.045463
5.017938 0.998130 -1.017684
4.809714 1.204771 -0.986269
4.589187 1.392115 -0.953921
4.371013 1.563973 -0.923428
4.168186 1.726519 -0.897415
3.990771 1.887494 -0.878123
3.844975 2.055182 -0.867212
3.732648 2.237263 -0.865623
3.651269 2.439700 -0.873492
3.594392 2.665783 -0.890142
3.552514 2.915473 -0.914139
3.514236 3.185118 -0.943416
3.467600 3.467600 -0.975452
3.401433 3.752903 -1.007487
3.306563 4.029059 -1.036764
3.176748 4.283349 -1.060761
3.009251 4.503663 -1.077411
2.804981 4.679828 -1.085280
2.568208 4.804779 -1.083691
2.305903 4.875423 -1.072780
2.026783 4.893088 -1.053488
1.740193 4.863513 -1.027475
1.454955 4.796343 -0.996982
1.178343 4.704210 -0.964634
0.915287 4.601460 -0.933219
0.667911 4.502687 -0.905440
0.435452 4.421221 -0.883691
0.214573 4.367733 -0.869844
0.000000 4.349110 -0.865092
-0.214573 4.367733 -0.869844
-0.435452 4.421221 -0.883691
-0.667911 4.502687 -0.905440
-0.915287 4.601460 -0.933219
-1.178343 4.704210 -0.964634
-1.454955 4.796343 -0.996982
-1.740193 4.863513 -1.027475
-2.026783 4.893088 -1.053488
-2.305903 4.875423 -1.072780
-2.568208 4.804779 -1.083691
-2.804981 4.679828 -1.085280
-3.009251 4.503663 -1.077411
-3.176748 4.283349 -1.060761
-3.306563 4.029059 -1.036764
-3.401433 3.752903 -1.007487
-3.467600 3.467600 -0.975452
-3.514236 3.185118 -0.943416
-3.552514 2.915473 -0.914139
-3.594392 2.665783 -0.890142
-3.651269 2.439700 -0.873492
-3.732648 2.237263 -0.865623
-3.844975 2.055182 -0.867212
-3.990771 1.887494 -0.878123
-4.168186 1.726519 -0.897415
-4.371013 1.563973 -0.923428
-4.589187 1.392115 -0.953921
-4.809714 1.204771 -0.986269
-5.017938 0.998130 -1.017684
-5.199011 0.771200 -1.045463
-5.339404 0.525885 -1.067212
-5.428306 0.266676 -1.081059
-5.458742 0.000000 -1.085811
-5.428306 -0.266676 -1.081059
-5.339404 -0.525885 -1.067212
-5.199011 -0.771200 -1.045463
-5.017938 -0.998130 -1.017684
-4.809714 -1.204771 -0.986269
-4.589187 -1.392115 -0.953921
-4.371013 -1.563973 -0.923428
-4.168186 -1.726519 -0.897415
-3.990771 -1.887494 -0.878123
-3.844975 -2.055182 -0.867212
-3.732648 -2.237263 -0.865623
-3.651269 -2.439700 -0.873492
-3.594392 -2.665783 -0.890142
-3.552514 -2.915473 -0.914139
-3.514236 -3.185118 -0.943416
-3.467600 -3.467600 -0.975452
-3.401433 -3.752903 -1.007487
-3.306563 -4.029059 -1.036764
-3.176748 -4.283349 -1.060761
-3.009251 -4.503663 -1.077411
-2.804981 -4.679828 -1.085280
-2.568208 -4.804779 -1.083691
-2.305903 -4.875423 -1.072780
-2.026783 -4.893088 -1.053488
-1.740193 -4.863513 -1.027475
-1.454955 -4.796343 -0.996982
-1.178343 -4.704210 -0.964634
-0.915287 -4.601460 -0.933219
-0.667911 -4.502687 -0.905440
-0.435452 -4.421221 -0.883691
-0.214573 -4.367733 -0.869844
-0.000000 -4.349110 -0.865092
0.214573 -4.367733 -0.869844
0.435452 -4.421221 -0.883691
0.667911 -4.502687 -0.905440
0.915287 -4.601460 -0.933219
1.178343 -4.704210 -0.964634
1.454955 -4.796343 -0.996982
1.740193 -4.863513 -1.027475
2.026783 -4.893088 -1.053488
2.305903 -4.875423 -1.072780
2.568208 -4.804779 -1.083691
2.804981 -4.679828 -1.085280
3.009251 -4.503663 -1.077411
3.176748 -4.283349 -1.060761
3.306563 -4.029059 -1.036764
3.401433 -3.752903 -1.007487
3.467600 -3.467600 -0.975452
3.514236 -3.185118 -0.943416
3.552514 -2.915473 -0.914139
3.594392 -2.665783 -0.890142
3.651269 -2.439700 -0.873492
3.732648 -2.237263 -0.865623
3.844975 -2.055182 -0.867212
3.990771 -1.887494 -0.878123
4.168186 -1.726519 -0.897415
4.371013 -1.563973 -0.923428
4.589187 -1.392115 -0.953921
4.809714 -1.204771 -0.986269
5.017938 -0.998130 -1.017684
5.199011 -0.771200 -1.045463
5.339404 -0.525885 -1.067212
5.428306 -0.266676 -1.081059
5.495397 0.000000 -1.376525
5.461028 0.268283 -1.369566
5.360717 0.527984 -1.349287
5.202567 0.771728 -1.317434
4.999140 0.994391 -1.276752
4.766152 1.193859 -1.230743
4.520850 1.371385 -1.183370
4.280251 1.531498 -1.138712
4.059436 1.681473 -1.100615
3.870072 1.830408 -1.072361
3.719338 1.988028 -1.056382
3.609341 2.163356 -1.054055
3.537098 2.363413 -1.065579
3.495060 2.592113 -1.089963
3.472115 2.849491 -1.125107
3.454946 3.131380 -1.167984
3.429578 3.429578 -1.214901
3.382951 3.732512 -1.261818
3.304322 4.026328 -1.304695
3.186357 4.296304 -1.339838
3.025792 4.528417 -1.364222
2.823602 4.710895 -1.375747
2.584668 4.835574 -1.373420
2.317010 4.898906 -1.357441
2.030675 4.902484 -1.329187
1.736438 4.853020 -1.291090
1.444467 4.761770 -1.246432
1.163125 4.643454 -1.199059
0.898046 4.514783 -1.153050
0.651604 4.392754 -1.112367
0.422812 4.292886 -1.080515
0.207689 4.227600 -1.060236
0.000000 4.204915 -1.053276
-0.207689 4.227600 -1.060236
-0.422812 4.292886 -1.080515
-0.651604 4.392754 -1.112367
-0.898046 4.514783 -1.153050
-1.163125 4.643454 -1.199059
-1.444467 4.761770 -1.246432
-1.736438 4.853020 -1.291090
-2.030675 4.902484 -1.329187
-2.317010 4.898906 -1.357441
-2.584668 4.835574 -1.373420
-2.823602 4.710895 -1.375747
-3.025792 4.528417 -1.364222
-3.186357 4.296304 -1.339838
-3.304322 4.026328 -1.304695
-3.382951 3.732512 -1.261818
-3.429578 3.429578 -1.214901
-3.454946 3.131380 -1.167984
-3.472115 2.849491 -1.125107
-3.495060 2.592113 -1.089963
-3.537098 2.363413 -1.065579
-3.609341 2.163356 -1.054055
-3.719338 1.988028 -1.056382
-3.870072 1.830408 -1.072361
-4.059436 1.681473 -1.100615
-4.280251 1.531498 -1.138712
-4.520850 1.371385 -1.183370
-4.766152 1.193859 -1.230743
-4.999140 0.994391 -1.276752
-5.202567 0.771728 -1.317434
-5.360717 0.527984 -1.349287
-5.461028 0.268283 -1.369566
-5.495397 0.000000 -1.376525
-5.461028 -0.268283 -1.369566
-5.360717 -0.527984 -1.349287
-5.202567 -0.771728 -1.317434
-4.999140 -0.994391 -1.276752
-4.766152 -1.193859 -1.230743
-4.520850 -1.371385 -1.183370
-4.280251 -1.531498 -1.138712
-4.059436 -1.681473 -1.100615
-3.870072 -1.830408 -1.072361
-3.719338 -1.988028 -1.056382
-3.609341 -2.163356 -1.054055
-3.537098 -2.363413 -1.065579
-3.495060 -2.592113 -1.089963
-3.472115 -2.849491 -1.125107
-3.454946 -3.131380 -1.167984
-3.429578 -3.429578 -1.214901
-3.382951 -3.732512 -1.261818
-3.304322 -4.026328 -1.304695
-3.186357 -4.296304 -1.339838
-3.025792 -4.528417 -1.364222
-2.823602 -4.710895 -1.375747
-2.584668 -4.835574 -1.373420
-2.317010 -4.898906 -1.357441
-2.030675 -4.902484 -1.329187
-1.736438 -4.853020 -1.291090
-1.444467 -4.761770 -1.246432
-1.163125 -4.643454 -1.199059
-0.898046 -4.514783 -1.153050
-0.651604 -4.392754 -1.112367
-0.422812 -4.292886 -1.080515
-0.207689 -4.227600 -1.060236
-0.000000 -4.204915 -1.053276
0.207689 -4.227600 -1.060236
0.422812 -4.292886 -1.080515
0.651604 -4.392754 -1.112367
0.898046 -4.514783 -1.153050
1.163125 -4.643454 -1.199059
1.444467 -4.761770 -1.246432
1.736438 -4.853020 -1.291090
2.030675 -4.902484 -1.329187
2.317010 -4.898906 -1.357441
2.584668 -4.835574 -1.373420
2.823602 -4.710895 -1.375747
3.025792 -4.528417 -1.364222
3.186357 -4.296304 -1.339838
3.304322 -4.026328 -1.304695
3.382951 -3.732512 -1.261818
3.429578 -3.429578 -1.214901
3.454946 -3.131380 -1.167984
3.472115 -2.849491 -1.125107
3.495060 -2.592113 -1.089963
3.537098 -2.363413 -1.065579
3.609341 -2.163356 -1.054055
3.719338 -1.988028 -1.056382
3.870072 -1.830408 -1.072361
4.059436 -1.681473 -1.100615
4.280251 -1.531498 -1.138712
4.520850 -1.371385 -1.183370
4.766152 -1.193859 -1.230743
4.999140 -0.994391 -1.276752
5.202567 -0.771728 -1.317434
5.360717 -0.527984 -1.349287
5.461028 -0.268283 -1.369566
5.491980 0.000000 -1.665974
5.454946 0.267984 -1.656735
5.346910 0.526625 -1.629816
5.176751 0.767898 -1.587533
4.958228 0.986253 -1.533528
4.708558 1.179432 -1.472453
4.446632 1.348871 -1.409567
4.191089 1.499595 -1.350285
3.958436 1.639638 -1.299713
3.761443 1.779030 -1.262207
3.607952 1.928491 -1.240995
3.500244 2.097966 -1.237906
3.435019 2.295206 -1.253205
3.403968 2.524555 -1.285574
3.394876 2.786102 -1.332226
3.393104 3.075330 -1.389143
3.383295 3.383295 -1.451423
3.351088 3.697356 -1.513704
3.284663 4.002373 -1.570621
3.175932 4.282249 -1.617273
3.021269 4.521649 -1.649642
2.821691 4.707707 -1.664941
2.582495 4.831508 -1.661851
2.312417 4.889195 -1.640640
2.022414 4.882540 -1.603133
1.724239 4.818926 -1.552562
1.428980 4.710716 -1.493280
1.145743 4.574062 -1.430394
0.880645 4.427302 -1.369318
0.636225 4.289078 -1.315314
0.411341 4.176414 -1.273031
0.201564 4.102931 -1.246111
0.000000 4.077424 -1.236873
-0.201564 4.102931 -1.246111
-0.411341 4.176414 -1.273031
-0.636225 4.289078 -1.315314
-0.880645 4.427302 -1.369318
-1.145743 4.574062 -1.430394
-1.428980 4.710716 -1.493280
-1.724239 4.818926 -1.552562
-2.022414 4.882540 -1.603133
-2.312417 4.889195 -1.640640
-2.582495 4.831508 -1.661851
-2.821691 4.707707 -1.664941
-3.021269 4.521649 -1.649642
-3.175932 4.282249 -1.617273
-3.284663 4.002373 -1.570621
-3.351088 3.697356 -1.513704
-3.383295 3.383295 -1.451423
-3.393104 3.075330 -1.389143
-3.394876 2.786102 -1.332226
-3.403968 2.524555 -1.285574
-3.435019 2.295206 -1.253205
-3.500244 2.097966 -1.237906
-3.607952 1.928491 -1.240995
-3.761443 1.779030 -1.262207
-3.958436 1.639638 -1.299713
-4.191089 1.499595 -1.350285
-4.446632 1.348871 -1.409567
-4.708558 1.179432 -1.472453
-4.958228 0.986253 -1.533528
-5.176751 0.767898 -1.587533
-5.346910 0.526625 -1.629816
-5.454946 0.267984 -1.656735
-5.491980 0.000000 -1.665974
-5.454946 -0.267984 -1.656735
-5.346910 -0.526625 -1.629816
-5.176751 -0.767898 -1.587533
-4.958228 -0.986253 -1.533528
-4.708558 -1.179432 -1.472453
-4.446632 -1.348871 -1.409567
-4.191089 -1.499595 -1.350285
-3.958436 -1.639638 -1.299713
-3.761443 -1.779030 -1.262207
-3.607952 -1.928491 -1.240995
-3.500244 -2.097966 -1.237906
-3.435019 -2.295206 -1.253205
-3.403968 -2.524555 -1.285574
-3.394876 -2.786102 -1.332226
-3.393104 -3.075330 -1.389143
-3.383295 -3.383295 -1.451423
-3.351088 -3.697356 -1.513704
-3.284663 -4.002373 -1.570621
-3.175932 -4.282249 -1.617273
-3.021269 -4.521649 -1.649642
-2.821691 -4.707707 -1.664941
-2.582495 -4.831508 -1.661851
-2.312417 -4.889195 -1.640640
-2.022414 -4.882540 -1.603133
-1.724239 -4.818926 -1.552562
-1.428980 -4.710716 -1.493280
-1.145743 -4.574062 -1.430394
-0.880645 -4.427302 -1.369318
-0.636225 -4.289078 -1.315314
-0.411341 -4.176414 -1.273031
-0.201564 -4.102931 -1.246111
-0.000000 -4.077424 -1.236873
0.201564 -4.102931 -1.246111
0.411341 -4.176414 -1.273031
0.636225 -4.289078 -1.315314
0.880645 -4.427302 -1.369318
1.145743 -4.574062 -1.430394
1.428980 -4.710716 -1.493280
1.724239 -4.818926 -1.552562
2.022414 -4.882540 -1.603133
2.312417 -4.889195 -1.640640
2.582495 -4.831508 -1.661851
2.821691 -4.707707 -1.664941
3.021269 -4.521649 -1.649642
3.175932 -4.282249 -1.617273
3.284663 -4.002373 -1.570621
3.351088 -3.697356 -1.513704
3.383295 -3.383295 -1.451423
3.393104 -3.075330 -1.389143
3.394876 -2.786102 -1.332226
3.403968 -2.524555 -1.285574
3.435019 -2.295206 -1.253205
3.500244 -2.097966 -1.237906
3.607952 -1.928491 -1.240995
3.761443 -1.779030 -1.262207
3.958436 -1.639638 -1.299713
4.191089 -1.499595 -1.350285
4.446632 -1.348871 -1.409567
4.708558 -1.179432 -1.472453
4.958228 -0.986253 -1.533528
5.176751 -0.767898 -1.587533
5.346910 -0.526625 -1.629816
5.454946 -0.267984 -1.656735
5.446482 0.000000 -1.948783
5.408149 0.265685 -1.937400
5.296352 0.521645 -1.904234
5.120359 0.759534 -1.852141
4.894543 0.973585 -1.785605
4.636877 1.161477 -1.710358
4.367088 1.324742 -1.632880
4.104633 1.468661 -1.559843
3.866747 1.601659 -1.497537
3.666753 1.734245 -1.451328
3.512828 1.877646 -1.425195
3.407340 2.042281 -1.421389
3.346826 2.236278 -1.440237
3.322588 2.464199 -1.480117
3.321847 2.726169 -1.537594
3.329293 3.017495 -1.607717
3.328861 3.328861 -1.684449
3.305528 3.647089 -1.761181
3.246923 3.956387 -1.831305
3.144572 4.239965 -1.888782
2.994661 4.481827 -1.928661
2.798223 4.668553 -1.947510
2.560762 4.790850 -1.943703
2.291375 4.844705 -1.917570
2.001474 4.831986 -1.871361
1.703305 4.760419 -1.809055
1.408416 4.642927 -1.736018
1.126288 4.496395 -1.658540
0.863276 4.339983 -1.583293
0.621998 4.193173 -1.516758
0.401229 4.073751 -1.464664
0.196308 3.995950 -1.431498
0.000000 3.968958 -1.420116
-0.196308 3.995950 -1.431498
-0.401229 4.073751 -1.464664
-0.621998 4.193173 -1.516758
-0.863276 4.339983 -1.583293
-1.126288 4.496395 -1.658540
-1.408416 4.642927 -1.736018
-1.703305 4.760419 -1.809055
-2.001474 4.831986 -1.871361
-2.291375 4.844705 -1.917570
-2.560762 4.790850 -1.943703
-2.798223 4.668553 -1.947510
-2.994661 4.481827 -1.928661
-3.144572 4.239965 -1.888782
-3.246923 3.956387 -1.831305
-3.305528 3.647089 -1.761181
-3.328861 3.328861 -1.684449
-3.329293 3.017495 -1.607717
-3.321847 2.726169 -1.537594
-3.322588 2.464199 -1.480117
-3.346826 2.236278 -1.440237
-3.407340 2.042281 -1.421389
-3.512828 1.877646 -1.425195
-3.666753 1.734245 -1.451328
-3.866747 1.601659 -1.497537
-4.104633 1.468661 -1.559843
-4.367088 1.324742 -1.632880
-4.636877 1.161477 -1.710358
-4.894543 0.973585 -1.785605
-5.120359 0.759534 -1.852141
-5.296352 0.521645 -1.904234
-5.408149 0.265685 -1.937400
-5.446482 0.000000 -1.948783
-5.408149 -0.265685 -1.937400
-5.296352 -0.521645 -1.904234
-5.120359 -0.759534 -1.852141
-4.894543 -0.973585 -1.785605
-4.636877 -1.161477 -1.710358
-4.367088 -1.324742 -1.632880
-4.104633 -1.468661 -1.559843
-3.866747 -1.601659 -1.497537
-3.666753 -1.734245 -1.451328
-3.512828 -1.877646 -1.425195
-3.407340 -2.042281 -1.421389
-3.346826 -2.236278 -1.440237
-3.322588 -2.464199 -1.480117
-3.321847 -2.726169 -1.537594
-3.329293 -3.017495 -1.607717
-3.328861 -3.328861 -1.684449
-3.305528 -3.647089 -1.761181
-3.246923 -3.956387 -1.831305
-3.144572 -4.239965 -1.888782
-2.994661 -4.481827 -1.928661
-2.798223 -4.668553 -1.947510
-2.560762 -4.790850 -1.943703
-2.291375 -4.844705 -1.917570
-2.001474 -4.831986 -1.871361
-1.703305 -4.760419 -1.809055
-1.408416 -4.642927 -1.736018
-1.126288 -4.496395 -1.658540
-0.863276 -4.339983 -1.583293
-0.621998 -4.193173 -1.516758
-0.401229 -4.073751 -1.464664
-0.196308 -3.995950 -1.431498
-0.000000 -3.968958 -1.420116
0.196308 -3.995950 -1.431498
0.401229 -4.073751 -1.464664
0.621998 -4.193173 -1.516758
0.863276 -4.339983 -1.583293
1.126288 -4.496395 -1.658540
1.408416 -4.642927 -1.736018
1.703305 -4.760419 -1.809055
2.001474 -4.831986 -1.871361
2.291375 -4.844705 -1.917570
2.560762 -4.790850 -1.943703
2.798223 -4.668553 -1.947510
2.994661 -4.481827 -1.928661
3.144572 -4.239965 -1.888782
3.246923 -3.956387 -1.831305
3.305528 -3.647089 -1.761181
3.328861 -3.328861 -1.684449
3.329293 -3.017495 -1.607717
3.321847 -2.726169 -1.537594
3.322588 -2.464199 -1.480117
3.346826 -2.236278 -1.440237
3.407340 -2.042281 -1.421389
3.512828 -1.877646 -1.425195
3.666753 -1.734245 -1.451328
3.866747 -1.601659 -1.497537
4.104633 -1.468661 -1.559843
4.367088 -1.324742 -1.632880
4.636877 -1.161477 -1.710358
4.894543 -0.973585 -1.785605
5.120359 -0.759534 -1.852141
5.296352 -0.521645 -1.904234
5.408149 -0.265685 -1.937400
5.358501 0.000000 -2.219564
5.320260 0.261368 -2.206381
5.208737 0.513016 -2.167969
5.033207 0.746606 -2.107635
4.808045 0.956380 -2.030574
4.551234 1.140025 -1.943425
4.282505 1.299084 -1.853691
4.021322 1.438852 -1.769101
3.784924 1.567767 -1.696939
3.586638 1.696353 -1.643420
3.434639 1.835853 -1.613153
3.331292 1.996699 -1.608745
3.273126 2.187033 -1.630574
3.251435 2.411428 -1.676763
3.253426 2.670018 -1.743331
3.263776 2.958115 -1.824547
3.266407 3.266407 -1.913417
3.246281 3.581719 -2.002287
3.191012 3.888259 -2.083503
3.092116 4.169235 -2.150072
2.945767 4.408652 -2.196260
2.752991 4.593087 -2.218090
2.519285 4.713251 -2.213681
2.253741 4.765134 -2.183414
1.967767 4.750610 -2.129896
1.673604 4.677411 -2.057734
1.382797 4.558471 -1.973143
1.104819 4.410686 -1.883410
0.846020 4.253229 -1.796260
0.609007 4.105592 -1.719200
0.392544 3.985571 -1.658865
0.191959 3.907407 -1.620453
0.000000 3.880294 -1.607270
-0.191959 3.907407 -1.620453
-0.392544 3.985571 -1.658865
-0.609007 4.105592 -1.719200
-0.846020 4.253229 -1.796260
-1.104819 4.410686 -1.883410
-1.382797 4.558471 -1.973143
-1.673604 4.677411 -2.057734
-1.967767 4.750610 -2.129896
-2.253741 4.765134 -2.183414
-2.519285 4.713251 -2.213681
-2.752991 4.593087 -2.218090
-2.945767 4.408652 -2.196260
-3.092116 4.169235 -2.150072
-3.191012 3.888259 -2.083503
-3.246281 3.581719 -2.002287
-3.266407 3.266407 -1.913417
-3.263776 2.958115 -1.824547
-3.253426 2.670018 -1.743331
-3.251435 2.411428 -1.676763
-3.273126 2.187033 -1.630574
-3.331292 1.996699 -1.608745
-3.434639 1.835853 -1.613153
-3.586638 1.696353 -1.643420
-3.784924 1.567767 -1.696939
-4.021322 1.438852 -1.769101
-4.282505 1.299084 -1.853691
-4.551234 1.140025 -1.943425
-4.808045 0.956380 -2.030574
-5.033207 0.746606 -2.107635
-5.208737 0.513016 -2.167969
-5.320260 0.261368 -2.206381
-5.358501 0.000000 -2.219564
-5.320260 -0.261368 -2.206381
-5.208737 -0.513016 -2.167969
-5.033207 -0.746606 -2.107635
-4.808045 -0.956380 -2.030574
-4.551234 -1.140025 -1.943425
-4.282505 -1.299084 -1.853691
-4.021322 -1.438852 -1.769101
-3.784924 -1.567767 -1.696939
-3.586638 -1.696353 -1.643420
-3.434639 -1.835853 -1.613153
-3.331292 -1.996699 -1.608745
-3.273126 -2.187033 -1.630574
-3.251435 -2.411428 -1.676763
-3.253426 -2.670018 -1.743331
-3.263776 -2.958115 -1.824547
-3.266407 -3.266407 -1.913417
-3.246281 -3.581719 -2.002287
-3.191012 -3.888259 -2.083503
-3.092116 -4.169235 -2.150072
-2.945767 -4.408652 -2.196260
-2.752991 -4.593087 -2.218090
-2.519285 -4.713251 -2.213681
-2.253741 -4.765134 -2.183414
-1.967767 -4.750610 -2.129896
-1.673604 -4.677411 -2.057734
-1.382797 -4.558471 -1.973143
-1.104819 -4.410686 -1.883410
-0.846020 -4.253229 -1.796260
-0.609007 -4.105592 -1.719200
-0.392544 -3.985571 -1.658865
-0.191959 -3.907407 -1.620453
-0.000000 -3.880294 -1.607270
0.191959 -3.907407 -1.620453
0.392544 -3.985571 -1.658865
0.609007 -4.105592 -1.719200
0.846020 -4.253229 -1.796260
1.104819 -4.410686 -1.883410
1.382797 -4.558471 -1.973143
1.673604 -4.677411 -2.057734
1.967767 -4.750610 -2.129896
2.253741 -4.765134 -2.183414
2.519285 -4.713251 -2.213681
2.752991 -4.593087 -2.218090
2.945767 -4.408652 -2.196260
3.092116 -4.169235 -2.150072
3.191012 -3.888259 -2.083503
3.246281 -3.581719 -2.002287
3.266407 -3.266407 -1.913417
3.263776 -2.958115 -1.824547
3.253426 -2.670018 -1.743331
3.251435 -2.411428 -1.676763
3.273126 -2.187033 -1.630574
3.331292 -1.996699 -1.608745
3.434639 -1.835853 -1.613153
3.586638 -1.696353 -1.643420
3.784924 -1.567767 -1.696939
4.021322 -1.438852 -1.769101
4.282505 -1.299084 -1.853691
4.551234 -1.140025 -1.943425
4.808045 -0.956380 -2.030574
5.033207 -0.746606 -2.107635
5.208737 -0.513016 -2.167969
5.320260 -0.261368 -2.206381
5.229242 0.000000 -2.473247
5.192438 0.255088 -2.458802
5.085100 0.500839 -2.416710
4.916127 0.729239 -2.350597
4.699317 0.934752 -2.266155
4.451929 1.115150 -2.170657
4.192901 1.271903 -2.072328
3.940914 1.410082 -1.979635
3.712516 1.537775 -1.900561
3.520499 1.665072 -1.841916
3.372714 1.802753 -1.808750
3.271434 1.960822 -1.803919
3.213333 2.147081 -1.827840
3.190062 2.365911 -1.878452
3.189351 2.617432 -1.951397
3.196499 2.897138 -2.040393
3.196085 3.196085 -2.137775
3.173683 3.501619 -2.235158
3.117415 3.798581 -2.324154
3.019147 4.070848 -2.397099
2.875215 4.303063 -2.447711
2.686612 4.482341 -2.471632
2.458623 4.599760 -2.466801
2.199980 4.651467 -2.433635
1.921643 4.639256 -2.374990
1.635366 4.570543 -2.295916
1.352240 4.457737 -2.203223
1.081365 4.317050 -2.104893
0.828843 4.166877 -2.009396
0.597189 4.025923 -1.924954
0.385226 3.911264 -1.858841
0.188478 3.836566 -1.816749
0.000000 3.810651 -1.802304
-0.188478 3.836566 -1.816749
-0.385226 3.911264 -1.858841
-0.597189 4.025923 -1.924954
-0.828843 4.166877 -2.009396
-1.081365 4.317050 -2.104893
-1.352240 4.457737 -2.203223
-1.635366 4.570543 -2.295916
-1.921643 4.639256 -2.374990
-2.199980 4.651467 -2.433635
-2.458623 4.599760 -2.466801
-2.686612 4.482341 -2.471632
-2.875215 4.303063 -2.447711
-3.019147 4.070848 -2.397099
-3.117415 3.798581 -2.324154
-3.173683 3.501619 -2.235158
-3.196085 3.196085 -2.137775
-3.196499 2.897138 -2.040393
-3.189351 2.617432 -1.951397
-3.190062 2.365911 -1.878452
-3.213333 2.147081 -1.827840
-3.271434 1.960822 -1.803919
-3.372714 1.802753 -1.808750
-3.520499 1.665072 -1.841916
-3.712516 1.537775 -1.900561
-3.940914 1.410082 -1.979635
-4.192901 1.271903 -2.072328
-4.451929 1.115150 -2.170657
-4.699317 0.934752 -2.266155
-4.916127 0.729239 -2.350597
-5.085100 0.500839 -2.416710
-5.192438 0.255088 -2.458802
-5.229242 0.000000 -2.473247
-5.192438 -0.255088 -2.458802
-5.085100 -0.500839 -2.416710
-4.916127 -0.729239 -2.350597
-4.699317 -0.934752 -2.266155
-4.451929 -1.115150 -2.170657
-4.192901 -1.271903 -2.072328
-3.940914 -1.410082 -1.979635
-3.712516 -1.537775 -1.900561
-3.520499 -1.665072 -1.841916
-3.372714 -1.802753 -1.808750
-3.271434 -1.960822 -1.803919
-3.213333 -2.147081 -1.827840
-3.190062 -2.365911 -1.878452
-3.189351 -2.617432 -1.951397
-3.196499 -2.897138 -2.040393
-3.196085 -3.196085 -2.137775
-3.173683 -3.501619 -2.235158
-3.117415 -3.798581 -2.324154
-3.019147 -4.070848 -2.397099
-2.875215 -4.303063 -2.447711
-2.686612 -4.482341 -2.471632
-2.458623 -4.599760 -2.466801
-2.199980 -4.651467 -2.433635
-1.921643 -4.639256 -2.374990
-1.635366 -4.570543 -2.295916
-1.352240 -4.457737 -2.203223
-1.081365 -4.317050 -2.104893
-0.828843 -4.166877 -2.009396
-0.597189 -4.025923 -1.924954
-0.385226 -3.911264 -1.858841
-0.188478 -3.836566 -1.816749
-0.000000 -3.810651 -1.802304
0.188478 -3.836566 -1.816749
0.385226 -3.911264 -1.858841
0.597189 -4.025923 -1.924954
0.828843 -4.166877 -2.009396
1.081365 -4.317050 -2.104893
1.352240 -4.457737 -2.203223
1.635366 -4.570543 -2.295916
1.921643 -4.639256 -2.374990
2.199980 -4.651467 -2.433635
2.458623 -4.599760 -2.466801
2.686612 -4.482341 -2.471632
2.875215 -4.303063 -2.447711
3.019147 -4.070848 -2.397099
3.117415 -3.798581 -2.324154
3.173683 -3.501619 -2.235158
3.196085 -3.196085 -2.137775
3.196499 -2.897138 -2.040393
3.189351 -2.617432 -1.951397
3.190062 -2.365911 -1.878452
3.213333 -2.147081 -1.827840
3.271434 -1.960822 -1.803919
3.372714 -1.802753 -1.808750
3.520499 -1.665072 -1.841916
3.712516 -1.537775 -1.900561
3.940914 -1.410082 -1.979635
4.192901 -1.271903 -2.072328
4.451929 -1.115150 -2.170657
4.699317 -0.934752 -2.266155
4.916127 -0.729239 -2.350597
5.085100 -0.500839 -2.416710
5.192438 -0.255088 -2.458802
5.061438 0.000000 -2.705395
5.027307 0.246976 -2.690392
4.927741 0.485340 -2.646677
4.770921 0.707699 -2.578013
4.569529 0.908936 -2.490315
4.339432 1.086971 -2.391134
4.098040 1.243127 -2.289012
3.862529 1.382035 -2.192744
3.648116 1.511099 -2.110620
3.466566 1.639564 -2.049713
3.325108 1.777307 -2.015267
3.225843 1.933496 -2.010250
3.165731 2.115274 -2.035094
3.137115 2.326643 -2.087658
3.128735 2.567687 -2.163417
3.127103 2.834241 -2.255845
3.118063 3.118063 -2.356984
3.088381 3.407503 -2.458122
3.027163 3.688608 -2.550550
2.926956 3.946543 -2.626309
2.784418 4.167176 -2.678874
2.600485 4.338648 -2.703717
2.380041 4.452744 -2.698700
2.131136 4.505908 -2.664255
1.863868 4.499774 -2.603347
1.589068 4.441148 -2.521224
1.316955 4.341420 -2.424955
1.055923 4.215480 -2.322833
0.811607 4.080225 -2.223653
0.586348 3.952837 -2.135954
0.379094 3.849005 -2.067290
0.185762 3.781283 -2.023575
0.000000 3.757775 -2.008573
-0.185762 3.781283 -2.023575
-0.379094 3.849005 -2.067290
-0.586348 3.952837 -2.135954
-0.811607 4.080225 -2.223653
-1.055923 4.215480 -2.322833
-1.316955 4.341420 -2.424955
-1.589068 4.441148 -2.521224
-1.863868 4.499774 -2.603347
-2.131136 4.505908 -2.664255
-2.380041 4.452744 -2.698700
-2.600485 4.338648 -2.703717
-2.784418 4.167176 -2.678874
-2.926956 3.946543 -2.626309
-3.027163 3.688608 -2.550550
-3.088381 3.407503 -2.458122
-3.118063 3.118063 -2.356984
-3.127103 2.834241 -2.255845
-3.128735 2.567687 -2.163417
-3.137115 2.326643 -2.087658
-3.165731 2.115274 -2.035094
-3.225843 1.933496 -2.010250
-3.325108 1.777307 -2.015267
-3.466566 1.639564 -2.049713
-3.648116 1.511099 -2.110620
-3.862529 1.382035 -2.192744
-4.098040 1.243127 -2.289012
-4.339432 1.086971 -2.391134
-4.569529 0.908936 -2.490315
-4.770921 0.707699 -2.578013
-4.927741 0.485340 -2.646677
-5.027307 0.246976 -2.690392
-5.061438 0.000000 -2.705395
-5.027307 -0.246976 -2.690392
-4.927741 -0.485340 -2.646677
-4.770921 -0.707699 -2.578013
-4.569529 -0.908936 -2.490315
-4.339432 -1.086971 -2.391134
-4.098040 -1.243127 -2.289012
-3.862529 -1.382035 -2.192744
-3.648116 -1.511099 -2.110620
-3.466566 -1.639564 -2.049713
-3.325108 -1.777307 -2.015267
-3.225843 -1.933496 -2.010250
-3.165731 -2.115274 -2.035094
-3.137115 -2.326643 -2.087658
-3.128735 -2.567687 -2.163417
-3.127103 -2.834241 -2.255845
-3.118063 -3.118063 -2.356984
-3.088381 -3.407503 -2.458122
-3.027163 -3.688608 -2.550550
-2.926956 -3.946543 -2.626309
-2.784418 -4.167176 -2.678874
-2.600485 -4.338648 -2.703717
-2.380041 -4.452744 -2.698700
-2.131136 -4.505908 -2.664255
-1.863868 -4.499774 -2.603347
-1.589068 -4.441148 -2.521224
-1.316955 -4.341420 -2.424955
-1.055923 -4.215480 -2.322833
-0.811607 -4.080225 -2.223653
-0.586348 -3.952837 -2.135954
-0.379094 -3.849005 -2.067290
-0.185762 -3.781283 -2.023575
-0.000000 -3.757775 -2.008573
0.185762 -3.781283 -2.023575
0.379094 -3.849005 -2.067290
0.586348 -3.952837 -2.135954
0.811607 -4.080225 -2.223653
1.055923 -4.215480 -2.322833
1.316955 -4.341420 -2.424955
1.589068 -4.441148 -2.521224
1.863868 -4.499774 -2.603347
2.131136 -4.505908 -2.664255
2.380041 -4.452744 -2.698700
2.600485 -4.338648 -2.703717
2.784418 -4.167176 -2.678874
2.926956 -3.946543 -2.626309
3.027163 -3.688608 -2.550550
3.088381 -3.407503 -2.458122
3.118063 -3.118063 -2.356984
3.127103 -2.834241 -2.255845
3.128735 -2.567687 -2.163417
3.137115 -2.326643 -2.087658
3.165731 -2.115274 -2.035094
3.225843 -1.933496 -2.010250
3.325108 -1.777307 -2.015267
3.466566 -1.639564 -2.049713
3.648116 -1.511099 -2.110620
3.862529 -1.382035 -2.192744
4.098040 -1.243127 -2.289012
4.339432 -1.086971 -2.391134
4.569529 -0.908936 -2.490315
4.770921 -0.707699 -2.578013
4.927741 -0.485340 -2.646677
5.027307 -0.246976 -2.690392
4.859183 0.000000 -2.912482
4.828792 0.237223 -2.897757
4.740095 0.466859 -2.854850
4.600254 0.682383 -2.787456
4.420379 0.879268 -2.701379
4.214365 1.055643 -2.604033
3.997461 1.212617 -2.503799
3.784717 1.354194 -2.409311
3.589466 1.486806 -2.328705
3.422026 1.618498 -2.268924
3.288742 1.757869 -2.235116
3.191480 1.912899 -2.230192
3.127600 2.089796 -2.254576
3.090429 2.292018 -2.306168
3.070141 2.519599 -2.380526
3.054959 2.768854 -2.471245
3.032529 3.032529 -2.570514
2.991300 3.300391 -2.669782
2.921773 3.560191 -2.760501
2.817465 3.798912 -2.834859
2.675489 4.004153 -2.886452
2.496707 4.165504 -2.910836
2.285435 4.275749 -2.905912
2.048765 4.331749 -2.872103
1.795580 4.334913 -2.812322
1.535407 4.291175 -2.731717
1.277238 4.210490 -2.637228
1.028467 4.105871 -2.536995
0.794077 3.992097 -2.439648
0.576166 3.884196 -2.353571
0.373862 3.795890 -2.286177
0.183644 3.738162 -2.243270
0.000000 3.718103 -2.228545
-0.183644 3.738162 -2.243270
-0.373862 3.795890 -2.286177
-0.576166 3.884196 -2.353571
-0.794077 3.992097 -2.439648
-1.028467 4.105871 -2.536995
-1.277238 4.210490 -2.637228
-1.535407 4.291175 -2.731717
-1.795580 4.334913 -2.812322
-2.048765 4.331749 -2.872103
-2.285435 4.275749 -2.905912
-2.496707 4.165504 -2.910836
-2.675489 4.004153 -2.886452
-2.817465 3.798912 -2.834859
-2.921773 3.560191 -2.760501
-2.991300 3.300391 -2.669782
-3.032529 3.032529 -2.570514
-3.054959 2.768854 -2.471245
-3.070141 2.519599 -2.380526
-3.090429 2.292018 -2.306168
-3.127600 2.089796 -2.254576
-3.191480 1.912899 -2.230192
-3.288742 1.757869 -2.235116
-3.422026 1.618498 -2.268924
-3.589466 1.486806 -2.328705
-3.784717 1.354194 -2.409311
-3.997461 1.212617 -2.503799
-4.214365 1.055643 -2.604033
-4.420379 0.879268 -2.701379
-4.600254 0.682383 -2.787456
-4.740095 0.466859 -2.854850
-4.828792 0.237223 -2.897757
-4.859183 0.000000 -2.912482
-4.828792 -0.237223 -2.897757
-4.740095 -0.466859 -2.854850
-4.600254 -0.682383 -2.787456
-4.420379 -0.879268 -2.701379
-4.214365 -1.055643 -2.604033
-3.997461 -1.212617 -2.503799
-3.784717 -1.354194 -2.409311
-3.589466 -1.486806 -2.328705
-3.422026 -1.618498 -2.268924
-3.288742 -1.757869 -2.235116
-3.191480 -1.912899 -2.230192
-3.127600 -2.089796 -2.254576
-3.090429 -2.292018 -2.306168
-3.070141 -2.519599 -2.380526
-3.054959 -2.768854 -2.471245
-3.032529 -3.032529 -2.570514
-2.991300 -3.300391 -2.669782
-2.921773 -3.560191 -2.760501
-2.817465 -3.798912 -2.834859
-2.675489 -4.004153 -2.886452
-2.496707 -4.165504 -2.910836
-2.285435 -4.275749 -2.905912
-2.048765 -4.331749 -2.872103
-1.795580 -4.334913 -2.812322
-1.535407 -4.291175 -2.731717
-1.277238 -4.210490 -2.637228
-1.028467 -4.105871 -2.536995
-0.794077 -3.992097 -2.439648
-0.576166 -3.884196 -2.353571
-0.373862 -3.795890 -2.286177
-0.183644 -3.738162 -2.243270
-0.000000 -3.718103 -2.228545
0.183644 -3.738162 -2.243270
0.373862 -3.795890 -2.286177
0.576166 -3.884196 -2.353571
0.794077 -3.992097 -2.439648
1.028467 -4.105871 -2.536995
1.277238 -4.210490 -2.637228
1.535407 -4.291175 -2.731717
1.795580 -4.334913 -2.812322
2.048765 -4.331749 -2.872103
2.285435 -4.275749 -2.905912
2.496707 -4.165504 -2.910836
2.675489 -4.004153 -2.886452
2.817465 -3.798912 -2.834859
2.921773 -3.560191 -2.760501
2.991300 -3.300391 -2.669782
3.032529 -3.032529 -2.570514
3.054959 -2.768854 -2.471245
3.070141 -2.519599 -2.380526
3.090429 -2.292018 -2.306168
3.127600 -2.089796 -2.254576
3.191480 -1.912899 -2.230192
3.288742 -1.757869 -2.235116
3.422026 -1.618498 -2.268924
3.589466 -1.486806 -2.328705
3.784717 -1.354194 -2.409311
3.997461 -1.212617 -2.503799
4.214365 -1.055643 -2.604033
4.420379 -0.879268 -2.701379
4.600254 -0.682383 -2.787456
4.740095 -0.466859 -2.854850
4.828792 -0.237223 -2.897757
4.627698 0.000000 -3.092129
4.601895 0.226077 -3.078596
4.526528 0.445824 -3.039164
4.407508 0.653792 -2.977227
4.254002 0.846174 -2.898120
4.077478 1.021355 -2.808656
3.890524 1.180178 -2.716539
3.705566 1.325873 -2.629702
3.533618 1.463672 -2.555623
3.383213 1.600140 -2.500683
3.259612 1.742299 -2.469612
3.164386 1.896660 -2.465087
3.095396 2.068277 -2.487496
3.047179 2.259942 -2.534911
3.011676 2.471619 -2.603248
2.979226 2.700213 -2.686621
2.939689 2.939689 -2.777851
2.883596 3.181558 -2.869081
2.803169 3.415671 -2.952455
2.693117 3.631248 -3.020791
2.551120 3.818021 -3.068206
2.377948 3.967367 -3.090616
2.177222 4.073295 -3.086090
1.954850 4.133184 -3.055020
1.718224 4.148160 -3.000079
1.475264 4.123087 -2.926001
1.233451 4.066144 -2.839164
0.998951 3.988037 -2.747047
0.775943 3.900929 -2.657582
0.566227 3.817194 -2.578475
0.369159 3.748131 -2.516539
0.181906 3.702785 -2.477106
0.000000 3.686998 -2.463573
-0.181906 3.702785 -2.477106
-0.369159 3.748131 -2.516539
-0.566227 3.817194 -2.578475
-0.775943 3.900929 -2.657582
-0.998951 3.988037 -2.747047
-1.233451 4.066144 -2.839164
-1.475264 4.123087 -2.926001
-1.718224 4.148160 -3.000079
-1.954850 4.133184 -3.055020
-2.177222 4.073295 -3.086090
-2.377948 3.967367 -3.090616
-2.551120 3.818021 -3.068206
-2.693117 3.631248 -3.020791
-2.803169 3.415671 -2.952455
-2.883596 3.181558 -2.869081
-2.939689 2.939689 -2.777851
-2.979226 2.700213 -2.686621
-3.011676 2.471619 -2.603248
-3.047179 2.259942 -2.534911
-3.095396 2.068277 -2.487496
-3.164386 1.896660 -2.465087
-3.259612 1.742299 -2.469612
-3.383213 1.600140 -2.500683
-3.533618 1.463672 -2.555623
-3.705566 1.325873 -2.629702
-3.890524 1.180178 -2.716539
-4.077478 1.021355 -2.808656
-4.254002 0.846174 -2.898120
-4.407508 0.653792 -2.977227
-4.526528 0.445824 -3.039164
-4.601895 0.226077 -3.078596
-4.627698 0.000000 -3.092129
-4.601895 -0.226077 -3.078596
-4.526528 -0.445824 -3.039164
-4.407508 -0.653792 -2.977227
-4.254002 -0.846174 -2.898120
-4.077478 -1.021355 -2.808656
-3.890524 -1.180178 -2.716539
-3.705566 -1.325873 -2.629702
-3.533618 -1.463672 -2.555623
-3.383213 -1.600140 -2.500683
-3.259612 -1.742299 -2.469612
-3.164386 -1.896660 -2.465087
-3.095396 -2.068277 -2.487496
-3.047179 -2.259942 -2.534911
-3.011676 -2.471619 -2.603248
-2.979226 -2.700213 -2.686621
-2.939689 -2.939689 -2.777851
-2.883596 -3.181558 -2.869081
-2.803169 -3.415671 -2.952455
-2.693117 -3.631248 -3.020791
-2.551120 -3.818021 -3.068206
-2.377948 -3.967367 -3.090616
-2.177222 -4.073295 -3.086090
-1.954850 -4.133184 -3.055020
-1.718224 -4.148160 -3.000079
-1.475264 -4.123087 -2.926001
-1.233451 -4.066144 -2.839164
-0.998951 -3.988037 -2.747047
-0.775943 -3.900929 -2.657582
-0.566227 -3.817194 -2.578475
-0.369159 -3.748131 -2.516539
-0.181906 -3.702785 -2.477106
-0.000000 -3.686998 -2.463573
0.181906 -3.702785 -2.477106
0.369159 -3.748131 -2.516539
0.566227 -3.817194 -2.578475
0.775943 -3.900929 -2.657582
0.998951 -3.988037 -2.747047
1.233451 -4.066144 -2.839164
1.475264 -4.123087 -2.926001
1.718224 -4.148160 -3.000079
1.954850 -4.133184 -3.055020
2.177222 -4.073295 -3.086090
2.377948 -3.967367 -3.090616
2.551120 -3.818021 -3.068206
2.693117 -3.631248 -3.020791
2.803169 -3.415671 -2.952455
2.883596 -3.181558 -2.869081
2.939689 -2.939689 -2.777851
2.979226 -2.700213 -2.686621
3.011676 -2.471619 -2.603248
3.047179 -2.259942 -2.534911
3.095396 -2.068277 -2.487496
3.164386 -1.896660 -2.465087
3.259612 -1.742299 -2.469612
3.383213 -1.600140 -2.500683
3.533618 -1.463672 -2.555623
3.705566 -1.325873 -2.629702
3.890524 -1.180178 -2.716539
4.077478 -1.021355 -2.808656
4.254002 -0.846174 -2.898120
4.407508 -0.653792 -2.977227
4.526528 -0.445824 -3.039164
4.601895 -0.226077 -3.078596
4.373028 0.000000 -3.243259
4.352407 0.213820 -3.231858
4.292097 0.422735 -3.198638
4.196591 0.622506 -3.146460
4.072860 0.810142 -3.079817
3.929625 0.984320 -3.004448
3.776462 1.145577 -2.926844
3.622829 1.296269 -2.853688
3.477120 1.440270 -2.791281
3.345845 1.582467 -2.744997
3.233041 1.728096 -2.718822
3.139944 1.882010 -2.715009
3.064981 2.047955 -2.733888
3.004061 2.227963 -2.773833
2.951125 2.421926 -2.831403
2.898904 2.627413 -2.901640
2.839767 2.839767 -2.978497
2.766599 3.052472 -3.055353
2.673569 3.257753 -3.125591
2.556738 3.447363 -3.183161
2.414427 3.613445 -3.223105
2.247302 3.749397 -3.241984
2.058198 3.850617 -3.238171
1.851688 3.915065 -3.211996
1.633472 3.943550 -3.165712
1.409656 3.939723 -3.103305
1.186011 3.909755 -3.030149
0.967315 3.861739 -2.952545
0.756838 3.804881 -2.877176
0.556045 3.748549 -2.810533
0.364546 3.701302 -2.758355
0.180295 3.669993 -2.725135
0.000000 3.659047 -2.713734
-0.180295 3.669993 -2.725135
-0.364546 3.701302 -2.758355
-0.556045 3.748549 -2.810533
-0.756838 3.804881 -2.877176
-0.967315 3.861739 -2.952545
-1.186011 3.909755 -3.030149
-1.409656 3.939723 -3.103305
-1.633472 3.943550 -3.165712
-1.851688 3.915065 -3.211996
-2.058198 3.850617 -3.238171
-2.247302 3.749397 -3.241984
-2.414427 3.613445 -3.223105
-2.556738 3.447363 -3.183161
-2.673569 3.257753 -3.125591
-2.766599 3.052472 -3.055353
-2.839767 2.839767 -2.978497
-2.898904 2.627413 -2.901640
-2.951125 2.421926 -2.831403
-3.004061 2.227963 -2.773833
-3.064981 2.047955 -2.733888
-3.139944 1.882010 -2.715009
-3.233041 1.728096 -2.718822
-3.345845 1.582467 -2.744997
-3.477120 1.440270 -2.791281
-3.622829 1.296269 -2.853688
-3.776462 1.145577 -2.926844
-3.929625 0.984320 -3.004448
-4.072860 0.810142 -3.079817
-4.196591 0.622506 -3.146460
-4.292097 0.422735 -3.198638
-4.352407 0.213820 -3.231858
-4.373028 0.000000 -3.243259
-4.352407 -0.213820 -3.231858
-4.292097 -0.422735 -3.198638
-4.196591 -0.622506 -3.146460
-4.072860 -0.810142 -3.079817
-3.929625 -0.984320 -3.004448
-3.776462 -1.145577 -2.926844
-3.622829 -1.296269 -2.853688
-3.477120 -1.440270 -2.791281
-3.345845 -1.582467 -2.744997
-3.233041 -1.728096 -2.718822
-3.139944 -1.882010 -2.715009
-3.064981 -2.047955 -2.733888
-3.004061 -2.227963 -2.773833
-2.951125 -2.421926 -2.831403
-2.898904 -2.627413 -2.901640
-2.839767 -2.839767 -2.978497
-2.766599 -3.052472 -3.055353
-2.673569 -3.257753 -3.125591
-2.556738 -3.447363 -3.183161
-2.414427 -3.613445 -3.223105
-2.247302 -3.749397 -3.241984
-2.058198 -3.850617 -3.238171
-1.851688 -3.915065 -3.211996
-1.633472 -3.943550 -3.165712
-1.409656 -3.939723 -3.103305
-1.186011 -3.909755 -3.030149
-0.967315 -3.861739 -2.952545
-0.756838 -3.804881 -2.877176
-0.556045 -3.748549 -2.810533
-0.364546 -3.701302 -2.758355
-0.180295 -3.669993 -2.725135
-0.000000 -3.659047 -2.713734
0.180295 -3.669993 -2.725135
0.364546 -3.701302 -2.758355
0.556045 -3.748549 -2.810533
0.756838 -3.804881 -2.877176
0.967315 -3.861739 -2.952545
1.186011 -3.909755 -3.030149
1.409656 -3.939723 -3.103305
1.633472 -3.943550 -3.165712
1.851688 -3.915065 -3.211996
2.058198 -3.850617 -3.238171
2.247302 -3.749397 -3.241984
2.414427 -3.613445 -3.223105
2.556738 -3.447363 -3.183161
2.673569 -3.257753 -3.125591
2.766599 -3.052472 -3.055353
2.839767 -2.839767 -2.978497
2.898904 -2.627413 -2.901640
2.951125 -2.421926 -2.831403
3.004061 -2.227963 -2.773833
3.064981 -2.047955 -2.733888
3.139944 -1.882010 -2.715009
3.233041 -1.728096 -2.718822
3.345845 -1.582467 -2.744997
3.477120 -1.440270 -2.791281
3.622829 -1.296269 -2.853688
3.776462 -1.145577 -2.926844
3.929625 -0.984320 -3.004448
4.072860 -0.810142 -3.079817
4.196591 -0.622506 -3.146460
4.292097 -0.422735 -3.198638
4.352407 -0.213820 -3.231858
4.101707 0.000000 -3.366184
4.086588 0.200761 -3.357821
4.042265 0.398128 -3.333452
3.971726 0.589150 -3.295177
3.879610 0.771702 -3.246290
3.771723 0.944767 -3.191003
3.654443 1.108563 -3.134076
3.534080 1.264514 -3.080413
3.416241 1.415053 -3.034634
3.305294 1.563287 -3.000682
3.203971 1.712558 -2.981481
3.113158 1.865955 -2.978684
3.031881 2.025838 -2.992533
2.957503 2.193434 -3.021834
2.886092 2.368554 -3.064065
2.812914 2.549476 -3.115588
2.733005 2.733005 -3.171966
2.641745 2.914716 -3.228345
2.535372 3.089360 -3.279868
2.411384 3.251375 -3.322099
2.268778 3.395466 -3.351400
2.108113 3.517174 -3.365249
1.931388 3.613372 -3.362452
1.741758 3.682638 -3.343251
1.543130 3.725445 -3.309299
1.339680 3.744154 -3.263520
1.135368 3.742805 -3.209856
0.933495 3.726720 -3.152930
0.736366 3.701963 -3.097643
0.545092 3.674712 -3.048756
0.359554 3.650617 -3.010481
0.178537 3.634205 -2.986112
0.000000 3.628398 -2.977749
-0.178537 3.634205 -2.986112
-0.359554 3.650617 -3.010481
-0.545092 3.674712 -3.048756
-0.736366 3.701963 -3.097643
-0.933495 3.726720 -3.152930
-1.135368 3.742805 -3.209856
-1.339680 3.744154 -3.263520
-1.543130 3.725445 -3.309299
-1.741758 3.682638 -3.343251
-1.931388 3.613372 -3.362452
-2.108113 3.517174 -3.365249
-2.268778 3.395466 -3.351400
-2.411384 3.251375 -3.322099
-2.535372 3.089360 -3.279868
-2.641745 2.914716 -3.228345
-2.733005 2.733005 -3.171966
-2.812914 2.549476 -3.115588
-2.886092 2.368554 -3.064065
-2.957503 2.193434 -3.021834
-3.031881 2.025838 -2.992533
-3.113158 1.865955 -2.978684
-3.203971 1.712558 -2.981481
-3.305294 1.563287 -3.000682
-3.416241 1.415053 -3.034634
-3.534080 1.264514 -3.080413
-3.654443 1.108563 -3.134076
-3.771723 0.944767 -3.191003
-3.879610 0.771702 -3.246290
-3.971726 0.589150 -3.295177
-4.042265 0.398128 -3.333452
-4.086588 0.200761 -3.357821
-4.101707 0.000000 -3.366184
-4.086588 -0.200761 -3.357821
-4.042265 -0.398128 -3.333452
-3.971726 -0.589150 -3.295177
-3.879610 -0.771702 -3.246290
-3.771723 -0.944767 -3.191003
-3.654443 -1.108563 -3.134076
-3.534080 -1.264514 -3.080413
-3.416241 -1.415053 -3.034634
-3.305294 -1.563287 -3.000682
-3.203971 -1.712558 -2.981481
-3.113158 -1.865955 -2.978684
-3.031881 -2.025838 -2.992533
-2.957503 -2.193434 -3.021834
-2.886092 -2.368554 -3.064065
-2.812914 -2.549476 -3.115588
-2.733005 -2.733005 -3.171966
-2.641745 -2.914716 -3.228345
-2.535372 -3.089360 -3.279868
-2.411384 -3.251375 -3.322099
-2.268778 -3.395466 -3.351400
-2.108113 -3.517174 -3.365249
-1.931388 -3.613372 -3.362452
-1.741758 -3.682638 -3.343251
-1.543130 -3.725445 -3.309299
-1.339680 -3.744154 -3.263520
-1.135368 -3.742805 -3.209856
-0.933495 -3.726720 -3.152930
-0.736366 -3.701963 -3.097643
-0.545092 -3.674712 -3.048756
-0.359554 -3.650617 -3.010481
-0.178537 -3.634205 -2.986112
-0.000000 -3.628398 -2.977749
0.178537 -3.634205 -2.986112
0.359554 -3.650617 -3.010481
0.545092 -3.674712 -3.048756
0.736366 -3.701963 -3.097643
0.933495 -3.726720 -3.152930
1.135368 -3.742805 -3.209856
1.339680 -3.744154 -3.263520
1.543130 -3.725445 -3.309299
1.741758 -3.682638 -3.343251
1.931388 -3.613372 -3.362452
2.108113 -3.517174 -3.365249
2.268778 -3.395466 -3.351400
2.411384 -3.251375 -3.322099
2.535372 -3.089360 -3.279868
2.641745 -2.914716 -3.228345
2.733005 -2.733005 -3.171966
2.812914 -2.549476 -3.115588
2.886092 -2.368554 -3.064065
2.957503 -2.193434 -3.021834
3.031881 -2.025838 -2.992533
3.113158 -1.865955 -2.978684
3.203971 -1.712558 -2.981481
3.305294 -1.563287 -3.000682
3.416241 -1.415053 -3.034634
3.534080 -1.264514 -3.080413
3.654443 -1.108563 -3.134076
3.771723 -0.944767 -3.191003
3.879610 -0.771702 -3.246290
3.971726 -0.589150 -3.295177
4.042265 -0.398128 -3.333452
4.086588 -0.200761 -3.357821
3.820398 0.000000 -3.462606
3.810822 0.187214 -3.458093
3.782606 0.372554 -3.444943
3.737226 0.554365 -3.424287
3.676974 0.731396 -3.397904
3.604724 0.902936 -3.368068
3.523641 1.068885 -3.337347
3.436864 1.229730 -3.308387
3.347201 1.386456 -3.283682
3.256864 1.540382 -3.265359
3.167275 1.692944 -3.254997
3.078963 1.845459 -3.253488
2.991558 1.998895 -3.260961
2.903887 2.153669 -3.276774
2.814151 2.309514 -3.299565
2.720170 2.465418 -3.327370
2.619658 2.619658 -3.357795
2.510505 2.769916 -3.388220
2.391030 2.913479 -3.416025
2.260171 3.047488 -3.438815
2.117609 3.169225 -3.454628
1.963791 3.276387 -3.462102
1.799875 3.367330 -3.460593
1.627592 3.441255 -3.450230
1.449041 3.498295 -3.431908
1.266460 3.539517 -3.407203
1.081983 3.566819 -3.378243
0.897428 3.582734 -3.347521
0.714128 3.590166 -3.317685
0.532836 3.592089 -3.291303
0.353705 3.591226 -3.270647
0.176354 3.589764 -3.257496
0.000000 3.589114 -3.252983
-0.176354 3.589764 -3.257496
-0.353705 3.591226 -3.270647
-0.532836 3.592089 -3.291303
-0.714128 3.590166 -3.317685
-0.897428 3.582734 -3.347521
-1.081983 3.566819 -3.378243
-1.266460 3.539517 -3.407203
-1.449041 3.498295 -3.431908
-1.627592 3.441255 -3.450230
-1.799875 3.367330 -3.460593
-1.963791 3.276387 -3.462102
-2.117609 3.169225 -3.454628
-2.260171 3.047488 -3.438815
-2.391030 2.913479 -3.416025
-2.510505 2.769916 -3.388220
-2.619658 2.619658 -3.357795
-2.720170 2.465418 -3.327370
-2.814151 2.309514 -3.299565
-2.903887 2.153669 -3.276774
-2.991558 1.998895 -3.260961
-3.078963 1.845459 -3.253488
-3.167275 1.692944 -3.254997
-3.256864 1.540382 -3.265359
-3.347201 1.386456 -3.283682
-3.436864 1.229730 -3.308387
-3.523641 1.068885 -3.337347
-3.604724 0.902936 -3.368068
-3.676974 0.731396 -3.397904
-3.737226 0.554365 -3.424287
-3.782606 0.372554 -3.444943
-3.810822 0.187214 -3.458093
-3.820398 0.000000 -3.462606
-3.810822 -0.187214 -3.458093
-3.782606 -0.372554 -3.444943
-3.737226 -0.554365 -3.424287
-3.676974 -0.731396 -3.397904
-3.604724 -0.902936 -3.368068
-3.523641 -1.068885 -3.337347
-3.436864 -1.229730 -3.308387
-3.347201 -1.386456 -3.283682
-3.256864 -1.540382 -3.265359
-3.167275 -1.692944 -3.254997
-3.078963 -1.845459 -3.253488
-2.991558 -1.998895 -3.260961
-2.903887 -2.153669 -3.276774
-2.814151 -2.309514 -3.299565
-2.720170 -2.465418 -3.327370
-2.619658 -2.619658 -3.357795
-2.510505 -2.769916 -3.388220
-2.391030 -2.913479 -3.416025
-2.260171 -3.047488 -3.438815
-2.117609 -3.169225 -3.454628
-1.963791 -3.276387 -3.462102
-1.799875 -3.367330 -3.460593
-1.627592 -3.441255 -3.450230
-1.449041 -3.498295 -3.431908
-1.266460 -3.539517 -3.407203
-1.081983 -3.566819 -3.378243
-0.897428 -3.582734 -3.347521
-0.714128 -3.590166 -3.317685
-0.532836 -3.592089 -3.291303
-0.353705 -3.591226 -3.270647
-0.176354 -3.589764 -3.257496
-0.000000 -3.589114 -3.252983
0.176354 -3.589764 -3.257496
0.353705 -3.591226 -3.270647
0.532836 -3.592089 -3.291303
0.714128 -3.590166 -3.317685
0.897428 -3.582734 -3.347521
1.081983 -3.566819 -3.378243
1.266460 -3.539517 -3.407203
1.449041 -3.498295 -3.431908
1.627592 -3.441255 -3.450230
1.799875 -3.367330 -3.460593
1.963791 -3.276387 -3.462102
2.117609 -3.169225 -3.454628
2.260171 -3.047488 -3.438815
2.391030 -2.913479 -3.416025
2.510505 -2.769916 -3.388220
2.619658 -2.619658 -3.357795
2.720170 -2.465418 -3.327370
2.814151 -2.309514 -3.299565
2.903887 -2.153669 -3.276774
2.991558 -1.998895 -3.260961
3.078963 -1.845459 -3.253488
3.167275 -1.692944 -3.254997
3.256864 -1.540382 -3.265359
3.347201 -1.386456 -3.283682
3.436864 -1.229730 -3.308387
3.523641 -1.068885 -3.337347
3.604724 -0.902936 -3.368068
3.676974 -0.731396 -3.397904
3.737226 -0.554365 -3.424287
3.782606 -0.372554 -3.444943
3.810822 -0.187214 -3.458093
3.535534 0.000000 -3.535534
3.531275 0.173480 -3.535534
3.518509 0.346543 -3.535534
3.497267 0.518771 -3.535534
3.467600 0.689748 -3.535534
3.429578 0.859065 -3.535534
3.383295 1.026311 -3.535534
3.328861 1.191085 -3.535534
3.266407 1.352990 -3.535534
3.196085 1.511636 -3.535534
3.118063 1.666639 -3.535534
3.032529 1.817628 -3.535534
2.939689 1.964237 -3.535534
2.839767 2.106115 -3.535534
2.733005 2.242919 -3.535534
2.619658 2.374319 -3.535534
2.500000 2.500000 -3.535534
2.374319 2.619658 -3.535534
2.242919 2.733005 -3.535534
2.106115 2.839767 -3.535534
1.964237 2.939689 -3.535534
1.817628 3.032529 -3.535534
1.666639 3.118063 -3.535534
1.511636 3.196085 -3.535534
1.352990 3.266407 -3.535534
1.191085 3.328861 -3.535534
1.026311 3.383295 -3.535534
0.859065 3.429578 -3.535534
0.689748 3.467600 -3.535534
0.518771 3.497267 -3.535534
0.346543 3.518509 -3.535534
0.173480 3.531275 -3.535534
0.000000 3.535534 -3.535534
-0.173480 3.531275 -3.535534
-0.346543 3.518509 -3.535534
-0.518771 3.497267 -3.535534
-0.689748 3.467600 -3.535534
-0.859065 3.429578 -3.535534
-1.026311 3.383295 -3.535534
-1.191085 3.328861 -3.535534
-1.352990 3.266407 -3.535534
-1.511636 3.196085 -3.535534
-1.666639 3.118063 -3.535534
-1.817628 3.032529 -3.535534
-1.964237 2.939689 -3.535534
-2.106115 2.839767 -3.535534
-2.242919 2.733005 -3.535534
-2.374319 2.619658 -3.535534
-2.500000 2.500000 -3.535534
-2.619658 2.374319 -3.535534
-2.733005 2.242919 -3.535534
-2.839767 2.106115 -3.535534
-2.939689 1.964237 -3.535534
-3.032529 1.817628 -3.535534
-3.118063 1.666639 -3.535534
-3.196085 1.511636 -3.535534
-3.266407 1.352990 -3.535534
-3.328861 1.191085 -3.535534
-3.383295 1.026311 -3.535534
-3.429578 0.859065 -3.535534
-3.467600 0.689748 -3.535534
-3.497267 0.518771 -3.535534
-3.518509 0.346543 -3.535534
-3.531275 0.173480 -3.535534
-3.535534 0.000000 -3.535534
-3.531275 -0.173480 -3.535534
-3.518509 -0.346543 -3.535534
-3.497267 -0.518771 -3.535534
-3.467600 -0.689748 -3.535534
-3.429578 -0.859065 -3.535534
-3.383295 -1.026311 -3.535534
-3.328861 -1.191085 -3.535534
-3.266407 -1.352990 -3.535534
-3.196085 -1.511636 -3.535534
-3.118063 -1.666639 -3.535534
-3.032529 -1.817628 -3.535534
-2.939689 -1.964237 -3.535534
-2.839767 -2.106115 -3.535534
-2.733005 -2.242919 -3.535534
-2.619658 -2.374319 -3.535534
-2.500000 -2.500000 -3.535534
-2.374319 -2.619658 -3.535534
-2.242919 -2.733005 -3.535534
-2.106115 -2.839767 -3.535534
-1.964237 -2.939689 -3.535534
-1.817628 -3.032529 -3.535534
-1.666639 -3.118063 -3.535534
-1.511636 -3.196085 -3.535534
-1.352990 -3.266407 -3.535534
-1.191085 -3.328861 -3.535534
-1.026311 -3.383295 -3.535534
-0.859065 -3.429578 -3.535534
-0.689748 -3.467600 -3.535534
-0.518771 -3.497267 -3.535534
-0.346543 -3.518509 -3.535534
-0.173480 -3.531275 -3.535534
-0.000000 -3.535534 -3.535534
0.173480 -3.531275 -3.535534
0.346543 -3.518509 -3.535534
0.518771 -3.497267 -3.535534
0.689748 -3.467600 -3.535534
0.859065 -3.429578 -3.535534
1.026311 -3.383295 -3.535534
1.191085 -3.328861 -3.535534
1.352990 -3.266407 -3.535534
1.511636 -3.196085 -3.535534
1.666639 -3.118063 -3.535534
1.817628 -3.032529 -3.535534
1.964237 -2.939689 -3.535534
2.106115 -2.839767 -3.535534
2.242919 -2.733005 -3.535534
2.374319 -2.619658 -3.535534
2.500000 -2.500000 -3.535534
2.619658 -2.374319 -3.535534
2.733005 -2.242919 -3.535534
2.839767 -2.106115 -3.535534
2.939689 -1.964237 -3.535534
3.032529 -1.817628 -3.535534
3.118063 -1.666639 -3.535534
3.196085 -1.511636 -3.535534
3.266407 -1.352990 -3.535534
3.328861 -1.191085 -3.535534
3.383295 -1.026311 -3.535534
3.429578 -0.859065 -3.535534
3.467600 -0.689748 -3.535534
3.497267 -0.518771 -3.535534
3.518509 -0.346543 -3.535534
3.531275 -0.173480 -3.535534
3.252983 0.000000 -3.589114
3.253572 0.159838 -3.594093
3.254898 0.320579 -3.608603
3.255680 0.482934 -3.631393
3.253937 0.647248 -3.660501
3.247200 0.813381 -3.693421
3.232777 0.980652 -3.727316
3.208031 1.147852 -3.759269
3.170669 1.313334 -3.786527
3.118971 1.475164 -3.806743
3.051970 1.631312 -3.818176
2.969544 1.779876 -3.819841
2.872418 1.919289 -3.811595
2.762082 2.048500 -3.794148
2.640623 2.167103 -3.769003
2.510505 2.275389 -3.738325
2.374319 2.374319 -3.704756
2.234525 2.465418 -3.671187
2.093222 2.550598 -3.640508
1.951972 2.631930 -3.615363
1.811693 2.711390 -3.597916
1.672627 2.790610 -3.589671
1.534395 2.870651 -3.591336
1.396121 2.951850 -3.602769
1.256611 3.033726 -3.622984
1.114562 3.114992 -3.650242
0.968781 3.193642 -3.682195
0.818374 3.267131 -3.716091
0.662898 3.332615 -3.749010
0.502447 3.387224 -3.778118
0.337663 3.428354 -3.800908
0.169681 3.453928 -3.815418
0.000000 3.462606 -3.820398
-0.169681 3.453928 -3.815418
-0.337663 3.428354 -3.800908
-0.502447 3.387224 -3.778118
-0.662898 3.332615 -3.749010
-0.818374 3.267131 -3.716091
-0.968781 3.193642 -3.682195
-1.114562 3.114992 -3.650242
-1.256611 3.033726 -3.622984
-1.396121 2.951850 -3.602769
-1.534395 2.870651 -3.591336
-1.672627 2.790610 -3.589671
-1.811693 2.711390 -3.597916
-1.951972 2.631930 -3.615363
-2.093222 2.550598 -3.640508
-2.234525 2.465418 -3.671187
-2.374319 2.374319 -3.704756
-2.510505 2.275389 -3.738325
-2.640623 2.167103 -3.769003
-2.762082 2.048500 -3.794148
-2.872418 1.919289 -3.811595
-2.969544 1.779876 -3.819841
-3.051970 1.631312 -3.818176
-3.118971 1.475164 -3.806743
-3.170669 1.313334 -3.786527
-3.208031 1.147852 -3.759269
-3.232777 0.980652 -3.727316
-3.247200 0.813381 -3.693421
-3.253937 0.647248 -3.660501
-3.255680 0.482934 -3.631393
-3.254898 0.320579 -3.608603
-3.253572 0.159838 -3.594093
-3.252983 0.000000 -3.589114
-3.253572 -0.159838 -3.594093
-3.254898 -0.320579 -3.608603
-3.255680 -0.482934 -3.631393
-3.253937 -0.647248 -3.660501
-3.247200 -0.813381 -3.693421
-3.232777 -0.980652 -3.727316
-3.208031 -1.147852 -3.759269
-3.170669 -1.313334 -3.786527
-3.118971 -1.475164 -3.806743
-3.051970 -1.631312 -3.818176
-2.969544 -1.779876 -3.819841
-2.872418 -1.919289 -3.811595
-2.762082 -2.048500 -3.794148
-2.640623 -2.167103 -3.769003
-2.510505 -2.275389 -3.738325
-2.374319 -2.374319 -3.704756
-2.234525 -2.465418 -3.671187
-2.093222 -2.550598 -3.640508
-1.951972 -2.631930 -3.615363
-1.811693 -2.711390 -3.597916
-1.672627 -2.790610 -3.589671
-1.534395 -2.870651 -3.591336
-1.396121 -2.951850 -3.602769
-1.256611 -3.033726 -3.622984
-1.114562 -3.114992 -3.650242
-0.968781 -3.193642 -3.682195
-0.818374 -3.267131 -3.716091
-0.662898 -3.332615 -3.749010
-0.502447 -3.387224 -3.778118
-0.337663 -3.428354 -3.800908
-0.169681 -3.453928 -3.815418
-0.000000 -3.462606 -3.820398
0.169681 -3.453928 -3.815418
0.337663 -3.428354 -3.800908
0.502447 -3.387224 -3.778118
0.662898 -3.332615 -3.749010
0.818374 -3.267131 -3.716091
0.968781 -3.193642 -3.682195
1.114562 -3.114992 -3.650242
1.256611 -3.033726 -3.622984
1.396121 -2.951850 -3.602769
1.534395 -2.870651 -3.591336
1.672627 -2.790610 -3.589671
1.811693 -2.711390 -3.597916
1.951972 -2.631930 -3.615363
2.093222 -2.550598 -3.640508
2.234525 -2.465418 -3.671187
2.374319 -2.374319 -3.704756
2.510505 -2.275389 -3.738325
2.640623 -2.167103 -3.769003
2.762082 -2.048500 -3.794148
2.872418 -1.919289 -3.811595
2.969544 -1.779876 -3.819841
3.051970 -1.631312 -3.818176
3.118971 -1.475164 -3.806743
3.170669 -1.313334 -3.786527
3.208031 -1.147852 -3.759269
3.232777 -0.980652 -3.727316
3.247200 -0.813381 -3.693421
3.253937 -0.647248 -3.660501
3.255680 -0.482934 -3.631393
3.254898 -0.320579 -3.608603
3.253572 -0.159838 -3.594093
2.977749 0.000000 -3.628398
2.982515 0.146522 -3.638588
2.995984 0.295079 -3.668281
3.015758 0.447345 -3.714920
3.038122 0.604320 -3.774488
3.058440 0.766099 -3.841856
3.071641 0.931772 -3.911221
3.072748 1.099447 -3.976610
3.057394 1.266414 -4.032392
3.022263 1.429424 -4.073763
2.965418 1.585049 -4.097160
2.886470 1.730084 -4.100567
2.786587 1.861938 -4.083693
2.668335 1.978972 -4.047989
2.535372 2.080726 -3.996531
2.392046 2.168024 -3.933749
2.242919 2.242919 -3.865052
2.092301 2.308498 -3.796355
1.943822 2.368554 -3.733574
1.800105 2.427160 -3.682116
1.662562 2.488200 -3.646412
1.531350 2.554903 -3.629537
1.405460 2.629431 -3.632945
1.282957 2.712584 -3.656342
1.161304 2.803636 -3.697712
1.037760 2.900345 -3.753494
0.909774 2.999124 -3.818883
0.775350 3.095373 -3.888248
0.633320 3.183914 -3.955616
0.483503 3.259511 -4.015184
0.326735 3.317401 -4.061823
0.164760 3.353776 -4.091517
0.000000 3.366184 -4.101707
-0.164760 3.353776 -4.091517
-0.326735 3.317401 -4.061823
-0.483503 3.259511 -4.015184
-0.633320 3.183914 -3.955616
-0.775350 3.095373 -3.888248
-0.909774 2.999124 -3.818883
-1.037760 2.900345 -3.753494
-1.161304 2.803636 -3.697712
-1.282957 2.712584 -3.656342
-1.405460 2.629431 -3.632945
-1.531350 2.554903 -3.629537
-1.662562 2.488200 -3.646412
-1.800105 2.427160 -3.682116
-1.943822 2.368554 -3.733574
-2.092301 2.308498 -3.796355
-2.242919 2.242919 -3.865052
-2.392046 2.168024 -3.933749
-2.535372 2.080726 -3.996531
-2.668335 1.978972 -4.047989
-2.786587 1.861938 -4.083693
-2.886470 1.730084 -4.100567
-2.965418 1.585049 -4.097160
-3.022263 1.429424 -4.073763
-3.057394 1.266414 -4.032392
-3.072748 1.099447 -3.976610
-3.071641 0.931772 -3.911221
-3.058440 0.766099 -3.841856
-3.038122 0.604320 -3.774488
-3.015758 0.447345 -3.714920
-2.995984 0.295079 -3.668281
-2.982515 0.146522 -3.638588
-2.977749 0.000000 -3.628398
-2.982515 -0.146522 -3.638588
-2.995984 -0.295079 -3.668281
-3.015758 -0.447345 -3.714920
-3.038122 -0.604320 -3.774488
-3.058440 -0.766099 -3.841856
-3.071641 -0.931772 -3.911221
-3.072748 -1.099447 -3.976610
-3.057394 -1.266414 -4.032392
-3.022263 -1.429424 -4.073763
-2.965418 -1.585049 -4.097160
-2.886470 -1.730084 -4.100567
-2.786587 -1.861938 -4.083693
-2.668335 -1.978972 -4.047989
-2.535372 -2.080726 -3.996531
-2.392046 -2.168024 -3.933749
-2.242919 -2.242919 -3.865052
-2.092301 -2.308498 -3.796355
-1.943822 -2.368554 -3.733574
-1.800105 -2.427160 -3.682116
-1.662562 -2.488200 -3.646412
-1.531350 -2.554903 -3.629537
-1.405460 -2.629431 -3.632945
-1.282957 -2.712584 -3.656342
-1.161304 -2.803636 -3.697712
-1.037760 -2.900345 -3.753494
-0.909774 -2.999124 -3.818883
-0.775350 -3.095373 -3.888248
-0.633320 -3.183914 -3.955616
-0.483503 -3.259511 -4.015184
-0.326735 -3.317401 -4.061823
-0.164760 -3.353776 -4.091517
-0.000000 -3.366184 -4.101707
0.164760 -3.353776 -4.091517
0.326735 -3.317401 -4.061823
0.483503 -3.259511 -4.015184
0.633320 -3.183914 -3.955616
0.775350 -3.095373 -3.888248
0.909774 -2.999124 -3.818883
1.037760 -2.900345 -3.753494
1.161304 -2.803636 -3.697712
1.282957 -2.712584 -3.656342
1.405460 -2.629431 -3.632945
1.531350 -2.554903 -3.629537
1.662562 -2.488200 -3.646412
1.800105 -2.427160 -3.682116
1.943822 -2.368554 -3.733574
2.092301 -2.308498 -3.796355
2.242919 -2.242919 -3.865052
2.392046 -2.168024 -3.933749
2.535372 -2.080726 -3.996531
2.668335 -1.978972 -4.047989
2.786587 -1.861938 -4.083693
2.886470 -1.730084 -4.100567
2.965418 -1.585049 -4.097160
3.022263 -1.429424 -4.073763
3.057394 -1.266414 -4.032392
3.072748 -1.099447 -3.976610
3.071641 -0.931772 -3.911221
3.058440 -0.766099 -3.841856
3.038122 -0.604320 -3.774488
3.015758 -0.447345 -3.714920
2.995984 -0.295079 -3.668281
2.982515 -0.146522 -3.638588
2.713734 0.000000 -3.659047
2.721852 0.133716 -3.674419
2.745073 0.270366 -3.719211
2.780113 0.412391 -3.789565
2.821892 0.561309 -3.879423
2.864061 0.717410 -3.981046
2.899672 0.879606 -4.085683
2.921898 1.045472 -4.184322
2.924736 1.211465 -4.268468
2.903610 1.373305 -4.330875
2.855812 1.526463 -4.366169
2.780742 1.666713 -4.371309
2.679914 1.790661 -4.345854
2.556738 1.896206 -4.291995
2.416114 1.982854 -4.214371
2.263867 2.051850 -4.119667
2.106115 2.106115 -4.016038
1.948622 2.149973 -3.912409
1.796223 2.188704 -3.817704
1.652370 2.227963 -3.740080
1.518867 2.273145 -3.686221
1.395794 2.328741 -3.660766
1.281644 2.397787 -3.665907
1.173637 2.481448 -3.701200
1.068177 2.578808 -3.763607
0.961379 2.686873 -3.847753
0.849618 2.800815 -3.946392
0.730021 2.914408 -4.051029
0.600842 3.020639 -4.152652
0.461682 3.112404 -4.242510
0.313521 3.183236 -4.312864
0.158580 3.227965 -4.357656
0.000000 3.243259 -4.373028
-0.158580 3.227965 -4.357656
-0.313521 3.183236 -4.312864
-0.461682 3.112404 -4.242510
-0.600842 3.020639 -4.152652
-0.730021 2.914408 -4.051029
-0.849618 2.800815 -3.946392
-0.961379 2.686873 -3.847753
-1.068177 2.578808 -3.763607
-1.173637 2.481448 -3.701200
-1.281644 2.397787 -3.665907
-1.395794 2.328741 -3.660766
-1.518867 2.273145 -3.686221
-1.652370 2.227963 -3.740080
-1.796223 2.188704 -3.817704
-1.948622 2.149973 -3.912409
-2.106115 2.106115 -4.016038
-2.263867 2.051850 -4.119667
-2.416114 1.982854 -4.214371
-2.556738 1.896206 -4.291995
-2.679914 1.790661 -4.345854
-2.780742 1.666713 -4.371309
-2.855812 1.526463 -4.366169
-2.903610 1.373305 -4.330875
-2.924736 1.211465 -4.268468
-2.921898 1.045472 -4.184322
-2.899672 0.879606 -4.085683
-2.864061 0.717410 -3.981046
-2.821892 0.561309 -3.879423
-2.780113 0.412391 -3.789565
-2.745073 0.270366 -3.719211
-2.721852 0.133716 -3.674419
-2.713734 0.000000 -3.659047
-2.721852 -0.133716 -3.674419
-2.745073 -0.270366 -3.719211
-2.780113 -0.412391 -3.789565
-2.821892 -0.561309 -3.879423
-2.864061 -0.717410 -3.981046
-2.899672 -0.879606 -4.085683
-2.921898 -1.045472 -4.184322
-2.924736 -1.211465 -4.268468
-2.903610 -1.373305 -4.330875
-2.855812 -1.526463 -4.366169
-2.780742 -1.666713 -4.371309
-2.679914 -1.790661 -4.345854
-2.556738 -1.896206 -4.291995
-2.416114 -1.982854 -4.214371
-2.263867 -2.051850 -4.119667
-2.106115 -2.106115 -4.016038
-1.948622 -2.149973 -3.912409
-1.796223 -2.188704 -3.817704
-1.652370 -2.227963 -3.740080
-1.518867 -2.273145 -3.686221
-1.395794 -2.328741 -3.660766
-1.281644 -2.397787 -3.665907
-1.173637 -2.481448 -3.701200
-1.068177 -2.578808 -3.763607
-0.961379 -2.686873 -3.847753
-0.849618 -2.800815 -3.946392
-0.730021 -2.914408 -4.051029
-0.600842 -3.020639 -4.152652
-0.461682 -3.112404 -4.242510
-0.313521 -3.183236 -4.312864
-0.158580 -3.227965 -4.357656
-0.000000 -3.243259 -4.373028
0.158580 -3.227965 -4.357656
0.313521 -3.183236 -4.312864
0.461682 -3.112404 -4.242510
0.600842 -3.020639 -4.152652
0.730021 -2.914408 -4.051029
0.849618 -2.800815 -3.946392
0.961379 -2.686873 -3.847753
1.068177 -2.578808 -3.763607
1.173637 -2.481448 -3.701200
1.281644 -2.397787 -3.665907
1.395794 -2.328741 -3.660766
1.518867 -2.273145 -3.686221
1.652370 -2.227963 -3.740080
1.796223 -2.188704 -3.817704
1.948622 -2.149973 -3.912409
2.106115 -2.106115 -4.016038
2.263867 -2.051850 -4.119667
2.416114 -1.982854 -4.214371
2.556738 -1.896206 -4.291995
2.679914 -1.790661 -4.345854
2.780742 -1.666713 -4.371309
2.855812 -1.526463 -4.366169
2.903610 -1.373305 -4.330875
2.924736 -1.211465 -4.268468
2.921898 -1.045472 -4.184322
2.899672 -0.879606 -4.085683
2.864061 -0.717410 -3.981046
2.821892 -0.561309 -3.879423
2.780113 -0.412391 -3.789565
2.745073 -0.270366 -3.719211
2.721852 -0.133716 -3.674419
2.463573 0.000000 -3.686998
2.474122 0.121546 -3.707251
2.504421 0.246664 -3.766266
2.550567 0.378341 -3.858961
2.606517 0.518469 -3.977353
2.664721 0.667478 -4.111246
2.716910 0.824166 -4.249109
2.754959 0.985740 -4.379070
2.771712 1.148081 -4.489936
2.761705 1.306189 -4.572160
2.721689 1.454773 -4.618661
2.650910 1.588894 -4.625433
2.551120 1.704604 -4.591895
2.426322 1.799483 -4.520934
2.282278 1.873017 -4.418661
2.125849 1.926757 -4.293884
1.964237 1.964237 -4.157348
1.804224 1.990655 -4.020813
1.651483 2.012338 -3.896035
1.510045 2.036060 -3.793762
1.381979 2.068277 -3.722801
1.267308 2.114375 -3.689263
1.164167 2.178003 -3.696035
1.069180 2.260590 -3.742536
0.977995 2.361088 -3.824760
0.885920 2.475980 -3.935626
0.788570 2.599565 -4.065587
0.682448 2.724484 -4.203450
0.565395 2.842434 -4.337343
0.436850 2.945003 -4.455735
0.297890 3.024529 -4.548430
0.151060 3.074888 -4.607445
0.000000 3.092129 -4.627698
-0.151060 3.074888 -4.607445
-0.297890 3.024529 -4.548430
-0.436850 2.945003 -4.455735
-0.565395 2.842434 -4.337343
-0.682448 2.724484 -4.203450
-0.788570 2.599565 -4.065587
-0.885920 2.475980 -3.935626
-0.977995 2.361088 -3.824760
-1.069180 2.260590 -3.742536
-1.164167 2.178003 -3.696035
-1.267308 2.114375 -3.689263
-1.381979 2.068277 -3.722801
-1.510045 2.036060 -3.793762
-1.651483 2.012338 -3.896035
-1.804224 1.990655 -4.020813
-1.964237 1.964237 -4.157348
-2.125849 1.926757 -4.293884
-2.282278 1.873017 -4.418661
-2.426322 1.799483 -4.520934
-2.551120 1.704604 -4.591895
-2.650910 1.588894 -4.625433
-2.721689 1.454773 -4.618661
-2.761705 1.306189 -4.572160
-2.771712 1.148081 -4.489936
-2.754959 0.985740 -4.379070
-2.716910 0.824166 -4.249109
-2.664721 0.667478 -4.111246
-2.606517 0.518469 -3.977353
-2.550567 0.378341 -3.858961
-2.504421 0.246664 -3.766266
-2.474122 0.121546 -3.707251
-2.463573 0.000000 -3.686998
-2.474122 -0.121546 -3.707251
-2.504421 -0.246664 -3.766266
-2.550567 -0.378341 -3.858961
-2.606517 -0.518469 -3.977353
-2.664721 -0.667478 -4.111246
-2.716910 -0.824166 -4.249109
-2.754959 -0.985740 -4.379070
-2.771712 -1.148081 -4.489936
-2.761705 -1.306189 -4.572160
-2.721689 -1.454773 -4.618661
-2.650910 -1.588894 -4.625433
-2.551120 -1.704604 -4.591895
-2.426322 -1.799483 -4.520934
-2.282278 -1.873017 -4.418661
-2.125849 -1.926757 -4.293884
-1.964237 -1.964237 -4.157348
-1.804224 -1.990655 -4.020813
-1.651483 -2.012338 -3.896035
-1.510045 -2.036060 -3.793762
-1.381979 -2.068277 -3.722801
-1.267308 -2.114375 -3.689263
-1.164167 -2.178003 -3.696035
-1.069180 -2.260590 -3.742536
-0.977995 -2.361088 -3.824760
-0.885920 -2.475980 -3.935626
-0.788570 -2.599565 -4.065587
-0.682448 -2.724484 -4.203450
-0.565395 -2.842434 -4.337343
-0.436850 -2.945003 -4.455735
-0.297890 -3.024529 -4.548430
-0.151060 -3.074888 -4.607445
-0.000000 -3.092129 -4.627698
0.151060 -3.074888 -4.607445
0.297890 -3.024529 -4.548430
0.436850 -2.945003 -4.455735
0.565395 -2.842434 -4.337343
0.682448 -2.724484 -4.203450
0.788570 -2.599565 -4.065587
0.885920 -2.475980 -3.935626
0.977995 -2.361088 -3.824760
1.069180 -2.260590 -3.742536
1.164167 -2.178003 -3.696035
1.267308 -2.114375 -3.689263
1.381979 -2.068277 -3.722801
1.510045 -2.036060 -3.793762
1.651483 -2.012338 -3.896035
1.804224 -1.990655 -4.020813
1.964237 -1.964237 -4.157348
2.125849 -1.926757 -4.293884
2.282278 -1.873017 -4.418661
2.426322 -1.799483 -4.520934
2.551120 -1.704604 -4.591895
2.650910 -1.588894 -4.625433
2.721689 -1.454773 -4.618661
2.761705 -1.306189 -4.572160
2.771712 -1.148081 -4.489936
2.754959 -0.985740 -4.379070
2.716910 -0.824166 -4.249109
2.664721 -0.667478 -4.111246
2.606517 -0.518469 -3.977353
2.550567 -0.378341 -3.858961
2.504421 -0.246664 -3.766266
2.474122 -0.121546 -3.707251
2.228545 0.000000 -3.718103
2.240568 0.110072 -3.742670
2.275169 0.224085 -3.814256
2.328097 0.345341 -3.926696
2.392771 0.475952 -4.070307
2.460964 0.616439 -4.232720
2.523670 0.765547 -4.399950
2.572032 0.920288 -4.557594
2.598247 1.076229 -4.692076
2.596350 1.227982 -4.791815
2.562785 1.369837 -4.848220
2.496707 1.496469 -4.856436
2.399997 1.603627 -4.815753
2.276980 1.688724 -4.729677
2.133896 1.751243 -4.605618
1.978178 1.792916 -4.454262
1.817628 1.817628 -4.288643
1.659587 1.831072 -4.123024
1.510190 1.840172 -3.971668
1.373783 1.852332 -3.847609
1.252575 1.874611 -3.761533
1.146548 1.912899 -3.720850
1.053626 1.971196 -3.729066
0.970090 2.051083 -3.785471
0.891157 2.151443 -3.885210
0.811672 2.268472 -4.019692
0.726814 2.395986 -4.177336
0.632728 2.525993 -4.344566
0.527013 2.649473 -4.506979
0.409005 2.757286 -4.650590
0.279824 2.841103 -4.763030
0.142186 2.894267 -4.834616
0.000000 2.912482 -4.859183
-0.142186 2.894267 -4.834616
-0.279824 2.841103 -4.763030
-0.409005 2.757286 -4.650590
-0.527013 2.649473 -4.506979
-0.632728 2.525993 -4.344566
-0.726814 2.395986 -4.177336
-0.811672 2.268472 -4.019692
-0.891157 2.151443 -3.885210
-0.970090 2.051083 -3.785471
-1.053626 1.971196 -3.729066
-1.146548 1.912899 -3.720850
-1.252575 1.874611 -3.761533
-1.373783 1.852332 -3.847609
-1.510190 1.840172 -3.971668
-1.659587 1.831072 -4.123024
-1.817628 1.817628 -4.288643
-1.978178 1.792916 -4.454262
-2.133896 1.751243 -4.605618
-2.276980 1.688724 -4.729677
-2.399997 1.603627 -4.815753
-2.496707 1.496469 -4.856436
-2.562785 1.369837 -4.848220
-2.596350 1.227982 -4.791815
-2.598247 1.076229 -4.692076
-2.572032 0.920288 -4.557594
-2.523670 0.765547 -4.399950
-2.460964 0.616439 -4.232720
-2.392771 0.475952 -4.070307
-2.328097 0.345341 -3.926696
-2.275169 0.224085 -3.814256
-2.240568 0.110072 -3.742670
-2.228545 0.000000 -3.718103
-2.240568 -0.110072 -3.742670
-2.275169 -0.224085 -3.814256
-2.328097 -0.345341 -3.926696
-2.392771 -0.475952 -4.070307
-2.460964 -0.616439 -4.232720
-2.523670 -0.765547 -4.399950
-2.572032 -0.920288 -4.557594
-2.598247 -1.076229 -4.692076
-2.596350 -1.227982 -4.791815
-2.562785 -1.369837 -4.848220
-2.496707 -1.496469 -4.856436
-2.399997 -1.603627 -4.815753
-2.276980 -1.688724 -4.729677
-2.133896 -1.751243 -4.605618
-1.978178 -1.792916 -4.454262
-1.817628 -1.817628 -4.288643
-1.659587 -1.831072 -4.123024
-1.510190 -1.840172 -3.971668
-1.373783 -1.852332 -3.847609
-1.252575 -1.874611 -3.761533
-1.146548 -1.912899 -3.720850
-1.053626 -1.971196 -3.729066
-0.970090 -2.051083 -3.785471
-0.891157 -2.151443 -3.885210
-0.811672 -2.268472 -4.019692
-0.726814 -2.395986 -4.177336
-0.632728 -2.525993 -4.344566
-0.527013 -2.649473 -4.506979
-0.409005 -2.757286 -4.650590
-0.279824 -2.841103 -4.763030
-0.142186 -2.894267 -4.834616
-0.000000 -2.912482 -4.859183
0.142186 -2.894267 -4.834616
0.279824 -2.841103 -4.763030
0.409005 -2.757286 -4.650590
0.527013 -2.649473 -4.506979
0.632728 -2.525993 -4.344566
0.726814 -2.395986 -4.177336
0.811672 -2.268472 -4.019692
0.891157 -2.151443 -3.885210
0.970090 -2.051083 -3.785471
1.053626 -1.971196 -3.729066
1.146548 -1.912899 -3.720850
1.252575 -1.874611 -3.761533
1.373783 -1.852332 -3.847609
1.510190 -1.840172 -3.971668
1.659587 -1.831072 -4.123024
1.817628 -1.817628 -4.288643
1.978178 -1.792916 -4.454262
2.133896 -1.751243 -4.605618
2.276980 -1.688724 -4.729677
2.399997 -1.603627 -4.815753
2.496707 -1.496469 -4.856436
2.562785 -1.369837 -4.848220
2.596350 -1.227982 -4.791815
2.598247 -1.076229 -4.692076
2.572032 -0.920288 -4.557594
2.523670 -0.765547 -4.399950
2.460964 -0.616439 -4.232720
2.392771 -0.475952 -4.070307
2.328097 -0.345341 -3.926696
2.275169 -0.224085 -3.814256
2.240568 -0.110072 -3.742670
2.008573 0.000000 -3.757775
2.021138 0.099292 -3.785843
2.057336 0.202630 -3.867628
2.112836 0.313410 -3.996089
2.180926 0.433813 -4.160161
2.253221 0.564402 -4.345716
2.320538 0.703927 -4.536772
2.373843 0.849375 -4.716877
2.405179 0.996258 -4.870521
2.408458 1.139116 -4.984470
2.380041 1.272158 -5.048913
2.319055 1.389988 -5.058299
2.227402 1.488302 -5.011820
2.109471 1.564490 -4.913479
1.971602 1.618052 -4.771744
1.821348 1.650774 -4.598823
1.666639 1.666639 -4.409606
1.514933 1.671471 -4.220390
1.372457 1.672344 -4.047468
1.243617 1.676823 -3.905734
1.130638 1.692119 -3.807393
1.033475 1.724249 -3.760914
0.949990 1.777307 -3.770300
0.876365 1.852918 -3.834743
0.807699 1.949959 -3.948692
0.738713 2.064565 -4.102335
0.664465 2.190448 -4.282440
0.580998 2.319475 -4.473497
0.485836 2.442464 -4.659051
0.378273 2.550110 -4.823124
0.259420 2.633932 -4.951584
0.132011 2.687152 -5.033370
0.000000 2.705395 -5.061438
-0.132011 2.687152 -5.033370
-0.259420 2.633932 -4.951584
-0.378273 2.550110 -4.823124
-0.485836 2.442464 -4.659051
-0.580998 2.319475 -4.473497
-0.664465 2.190448 -4.282440
-0.738713 2.064565 -4.102335
-0.807699 1.949959 -3.948692
-0.876365 1.852918 -3.834743
-0.949990 1.777307 -3.770300
-1.033475 1.724249 -3.760914
-1.130638 1.692119 -3.807393
-1.243617 1.676823 -3.905734
-1.372457 1.672344 -4.047468
-1.514933 1.671471 -4.220390
-1.666639 1.666639 -4.409606
-1.821348 1.650774 -4.598823
-1.971602 1.618052 -4.771744
-2.109471 1.564490 -4.913479
-2.227402 1.488302 -5.011820
-2.319055 1.389988 -5.058299
-2.380041 1.272158 -5.048913
-2.408458 1.139116 -4.984470
-2.405179 0.996258 -4.870521
-2.373843 0.849375 -4.716877
-2.320538 0.703927 -4.536772
-2.253221 0.564402 -4.345716
-2.180926 0.433813 -4.160161
-2.112836 0.313410 -3.996089
-2.057336 0.202630 -3.867628
-2.021138 0.099292 -3.785843
-2.008573 0.000000 -3.757775
-2.021138 -0.099292 -3.785843
-2.057336 -0.202630 -3.867628
-2.112836 -0.313410 -3.996089
-2.180926 -0.433813 -4.160161
-2.253221 -0.564402 -4.345716
-2.320538 -0.703927 -4.536772
-2.373843 -0.849375 -4.716877
-2.405179 -0.996258 -4.870521
-2.408458 -1.139116 -4.984470
-2.380041 -1.272158 -5.048913
-2.319055 -1.389988 -5.058299
-2.227402 -1.488302 -5.011820
-2.109471 -1.564490 -4.913479
-1.971602 -1.618052 -4.771744
-1.821348 -1.650774 -4.598823
-1.666639 -1.666639 -4.409606
-1.514933 -1.671471 -4.220390
-1.372457 -1.672344 -4.047468
-1.243617 -1.676823 -3.905734
-1.130638 -1.692119 -3.807393
-1.033475 -1.724249 -3.760914
-0.949990 -1.777307 -3.770300
-0.876365 -1.852918 -3.834743
-0.807699 -1.949959 -3.948692
-0.738713 -2.064565 -4.102335
-0.664465 -2.190448 -4.282440
-0.580998 -2.319475 -4.473497
-0.485836 -2.442464 -4.659051
-0.378273 -2.550110 -4.823124
-0.259420 -2.633932 -4.951584
-0.132011 -2.687152 -5.033370
-0.000000 -2.705395 -5.061438
0.132011 -2.687152 -5.033370
0.259420 -2.633932 -4.951584
0.378273 -2.550110 -4.823124
0.485836 -2.442464 -4.659051
0.580998 -2.319475 -4.473497
0.664465 -2.190448 -4.282440
0.738713 -2.064565 -4.102335
0.807699 -1.949959 -3.948692
0.876365 -1.852918 -3.834743
0.949990 -1.777307 -3.770300
1.033475 -1.724249 -3.760914
1.130638 -1.692119 -3.807393
1.243617 -1.676823 -3.905734
1.372457 -1.672344 -4.047468
1.514933 -1.671471 -4.220390
1.666639 -1.666639 -4.409606
1.821348 -1.650774 -4.598823
1.971602 -1.618052 -4.771744
2.109471 -1.564490 -4.913479
2.227402 -1.488302 -5.011820
2.319055 -1.389988 -5.058299
2.380041 -1.272158 -5.048913
2.408458 -1.139116 -4.984470
2.405179 -0.996258 -4.870521
2.373843 -0.849375 -4.716877
2.320538 -0.703927 -4.536772
2.253221 -0.564402 -4.345716
2.180926 -0.433813 -4.160161
2.112836 -0.313410 -3.996089
2.057336 -0.202630 -3.867628
2.021138 -0.099292 -3.785843
1.802304 0.000000 -3.810651
1.814561 0.089144 -3.841193
1.849890 0.182198 -3.930189
1.904120 0.282449 -4.069974
1.970786 0.392014 -4.248511
2.041812 0.511447 -4.450423
2.108353 0.639562 -4.658323
2.161706 0.773471 -4.854306
2.194205 0.908869 -5.021494
2.199980 1.040513 -5.145489
2.175524 1.162842 -5.215613
2.119989 1.270673 -5.225827
2.035197 1.359875 -5.175250
1.925368 1.427950 -5.068239
1.796595 1.474427 -4.914010
1.656143 1.501040 -4.725844
1.511636 1.511636 -4.519946
1.370244 1.511832 -4.314049
1.237953 1.508451 -4.125883
1.118993 1.508787 -3.971654
1.015493 1.519793 -3.864643
0.927400 1.547273 -3.814066
0.852639 1.595175 -3.824280
0.787520 1.665072 -3.894404
0.727313 1.755889 -4.018399
0.666919 1.863914 -4.185587
0.601565 1.983094 -4.381570
0.527427 2.105606 -4.589470
0.442105 2.222611 -4.791382
0.344904 2.325155 -4.969919
0.236879 2.405073 -5.109704
0.120648 2.455840 -5.198700
0.000000 2.473247 -5.229242
-0.120648 2.455840 -5.198700
-0.236879 2.405073 -5.109704
-0.344904 2.325155 -4.969919
-0.442105 2.222611 -4.791382
-0.527427 2.105606 -4.589470
-0.601565 1.983094 -4.381570
-0.666919 1.863914 -4.185587
-0.727313 1.755889 -4.018399
-0.787520 1.665072 -3.894404
-0.852639 1.595175 -3.824280
-0.927400 1.547273 -3.814066
-1.015493 1.519793 -3.864643
-1.118993 1.508787 -3.971654
-1.237953 1.508451 -4.125883
-1.370244 1.511832 -4.314049
-1.511636 1.511636 -4.519946
-1.656143 1.501040 -4.725844
-1.796595 1.474427 -4.914010
-1.925368 1.427950 -5.068239
-2.035197 1.359875 -5.175250
-2.119989 1.270673 -5.225827
-2.175524 1.162842 -5.215613
-2.199980 1.040513 -5.145489
-2.194205 0.908869 -5.021494
-2.161706 0.773471 -4.854306
-2.108353 0.639562 -4.658323
-2.041812 0.511447 -4.450423
-1.970786 0.392014 -4.248511
-1.904120 0.282449 -4.069974
-1.849890 0.182198 -3.930189
-1.814561 0.089144 -3.841193
-1.802304 0.000000 -3.810651
-1.814561 -0.089144 -3.841193
-1.849890 -0.182198 -3.930189
-1.904120 -0.282449 -4.069974
-1.970786 -0.392014 -4.248511
-2.041812 -0.511447 -4.450423
-2.108353 -0.639562 -4.658323
-2.161706 -0.773471 -4.854306
-2.194205 -0.908869 -5.021494
-2.199980 -1.040513 -5.145489
-2.175524 -1.162842 -5.215613
-2.119989 -1.270673 -5.225827
-2.035197 -1.359875 -5.175250
-1.925368 -1.427950 -5.068239
-1.796595 -1.474427 -4.914010
-1.656143 -1.501040 -4.725844
-1.511636 -1.511636 -4.519946
-1.370244 -1.511832 -4.314049
-1.237953 -1.508451 -4.125883
-1.118993 -1.508787 -3.971654
-1.015493 -1.519793 -3.864643
-0.927400 -1.547273 -3.814066
-0.852639 -1.595175 -3.824280
-0.787520 -1.665072 -3.894404
-0.727313 -1.755889 -4.018399
-0.666919 -1.863914 -4.185587
-0.601565 -1.983094 -4.381570
-0.527427 -2.105606 -4.589470
-0.442105 -2.222611 -4.791382
-0.344904 -2.325155 -4.969919
-0.236879 -2.405073 -5.109704
-0.120648 -2.455840 -5.198700
-0.000000 -2.473247 -5.229242
0.120648 -2.455840 -5.198700
0.236879 -2.405073 -5.109704
0.344904 -2.325155 -4.969919
0.442105 -2.222611 -4.791382
0.527427 -2.105606 -4.589470
0.601565 -1.983094 -4.381570
0.666919 -1.863914 -4.185587
0.727313 -1.755889 -4.018399
0.787520 -1.665072 -3.894404
0.852639 -1.595175 -3.824280
0.927400 -1.547273 -3.814066
1.015493 -1.519793 -3.864643
1.118993 -1.508787 -3.971654
1.237953 -1.508451 -4.125883
1.370244 -1.511832 -4.314049
1.511636 -1.511636 -4.519946
1.656143 -1.501040 -4.725844
1.796595 -1.474427 -4.914010
1.925368 -1.427950 -5.068239
2.035197 -1.359875 -5.175250
2.119989 -1.270673 -5.225827
2.175524 -1.162842 -5.215613
2.199980 -1.040513 -5.145489
2.194205 -0.908869 -5.021494
2.161706 -0.773471 -4.854306
2.108353 -0.639562 -4.658323
2.041812 -0.511447 -4.450423
1.970786 -0.392014 -4.248511
1.904120 -0.282449 -4.069974
1.849890 -0.182198 -3.930189
1.814561 -0.089144 -3.841193
1.607270 0.000000 -3.880294
1.618501 0.079512 -3.912120
1.650878 0.162597 -4.004855
1.700592 0.252259 -4.150515
1.761745 0.350433 -4.336555
1.826966 0.457631 -4.546953
1.888181 0.572773 -4.763590
1.937447 0.693230 -4.967809
1.967767 0.815076 -5.142023
1.973783 0.933530 -5.271229
1.952293 1.043522 -5.344300
1.902519 1.140326 -5.354942
1.826123 1.220177 -5.302240
1.726954 1.280796 -5.190732
1.610570 1.321760 -5.030022
1.483597 1.344654 -4.833948
1.352990 1.352990 -4.619398
1.225291 1.351900 -4.404847
1.105958 1.347613 -4.208774
0.998846 1.346788 -4.048063
0.905899 1.355773 -3.936555
0.827060 1.379866 -3.883853
0.760435 1.422674 -3.894496
0.702653 1.485634 -3.967566
0.649390 1.567767 -4.096772
0.595992 1.665686 -4.270987
0.538098 1.773872 -4.475206
0.472214 1.885183 -4.691842
0.396145 1.991558 -4.902240
0.309254 2.084823 -5.088280
0.212498 2.157530 -5.233940
0.108262 2.203724 -5.326676
0.000000 2.219564 -5.358501
-0.108262 2.203724 -5.326676
-0.212498 2.157530 -5.233940
-0.309254 2.084823 -5.088280
-0.396145 1.991558 -4.902240
-0.472214 1.885183 -4.691842
-0.538098 1.773872 -4.475206
-0.595992 1.665686 -4.270987
-0.649390 1.567767 -4.096772
-0.702653 1.485634 -3.967566
-0.760435 1.422674 -3.894496
-0.827060 1.379866 -3.883853
-0.905899 1.355773 -3.936555
-0.998846 1.346788 -4.048063
-1.105958 1.347613 -4.208774
-1.225291 1.351900 -4.404847
-1.352990 1.352990 -4.619398
-1.483597 1.344654 -4.833948
-1.610570 1.321760 -5.030022
-1.726954 1.280796 -5.190732
-1.826123 1.220177 -5.302240
-1.902519 1.140326 -5.354942
-1.952293 1.043522 -5.344300
-1.973783 0.933530 -5.271229
-1.967767 0.815076 -5.142023
-1.937447 0.693230 -4.967809
-1.888181 0.572773 -4.763590
-1.826966 0.457631 -4.546953
-1.761745 0.350433 -4.336555
-1.700592 0.252259 -4.150515
-1.650878 0.162597 -4.004855
-1.618501 0.079512 -3.912120
-1.607270 0.000000 -3.880294
-1.618501 -0.079512 -3.912120
-1.650878 -0.162597 -4.004855
-1.700592 -0.252259 -4.150515
-1.761745 -0.350433 -4.336555
-1.826966 -0.457631 -4.546953
-1.888181 -0.572773 -4.763590
-1.937447 -0.693230 -4.967809
-1.967767 -0.815076 -5.142023
-1.973783 -0.933530 -5.271229
-1.952293 -1.043522 -5.344300
-1.902519 -1.140326 -5.354942
-1.826123 -1.220177 -5.302240
-1.726954 -1.280796 -5.190732
-1.610570 -1.321760 -5.030022
-1.483597 -1.344654 -4.833948
-1.352990 -1.352990 -4.619398
-1.225291 -1.351900 -4.404847
-1.105958 -1.347613 -4.208774
-0.998846 -1.346788 -4.048063
-0.905899 -1.355773 -3.936555
-0.827060 -1.379866 -3.883853
-0.760435 -1.422674 -3.894496
-0.702653 -1.485634 -3.967566
-0.649390 -1.567767 -4.096772
-0.595992 -1.665686 -4.270987
-0.538098 -1.773872 -4.475206
-0.472214 -1.885183 -4.691842
-0.396145 -1.991558 -4.902240
-0.309254 -2.084823 -5.088280
-0.212498 -2.157530 -5.233940
-0.108262 -2.203724 -5.326676
-0.000000 -2.219564 -5.358501
0.108262 -2.203724 -5.326676
0.212498 -2.157530 -5.233940
0.309254 -2.084823 -5.088280
0.396145 -1.991558 -4.902240
0.472214 -1.885183 -4.691842
0.538098 -1.773872 -4.475206
0.595992 -1.665686 -4.270987
0.649390 -1.567767 -4.096772
0.702653 -1.485634 -3.967566
0.760435 -1.422674 -3.894496
0.827060 -1.379866 -3.883853
0.905899 -1.355773 -3.936555
0.998846 -1.346788 -4.048063
1.105958 -1.347613 -4.208774
1.225291 -1.351900 -4.404847
1.352990 -1.352990 -4.619398
1.483597 -1.344654 -4.833948
1.610570 -1.321760 -5.030022
1.726954 -1.280796 -5.190732
1.826123 -1.220177 -5.302240
1.902519 -1.140326 -5.354942
1.952293 -1.043522 -5.344300
1.973783 -0.933530 -5.271229
1.967767 -0.815076 -5.142023
1.937447 -0.693230 -4.967809
1.888181 -0.572773 -4.763590
1.826966 -0.457631 -4.546953
1.761745 -0.350433 -4.336555
1.700592 -0.252259 -4.150515
1.650878 -0.162597 -4.004855
1.618501 -0.079512 -3.912120
1.420116 0.000000 -3.968958
1.429774 0.070240 -4.000769
1.457611 0.143562 -4.093462
1.500341 0.222555 -4.239055
1.552871 0.308885 -4.425008
1.608836 0.402992 -4.635309
1.661266 0.503939 -4.851846
1.703305 0.609452 -5.055970
1.728912 0.716139 -5.230104
1.733463 0.819867 -5.359250
1.714193 0.916255 -5.432287
1.670435 1.001220 -5.442925
1.603623 1.071507 -5.390247
1.517084 1.125146 -5.278791
1.415618 1.161768 -5.118155
1.304949 1.182737 -4.922172
1.191085 1.191085 -4.707720
1.079677 1.191240 -4.493269
0.975439 1.188576 -4.297286
0.881705 1.188841 -4.136650
0.800153 1.197513 -4.025193
0.730740 1.219166 -3.972516
0.671832 1.256910 -3.983153
0.620523 1.311985 -4.056190
0.573083 1.383544 -4.185337
0.525495 1.468661 -4.359470
0.474000 1.562569 -4.563595
0.415583 1.659101 -4.780132
0.348354 1.751295 -4.990432
0.271765 1.832094 -5.176386
0.186648 1.895065 -5.321979
0.095064 1.935067 -5.414672
0.000000 1.948783 -5.446482
-0.095064 1.935067 -5.414672
-0.186648 1.895065 -5.321979
-0.271765 1.832094 -5.176386
-0.348354 1.751295 -4.990432
-0.415583 1.659101 -4.780132
-0.474000 1.562569 -4.563595
-0.525495 1.468661 -4.359470
-0.573083 1.383544 -4.185337
-0.620523 1.311985 -4.056190
-0.671832 1.256910 -3.983153
-0.730740 1.219166 -3.972516
-0.800153 1.197513 -4.025193
-0.881705 1.188841 -4.136650
-0.975439 1.188576 -4.297286
-1.079677 1.191240 -4.493269
-1.191085 1.191085 -4.707720
-1.304949 1.182737 -4.922172
-1.415618 1.161768 -5.118155
-1.517084 1.125146 -5.278791
-1.603623 1.071507 -5.390247
-1.670435 1.001220 -5.442925
-1.714193 0.916255 -5.432287
-1.733463 0.819867 -5.359250
-1.728912 0.716139 -5.230104
-1.703305 0.609452 -5.055970
-1.661266 0.503939 -4.851846
-1.608836 0.402992 -4.635309
-1.552871 0.308885 -4.425008
-1.500341 0.222555 -4.239055
-1.457611 0.143562 -4.093462
-1.429774 0.070240 -4.000769
-1.420116 0.000000 -3.968958
-1.429774 -0.070240 -4.000769
-1.457611 -0.143562 -4.093462
-1.500341 -0.222555 -4.239055
-1.552871 -0.308885 -4.425008
-1.608836 -0.402992 -4.635309
-1.661266 -0.503939 -4.851846
-1.703305 -0.609452 -5.055970
-1.728912 -0.716139 -5.230104
-1.733463 -0.819867 -5.359250
-1.714193 -0.916255 -5.432287
-1.670435 -1.001220 -5.442925
-1.603623 -1.071507 -5.390247
-1.517084 -1.125146 -5.278791
-1.415618 -1.161768 -5.118155
-1.304949 -1.182737 -4.922172
-1.191085 -1.191085 -4.707720
-1.079677 -1.191240 -4.493269
-0.975439 -1.188576 -4.297286
-0.881705 -1.188841 -4.136650
-0.800153 -1.197513 -4.025193
-0.730740 -1.219166 -3.972516
-0.671832 -1.256910 -3.983153
-0.620523 -1.311985 -4.056190
-0.573083 -1.383544 -4.185337
-0.525495 -1.468661 -4.359470
-0.474000 -1.562569 -4.563595
-0.415583 -1.659101 -4.780132
-0.348354 -1.751295 -4.990432
-0.271765 -1.832094 -5.176386
-0.186648 -1.895065 -5.321979
-0.095064 -1.935067 -5.414672
-0.000000 -1.948783 -5.446482
0.095064 -1.935067 -5.414672
0.186648 -1.895065 -5.321979
0.271765 -1.832094 -5.176386
0.348354 -1.751295 -4.990432
0.415583 -1.659101 -4.780132
0.474000 -1.562569 -4.563595
0.525495 -1.468661 -4.359470
0.573083 -1.383544 -4.185337
0.620523 -1.311985 -4.056190
0.671832 -1.256910 -3.983153
0.730740 -1.219166 -3.972516
0.800153 -1.197513 -4.025193
0.881705 -1.188841 -4.136650
0.975439 -1.188576 -4.297286
1.079677 -1.191240 -4.493269
1.191085 -1.191085 -4.707720
1.304949 -1.182737 -4.922172
1.415618 -1.161768 -5.118155
1.517084 -1.125146 -5.278791
1.603623 -1.071507 -5.390247
1.670435 -1.001220 -5.442925
1.714193 -0.916255 -5.432287
1.733463 -0.819867 -5.359250
1.728912 -0.716139 -5.230104
1.703305 -0.609452 -5.055970
1.661266 -0.503939 -4.851846
1.608836 -0.402992 -4.635309
1.552871 -0.308885 -4.425008
1.500341 -0.222555 -4.239055
1.457611 -0.143562 -4.093462
1.429774 -0.070240 -4.000769
1.236873 0.000000 -4.077424
1.244610 0.061144 -4.107879
1.266901 0.124779 -4.196621
1.301078 0.192997 -4.336009
1.343007 0.267141 -4.514038
1.387527 0.347557 -4.715376
1.428980 0.433476 -4.922685
1.461805 0.523042 -5.118110
1.481102 0.613493 -5.284823
1.483121 0.701464 -5.408465
1.465622 0.783391 -5.478390
1.428067 0.855951 -5.488574
1.371627 0.916492 -5.438141
1.299006 0.963408 -5.331435
1.214107 0.996392 -5.177644
1.121581 1.016542 -4.990014
1.026311 1.026311 -4.784702
0.932891 1.029287 -4.579390
0.845155 1.029824 -4.391759
0.765815 1.032582 -4.237968
0.696243 1.042002 -4.131262
0.636411 1.061787 -4.080829
0.585001 1.094460 -4.091014
0.539663 1.141021 -4.160938
0.497379 1.200779 -4.284581
0.454897 1.271353 -4.451293
0.409176 1.348871 -4.646719
0.357777 1.428325 -4.854027
0.299177 1.504062 -5.055365
0.232939 1.570350 -5.233394
0.159750 1.621968 -5.372782
0.081292 1.654740 -5.461525
0.000000 1.665974 -5.491980
-0.081292 1.654740 -5.461525
-0.159750 1.621968 -5.372782
-0.232939 1.570350 -5.233394
-0.299177 1.504062 -5.055365
-0.357777 1.428325 -4.854027
-0.409176 1.348871 -4.646719
-0.454897 1.271353 -4.451293
-0.497379 1.200779 -4.284581
-0.539663 1.141021 -4.160938
-0.585001 1.094460 -4.091014
-0.636411 1.061787 -4.080829
-0.696243 1.042002 -4.131262
-0.765815 1.032582 -4.237968
-0.845155 1.029824 -4.391759
-0.932891 1.029287 -4.579390
-1.026311 1.026311 -4.784702
-1.121581 1.016542 -4.990014
-1.214107 0.996392 -5.177644
-1.299006 0.963408 -5.331435
-1.371627 0.916492 -5.438141
-1.428067 0.855951 -5.488574
-1.465622 0.783391 -5.478390
-1.483121 0.701464 -5.408465
-1.481102 0.613493 -5.284823
-1.461805 0.523042 -5.118110
-1.428980 0.433476 -4.922685
-1.387527 0.347557 -4.715376
-1.343007 0.267141 -4.514038
-1.301078 0.192997 -4.336009
-1.266901 0.124779 -4.196621
-1.244610 0.061144 -4.107879
-1.236873 0.000000 -4.077424
-1.244610 -0.061144 -4.107879
-1.266901 -0.124779 -4.196621
-1.301078 -0.192997 -4.336009
-1.343007 -0.267141 -4.514038
-1.387527 -0.347557 -4.715376
-1.428980 -0.433476 -4.922685
-1.461805 -0.523042 -5.118110
-1.481102 -0.613493 -5.284823
-1.483121 -0.701464 -5.408465
-1.465622 -0.783391 -5.478390
-1.428067 -0.855951 -5.488574
-1.371627 -0.916492 -5.438141
-1.299006 -0.963408 -5.331435
-1.214107 -0.996392 -5.177644
-1.121581 -1.016542 -4.990014
-1.026311 -1.026311 -4.784702
-0.932891 -1.029287 -4.579390
-0.845155 -1.029824 -4.391759
-0.765815 -1.032582 -4.237968
-0.696243 -1.042002 -4.131262
-0.636411 -1.061787 -4.080829
-0.585001 -1.094460 -4.091014
-0.539663 -1.141021 -4.160938
-0.497379 -1.200779 -4.284581
-0.454897 -1.271353 -4.451293
-0.409176 -1.348871 -4.646719
-0.357777 -1.428325 -4.854027
-0.299177 -1.504062 -5.055365
-0.232939 -1.570350 -5.233394
-0.159750 -1.621968 -5.372782
-0.081292 -1.654740 -5.461525
-0.000000 -1.665974 -5.491980
0.081292 -1.654740 -5.461525
0.159750 -1.621968 -5.372782
0.232939 -1.570350 -5.233394
0.299177 -1.504062 -5.055365
0.357777 -1.428325 -4.854027
0.409176 -1.348871 -4.646719
0.454897 -1.271353 -4.451293
0.497379 -1.200779 -4.284581
0.539663 -1.141021 -4.160938
0.585001 -1.094460 -4.091014
0.636411 -1.061787 -4.080829
0.696243 -1.042002 -4.131262
0.765815 -1.032582 -4.237968
0.845155 -1.029824 -4.391759
0.932891 -1.029287 -4.579390
1.026311 -1.026311 -4.784702
1.121581 -1.016542 -4.990014
1.214107 -0.996392 -5.177644
1.299006 -0.963408 -5.331435
1.371627 -0.916492 -5.438141
1.428067 -0.855951 -5.488574
1.465622 -0.783391 -5.478390
1.483121 -0.701464 -5.408465
1.481102 -0.613493 -5.284823
1.461805 -0.523042 -5.118110
1.428980 -0.433476 -4.922685
1.387527 -0.347557 -4.715376
1.343007 -0.267141 -4.514038
1.301078 -0.192997 -4.336009
1.266901 -0.124779 -4.196621
1.244610 -0.061144 -4.107879
1.053276 0.000000 -4.204915
1.058959 0.052023 -4.232699
1.075312 0.105909 -4.313658
1.100328 0.163218 -4.440820
1.130894 0.224949 -4.603233
1.163125 0.291348 -4.786912
1.192761 0.361820 -4.976037
1.215618 0.434955 -5.154321
1.228008 0.508658 -5.306411
1.227112 0.580381 -5.419208
1.211248 0.647426 -5.482999
1.180018 0.707275 -5.492290
1.134310 0.757921 -5.446281
1.076168 0.798141 -5.348934
1.008543 0.827690 -5.208633
0.934945 0.847385 -5.037460
0.859065 0.859065 -4.850156
0.784370 0.865419 -4.662853
0.713760 0.869720 -4.491679
0.649290 0.875467 -4.351378
0.592004 0.885997 -4.254031
0.541892 0.904093 -4.208022
0.497975 0.931646 -4.217313
0.458493 0.969403 -4.281104
0.421187 1.016836 -4.393902
0.383620 1.072147 -4.545992
0.343514 1.132414 -4.724276
0.299046 1.193859 -4.913401
0.249082 1.252219 -5.097079
0.193308 1.303175 -5.259493
0.132253 1.342790 -5.386655
0.067201 1.367916 -5.467614
0.000000 1.376525 -5.495397
-0.067201 1.367916 -5.467614
-0.132253 1.342790 -5.386655
-0.193308 1.303175 -5.259493
-0.249082 1.252219 -5.097079
-0.299046 1.193859 -4.913401
-0.343514 1.132414 -4.724276
-0.383620 1.072147 -4.545992
-0.421187 1.016836 -4.393902
-0.458493 0.969403 -4.281104
-0.497975 0.931646 -4.217313
-0.541892 0.904093 -4.208022
-0.592004 0.885997 -4.254031
-0.649290 0.875467 -4.351378
-0.713760 0.869720 -4.491679
-0.784370 0.865419 -4.662853
-0.859065 0.859065 -4.850156
-0.934945 0.847385 -5.037460
-1.008543 0.827690 -5.208633
-1.076168 0.798141 -5.348934
-1.134310 0.757921 -5.446281
-1.180018 0.707275 -5.492290
-1.211248 0.647426 -5.482999
-1.227112 0.580381 -5.419208
-1.228008 0.508658 -5.306411
-1.215618 0.434955 -5.154321
-1.192761 0.361820 -4.976037
-1.163125 0.291348 -4.786912
-1.130894 0.224949 -4.603233
-1.100328 0.163218 -4.440820
-1.075312 0.105909 -4.313658
-1.058959 0.052023 -4.232699
-1.053276 0.000000 -4.204915
-1.058959 -0.052023 -4.232699
-1.075312 -0.105909 -4.313658
-1.100328 -0.163218 -4.440820
-1.130894 -0.224949 -4.603233
-1.163125 -0.291348 -4.786912
-1.192761 -0.361820 -4.976037
-1.215618 -0.434955 -5.154321
-1.228008 -0.508658 -5.306411
-1.227112 -0.580381 -5.419208
-1.211248 -0.647426 -5.482999
-1.180018 -0.707275 -5.492290
-1.134310 -0.757921 -5.446281
-1.076168 -0.798141 -5.348934
-1.008543 -0.827690 -5.208633
-0.934945 -0.847385 -5.037460
-0.859065 -0.859065 -4.850156
-0.784370 -0.865419 -4.662853
-0.713760 -0.869720 -4.491679
-0.649290 -0.875467 -4.351378
-0.592004 -0.885997 -4.254031
-0.541892 -0.904093 -4.208022
-0.497975 -0.931646 -4.217313
-0.458493 -0.969403 -4.281104
-0.421187 -1.016836 -4.393902
-0.383620 -1.072147 -4.545992
-0.343514 -1.132414 -4.724276
-0.299046 -1.193859 -4.913401
-0.249082 -1.252219 -5.097079
-0.193308 -1.303175 -5.259493
-0.132253 -1.342790 -5.386655
-0.067201 -1.367916 -5.467614
-0.000000 -1.376525 -5.495397
0.067201 -1.367916 -5.467614
0.132253 -1.342790 -5.386655
0.193308 -1.303175 -5.259493
0.249082 -1.252219 -5.097079
0.299046 -1.193859 -4.913401
0.343514 -1.132414 -4.724276
0.383620 -1.072147 -4.545992
0.421187 -1.016836 -4.393902
0.458493 -0.969403 -4.281104
0.497975 -0.931646 -4.217313
0.541892 -0.904093 -4.208022
0.592004 -0.885997 -4.254031
0.649290 -0.875467 -4.351378
0.713760 -0.869720 -4.491679
0.784370 -0.865419 -4.662853
0.859065 -0.859065 -4.850156
0.934945 -0.847385 -5.037460
1.008543 -0.827690 -5.208633
1.076168 -0.798141 -5.348934
1.134310 -0.757921 -5.446281
1.180018 -0.707275 -5.492290
1.211248 -0.647426 -5.482999
1.227112 -0.580381 -5.419208
1.228008 -0.508658 -5.306411
1.215618 -0.434955 -5.154321
1.192761 -0.361820 -4.976037
1.163125 -0.291348 -4.786912
1.130894 -0.224949 -4.603233
1.100328 -0.163218 -4.440820
1.075312 -0.105909 -4.313658
1.058959 -0.052023 -4.232699
0.865092 0.000000 -4.349110
0.868796 0.042681 -4.373001
0.879436 0.086617 -4.442614
0.895640 0.132856 -4.551955
0.915287 0.182062 -4.691608
0.935726 0.234387 -4.849545
0.954052 0.289409 -5.012166
0.967413 0.346146 -5.165465
0.973296 0.403152 -5.296241
0.969782 0.458673 -5.393230
0.955730 0.510848 -5.448082
0.930876 0.557945 -5.456071
0.895834 0.598577 -5.416509
0.852011 0.631895 -5.332805
0.801430 0.657716 -5.212166
0.746499 0.676587 -5.064981
0.689748 0.689748 -4.903926
0.633559 0.699025 -4.742872
0.579924 0.706639 -4.595687
0.530257 0.714969 -4.475048
0.485286 0.726282 -4.391343
0.445019 0.742470 -4.351782
0.408801 0.764813 -4.359771
0.375446 0.793814 -4.414622
0.343426 0.829104 -4.511612
0.311094 0.869449 -4.642388
0.276909 0.912846 -4.795687
0.239644 0.956712 -4.958308
0.198540 0.998130 -5.116245
0.153401 1.034148 -5.255898
0.104605 1.062073 -5.365239
0.053045 1.079757 -5.434852
0.000000 1.085811 -5.458742
-0.053045 1.079757 -5.434852
-0.104605 1.062073 -5.365239
-0.153401 1.034148 -5.255898
-0.198540 0.998130 -5.116245
-0.239644 0.956712 -4.958308
-0.276909 0.912846 -4.795687
-0.311094 0.869449 -4.642388
-0.343426 0.829104 -4.511612
-0.375446 0.793814 -4.414622
-0.408801 0.764813 -4.359771
-0.445019 0.742470 -4.351782
-0.485286 0.726282 -4.391343
-0.530257 0.714969 -4.475048
-0.579924 0.706639 -4.595687
-0.633559 0.699025 -4.742872
-0.689748 0.689748 -4.903926
-0.746499 0.676587 -5.064981
-0.801430 0.657716 -5.212166
-0.852011 0.631895 -5.332805
-0.895834 0.598577 -5.416509
-0.930876 0.557945 -5.456071
-0.955730 0.510848 -5.448082
-0.969782 0.458673 -5.393230
-0.973296 0.403152 -5.296241
-0.967413 0.346146 -5.165465
-0.954052 0.289409 -5.012166
-0.935726 0.234387 -4.849545
-0.915287 0.182062 -4.691608
-0.895640 0.132856 -4.551955
-0.879436 0.086617 -4.442614
-0.868796 0.042681 -4.373001
-0.865092 0.000000 -4.349110
-0.868796 -0.042681 -4.373001
-0.879436 -0.086617 -4.442614
-0.895640 -0.132856 -4.551955
-0.915287 -0.182062 -4.691608
-0.935726 -0.234387 -4.849545
-0.954052 -0.289409 -5.012166
-0.967413 -0.346146 -5.165465
-0.973296 -0.403152 -5.296241
-0.969782 -0.458673 -5.393230
-0.955730 -0.510848 -5.448082
-0.930876 -0.557945 -5.456071
-0.895834 -0.598577 -5.416509
-0.852011 -0.631895 -5.332805
-0.801430 -0.657716 -5.212166
-0.746499 -0.676587 -5.064981
-0.689748 -0.689748 -4.903926
-0.633559 -0.699025 -4.742872
-0.579924 -0.706639 -4.595687
-0.530257 -0.714969 -4.475048
-0.485286 -0.726282 -4.391343
-0.445019 -0.742470 -4.351782
-0.408801 -0.764813 -4.359771
-0.375446 -0.793814 -4.414622
-0.343426 -0.829104 -4.511612
-0.311094 -0.869449 -4.642388
-0.276909 -0.912846 -4.795687
-0.239644 -0.956712 -4.958308
-0.198540 -0.998130 -5.116245
-0.153401 -1.034148 -5.255898
-0.104605 -1.062073 -5.365239
-0.053045 -1.079757 -5.434852
-0.000000 -1.085811 -5.458742
0.053045 -1.079757 -5.434852
0.104605 -1.062073 -5.365239
0.153401 -1.034148 -5.255898
0.198540 -0.998130 -5.116245
0.239644 -0.956712 -4.958308
0.276909 -0.912846 -4.795687
0.311094 -0.869449 -4.642388
0.343426 -0.829104 -4.511612
0.375446 -0.793814 -4.414622
0.408801 -0.764813 -4.359771
0.445019 -0.742470 -4.351782
0.485286 -0.726282 -4.391343
0.530257 -0.714969 -4.475048
0.579924 -0.706639 -4.595687
0.633559 -0.699025 -4.742872
0.689748 -0.689748 -4.903926
0.746499 -0.676587 -5.064981
0.801430 -0.657716 -5.212166
0.852011 -0.631895 -5.332805
0.895834 -0.598577 -5.416509
0.930876 -0.557945 -5.456071
0.955730 -0.510848 -5.448082
0.969782 -0.458673 -5.393230
0.973296 -0.403152 -5.296241
0.967413 -0.346146 -5.165465
0.954052 -0.289409 -5.012166
0.935726 -0.234387 -4.849545
0.915287 -0.182062 -4.691608
0.895640 -0.132856 -4.551955
0.879436 -0.086617 -4.442614
0.868796 -0.042681 -4.373001
0.668437 0.000000 -4.506237
0.670437 0.032936 -4.525168
0.676156 0.066596 -4.580331
0.684787 0.101579 -4.666974
0.695078 0.138260 -4.777637
0.705465 0.176710 -4.902790
0.714237 0.216661 -5.031653
0.719711 0.257517 -5.153130
0.720410 0.298404 -5.256759
0.715207 0.338268 -5.333615
0.703433 0.375993 -5.377081
0.684942 0.410539 -5.383411
0.660107 0.441069 -5.352062
0.629766 0.467067 -5.285733
0.595128 0.488409 -5.190137
0.557627 0.505404 -5.073505
0.518771 0.518771 -4.945883
0.479978 0.529574 -4.818260
0.442439 0.539114 -4.701629
0.407006 0.548784 -4.606032
0.374122 0.559913 -4.539703
0.343807 0.573607 -4.508354
0.315690 0.590614 -4.514685
0.289086 0.611221 -4.558150
0.263109 0.635202 -4.635006
0.236803 0.661821 -4.738635
0.209275 0.689887 -4.860112
0.179816 0.717866 -4.988975
0.147997 0.744033 -5.114128
0.113720 0.766636 -5.224791
0.077225 0.784083 -5.311435
0.039061 0.795101 -5.366597
0.000000 0.798868 -5.385528
-0.039061 0.795101 -5.366597
-0.077225 0.784083 -5.311435
-0.113720 0.766636 -5.224791
-0.147997 0.744033 -5.114128
-0.179816 0.717866 -4.988975
-0.209275 0.689887 -4.860112
-0.236803 0.661821 -4.738635
-0.263109 0.635202 -4.635006
-0.289086 0.611221 -4.558150
-0.315690 0.590614 -4.514685
-0.343807 0.573607 -4.508354
-0.374122 0.559913 -4.539703
-0.407006 0.548784 -4.606032
-0.442439 0.539114 -4.701629
-0.479978 0.529574 -4.818260
-0.518771 0.518771 -4.945883
-0.557627 0.505404 -5.073505
-0.595128 0.488409 -5.190137
-0.629766 0.467067 -5.285733
-0.660107 0.441069 -5.352062
-0.684942 0.410539 -5.383411
-0.703433 0.375993 -5.377081
-0.715207 0.338268 -5.333615
-0.720410 0.298404 -5.256759
-0.719711 0.257517 -5.153130
-0.714237 0.216661 -5.031653
-0.705465 0.176710 -4.902790
-0.695078 0.138260 -4.777637
-0.684787 0.101579 -4.666974
-0.676156 0.066596 -4.580331
-0.670437 0.032936 -4.525168
-0.668437 0.000000 -4.506237
-0.670437 -0.032936 -4.525168
-0.676156 -0.066596 -4.580331
-0.684787 -0.101579 -4.666974
-0.695078 -0.138260 -4.777637
-0.705465 -0.176710 -4.902790
-0.714237 -0.216661 -5.031653
-0.719711 -0.257517 -5.153130
-0.720410 -0.298404 -5.256759
-0.715207 -0.338268 -5.333615
-0.703433 -0.375993 -5.377081
-0.684942 -0.410539 -5.383411
-0.660107 -0.441069 -5.352062
-0.629766 -0.467067 -5.285733
-0.595128 -0.488409 -5.190137
-0.557627 -0.505404 -5.073505
-0.518771 -0.518771 -4.945883
-0.479978 -0.529574 -4.818260
-0.442439 -0.539114 -4.701629
-0.407006 -0.548784 -4.606032
-0.374122 -0.559913 -4.539703
-0.343807 -0.573607 -4.508354
-0.315690 -0.590614 -4.514685
-0.289086 -0.611221 -4.558150
-0.263109 -0.635202 -4.635006
-0.236803 -0.661821 -4.738635
-0.209275 -0.689887 -4.860112
-0.179816 -0.717866 -4.988975
-0.147997 -0.744033 -5.114128
-0.113720 -0.766636 -5.224791
-0.077225 -0.784083 -5.311435
-0.039061 -0.795101 -5.366597
-0.000000 -0.798868 -5.385528
0.039061 -0.795101 -5.366597
0.077225 -0.784083 -5.311435
0.113720 -0.766636 -5.224791
0.147997 -0.744033 -5.114128
0.179816 -0.717866 -4.988975
0.209275 -0.689887 -4.860112
0.236803 -0.661821 -4.738635
0.263109 -0.635202 -4.635006
0.289086 -0.611221 -4.558150
0.315690 -0.590614 -4.514685
0.343807 -0.573607 -4.508354
0.374122 -0.559913 -4.539703
0.407006 -0.548784 -4.606032
0.442439 -0.539114 -4.701629
0.479978 -0.529574 -4.818260
0.518771 -0.518771 -4.945883
0.557627 -0.505404 -5.073505
0.595128 -0.488409 -5.190137
0.629766 -0.467067 -5.285733
0.660107 -0.441069 -5.352062
0.684942 -0.410539 -5.383411
0.703433 -0.375993 -5.377081
0.715207 -0.338268 -5.333615
0.720410 -0.298404 -5.256759
0.719711 -0.257517 -5.153130
0.714237 -0.216661 -5.031653
0.705465 -0.176710 -4.902790
0.695078 -0.138260 -4.777637
0.684787 -0.101579 -4.666974
0.676156 -0.066596 -4.580331
0.670437 -0.032936 -4.525168
0.460078 0.000000 -4.671251
0.460814 0.022638 -4.684370
0.462896 0.045591 -4.722598
0.465951 0.069117 -4.782641
0.469406 0.093371 -4.859330
0.472545 0.118366 -4.946060
0.474585 0.143964 -5.035362
0.474756 0.169870 -5.119545
0.472384 0.195668 -5.191360
0.466956 0.220854 -5.244621
0.458173 0.244898 -5.274742
0.445975 0.267307 -5.279129
0.430543 0.287679 -5.257404
0.412272 0.305762 -5.211439
0.391728 0.321483 -5.145191
0.369584 0.334971 -5.064365
0.346543 0.346543 -4.975924
0.323272 0.356675 -4.887482
0.300331 0.365954 -4.806657
0.278126 0.375009 -4.740409
0.256875 0.384440 -4.694443
0.236602 0.394746 -4.672718
0.217151 0.406261 -4.677105
0.198224 0.419109 -4.707226
0.179428 0.433177 -4.760488
0.160339 0.448119 -4.832302
0.140565 0.463381 -4.916485
0.119796 0.478252 -5.005787
0.097851 0.491932 -5.092517
0.074704 0.503612 -5.169206
0.050482 0.512556 -5.229250
0.025456 0.518176 -5.267477
0.000000 0.520093 -5.280596
-0.025456 0.518176 -5.267477
-0.050482 0.512556 -5.229250
-0.074704 0.503612 -5.169206
-0.097851 0.491932 -5.092517
-0.119796 0.478252 -5.005787
-0.140565 0.463381 -4.916485
-0.160339 0.448119 -4.832302
-0.179428 0.433177 -4.760488
-0.198224 0.419109 -4.707226
-0.217151 0.406261 -4.677105
-0.236602 0.394746 -4.672718
-0.256875 0.384440 -4.694443
-0.278126 0.375009 -4.740409
-0.300331 0.365954 -4.806657
-0.323272 0.356675 -4.887482
-0.346543 0.346543 -4.975924
-0.369584 0.334971 -5.064365
-0.391728 0.321483 -5.145191
-0.412272 0.305762 -5.211439
-0.430543 0.287679 -5.257404
-0.445975 0.267307 -5.279129
-0.458173 0.244898 -5.274742
-0.466956 0.220854 -5.244621
-0.472384 0.195668 -5.191360
-0.474756 0.169870 -5.119545
-0.474585 0.143964 -5.035362
-0.472545 0.118366 -4.946060
-0.469406 0.093371 -4.859330
-0.465951 0.069117 -4.782641
-0.462896 0.045591 -4.722598
-0.460814 0.022638 -4.684370
-0.460078 0.000000 -4.671251
-0.460814 -0.022638 -4.684370
-0.462896 -0.045591 -4.722598
-0.465951 -0.069117 -4.782641
-0.469406 -0.093371 -4.859330
-0.472545 -0.118366 -4.946060
-0.474585 -0.143964 -5.035362
-0.474756 -0.169870 -5.119545
-0.472384 -0.195668 -5.191360
-0.466956 -0.220854 -5.244621
-0.458173 -0.244898 -5.274742
-0.445975 -0.267307 -5.279129
-0.430543 -0.287679 -5.257404
-0.412272 -0.305762 -5.211439
-0.391728 -0.321483 -5.145191
-0.369584 -0.334971 -5.064365
-0.346543 -0.346543 -4.975924
-0.323272 -0.356675 -4.887482
-0.300331 -0.365954 -4.806657
-0.278126 -0.375009 -4.740409
-0.256875 -0.384440 -4.694443
-0.236602 -0.394746 -4.672718
-0.217151 -0.406261 -4.677105
-0.198224 -0.419109 -4.707226
-0.179428 -0.433177 -4.760488
-0.160339 -0.448119 -4.832302
-0.140565 -0.463381 -4.916485
-0.119796 -0.478252 -5.005787
-0.097851 -0.491932 -5.092517
-0.074704 -0.503612 -5.169206
-0.050482 -0.512556 -5.229250
-0.025456 -0.518176 -5.267477
-0.000000 -0.520093 -5.280596
0.025456 -0.518176 -5.267477
0.050482 -0.512556 -5.229250
0.074704 -0.503612 -5.169206
0.097851 -0.491932 -5.092517
0.119796 -0.478252 -5.005787
0.140565 -0.463381 -4.916485
0.160339 -0.448119 -4.832302
0.179428 -0.433177 -4.760488
0.198224 -0.419109 -4.707226
0.217151 -0.406261 -4.677105
0.236602 -0.394746 -4.672718
0.256875 -0.384440 -4.694443
0.278126 -0.375009 -4.740409
0.300331 -0.365954 -4.806657
0.323272 -0.356675 -4.887482
0.346543 -0.346543 -4.975924
0.369584 -0.334971 -5.064365
0.391728 -0.321483 -5.145191
0.412272 -0.305762 -5.211439
0.430543 -0.287679 -5.257404
0.445975 -0.267307 -5.279129
0.458173 -0.244898 -5.274742
0.466956 -0.220854 -5.244621
0.472384 -0.195668 -5.191360
0.474756 -0.169870 -5.119545
0.474585 -0.143964 -5.035362
0.472545 -0.118366 -4.946060
0.469406 -0.093371 -4.859330
0.465951 -0.069117 -4.782641
0.462896 -0.045591 -4.722598
0.460814 -0.022638 -4.684370
0.237680 0.000000 -4.838093
0.237723 0.011679 -4.844805
0.237820 0.023423 -4.864364
0.237877 0.035286 -4.895085
0.237750 0.047291 -4.934323
0.237258 0.059430 -4.978698
0.236204 0.071652 -5.024389
0.234396 0.083868 -5.067461
0.231666 0.095959 -5.104204
0.227889 0.107783 -5.131455
0.222993 0.119192 -5.146866
0.216971 0.130047 -5.149111
0.209874 0.140233 -5.137996
0.201812 0.149674 -5.114477
0.192938 0.158340 -5.080582
0.183431 0.166252 -5.039228
0.173480 0.173480 -4.993977
0.163266 0.180137 -4.948726
0.152942 0.186360 -4.907373
0.142621 0.192303 -4.873477
0.132372 0.198109 -4.849959
0.122211 0.203897 -4.838844
0.112111 0.209745 -4.841088
0.102008 0.215678 -4.856500
0.091815 0.221660 -4.883750
0.081436 0.227598 -4.920494
0.070784 0.233344 -4.963566
0.059795 0.238714 -5.009257
0.048435 0.243499 -5.053632
0.036711 0.247489 -5.092869
0.024671 0.250494 -5.123590
0.012398 0.252362 -5.143149
0.000000 0.252996 -5.149862
-0.012398 0.252362 -5.143149
-0.024671 0.250494 -5.123590
-0.036711 0.247489 -5.092869
-0.048435 0.243499 -5.053632
-0.059795 0.238714 -5.009257
-0.070784 0.233344 -4.963566
-0.081436 0.227598 -4.920494
-0.091815 0.221660 -4.883750
-0.102008 0.215678 -4.856500
-0.112111 0.209745 -4.841088
-0.122211 0.203897 -4.838844
-0.132372 0.198109 -4.849959
-0.142621 0.192303 -4.873477
-0.152942 0.186360 -4.907373
-0.163266 0.180137 -4.948726
-0.173480 0.173480 -4.993977
-0.183431 0.166252 -5.039228
-0.192938 0.158340 -5.080582
-0.201812 0.149674 -5.114477
-0.209874 0.140233 -5.137996
-0.216971 0.130047 -5.149111
-0.222993 0.119192 -5.146866
-0.227889 0.107783 -5.131455
-0.231666 0.095959 -5.104204
-0.234396 0.083868 -5.067461
-0.236204 0.071652 -5.024389
-0.237258 0.059430 -4.978698
-0.237750 0.047291 -4.934323
-0.237877 0.035286 -4.895085
-0.237820 0.023423 -4.864364
-0.237723 0.011679 -4.844805
-0.237680 0.000000 -4.838093
-0.237723 -0.011679 -4.844805
-0.237820 -0.023423 -4.864364
-0.237877 -0.035286 -4.895085
-0.237750 -0.047291 -4.934323
-0.237258 -0.059430 -4.978698
-0.236204 -0.071652 -5.024389
-0.234396 -0.083868 -5.067461
-0.231666 -0.095959 -5.104204
-0.227889 -0.107783 -5.131455
-0.222993 -0.119192 -5.146866
-0.216971 -0.130047 -5.149111
-0.209874 -0.140233 -5.137996
-0.201812 -0.149674 -5.114477
-0.192938 -0.158340 -5.080582
-0.183431 -0.166252 -5.039228
-0.173480 -0.173480 -4.993977
-0.163266 -0.180137 -4.948726
-0.152942 -0.186360 -4.907373
-0.142621 -0.192303 -4.873477
-0.132372 -0.198109 -4.849959
-0.122211 -0.203897 -4.838844
-0.112111 -0.209745 -4.841088
-0.102008 -0.215678 -4.856500
-0.091815 -0.221660 -4.883750
-0.081436 -0.227598 -4.920494
-0.070784 -0.233344 -4.963566
-0.059795 -0.238714 -5.009257
-0.048435 -0.243499 -5.053632
-0.036711 -0.247489 -5.092869
-0.024671 -0.250494 -5.123590
-0.012398 -0.252362 -5.143149
-0.000000 -0.252996 -5.149862
0.012398 -0.252362 -5.143149
0.024671 -0.250494 -5.123590
0.036711 -0.247489 -5.092869
0.048435 -0.243499 -5.053632
0.059795 -0.238714 -5.009257
0.070784 -0.233344 -4.963566
0.081436 -0.227598 -4.920494
0.091815 -0.221660 -4.883750
0.102008 -0.215678 -4.856500
0.112111 -0.209745 -4.841088
0.122211 -0.203897 -4.838844
0.132372 -0.198109 -4.849959
0.142621 -0.192303 -4.873477
0.152942 -0.186360 -4.907373
0.163266 -0.180137 -4.948726
0.173480 -0.173480 -4.993977
0.183431 -0.166252 -5.039228
0.192938 -0.158340 -5.080582
0.201812 -0.149674 -5.114477
0.209874 -0.140233 -5.137996
0.216971 -0.130047 -5.149111
0.222993 -0.119192 -5.146866
0.227889 -0.107783 -5.131455
0.231666 -0.095959 -5.104204
0.234396 -0.083868 -5.067461
0.236204 -0.071652 -5.024389
0.237258 -0.059430 -4.978698
0.237750 -0.047291 -4.934323
0.237877 -0.035286 -4.895085
0.237820 -0.023423 -4.864364
0.237723 -0.011679 -4.844805
3 0 2 3
3 1 7939 7938
3 0 3 4
3 1 7940 7939
3 0 4 5
3 1 7941 7940
3 0 5 6
3 1 7942 7941
3 0 6 7
3 1 7943 7942
3 0 7 8
3 1 7944 7943
3 0 8 9
3 1 7945 7944
3 0 9 10
3 1 7946 7945
3 0 10 11
3 1 7947 7946
3 0 11 12
3 1 7948 7947
3 0 12 13
3 1 7949 7948
3 0 13 14
3 1 7950 7949
3 0 14 15
3 1 7951 7950
3 0 15 16
3 1 7952 7951
3 0 16 17
3 1 7953 7952
3 0 17 18
3 1 7954 7953
3 0 18 19
3 1 7955 7954
3 0 19 20
3 1 7956 7955
3 0 20 21
3 1 7957 7956
3 0 21 22
3 1 7958 7957
3 0 22 23
3 1 7959 7958
3 0 23 24
3 1 7960 7959
3 0 24 25
3 1 7961 7960
3 0 25 26
3 1 7962 7961
3 0 26 27
3 1 7963 7962
3 0 27 28
3 1 7964 7963
3 0 28 29
3 1 7965 7964
3 0 29 30
3 1 7966 7965
3 0 30 31
3 1 7967 7966
3 0 31 32
3 1 7968 7967
3 0 32 33
3 1 7969 7968
3 0 33 34
3 1 7970 7969
3 0 34 35
3 1 7971 7970
3 0 35 36
3 1 7972 7971
3 0 36 37
3 1 7973 7972
3 0 37 38
3 1 7974 7973
3 0 38 39
3 1 7975 7974
3 0 39 40
3 1 7976 7975
3 0 40 41
3 1 7977 7976
3 0 41 42
3 1 7978 7977
3 0 42 43
3 1 7979 7978
3 0 43 44
3 1 7980 7979
3 0 44 45
3 1 7981 7980
3 0 45 46
3 1 7982 7981
3 0 46 47
3 1 7983 7982
3 0 47 48
3 1 7984 7983
3 0 48 49
3 1 7985 7984
3 0 49 50
3 1 7986 7985
3 0 50 51
3 1 7987 7986
3 0 51 52
3 1 7988 7987
3 0 52 53
3 1 7989 7988
3 0 53 54
3 1 7990 7989
3 0 54 55
3 1 7991 7990
3 0 55 56
3 1 7992 7991
3 0 56 57
3 1 7993 7992
3 0 57 58
3 1 7994 7993
3 0 58 59
3 1 7995 7994
3 0 59 60
3 1 7996 7995
3 0 60 61
3 1 7997 7996
3 0 61 62
3 1 7998 7997
3 0 62 63
3 1 7999 7998
3 0 63 64
3 1 8000 7999
3 0 64 65
3 1 8001 8000
3 0 65 66
3 1 8002 8001
3 0 66 67
3 1 8003 8002
3 0 67 68
3 1 8004 8003
3 0 68 69
3 1 8005 8004
3 0 69 70
3 1 8006 8005
3 0 70 71
3 1 8007 8006
3 0 71 72
3 1 8008 8007
3 0 72 73
3 1 8009 8008
3 0 73 74
3 1 8010 8009
3 0 74 75
3 1 8011 8010
3 0 75 76
3 1 8012 8011
3 0 76 77
3 1 8013 8012
3 0 77 78
3 1 8014 8013
3 0 78 79
3 1 8015 8014
3 0 79 80
3 1 8016 8015
3 0 80 81
3 1 8017 8016
3 0 81 82
3 1 8018 8017
3 0 82 83
3 1 8019 8018
3 0 83 84
3 1 8020 8019
3 0 84 85
3 1 8021 8020
3 0 85 86
3 1 8022 8021
3 0 86 87
3 1 8023 8022
3 0 87 88
3 1 8024 8023
3 0 88 89
3 1 8025 8024
3 0 89 90
3 1 8026 8025
3 0 90 91
3 1 8027 8026
3 0 91 92
3 1 8028 8027
3 0 92 93
3 1 8029 8028
3 0 93 94
3 1 8030 8029
3 0 94 95
3 1 8031 8030
3 0 95 96
3 1 8032 8031
3 0 96 97
3 1 8033 8032
3 0 97 98
3 1 8034 8033
3 0 98 99
3 1 8035 8034
3 0 99 100
3 1 8036 8035
3 0 100 101
3 1 8037 8036
3 0 101 102
3 1 8038 8037
3 0 102 103
3 1 8039 8038
3 0 103 104
3 1 8040 8039
3 0 104 105
3 1 8041 8040
3 0 105 106
3 1 8042 8041
3 0 106 107
3 1 8043 8042
3 0 107 108
3 1 8044 8043
3 0 108 109
3 1 8045 8044
3 0 109 110
3 1 8046 8045
3 0 110 111
3 1 8047 8046
3 0 111 112
3 1 8048 8047
3 0 112 113
3 1 8049 8048
3 0 113 114
3 1 8050 8049
3 0 114 115
3 1 8051 8050
3 0 115 116
3 1 8052 8051
3 0 116 117
3 1 8053 8052
3 0 117 118
3 1 8054 8053
3 0 118 119
3 1 8055 8054
3 0 119 120
3 1 8056 8055
3 0 120 121
3 1 8057 8056
3 0 121 122
3 1 8058 8057
3 0 122 123
3 1 8059 8058
3 0 123 124
3 1 8060 8059
3 0 124 125
3 1 8061 8060
3 0 125 126
3 1 8062 8061
3 0 126 127
3 1 8063 8062
3 0 127 128
3 1 8064 8063
3 0 128 129
3 1 8065 8064
3 0 129 2
3 1 7938 8065
3 2 130 3
3 3 130 131
3 3 131 4
3 4 131 132
3 4 132 5
3 5 132 133
3 5 133 6
3 6 133 134
3 6 134 7
3 7 134 135
3 7 135 8
3 8 135 136
3 8 136 9
3 9 136 137
3 9 137 10
3 10 137 138
3 10 138 11
3 11 138 139
3 11 139 12
3 12 139 140
3 12 140 13
3 13 140 141
3 13 141 14
3 14 141 142
3 14 142 15
3 15 142 143
3 15 143 16
3 16 143 144
3 16 144 17
3 17 144 145
3 17 145 18
3 18 145 146
3 18 146 19
3 19 146 147
3 19 147 20
3 20 147 148
3 20 148 21
3 21 148 149
3 21 149 22
3 22 149 150
3 22 150 23
3 23 150 151
3 23 151 24
3 24 151 152
3 24 152 25
3 25 152 153
3 25 153 26
3 26 153 154
3 26 154 27
3 27 154 155
3 27 155 28
3 28 155 156
3 28 156 29
3 29 156 157
3 29 157 30
3 30 157 158
3 30 158 31
3 31 158 159
3 31 159 32
3 32 159 160
3 32 160 33
3 33 160 161
3 33 161 34
3 34 161 162
3 34 162 35
3 35 162 163
3 35 163 36
3 36 163 164
3 36 164 37
3 37 164 165
3 37 165 38
3 38 165 166
3 38 166 39
3 39 166 167
3 39 167 40
3 40 167 168
3 40 168 41
3 41 168 169
3 41 169 42
3 42 169 170
3 42 170 43
3 43 170 171
3 43 171 44
3 44 171 172
3 44 172 45
3 45 172 173
3 45 173 46
3 46 173 174
3 46 174 47
3 47 174 175
3 47 175 48
3 48 175 176
3 48 176 49
3 49 176 177
3 49 177 50
3 50 177 178
3 50 178 51
3 51 178 179
3 51 179 52
3 52 179 180
3 52 180 53
3 53 180 181
3 53 181 54
3 54 181 182
3 54 182 55
3 55 182 183
3 55 183 56
3 56 183 184
3 56 184 57
3 57 184 185
3 57 185 58
3 58 185 186
3 58 186 59
3 59 186 187
3 59 187 60
3 60 187 188
3 60 188 61
3 61 188 189
3 61 189 62
3 62 189 190
3 62 190 63
3 63 190 191
3 63 191 64
3 64 191 192
3 64 192 65
3 65 192 193
3 65 193 66
3 66 193 194
3 66 194 67
3 67 194 195
3 67 195 68
3 68 195 196
3 68 196 69
3 69 196 197
3 69 197 70
3 70 197 198
3 70 198 71
3 71 198 199
3 71 199 72
3 72 199 200
3 72 200 73
3 73 200 201
3 73 201 74
3 74 201 202
3 74 202 75
3 75 202 203
3 75 203 76
3 76 203 204
3 76 204 77
3 77 204 205
3 77 205 78
3 78 205 206
3 78 206 79
3 79 206 207
3 79 207 80
3 80 207 208
3 80 208 81
3 81 208 209
3 81 209 82
3 82 209 210
3 82 210 83
3 83 210 211
3 83 211 84
3 84 211 212
3 84 212 85
3 85 212 213
3 85 213 86
3 86 213 214
3 86 214 87
3 87 214 215
3 87 215 88
3 88 215 216
3 88 216 89
3 89 216 217
3 89 217 90
3 90 217 218
3 90 218 91
3 91 218 219
3 91 219 92
3 92 219 220
3 92 220 93
3 93 220 221
3 93 221 94
3 94 221 222
3 94 222 95
3 95 222 223
3 95 223 96
3 96 223 224
3 96 224 97
3 97 224 225
3 97 225 98
3 98 225 226
3 98 226 99
3 99 226 227
3 99 227 100
3 100 227 228
3 100 228 101
3 101 228 229
3 101 229 102
3 102 229 230
3 102 230 103
3 103 230 231
3 103 231 104
3 104 231 232
3 104 232 105
3 105 232 233
3 105 233 106
3 106 233 234
3 106 234 107
3 107 234 235
3 107 235 108
3 108 235 236
3 108 236 109
3 109 236 237
3 109 237 110
3 110 237 238
3 110 238 111
3 111 238 239
3 111 239 112
3 112 239 240
3 112 240 113
3 113 240 241
3 113 241 114
3 114 241 242
3 114 242 115
3 115 242 243
3 115 243 116
3 116 243 244
3 116 244 117
3 117 244 245
3 117 245 118
3 118 245 246
3 118 246 119
3 119 246 247
3 119 247 120
3 120 247 248
3 120 248 121
3 121 248 249
3 121 249 122
3 122 249 250
3 122 250 123
3 123 250 251
3 123 251 124
3 124 251 252
3 124 252 125
3 125 252 253
3 125 253 126
3 126 253 254
3 126 254 127
3 127 254 255
3 127 255 128
3 128 255 256
3 128 256 129
3 129 256 257
3 129 257 2
3 2 257 130
3 130 258 131
3 131 258 259
3 131 259 132
3 132 259 260
3 132 260 133
3 133 260 261
3 133 261 134
3 134 261 262
3 134 262 135
3 135 262 263
3 135 263 136
3 136 263 264
3 136 264 137
3 137 264 265
3 137 265 138
3 138 265 266
3 138 266 139
3 139 266 267
3 139 267 140
3 140 267 268
3 140 268 141
3 141 268 269
3 141 269 142
3 142 269 270
3 142 270 143
3 143 270 271
3 143 271 144
3 144 271 272
3 144 272 145
3 145 272 273
3 145 273 146
3 146 273 274
3 146 274 147
3 147 274 275
3 147 275 148
3 148 275 276
3 148 276 149
3 149 276 277
3 149 277 150
3 150 277 278
3 150 278 151
3 151 278 279
3 151 279 152
3 152 279 280
3 152 280 153
3 153 280 281
3 153 281 154
3 154 281 282
3 154 282 155
3 155 282 283
3 155 283 156
3 156 283 284
3 156 284 157
3 157 284 285
3 157 285 158
3 158 285 286
3 158 286 159
3 159 286 287
3 159 287 160
3 160 287 288
3 160 288 161
3 161 288 289
3 161 289 162
3 162 289 290
3 162 290 163
3 163 290 291
3 163 291 164
3 164 291 292
3 164 292 165
3 165 292 293
3 165 293 166
3 166 293 294
3 166 294 167
3 167 294 295
3 167 295 168
3 168 295 296
3 168 296 169
3 169 296 297
3 169 297 170
3 170 297 298
3 170 298 171
3 171 298 299
3 171 299 172
3 172 299 300
3 172 300 173
3 173 300 301
3 173 301 174
3 174 301 302
3 174 302 175
3 175 302 303
3 175 303 176
3 176 303 304
3 176 304 177
3 177 304 305
3 177 305 178
3 178 305 306
3 178 306 179
3 179 306 307
3 179 307 180
3 180 307 308
3 180 308 181
3 181 308 309
3 181 309 182
3 182 309 310
3 182 310 183
3 183 310 311
3 183 311 184
3 184 311 312
3 184 312 185
3 185 312 313
3 185 313 186
3 186 313 314
3 186 314 187
3 187 314 315
3 187 315 188
3 188 315 316
3 188 316 189
3 189 316 317
3 189 317 190
3 190 317 318
3 190 318 191
3 191 318 319
3 191 319 192
3 192 319 320
3 192 320 193
3 193 320 321
3 193 321 194
3 194 321 322
3 194 322 195
3 195 322 323
3 195 323 196
3 196 323 324
3 196 324 197
3 197 324 325
3 197 325 198
3 198 325 326
3 198 326 199
3 199 326 327
3 199 327 200
3 200 327 328
3 200 328 201
3 201 328 329
3 201 329 202
3 202 329 330
3 202 330 203
3 203 330 331
3 203 331 204
3 204 331 332
3 204 332 205
3 205 332 333
3 205 333 206
3 206 333 334
3 206 334 207
3 207 334 335
3 207 335 208
3 208 335 336
3 208 336 209
3 209 336 337
3 209 337 210
3 210 337 338
3 210 338 211
3 211 338 339
3 211 339 212
3 212 339 340
3 212 340 213
3 213 340 341
3 213 341 214
3 214 341 342
3 214 342 215
3 215 342 343
3 215 343 216
3 216 343 344
3 216 344 217
3 217 344 345
3 217 345 218
3 218 345 346
3 218 346 219
3 219 346 347
3 219 347 220
3 220 347 348
3 220 348 221
3 221 348 349
3 221 349 222
3 222 349 350
3 222 350 223
3 223 350 351
3 223 351 224
3 224 351 352
3 224 352 225
3 225 352 353
3 225 353 226
3 226 353 354
3 226 354 227
3 227 354 355
3 227 355 228
3 228 355 356
3 228 356 229
3 229 356 357
3 229 357 230
3 230 357 358
3 230 358 231
3 231 358 359
3 231 359 232
3 232 359 360
3 232 360 233
3 233 360 361
3 233 361 234
3 234 361 362
3 234 362 235
3 235 362 363
3 235 363 236
3 236 363 364
3 236 364 237
3 237 364 365
3 237 365 238
3 238 365 366
3 238 366 239
3 239 366 367
3 239 367 240
3 240 367 368
3 240 368 241
3 241 368 369
3 241 369 242
3 242 369 370
3 242 370 243
3 243 370 371
3 243 371 244
3 244 371 372
3 244 372 245
3 245 372 373
3 245 373 246
3 246 373 374
3 246 374 247
3 247 374 375
3 247 375 248
3 248 375 376
3 248 376 249
3 249 376 377
3 249 377 250
3 250 377 378
3 250 378 251
3 251 378 379
3 251 379 252
3 252 379 380
3 252 380 253
3 253 380 381
3 253 381 254
3 254 381 382
3 254 382 255
3 255 382 383
3 255 383 256
3 256 383 384
3 256 384 257
3 257 384 385
3 257 385 130
3 130 385 258
3 258 386 259
3 259 386 387
3 259 387 260
3 260 387 388
3 260 388 261
3 261 388 389
3 261 389 262
3 262 389 390
3 262 390 263
3 263 390 391
3 263 391 264
3 264 391 392
3 264 392 265
3 265 392 393
3 265 393 266
3 266 393 394
3 266 394 267
3 267 394 395
3 267 395 268
3 268 395 396
3 268 396 269
3 269 396 397
3 269 397 270
3 270 397 398
3 270 398 271
3 271 398 399
3 271 399 272
3 272 399 400
3 272 400 273
3 273 400 401
3 273 401 274
3 274 401 402
3 274 402 275
3 275 402 403
3 275 403 276
3 276 403 404
3 276 404 277
3 277 404 405
3 277 405 278
3 278 405 406
3 278 406 279
3 279 406 407
3 279 407 280
3 280 407 408
3 280 408 281
3 281 408 409
3 281 409 282
3 282 409 410
3 282 410 283
3 283 410 411
3 283 411 284
3 284 411 412
3 284 412 285
3 285 412 413
3 285 413 286
3 286 413 414
3 286 414 287
3 287 414 415
3 287 415 288
3 288 415 416
3 288 416 289
3 289 416 417
3 289 417 290
3 290 417 418
3 290 418 291
3 291 418 419
3 291 419 292
3 292 419 420
3 292 420 293
3 293 420 421
3 293 421 294
3 294 421 422
3 294 422 295
3 295 422 423
3 295 423 296
3 296 423 424
3 296 424 297
3 297 424 425
3 297 425 298
3 298 425 426
3 298 426 299
3 299 426 427
3 299 427 300
3 300 427 428
3 300 428 301
3 301 428 429
3 301 429 302
3 302 429 430
3 302 430 303
3 303 430 431
3 303 431 304
3 304 431 432
3 304 432 305
3 305 432 433
3 305 433 306
3 306 433 434
3 306 434 307
3 307 434 435
3 307 435 308
3 308 435 436
3 308 436 309
3 309 436 437
3 309 437 310
3 310 437 438
3 310 438 311
3 311 438 439
3 311 439 312
3 312 439 440
3 312 440 313
3 313 440 441
3 313 441 314
3 314 441 442
3 314 442 315
3 315 442 443
3 315 443 316
3 316 443 444
3 316 444 317
3 317 444 445
3 317 445 318
3 318 445 446
3 318 446 319
3 319 446 447
3 319 447 320
3 320 447 448
3 320 448 321
3 321 448 449
3 321 449 322
3 322 449 450
3 322 450 323
3 323 450 451
3 323 451 324
3 324 451 452
3 324 452 325
3 325 452 453
3 325 453 326
3 326 453 454
3 326 454 327
3 327 454 455
3 327 455 328
3 328 455 456
3 328 456 329
3 329 456 457
3 329 457 330
3 330 457 458
3 330 458 331
3 331 458 459
3 331 459 332
3 332 459 460
3 332 460 333
3 333 460 461
3 333 461 334
3 334 461 462
3 334 462 335
3 335 462 463
3 335 463 336
3 336 463 464
3 336 464 337
3 337 464 465
3 337 465 338
3 338 465 466
3 338 466 339
3 339 466 467
3 339 467 340
3 340 467 468
3 340 468 341
3 341 468 469
3 341 469 342
3 342 469 470
3 342 470 343
3 343 470 471
3 343 471 344
3 344 471 472
3 344 472 345
3 345 472 473
3 345 473 346
3 346 473 474
3 346 474 347
3 347 474 475
3 347 475 348
3 348 475 476
3 348 476 349
3 349 476 477
3 349 477 350
3 350 477 478
3 350 478 351
3 351 478 479
3 351 479 352
3 352 479 480
3 352 480 353
3 353 480 481
3 353 481 354
3 354 481 482
3 354 482 355
3 355 482 483
3 355 483 356
3 356 483 484
3 356 484 357
3 357 484 485
3 357 485 358
3 358 485 486
3 358 486 359
3 359 486 487
3 359 487 360
3 360 487 488
3 360 488 361
3 361 488 489
3 361 489 362
3 362 489 490
3 362 490 363
3 363 490 491
3 363 491 364
3 364 491 492
3 364 492 365
3 365 492 493
3 365 493 366
3 366 493 494
3 366 494 367
3 367 494 495
3 367 495 368
3 368 495 496
3 368 496 369
3 369 496 497
3 369 497 370
3 370 497 498
3 370 498 371
3 371 498 499
3 371 499 372
3 372 499 500
3 372 500 373
3 373 500 501
3 373 501 374
3 374 501 502
3 374 502 375
3 375 502 503
3 375 503 376
3 376 503 504
3 376 504 377
3 377 504 505
3 377 505 378
3 378 505 506
3 378 506 379
3 379 506 507
3 379 507 380
3 380 507 508
3 380 508 381
3 381 508 509
3 381 509 382
3 382 509 510
3 382 510 383
3 383 510 511
3 383 511 384
3 384 511 512
3 384 512 385
3 385 512 513
3 385 513 258
3 258 513 386
3 386 514 387
3 387 514 515
3 387 515 388
3 388 515 516
3 388 516 389
3 389 516 517
3 389 517 390
3 390 517 518
3 390 518 391
3 391 518 519
3 391 519 392
3 392 519 520
3 392 520 393
3 393 520 521
3 393 521 394
3 394 521 522
3 394 522 395
3 395 522 523
3 395 523 396
3 396 523 524
3 396 524 397
3 397 524 525
3 397 525 398
3 398 525 526
3 398 526 399
3 399 526 527
3 399 527 400
3 400 527 528
3 400 528 401
3 401 528 529
3 401 529 402
3 402 529 530
3 402 530 403
3 403 530 531
3 403 531 404
3 404 531 532
3 404 532 405
3 405 532 533
3 405 533 406
3 406 533 534
3 406 534 407
3 407 534 535
3 407 535 408
3 408 535 536
3 408 536 409
3 409 536 537
3 409 537 410
3 410 537 538
3 410 538 411
3 411 538 539
3 411 539 412
3 412 539 540
3 412 540 413
3 413 540 541
3 413 541 414
3 414 541 542
3 414 542 415
3 415 542 543
3 415 543 416
3 416 543 544
3 416 544 417
3 417 544 545
3 417 545 418
3 418 545 546
3 418 546 419
3 419 546 547
3 419 547 420
3 420 547 548
3 420 548 421
3 421 548 549
3 421 549 422
3 422 549 550
3 422 550 423
3 423 550 551
3 423 551 424
3 424 551 552
3 424 552 425
3 425 552 553
3 425 553 426
3 426 553 554
3 426 554 427
3 427 554 555
3 427 555 428
3 428 555 556
3 428 556 429
3 429 556 557
3 429 557 430
3 430 557 558
3 430 558 431
3 431 558 559
3 431 559 432
3 432 559 560
3 432 560 433
3 433 560 561
3 433 561 434
3 434 561 562
3 434 562 435
3 435 562 563
3 435 563 436
3 436 563 564
3 436 564 437
3 437 564 565
3 437 565 438
3 438 565 566
3 438 566 439
3 439 566 567
3 439 567 440
3 440 567 568
3 440 568 441
3 441 568 569
3 441 569 442
3 442 569 570
3 442 570 443
3 443 570 571
3 443 571 444
3 444 571 572
3 444 572 445
3 445 572 573
3 445 573 446
3 446 573 574
3 446 574 447
3 447 574 575
3 447 575 448
3 448 575 576
3 448 576 449
3 449 576 577
3 449 577 450
3 450 577 578
3 450 578 451
3 451 578 579
3 451 579 452
3 452 579 580
3 452 580 453
3 453 580 581
3 453 581 454
3 454 581 582
3 454 582 455
3 455 582 583
3 455 583 456
3 456 583 584
3 456 584 457
3 457 584 585
3 457 585 458
3 458 585 586
3 458 586 459
3 459 586 587
3 459 587 460
3 460 587 588
3 460 588 461
3 461 588 589
3 461 589 462
3 462 589 590
3 462 590 463
3 463 590 591
3 463 591 464
3 464 591 592
3 464 592 465
3 465 592 593
3 465 593 466
3 466 593 594
3 466 594 467
3 467 594 595
3 467 595 468
3 468 595 596
3 468 596 469
3 469 596 597
3 469 597 470
3 470 597 598
3 470 598 471
3 471 598 599
3 471 599 472
3 472 599 600
3 472 600 473
3 473 600 601
3 473 601 474
3 474 601 602
3 474 602 475
3 475 602 603
3 475 603 476
3 476 603 604
3 476 604 477
3 477 604 605
3 477 605 478
3 478 605 606
3 478 606 479
3 479 606 607
3 479 607 480
3 480 607 608
3 480 608 481
3 481 608 609
3 481 609 482
3 482 609 610
3 482 610 483
3 483 610 611
3 483 611 484
3 484 611 612
3 484 612 485
3 485 612 613
3 485 613 486
3 486 613 614
3 486 614 487
3 487 614 615
3 487 615 488
3 488 615 616
3 488 616 489
3 489 616 617
3 489 617 490
3 490 617 618
3 490 618 491
3 491 618 619
3 491 619 492
3 492 619 620
3 492 620 493
3 493 620 621
3 493 621 494
3 494 621 622
3 494 622 495
3 495 622 623
3 495 623 496
3 496 623 624
3 496 624 497
3 497 624 625
3 497 625 498
3 498 625 626
3 498 626 499
3 499 626 627
3 499 627 500
3 500 627 628
3 500 628 501
3 501 628 629
3 501 629 502
3 502 629 630
3 502 630 503
3 503 630 631
3 503 631 504
3 504 631 632
3 504 632 505
3 505 632 633
3 505 633 506
3 506 633 634
3 506 634 507
3 507 634 635
3 507 635 508
3 508 635 636
3 508 636 509
3 509 636 637
3 509 637 510
3 510 637 638
3 510 638 511
3 511 638 639
3 511 639 512
3 512 639 640
3 512 640 513
3 513 640 641
3 513 641 386
3 386 641 514
3 514 642 515
3 515 642 643
3 515 643 516
3 516 643 644
3 516 644 517
3 517 644 645
3 517 645 518
3 518 645 646
3 518 646 519
3 519 646 647
3 519 647 520
3 520 647 648
3 520 648 521
3 521 648 649
3 521 649 522
3 522 649 650
3 522 650 523
3 523 650 651
3 523 651 524
3 524 651 652
3 524 652 525
3 525 652 653
3 525 653 526
3 526 653 654
3 526 654 527
3 527 654 655
3 527 655 528
3 528 655 656
3 528 656 529
3 529 656 657
3 529 657 530
3 530 657 658
3 530 658 531
3 531 658 659
3 531 659 532
3 532 659 660
3 532 660 533
3 533 660 661
3 533 661 534
3 534 661 662
3 534 662 535
3 535 662 663
3 535 663 536
3 536 663 664
3 536 664 537
3 537 664 665
3 537 665 538
3 538 665 666
3 538 666 539
3 539 666 667
3 539 667 540
3 540 667 668
3 540 668 541
3 541 668 669
3 541 669 542
3 542 669 670
3 542 670 543
3 543 670 671
3 543 671 544
3 544 671 672
3 544 672 545
3 545 672 673
3 545 673 546
3 546 673 674
3 546 674 547
3 547 674 675
3 547 675 548
3 548 675 676
3 548 676 549
3 549 676 677
3 549 677 550
3 550 677 678
3 550 678 551
3 551 678 679
3 551 679 552
3 552 679 680
3 552 680 553
3 553 680 681
3 553 681 554
3 554 681 682
3 554 682 555
3 555 682 683
3 555 683 556
3 556 683 684
3 556 684 557
3 557 684 685
3 557 685 558
3 558 685 686
3 558 686 559
3 559 686 687
3 559 687 560
3 560 687 688
3 560 688 561
3 561 688 689
3 561 689 562
3 562 689 690
3 562 690 563
3 563 690 691
3 563 691 564
3 564 691 692
3 564 692 565
3 565 692 693
3 565 693 566
3 566 693 694
3 566 694 567
3 567 694 695
3 567 695 568
3 568 695 696
3 568 696 569
3 569 696 697
3 569 697 570
3 570 697 698
3 570 698 571
3 571 698 699
3 571 699 572
3 572 699 700
3 572 700 573
3 573 700 701
3 573 701 574
3 574 701 702
3 574 702 575
3 575 702 703
3 575 703 576
3 576 703 704
3 576 704 577
3 577 704 705
3 577 705 578
3 578 705 706
3 578 706 579
3 579 706 707
3 579 707 580
3 580 707 708
3 580 708 581
3 581 708 709
3 581 709 582
3 582 709 710
3 582 710 583
3 583 710 711
3 583 711 584
3 584 711 712
3 584 712 585
3 585 712 713
3 585 713 586
3 586 713 714
3 586 714 587
3 587 714 715
3 587 715 588
3 588 715 716
3 588 716 589
3 589 716 717
3 589 717 590
3 590 717 718
3 590 718 591
3 591 718 719
3 591 719 592
3 592 719 720
3 592 720 593
3 593 720 721
3 593 721 594
3 594 721 722
3 594 722 595
3 595 722 723
3 595 723 596
3 596 723 724
3 596 724 597
3 597 724 725
3 597 725 598
3 598 725 726
3 598 726 599
3 599 726 727
3 599 727 600
3 600 727 728
3 600 728 601
3 601 728 729
3 601 729 602
3 602 729 730
3 602 730 603
3 603 730 731
3 603 731 604
3 604 731 732
3 604 732 605
3 605 732 733
3 605 733 606
3 606 733 734
3 606 734 607
3 607 734 735
3 607 735 608
3 608 735 736
3 608 736 609
3 609 736 737
3 609 737 610
3 610 737 738
3 610 738 611
3 611 738 739
3 611 739 612
3 612 739 740
3 612 740 613
3 613 740 741
3 613 741 614
3 614 741 742
3 614 742 615
3 615 742 743
3 615 743 616
3 616 743 744
3 616 744 617
3 617 744 745
3 617 745 618
3 618 745 746
3 618 746 619
3 619 746 747
3 619 747 620
3 620 747 748
3 620 748 621
3 621 748 749
3 621 749 622
3 622 749 750
3 622 750 623
3 623 750 751
3 623 751 624
3 624 751 752
3 624 752 625
3 625 752 753
3 625 753 626
3 626 753 754
3 626 754 627
3 627 754 755
3 627 755 628
3 628 755 756
3 628 756 629
3 629 756 757
3 629 757 630
3 630 757 758
3 630 758 631
3 631 758 759
3 631 759 632
3 632 759 760
3 632 760 633
3 633 760 761
3 633 761 634
3 634 761 762
3 634 762 635
3 635 762 763
3 635 763 636
3 636 763 764
3 636 764 637
3 637 764 765
3 637 765 638
3 638 765 766
3 638 766 639
3 639 766 767
3 639 767 640
3 640 767 768
3 640 768 641
3 641 768 769
3 641 769 514
3 514 769 642
3 642 770 643
3 643 770 771
3 643 771 644
3 644 771 772
3 644 772 645
3 645 772 773
3 645 773 646
3 646 773 774
3 646 774 647
3 647 774 775
3 647 775 648
3 648 775 776
3 648 776 649
3 649 776 777
3 649 777 650
3 650 777 778
3 650 778 651
3 651 778 779
3 651 779 652
3 652 779 780
3 652 780 653
3 653 780 781
3 653 781 654
3 654 781 782
3 654 782 655
3 655 782 783
3 655 783 656
3 656 783 784
3 656 784 657
3 657 784 785
3 657 785 658
3 658 785 786
3 658 786 659
3 659 786 787
3 659 787 660
3 660 787 788
3 660 788 661
3 661 788 789
3 661 789 662
3 662 789 790
3 662 790 663
3 663 790 791
3 663 791 664
3 664 791 792
3 664 792 665
3 665 792 793
3 665 793 666
3 666 793 794
3 666 794 667
3 667 794 795
3 667 795 668
3 668 795 796
3 668 796 669
3 669 796 797
3 669 797 670
3 670 797 798
3 670 798 671
3 671 798 799
3 671 799 672
3 672 799 800
3 672 800 673
3 673 800 801
3 673 801 674
3 674 801 802
3 674 802 675
3 675 802 803
3 675 803 676
3 676 803 804
3 676 804 677
3 677 804 805
3 677 805 678
3 678 805 806
3 678 806 679
3 679 806 807
3 679 807 680
3 680 807 808
3 680 808 681
3 681 808 809
3 681 809 682
3 682 809 810
3 682 810 683
3 683 810 811
3 683 811 684
3 684 811 812
3 684 812 685
3 685 812 813
3 685 813 686
3 686 813 814
3 686 814 687
3 687 814 815
3 687 815 688
3 688 815 816
3 688 816 689
3 689 816 817
3 689 817 690
3 690 817 818
3 690 818 691
3 691 818 819
3 691 819 692
3 692 819 820
3 692 820 693
3 693 820 821
3 693 821 694
3 694 821 822
3 694 822 695
3 695 822 823
3 695 823 696
3 696 823 824
3 696 824 697
3 697 824 825
3 697 825 698
3 698 825 826
3 698 826 699
3 699 826 827
3 699 827 700
3 700 827 828
3 700 828 701
3 701 828 829
3 701 829 702
3 702 829 830
3 702 830 703
3 703 830 831
3 703 831 704
3 704 831 832
3 704 832 705
3 705 832 833
3 705 833 706
3 706 833 834
3 706 834 707
3 707 834 835
3 707 835 708
3 708 835 836
3 708 836 709
3 709 836 837
3 709 837 710
3 710 837 838
3 710 838 711
3 711 838 839
3 711 839 712
3 712 839 840
3 712 840 713
3 713 840 841
3 713 841 714
3 714 841 842
3 714 842 715
3 715 842 843
3 715 843 716
3 716 843 844
3 716 844 717
3 717 844 845
3 717 845 718
3 718 845 846
3 718 846 719
3 719 846 847
3 719 847 720
3 720 847 848
3 720 848 721
3 721 848 849
3 721 849 722
3 722 849 850
3 722 850 723
3 723 850 851
3 723 851 724
3 724 851 852
3 724 852 725
3 725 852 853
3 725 853 726
3 726 853 854
3 726 854 727
3 727 854 855
3 727 855 728
3 728 855 856
3 728 856 729
3 729 856 857
3 729 857 730
3 730 857 858
3 730 858 731
3 731 858 859
3 731 859 732
3 732 859 860
3 732 860 733
3 733 860 861
3 733 861 734
3 734 861 862
3 734 862 735
3 735 862 863
3 735 863 736
3 736 863 864
3 736 864 737
3 737 864 865
3 737 865 738
3 738 865 866
3 738 866 739
3 739 866 867
3 739 867 740
3 740 867 868
3 740 868 741
3 741 868 869
3 741 869 742
3 742 869 870
3 742 870 743
3 743 870 871
3 743 871 744
3 744 871 872
3 744 872 745
3 745 872 873
3 745 873 746
3 746 873 874
3 746 874 747
3 747 874 875
3 747 875 748
3 748 875 876
3 748 876 749
3 749 876 877
3 749 877 750
3 750 877 878
3 750 878 751
3 751 878 879
3 751 879 752
3 752 879 880
3 752 880 753
3 753 880 881
3 753 881 754
3 754 881 882
3 754 882 755
3 755 882 883
3 755 883 756
3 756 883 884
3 756 884 757
3 757 884 885
3 757 885 758
3 758 885 886
3 758 886 759
3 759 886 887
3 759 887 760
3 760 887 888
3 760 888 761
3 761 888 889
3 761 889 762
3 762 889 890
3 762 890 763
3 763 890 891
3 763 891 764
3 764 891 892
3 764 892 765
3 765 892 893
3 765 893 766
3 766 893 894
3 766 894 767
3 767 894 895
3 767 895 768
3 768 895 896
3 768 896 769
3 769 896 897
3 769 897 642
3 642 897 770
3 770 898 771
3 771 898 899
3 771 899 772
3 772 899 900
3 772 900 773
3 773 900 901
3 773 901 774
3 774 901 902
3 774 902 775
3 775 902 903
3 775 903 776
3 776 903 904
3 776 904 777
3 777 904 905
3 777 905 778
3 778 905 906
3 778 906 779
3 779 906 907
3 779 907 780
3 780 907 908
3 780 908 781
3 781 908 909
3 781 909 782
3 782 909 910
3 782 910 783
3 783 910 911
3 783 911 784
3 784 911 912
3 784 912 785
3 785 912 913
3 785 913 786
3 786 913 914
3 786 914 787
3 787 914 915
3 787 915 788
3 788 915 916
3 788 916 789
3 789 916 917
3 789 917 790
3 790 917 918
3 790 918 791
3 791 918 919
3 791 919 792
3 792 919 920
3 792 920 793
3 793 920 921
3 793 921 794
3 794 921 922
3 794 922 795
3 795 922 923
3 795 923 796
3 796 923 924
3 796 924 797
3 797 924 925
3 797 925 798
3 798 925 926
3 798 926 799
3 799 926 927
3 799 927 800
3 800 927 928
3 800 928 801
3 801 928 929
3 801 929 802
3 802 929 930
3 802 930 803
3 803 930 931
3 803 931 804
3 804 931 932
3 804 932 805
3 805 932 933
3 805 933 806
3 806 933 934
3 806 934 807
3 807 934 935
3 807 935 808
3 808 935 936
3 808 936 809
3 809 936 937
3 809 937 810
3 810 937 938
3 810 938 811
3 811 938 939
3 811 939 812
3 812 939 940
3 812 940 813
3 813 940 941
3 813 941 814
3 814 941 942
3 814 942 815
3 815 942 943
3 815 943 816
3 816 943 944
3 816 944 817
3 817 944 945
3 817 945 818
3 818 945 946
3 818 946 819
3 819 946 947
3 819 947 820
3 820 947 948
3 820 948 821
3 821 948 949
3 821 949 822
3 822 949 950
3 822 950 823
3 823 950 951
3 823 951 824
3 824 951 952
3 824 952 825
3 825 952 953
3 825 953 826
3 826 953 954
3 826 954 827
3 827 954 955
3 827 955 828
3 828 955 956
3 828 956 829
3 829 956 957
3 829 957 830
3 830 957 958
3 830 958 831
3 831 958 959
3 831 959 832
3 832 959 960
3 832 960 833
3 833 960 961
3 833 961 834
3 834 961 962
3 834 962 835
3 835 962 963
3 835 963 836
3 836 963 964
3 836 964 837
3 837 964 965
3 837 965 838
3 838 965 966
3 838 966 839
3 839 966 967
3 839 967 840
3 840 967 968
3 840 968 841
3 841 968 969
3 841 969 842
3 842 969 970
3 842 970 843
3 843 970 971
3 843 971 844
3 844 971 972
3 844 972 845
3 845 972 973
3 845 973 846
3 846 973 974
3 846 974 847
3 847 974 975
3 847 975 848
3 848 975 976
3 848 976 849
3 849 976 977
3 849 977 850
3 850 977 978
3 850 978 851
3 851 978 979
3 851 979 852
3 852 979 980
3 852 980 853
3 853 980 981
3 853 981 854
3 854 981 982
3 854 982 855
3 855 982 983
3 855 983 856
3 856 983 984
3 856 984 857
3 857 984 985
3 857 985 858
3 858 985 986
3 858 986 859
3 859 986 987
3 859 987 860
3 860 987 988
3 860 988 861
3 861 988 989
3 861 989 862
3 862 989 990
3 862 990 863
3 863 990 991
3 863 991 864
3 864 991 992
3 864 992 865
3 865 992 993
3 865 993 866
3 866 993 994
3 866 994 867
3 867 994 995
3 867 995 868
3 868 995 996
3 868 996 869
3 869 996 997
3 869 997 870
3 870 997 998
3 870 998 871
3 871 998 999
3 871 999 872
3 872 999 1000
3 872 1000 873
3 873 1000 1001
3 873 1001 874
3 874 1001 1002
3 874 1002 875
3 875 1002 1003
3 875 1003 876
3 876 1003 1004
3 876 1004 877
3 877 1004 1005
3 877 1005 878
3 878 1005 1006
3 878 1006 879
3 879 1006 1007
3 879 1007 880
3 880 1007 1008
3 880 1008 881
3 881 1008 1009
3 881 1009 882
3 882 1009 1010
3 882 1010 883
3 883 1010 1011
3 883 1011 884
3 884 1011 1012
3 884 1012 885
3 885 1012 1013
3 885 1013 886
3 886 1013 1014
3 886 1014 887
3 887 1014 1015
3 887 1015 888
3 888 1015 1016
3 888 1016 889
3 889 1016 1017
3 889 1017 890
3 890 1017 1018
3 890 1018 891
3 891 1018 1019
3 891 1019 892
3 892 1019 1020
3 892 1020 893
3 893 1020 1021
3 893 1021 894
3 894 1021 1022
3 894 1022 895
3 895 1022 1023
3 895 1023 896
3 896 1023 1024
3 896 1024 897
3 897 1024 1025
3 897 1025 770
3 770 1025 898
3 898 1026 899
3 899 1026 1027
3 899 1027 900
3 900 1027 1028
3 900 1028 901
3 901 1028 1029
3 901 1029 902
3 902 1029 1030
3 902 1030 903
3 903 1030 1031
3 903 1031 904
3 904 1031 1032
3 904 1032 905
3 905 1032 1033
3 905 1033 906
3 906 1033 1034
3 906 1034 907
3 907 1034 1035
3 907 1035 908
3 908 1035 1036
3 908 1036 909
3 909 1036 1037
3 909 1037 910
3 910 1037 1038
3 910 1038 911
3 911 1038 1039
3 911 1039 912
3 912 1039 1040
3 912 1040 913
3 913 1040 1041
3 913 1041 914
3 914 1041 1042
3 914 1042 915
3 915 1042 1043
3 915 1043 916
3 916 1043 1044
3 916 1044 917
3 917 1044 1045
3 917 1045 918
3 918 1045 1046
3 918 1046 919
3 919 1046 1047
3 919 1047 920
3 920 1047 1048
3 920 1048 921
3 921 1048 1049
3 921 1049 922
3 922 1049 1050
3 922 1050 923
3 923 1050 1051
3 923 1051 924
3 924 1051 1052
3 924 1052 925
3 925 1052 1053
3 925 1053 926
3 926 1053 1054
3 926 1054 927
3 927 1054 1055
3 927 1055 928
3 928 1055 1056
3 928 1056 929
3 929 1056 1057
3 929 1057 930
3 930 1057 1058
3 930 1058 931
3 931 1058 1059
3 931 1059 932
3 932 1059 1060
3 932 1060 933
3 933 1060 1061
3 933 1061 934
3 934 1061 1062
3 934 1062 935
3 935 1062 1063
3 935 1063 936
3 936 1063 1064
3 936 1064 937
3 937 1064 1065
3 937 1065 938
3 938 1065 1066
3 938 1066 939
3 939 1066 1067
3 939 1067 940
3 940 1067 1068
3 940 1068 941
3 941 1068 1069
3 941 1069 942
3 942 1069 1070
3 942 1070 943
3 943 1070 1071
3 943 1071 944
3 944 1071 1072
3 944 1072 945
3 945 1072 1073
3 945 1073 946
3 946 1073 1074
3 946 1074 947
3 947 1074 1075
3 947 1075 948
3 948 1075 1076
3 948 1076 949
3 949 1076 1077
3 949 1077 950
3 950 1077 1078
3 950 1078 951
3 951 1078 1079
3 951 1079 952
3 952 1079 1080
3 952 1080 953
3 953 1080 1081
3 953 1081 954
3 954 1081 1082
3 954 1082 955
3 955 1082 1083
3 955 1083 956
3 956 1083 1084
3 956 1084 957
3 957 1084 1085
3 957 1085 958
3 958 1085 1086
3 958 1086 959
3 959 1086 1087
3 959 1087 960
3 960 1087 1088
3 960 1088 961
3 961 1088 1089
3 961 1089 962
3 962 1089 1090
3 962 1090 963
3 963 1090 1091
3 963 1091 964
3 964 1091 1092
3 964 1092 965
3 965 1092 1093
3 965 1093 966
3 966 1093 1094
3 966 1094 967
3 967 1094 1095
3 967 1095 968
3 968 1095 1096
3 968 1096 969
3 969 1096 1097
3 969 1097 970
3 970 1097 1098
3 970 1098 971
3 971 1098 1099
3 971 1099 972
3 972 1099 1100
3 972 1100 973
3 973 1100 1101
3 973 1101 974
3 974 1101 1102
3 974 1102 975
3 975 1102 1103
3 975 1103 976
3 976 1103 1104
3 976 1104 977
3 977 1104 1105
3 977 1105 978
3 978 1105 1106
3 978 1106 979
3 979 1106 1107
3 979 1107 980
3 980 1107 1108
3 980 1108 981
3 981 1108 1109
3 981 1109 982
3 982 1109 1110
3 982 1110 983
3 983 1110 1111
3 983 1111 984
3 984 1111 1112
3 984 1112 985
3 985 1112 1113
3 985 1113 986
3 986 1113 1114
3 986 1114 987
3 987 1114 1115
3 987 1115 988
3 988 1115 1116
3 988 1116 989
3 989 1116 1117
3 989 1117 990
3 990 1117 1118
3 990 1118 991
3 991 1118 1119
3 991 1119 992
3 992 1119 1120
3 992 1120 993
3 993 1120 1121
3 993 1121 994
3 994 1121 1122
3 994 1122 995
3 995 1122 1123
3 995 1123 996
3 996 1123 1124
3 996 1124 997
3 997 1124 1125
3 997 1125 998
3 998 1125 1126
3 998 1126 999
3 999 1126 1127
3 999 1127 1000
3 1000 1127 1128
3 1000 1128 1001
3 1001 1128 1129
3 1001 1129 1002
3 1002 1129 1130
3 1002 1130 1003
3 1003 1130 1131
3 1003 1131 1004
3 1004 1131 1132
3 1004 1132 1005
3 1005 1132 1133
3 1005 1133 1006
3 1006 1133 1134
3 1006 1134 1007
3 1007 1134 1135
3 1007 1135 1008
3 1008 1135 1136
3 1008 1136 1009
3 1009 1136 1137
3 1009 1137 1010
3 1010 1137 1138
3 1010 1138 1011
3 1011 1138 1139
3 1011 1139 1012
3 1012 1139 1140
3 1012 1140 1013
3 1013 1140 1141
3 1013 1141 1014
3 1014 1141 1142
3 1014 1142 1015
3 1015 1142 1143
3 1015 1143 1016
3 1016 1143 1144
3 1016 1144 1017
3 1017 1144 1145
3 1017 1145 1018
3 1018 1145 1146
3 1018 1146 1019
3 1019 1146 1147
3 1019 1147 1020
3 1020 1147 1148
3 1020 1148 1021
3 1021 1148 1149
3 1021 1149 1022
3 1022 1149 1150
3 1022 1150 1023
3 1023 1150 1151
3 1023 1151 1024
3 1024 1151 1152
3 1024 1152 1025
3 1025 1152 1153
3 1025 1153 898
3 898 1153 1026
3 1026 1154 1027
3 1027 1154 1155
3 1027 1155 1028
3 1028 1155 1156
3 1028 1156 1029
3 1029 1156 1157
3 1029 1157 1030
3 1030 1157 1158
3 1030 1158 1031
3 1031 1158 1159
3 1031 1159 1032
3 1032 1159 1160
3 1032 1160 1033
3 1033 1160 1161
3 1033 1161 1034
3 1034 1161 1162
3 1034 1162 1035
3 1035 1162 1163
3 1035 1163 1036
3 1036 1163 1164
3 1036 1164 1037
3 1037 1164 1165
3 1037 1165 1038
3 1038 1165 1166
3 1038 1166 1039
3 1039 1166 1167
3 1039 1167 1040
3 1040 1167 1168
3 1040 1168 1041
3 1041 1168 1169
3 1041 1169 1042
3 1042 1169 1170
3 1042 1170 1043
3 1043 1170 1171
3 1043 1171 1044
3 1044 1171 1172
3 1044 1172 1045
3 1045 1172 1173
3 1045 1173 1046
3 1046 1173 1174
3 1046 1174 1047
3 1047 1174 1175
3 1047 1175 1048
3 1048 1175 1176
3 1048 1176 1049
3 1049 1176 1177
3 1049 1177 1050
3 1050 1177 1178
3 1050 1178 1051
3 1051 1178 1179
3 1051 1179 1052
3 1052 1179 1180
3 1052 1180 1053
3 1053 1180 1181
3 1053 1181 1054
3 1054 1181 1182
3 1054 1182 1055
3 1055 1182 1183
3 1055 1183 1056
3 1056 1183 1184
3 1056 1184 1057
3 1057 1184 1185
3 1057 1185 1058
3 1058 1185 1186
3 1058 1186 1059
3 1059 1186 1187
3 1059 1187 1060
3 1060 1187 1188
3 1060 1188 1061
3 1061 1188 1189
3 1061 1189 1062
3 1062 1189 1190
3 1062 1190 1063
3 1063 1190 1191
3 1063 1191 1064
3 1064 1191 1192
3 1064 1192 1065
3 1065 1192 1193
3 1065 1193 1066
3 1066 1193 1194
3 1066 1194 1067
3 1067 1194 1195
3 1067 1195 1068
3 1068 1195 1196
3 1068 1196 1069
3 1069 1196 1197
3 1069 1197 1070
3 1070 1197 1198
3 1070 1198 1071
3 1071 1198 1199
3 1071 1199 1072
3 1072 1199 1200
3 1072 1200 1073
3 1073 1200 1201
3 1073 1201 1074
3 1074 1201 1202
3 1074 1202 1075
3 1075 1202 1203
3 1075 1203 1076
3 1076 1203 1204
3 1076 1204 1077
3 1077 1204 1205
3 1077 1205 1078
3 1078 1205 1206
3 1078 1206 1079
3 1079 1206 1207
3 1079 1207 1080
3 1080 1207 1208
3 1080 1208 1081
3 1081 1208 1209
3 1081 1209 1082
3 1082 1209 1210
3 1082 1210 1083
3 1083 1210 1211
3 1083 1211 1084
3 1084 1211 1212
3 1084 1212 1085
3 1085 1212 1213
3 1085 1213 1086
3 1086 1213 1214
3 1086 1214 1087
3 1087 1214 1215
3 1087 1215 1088
3 1088 1215 1216
3 1088 1216 1089
3 1089 1216 1217
3 1089 1217 1090
3 1090 1217 1218
3 1090 1218 1091
3 1091 1218 1219
3 1091 1219 1092
3 1092 1219 1220
3 1092 1220 1093
3 1093 1220 1221
3 1093 1221 1094
3 1094 1221 1222
3 1094 1222 1095
3 1095 1222 1223
3 1095 1223 1096
3 1096 1223 1224
3 1096 1224 1097
3 1097 1224 1225
3 1097 1225 1098
3 1098 1225 1226
3 1098 1226 1099
3 1099 1226 1227
3 1099 1227 1100
3 1100 1227 1228
3 1100 1228 1101
3 1101 1228 1229
3 1101 1229 1102
3 1102 1229 1230
3 1102 1230 1103
3 1103 1230 1231
3 1103 1231 1104
3 1104 1231 1232
3 1104 1232 1105
3 1105 1232 1233
3 1105 1233 1106
3 1106 1233 1234
3 1106 1234 1107
3 1107 1234 1235
3 1107 1235 1108
3 1108 1235 1236
3 1108 1236 1109
3 1109 1236 1237
3 1109 1237 1110
3 1110 1237 1238
3 1110 1238 1111
3 1111 1238 1239
3 1111 1239 1112
3 1112 1239 1240
3 1112 1240 1113
3 1113 1240 1241
3 1113 1241 1114
3 1114 1241 1242
3 1114 1242 1115
3 1115 1242 1243
3 1115 1243 1116
3 1116 1243 1244
3 1116 1244 1117
3 1117 1244 1245
3 1117 1245 1118
3 1118 1245 1246
3 1118 1246 1119
3 1119 1246 1247
3 1119 1247 1120
3 1120 1247 1248
3 1120 1248 1121
3 1121 1248 1249
3 1121 1249 1122
3 1122 1249 1250
3 1122 1250 1123
3 1123 1250 1251
3 1123 1251 1124
3 1124 1251 1252
3 1124 1252 1125
3 1125 1252 1253
3 1125 1253 1126
3 1126 1253 1254
3 1126 1254 1127
3 1127 1254 1255
3 1127 1255 1128
3 1128 1255 1256
3 1128 1256 1129
3 1129 1256 1257
3 1129 1257 1130
3 1130 1257 1258
3 1130 1258 1131
3 1131 1258 1259
3 1131 1259 1132
3 1132 1259 1260
3 1132 1260 1133
3 1133 1260 1261
3 1133 1261 1134
3 1134 1261 1262
3 1134 1262 1135
3 1135 1262 1263
3 1135 1263 1136
3 1136 1263 1264
3 1136 1264 1137
3 1137 1264 1265
3 1137 1265 1138
3 1138 1265 1266
3 1138 1266 1139
3 1139 1266 1267
3 1139 1267 1140
3 1140 1267 1268
3 1140 1268 1141
3 1141 1268 1269
3 1141 1269 1142
3 1142 1269 1270
3 1142 1270 1143
3 1143 1270 1271
3 1143 1271 1144
3 1144 1271 1272
3 1144 1272 1145
3 1145 1272 1273
3 1145 1273 1146
3 1146 1273 1274
3 1146 1274 1147
3 1147 1274 1275
3 1147 1275 1148
3 1148 1275 1276
3 1148 1276 1149
3 1149 1276 1277
3 1149 1277 1150
3 1150 1277 1278
3 1150 1278 1151
3 1151 1278 1279
3 1151 1279 1152
3 1152 1279 1280
3 1152 1280 1153
3 1153 1280 1281
3 1153 1281 1026
3 1026 1281 1154
3 1154 1282 1155
3 1155 1282 1283
3 1155 1283 1156
3 1156 1283 1284
3 1156 1284 1157
3 1157 1284 1285
3 1157 1285 1158
3 1158 1285 1286
3 1158 1286 1159
3 1159 1286 1287
3 1159 1287 1160
3 1160 1287 1288
3 1160 1288 1161
3 1161 1288 1289
3 1161 1289 1162
3 1162 1289 1290
3 1162 1290 1163
3 1163 1290 1291
3 1163 1291 1164
3 1164 1291 1292
3 1164 1292 1165
3 1165 1292 1293
3 1165 1293 1166
3 1166 1293 1294
3 1166 1294 1167
3 1167 1294 1295
3 1167 1295 1168
3 1168 1295 1296
3 1168 1296 1169
3 1169 1296 1297
3 1169 1297 1170
3 1170 1297 1298
3 1170 1298 1171
3 1171 1298 1299
3 1171 1299 1172
3 1172 1299 1300
3 1172 1300 1173
3 1173 1300 1301
3 1173 1301 1174
3 1174 1301 1302
3 1174 1302 1175
3 1175 1302 1303
3 1175 1303 1176
3 1176 1303 1304
3 1176 1304 1177
3 1177 1304 1305
3 1177 1305 1178
3 1178 1305 1306
3 1178 1306 1179
3 1179 1306 1307
3 1179 1307 1180
3 1180 1307 1308
3 1180 1308 1181
3 1181 1308 1309
3 1181 1309 1182
3 1182 1309 1310
3 1182 1310 1183
3 1183 1310 1311
3 1183 1311 1184
3 1184 1311 1312
3 1184 1312 1185
3 1185 1312 1313
3 1185 1313 1186
3 1186 1313 1314
3 1186 1314 1187
3 1187 1314 1315
3 1187 1315 1188
3 1188 1315 1316
3 1188 1316 1189
3 1189 1316 1317
3 1189 1317 1190
3 1190 1317 1318
3 1190 1318 1191
3 1191 1318 1319
3 1191 1319 1192
3 1192 1319 1320
3 1192 1320 1193
3 1193 1320 1321
3 1193 1321 1194
3 1194 1321 1322
3 1194 1322 1195
3 1195 1322 1323
3 1195 1323 1196
3 1196 1323 1324
3 1196 1324 1197
3 1197 1324 1325
3 1197 1325 1198
3 1198 1325 1326
3 1198 1326 1199
3 1199 1326 1327
3 1199 1327 1200
3 1200 1327 1328
3 1200 1328 1201
3 1201 1328 1329
3 1201 1329 1202
3 1202 1329 1330
3 1202 1330 1203
3 1203 1330 1331
3 1203 1331 1204
3 1204 1331 1332
3 1204 1332 1205
3 1205 1332 1333
3 1205 1333 1206
3 1206 1333 1334
3 1206 1334 1207
3 1207 1334 1335
3 1207 1335 1208
3 1208 1335 1336
3 1208 1336 1209
3 1209 1336 1337
3 1209 1337 1210
3 1210 1337 1338
3 1210 1338 1211
3 1211 1338 1339
3 1211 1339 1212
3 1212 1339 1340
3 1212 1340 1213
3 1213 1340 1341
3 1213 1341 1214
3 1214 1341 1342
3 1214 1342 1215
3 1215 1342 1343
3 1215 1343 1216
3 1216 1343 1344
3 1216 1344 1217
3 1217 1344 1345
3 1217 1345 1218
3 1218 1345 1346
3 1218 1346 1219
3 1219 1346 1347
3 1219 1347 1220
3 1220 1347 1348
3 1220 1348 1221
3 1221 1348 1349
3 1221 1349 1222
3 1222 1349 1350
3 1222 1350 1223
3 1223 1350 1351
3 1223 1351 1224
3 1224 1351 1352
3 1224 1352 1225
3 1225 1352 1353
3 1225 1353 1226
3 1226 1353 1354
3 1226 1354 1227
3 1227 1354 1355
3 1227 1355 1228
3 1228 1355 1356
3 1228 1356 1229
3 1229 1356 1357
3 1229 1357 1230
3 1230 1357 1358
3 1230 1358 1231
3 1231 1358 1359
3 1231 1359 1232
3 1232 1359 1360
3 1232 1360 1233
3 1233 1360 1361
3 1233 1361 1234
3 1234 1361 1362
3 1234 1362 1235
3 1235 1362 1363
3 1235 1363 1236
3 1236 1363 1364
3 1236 1364 1237
3 1237 1364 1365
3 1237 1365 1238
3 1238 1365 1366
3 1238 1366 1239
3 1239 1366 1367
3 1239 1367 1240
3 1240 1367 1368
3 1240 1368 1241
3 1241 1368 1369
3 1241 1369 1242
3 1242 1369 1370
3 1242 1370 1243
3 1243 1370 1371
3 1243 1371 1244
3 1244 1371 1372
3 1244 1372 1245
3 1245 1372 1373
3 1245 1373 1246
3 1246 1373 1374
3 1246 1374 1247
3 1247 1374 1375
3 1247 1375 1248
3 1248 1375 1376
3 1248 1376 1249
3 1249 1376 1377
3 1249 1377 1250
3 1250 1377 1378
3 1250 1378 1251
3 1251 1378 1379
3 1251 1379 1252
3 1252 1379 1380
3 1252 1380 1253
3 1253 1380 1381
3 1253 1381 1254
3 1254 1381 1382
3 1254 1382 1255
3 1255 1382 1383
3 1255 1383 1256
3 1256 1383 1384
3 1256 1384 1257
3 1257 1384 1385
3 1257 1385 1258
3 1258 1385 1386
3 1258 1386 1259
3 1259 1386 1387
3 1259 1387 1260
3 1260 1387 1388
3 1260 1388 1261
3 1261 1388 1389
3 1261 1389 1262
3 1262 1389 1390
3 1262 1390 1263
3 1263 1390 1391
3 1263 1391 1264
3 1264 1391 1392
3 1264 1392 1265
3 1265 1392 1393
3 1265 1393 1266
3 1266 1393 1394
3 1266 1394 1267
3 1267 1394 1395
3 1267 1395 1268
3 1268 1395 1396
3 1268 1396 1269
3 1269 1396 1397
3 1269 1397 1270
3 1270 1397 1398
3 1270 1398 1271
3 1271 1398 1399
3 1271 1399 1272
3 1272 1399 1400
3 1272 1400 1273
3 1273 1400 1401
3 1273 1401 1274
3 1274 1401 1402
3 1274 1402 1275
3 1275 1402 1403
3 1275 1403 1276
3 1276 1403 1404
3 1276 1404 1277
3 1277 1404 1405
3 1277 1405 1278
3 1278 1405 1406
3 1278 1406 1279
3 1279 1406 1407
3 1279 1407 1280
3 1280 1407 1408
3 1280 1408 1281
3 1281 1408 1409
3 1281 1409 1154
3 1154 1409 1282
3 1282 1410 1283
3 1283 1410 1411
3 1283 1411 1284
3 1284 1411 1412
3 1284 1412 1285
3 1285 1412 1413
3 1285 1413 1286
3 1286 1413 1414
3 1286 1414 1287
3 1287 1414 1415
3 1287 1415 1288
3 1288 1415 1416
3 1288 1416 1289
3 1289 1416 1417
3 1289 1417 1290
3 1290 1417 1418
3 1290 1418 1291
3 1291 1418 1419
3 1291 1419 1292
3 1292 1419 1420
3 1292 1420 1293
3 1293 1420 1421
3 1293 1421 1294
3 1294 1421 1422
3 1294 1422 1295
3 1295 1422 1423
3 1295 1423 1296
3 1296 1423 1424
3 1296 1424 1297
3 1297 1424 1425
3 1297 1425 1298
3 1298 1425 1426
3 1298 1426 1299
3 1299 1426 1427
3 1299 1427 1300
3 1300 1427 1428
3 1300 1428 1301
3 1301 1428 1429
3 1301 1429 1302
3 1302 1429 1430
3 1302 1430 1303
3 1303 1430 1431
3 1303 1431 1304
3 1304 1431 1432
3 1304 1432 1305
3 1305 1432 1433
3 1305 1433 1306
3 1306 1433 1434
3 1306 1434 1307
3 1307 1434 1435
3 1307 1435 1308
3 1308 1435 1436
3 1308 1436 1309
3 1309 1436 1437
3 1309 1437 1310
3 1310 1437 1438
3 1310 1438 1311
3 1311 1438 1439
3 1311 1439 1312
3 1312 1439 1440
3 1312 1440 1313
3 1313 1440 1441
3 1313 1441 1314
3 1314 1441 1442
3 1314 1442 1315
3 1315 1442 1443
3 1315 1443 1316
3 1316 1443 1444
3 1316 1444 1317
3 1317 1444 1445
3 1317 1445 1318
3 1318 1445 1446
3 1318 1446 1319
3 1319 1446 1447
3 1319 1447 1320
3 1320 1447 1448
3 1320 1448 1321
3 1321 1448 1449
3 1321 1449 1322
3 1322 1449 1450
3 1322 1450 1323
3 1323 1450 1451
3 1323 1451 1324
3 1324 1451 1452
3 1324 1452 1325
3 1325 1452 1453
3 1325 1453 1326
3 1326 1453 1454
3 1326 1454 1327
3 1327 1454 1455
3 1327 1455 1328
3 1328 1455 1456
3 1328 1456 1329
3 1329 1456 1457
3 1329 1457 1330
3 1330 1457 1458
3 1330 1458 1331
3 1331 1458 1459
3 1331 1459 1332
3 1332 1459 1460
3 1332 1460 1333
3 1333 1460 1461
3 1333 1461 1334
3 1334 1461 1462
3 1334 1462 1335
3 1335 1462 1463
3 1335 1463 1336
3 1336 1463 1464
3 1336 1464 1337
3 1337 1464 1465
3 1337 1465 1338
3 1338 1465 1466
3 1338 1466 1339
3 1339 1466 1467
3 1339 1467 1340
3 1340 1467 1468
3 1340 1468 1341
3 1341 1468 1469
3 1341 1469 1342
3 1342 1469 1470
3 1342 1470 1343
3 1343 1470 1471
3 1343 1471 1344
3 1344 1471 1472
3 1344 1472 1345
3 1345 1472 1473
3 1345 1473 1346
3 1346 1473 1474
3 1346 1474 1347
3 1347 1474 1475
3 1347 1475 1348
3 1348 1475 1476
3 1348 1476 1349
3 1349 1476 1477
3 1349 1477 1350
3 1350 1477 1478
3 1350 1478 1351
3 1351 1478 1479
3 1351 1479 1352
3 1352 1479 1480
3 1352 1480 1353
3 1353 1480 1481
3 1353 1481 1354
3 1354 1481 1482
3 1354 1482 1355
3 1355 1482 1483
3 1355 1483 1356
3 1356 1483 1484
3 1356 1484 1357
3 1357 1484 1485
3 1357 1485 1358
3 1358 1485 1486
3 1358 1486 1359
3 1359 1486 1487
3 1359 1487 1360
3 1360 1487 1488
3 1360 1488 1361
3 1361 1488 1489
3 1361 1489 1362
3 1362 1489 1490
3 1362 1490 1363
3 1363 1490 1491
3 1363 1491 1364
3 1364 1491 1492
3 1364 1492 1365
3 1365 1492 1493
3 1365 1493 1366
3 1366 1493 1494
3 1366 1494 1367
3 1367 1494 1495
3 1367 1495 1368
3 1368 1495 1496
3 1368 1496 1369
3 1369 1496 1497
3 1369 1497 1370
3 1370 1497 1498
3 1370 1498 1371
3 1371 1498 1499
3 1371 1499 1372
3 1372 1499 1500
3 1372 1500 1373
3 1373 1500 1501
3 1373 1501 1374
3 1374 1501 1502
3 1374 1502 1375
3 1375 1502 1503
3 1375 1503 1376
3 1376 1503 1504
3 1376 1504 1377
3 1377 1504 1505
3 1377 1505 1378
3 1378 1505 1506
3 1378 1506 1379
3 1379 1506 1507
3 1379 1507 1380
3 1380 1507 1508
3 1380 1508 1381
3 1381 1508 1509
3 1381 1509 1382
3 1382 1509 1510
3 1382 1510 1383
3 1383 1510 1511
3 1383 1511 1384
3 1384 1511 1512
3 1384 1512 1385
3 1385 1512 1513
3 1385 1513 1386
3 1386 1513 1514
3 1386 1514 1387
3 1387 1514 1515
3 1387 1515 1388
3 1388 1515 1516
3 1388 1516 1389
3 1389 1516 1517
3 1389 1517 1390
3 1390 1517 1518
3 1390 1518 1391
3 1391 1518 1519
3 1391 1519 1392
3 1392 1519 1520
3 1392 1520 1393
3 1393 1520 1521
3 1393 1521 1394
3 1394 1521 1522
3 1394 1522 1395
3 1395 1522 1523
3 1395 1523 1396
3 1396 1523 1524
3 1396 1524 1397
3 1397 1524 1525
3 1397 1525 1398
3 1398 1525 1526
3 1398 1526 1399
3 1399 1526 1527
3 1399 1527 1400
3 1400 1527 1528
3 1400 1528 1401
3 1401 1528 1529
3 1401 1529 1402
3 1402 1529 1530
3 1402 1530 1403
3 1403 1530 1531
3 1403 1531 1404
3 1404 1531 1532
3 1404 1532 1405
3 1405 1532 1533
3 1405 1533 1406
3 1406 1533 1534
3 1406 1534 1407
3 1407 1534 1535
3 1407 1535 1408
3 1408 1535 1536
3 1408 1536 1409
3 1409 1536 1537
3 1409 1537 1282
3 1282 1537 1410
3 1410 1538 1411
3 1411 1538 1539
3 1411 1539 1412
3 1412 1539 1540
3 1412 1540 1413
3 1413 1540 1541
3 1413 1541 1414
3 1414 1541 1542
3 1414 1542 1415
3 1415 1542 1543
3 1415 1543 1416
3 1416 1543 1544
3 1416 1544 1417
3 1417 1544 1545
3 1417 1545 1418
3 1418 1545 1546
3 1418 1546 1419
3 1419 1546 1547
3 1419 1547 1420
3 1420 1547 1548
3 1420 1548 1421
3 1421 1548 1549
3 1421 1549 1422
3 1422 1549 1550
3 1422 1550 1423
3 1423 1550 1551
3 1423 1551 1424
3 1424 1551 1552
3 1424 1552 1425
3 1425 1552 1553
3 1425 1553 1426
3 1426 1553 1554
3 1426 1554 1427
3 1427 1554 1555
3 1427 1555 1428
3 1428 1555 1556
3 1428 1556 1429
3 1429 1556 1557
3 1429 1557 1430
3 1430 1557 1558
3 1430 1558 1431
3 1431 1558 1559
3 1431 1559 1432
3 1432 1559 1560
3 1432 1560 1433
3 1433 1560 1561
3 1433 1561 1434
3 1434 1561 1562
3 1434 1562 1435
3 1435 1562 1563
3 1435 1563 1436
3 1436 1563 1564
3 1436 1564 1437
3 1437 1564 1565
3 1437 1565 1438
3 1438 1565 1566
3 1438 1566 1439
3 1439 1566 1567
3 1439 1567 1440
3 1440 1567 1568
3 1440 1568 1441
3 1441 1568 1569
3 1441 1569 1442
3 1442 1569 1570
3 1442 1570 1443
3 1443 1570 1571
3 1443 1571 1444
3 1444 1571 1572
3 1444 1572 1445
3 1445 1572 1573
3 1445 1573 1446
3 1446 1573 1574
3 1446 1574 1447
3 1447 1574 1575
3 1447 1575 1448
3 1448 1575 1576
3 1448 1576 1449
3 1449 1576 1577
3 1449 1577 1450
3 1450 1577 1578
3 1450 1578 1451
3 1451 1578 1579
3 1451 1579 1452
3 1452 1579 1580
3 1452 1580 1453
3 1453 1580 1581
3 1453 1581 1454
3 1454 1581 1582
3 1454 1582 1455
3 1455 1582 1583
3 1455 1583 1456
3 1456 1583 1584
3 1456 1584 1457
3 1457 1584 1585
3 1457 1585 1458
3 1458 1585 1586
3 1458 1586 1459
3 1459 1586 1587
3 1459 1587 1460
3 1460 1587 1588
3 1460 1588 1461
3 1461 1588 1589
3 1461 1589 1462
3 1462 1589 1590
3 1462 1590 1463
3 1463 1590 1591
3 1463 1591 1464
3 1464 1591 1592
3 1464 1592 1465
3 1465 1592 1593
3 1465 1593 1466
3 1466 1593 1594
3 1466 1594 1467
3 1467 1594 1595
3 1467 1595 1468
3 1468 1595 1596
3 1468 1596 1469
3 1469 1596 1597
3 1469 1597 1470
3 1470 1597 1598
3 1470 1598 1471
3 1471 1598 1599
3 1471 1599 1472
3 1472 1599 1600
3 1472 1600 1473
3 1473 1600 1601
3 1473 1601 1474
3 1474 1601 1602
3 1474 1602 1475
3 1475 1602 1603
3 1475 1603 1476
3 1476 1603 1604
3 1476 1604 1477
3 1477 1604 1605
3 1477 1605 1478
3 1478 1605 1606
3 1478 1606 1479
3 1479 1606 1607
3 1479 1607 1480
3 1480 1607 1608
3 1480 1608 1481
3 1481 1608 1609
3 1481 1609 1482
3 1482 1609 1610
3 1482 1610 1483
3 1483 1610 1611
3 1483 1611 1484
3 1484 1611 1612
3 1484 1612 1485
3 1485 1612 1613
3 1485 1613 1486
3 1486 1613 1614
3 1486 1614 1487
3 1487 1614 1615
3 1487 1615 1488
3 1488 1615 1616
3 1488 1616 1489
3 1489 1616 1617
3 1489 1617 1490
3 1490 1617 1618
3 1490 1618 1491
3 1491 1618 1619
3 1491 1619 1492
3 1492 1619 1620
3 1492 1620 1493
3 1493 1620 1621
3 1493 1621 1494
3 1494 1621 1622
3 1494 1622 1495
3 1495 1622 1623
3 1495 1623 1496
3 1496 1623 1624
3 1496 1624 1497
3 1497 1624 1625
3 1497 1625 1498
3 1498 1625 1626
3 1498 1626 1499
3 1499 1626 1627
3 1499 1627 1500
3 1500 1627 1628
3 1500 1628 1501
3 1501 1628 1629
3 1501 1629 1502
3 1502 1629 1630
3 1502 1630 1503
3 1503 1630 1631
3 1503 1631 1504
3 1504 1631 1632
3 1504 1632 1505
3 1505 1632 1633
3 1505 1633 1506
3 1506 1633 1634
3 1506 1634 1507
3 1507 1634 1635
3 1507 1635 1508
3 1508 1635 1636
3 1508 1636 1509
3 1509 1636 1637
3 1509 1637 1510
3 1510 1637 1638
3 1510 1638 1511
3 1511 1638 1639
3 1511 1639 1512
3 1512 1639 1640
3 1512 1640 1513
3 1513 1640 1641
3 1513 1641 1514
3 1514 1641 1642
3 1514 1642 1515
3 1515 1642 1643
3 1515 1643 1516
3 1516 1643 1644
3 1516 1644 1517
3 1517 1644 1645
3 1517 1645 1518
3 1518 1645 1646
3 1518 1646 1519
3 1519 1646 1647
3 1519 1647 1520
3 1520 1647 1648
3 1520 1648 1521
3 1521 1648 1649
3 1521 1649 1522
3 1522 1649 1650
3 1522 1650 1523
3 1523 1650 1651
3 1523 1651 1524
3 1524 1651 1652
3 1524 1652 1525
3 1525 1652 1653
3 1525 1653 1526
3 1526 1653 1654
3 1526 1654 1527
3 1527 1654 1655
3 1527 1655 1528
3 1528 1655 1656
3 1528 1656 1529
3 1529 1656 1657
3 1529 1657 1530
3 1530 1657 1658
3 1530 1658 1531
3 1531 1658 1659
3 1531 1659 1532
3 1532 1659 1660
3 1532 1660 1533
3 1533 1660 1661
3 1533 1661 1534
3 1534 1661 1662
3 1534 1662 1535
3 1535 1662 1663
3 1535 1663 1536
3 1536 1663 1664
3 1536 1664 1537
3 1537 1664 1665
3 1537 1665 1410
3 1410 1665 1538
3 1538 1666 1539
3 1539 1666 1667
3 1539 1667 1540
3 1540 1667 1668
3 1540 1668 1541
3 1541 1668 1669
3 1541 1669 1542
3 1542 1669 1670
3 1542 1670 1543
3 1543 1670 1671
3 1543 1671 1544
3 1544 1671 1672
3 1544 1672 1545
3 1545 1672 1673
3 1545 1673 1546
3 1546 1673 1674
3 1546 1674 1547
3 1547 1674 1675
3 1547 1675 1548
3 1548 1675 1676
3 1548 1676 1549
3 1549 1676 1677
3 1549 1677 1550
3 1550 1677 1678
3 1550 1678 1551
3 1551 1678 1679
3 1551 1679 1552
3 1552 1679 1680
3 1552 1680 1553
3 1553 1680 1681
3 1553 1681 1554
3 1554 1681 1682
3 1554 1682 1555
3 1555 1682 1683
3 1555 1683 1556
3 1556 1683 1684
3 1556 1684 1557
3 1557 1684 1685
3 1557 1685 1558
3 1558 1685 1686
3 1558 1686 1559
3 1559 1686 1687
3 1559 1687 1560
3 1560 1687 1688
3 1560 1688 1561
3 1561 1688 1689
3 1561 1689 1562
3 1562 1689 1690
3 1562 1690 1563
3 1563 1690 1691
3 1563 1691 1564
3 1564 1691 1692
3 1564 1692 1565
3 1565 1692 1693
3 1565 1693 1566
3 1566 1693 1694
3 1566 1694 1567
3 1567 1694 1695
3 1567 1695 1568
3 1568 1695 1696
3 1568 1696 1569
3 1569 1696 1697
3 1569 1697 1570
3 1570 1697 1698
3 1570 1698 1571
3 1571 1698 1699
3 1571 1699 1572
3 1572 1699 1700
3 1572 1700 1573
3 1573 1700 1701
3 1573 1701 1574
3 1574 1701 1702
3 1574 1702 1575
3 1575 1702 1703
3 1575 1703 1576
3 1576 1703 1704
3 1576 1704 1577
3 1577 1704 1705
3 1577 1705 1578
3 1578 1705 1706
3 1578 1706 1579
3 1579 1706 1707
3 1579 1707 1580
3 1580 1707 1708
3 1580 1708 1581
3 1581 1708 1709
3 1581 1709 1582
3 1582 1709 1710
3 1582 1710 1583
3 1583 1710 1711
3 1583 1711 1584
3 1584 1711 1712
3 1584 1712 1585
3 1585 1712 1713
3 1585 1713 1586
3 1586 1713 1714
3 1586 1714 1587
3 1587 1714 1715
3 1587 1715 1588
3 1588 1715 1716
3 1588 1716 1589
3 1589 1716 1717
3 1589 1717 1590
3 1590 1717 1718
3 1590 1718 1591
3 1591 1718 1719
3 1591 1719 1592
3 1592 1719 1720
3 1592 1720 1593
3 1593 1720 1721
3 1593 1721 1594
3 1594 1721 1722
3 1594 1722 1595
3 1595 1722 1723
3 1595 1723 1596
3 1596 1723 1724
3 1596 1724 1597
3 1597 1724 1725
3 1597 1725 1598
3 1598 1725 1726
3 1598 1726 1599
3 1599 1726 1727
3 1599 1727 1600
3 1600 1727 1728
3 1600 1728 1601
3 1601 1728 1729
3 1601 1729 1602
3 1602 1729 1730
3 1602 1730 1603
3 1603 1730 1731
3 1603 1731 1604
3 1604 1731 1732
3 1604 1732 1605
3 1605 1732 1733
3 1605 1733 1606
3 1606 1733 1734
3 1606 1734 1607
3 1607 1734 1735
3 1607 1735 1608
3 1608 1735 1736
3 1608 1736 1609
3 1609 1736 1737
3 1609 1737 1610
3 1610 1737 1738
3 1610 1738 1611
3 1611 1738 1739
3 1611 1739 1612
3 1612 1739 1740
3 1612 1740 1613
3 1613 1740 1741
3 1613 1741 1614
3 1614 1741 1742
3 1614 1742 1615
3 1615 1742 1743
3 1615 1743 1616
3 1616 1743 1744
3 1616 1744 1617
3 1617 1744 1745
3 1617 1745 1618
3 1618 1745 1746
3 1618 1746 1619
3 1619 1746 1747
3 1619 1747 1620
3 1620 1747 1748
3 1620 1748 1621
3 1621 1748 1749
3 1621 1749 1622
3 1622 1749 1750
3 1622 1750 1623
3 1623 1750 1751
3 1623 1751 1624
3 1624 1751 1752
3 1624 1752 1625
3 1625 1752 1753
3 1625 1753 1626
3 1626 1753 1754
3 1626 1754 1627
3 1627 1754 1755
3 1627 1755 1628
3 1628 1755 1756
3 1628 1756 1629
3 1629 1756 1757
3 1629 1757 1630
3 1630 1757 1758
3 1630 1758 1631
3 1631 1758 1759
3 1631 1759 1632
3 1632 1759 1760
3 1632 1760 1633
3 1633 1760 1761
3 1633 1761 1634
3 1634 1761 1762
3 1634 1762 1635
3 1635 1762 1763
3 1635 1763 1636
3 1636 1763 1764
3 1636 1764 1637
3 1637 1764 1765
3 1637 1765 1638
3 1638 1765 1766
3 1638 1766 1639
3 1639 1766 1767
3 1639 1767 1640
3 1640 1767 1768
3 1640 1768 1641
3 1641 1768 1769
3 1641 1769 1642
3 1642 1769 1770
3 1642 1770 1643
3 1643 1770 1771
3 1643 1771 1644
3 1644 1771 1772
3 1644 1772 1645
3 1645 1772 1773
3 1645 1773 1646
3 1646 1773 1774
3 1646 1774 1647
3 1647 1774 1775
3 1647 1775 1648
3 1648 1775 1776
3 1648 1776 1649
3 1649 1776 1777
3 1649 1777 1650
3 1650 1777 1778
3 1650 1778 1651
3 1651 1778 1779
3 1651 1779 1652
3 1652 1779 1780
3 1652 1780 1653
3 1653 1780 1781
3 1653 1781 1654
3 1654 1781 1782
3 1654 1782 1655
3 1655 1782 1783
3 1655 1783 1656
3 1656 1783 1784
3 1656 1784 1657
3 1657 1784 1785
3 1657 1785 1658
3 1658 1785 1786
3 1658 1786 1659
3 1659 1786 1787
3 1659 1787 1660
3 1660 1787 1788
3 1660 1788 1661
3 1661 1788 1789
3 1661 1789 1662
3 1662 1789 1790
3 1662 1790 1663
3 1663 1790 1791
3 1663 1791 1664
3 1664 1791 1792
3 1664 1792 1665
3 1665 1792 1793
3 1665 1793 1538
3 1538 1793 1666
3 1666 1794 1667
3 1667 1794 1795
3 1667 1795 1668
3 1668 1795 1796
3 1668 1796 1669
3 1669 1796 1797
3 1669 1797 1670
3 1670 1797 1798
3 1670 1798 1671
3 1671 1798 1799
3 1671 1799 1672
3 1672 1799 1800
3 1672 1800 1673
3 1673 1800 1801
3 1673 1801 1674
3 1674 1801 1802
3 1674 1802 1675
3 1675 1802 1803
3 1675 1803 1676
3 1676 1803 1804
3 1676 1804 1677
3 1677 1804 1805
3 1677 1805 1678
3 1678 1805 1806
3 1678 1806 1679
3 1679 1806 1807
3 1679 1807 1680
3 1680 1807 1808
3 1680 1808 1681
3 1681 1808 1809
3 1681 1809 1682
3 1682 1809 1810
3 1682 1810 1683
3 1683 1810 1811
3 1683 1811 1684
3 1684 1811 1812
3 1684 1812 1685
3 1685 1812 1813
3 1685 1813 1686
3 1686 1813 1814
3 1686 1814 1687
3 1687 1814 1815
3 1687 1815 1688
3 1688 1815 1816
3 1688 1816 1689
3 1689 1816 1817
3 1689 1817 1690
3 1690 1817 1818
3 1690 1818 1691
3 1691 1818 1819
3 1691 1819 1692
3 1692 1819 1820
3 1692 1820 1693
3 1693 1820 1821
3 1693 1821 1694
3 1694 1821 1822
3 1694 1822 1695
3 1695 1822 1823
3 1695 1823 1696
3 1696 1823 1824
3 1696 1824 1697
3 1697 1824 1825
3 1697 1825 1698
3 1698 1825 1826
3 1698 1826 1699
3 1699 1826 1827
3 1699 1827 1700
3 1700 1827 1828
3 1700 1828 1701
3 1701 1828 1829
3 1701 1829 1702
3 1702 1829 1830
3 1702 1830 1703
3 1703 1830 1831
3 1703 1831 1704
3 1704 1831 1832
3 1704 1832 1705
3 1705 1832 1833
3 1705 1833 1706
3 1706 1833 1834
3 1706 1834 1707
3 1707 1834 1835
3 1707 1835 1708
3 1708 1835 1836
3 1708 1836 1709
3 1709 1836 1837
3 1709 1837 1710
3 1710 1837 1838
3 1710 1838 1711
3 1711 1838 1839
3 1711 1839 1712
3 1712 1839 1840
3 1712 1840 1713
3 1713 1840 1841
3 1713 1841 1714
3 1714 1841 1842
3 1714 1842 1715
3 1715 1842 1843
3 1715 1843 1716
3 1716 1843 1844
3 1716 1844 1717
3 1717 1844 1845
3 1717 1845 1718
3 1718 1845 1846
3 1718 1846 1719
3 1719 1846 1847
3 1719 1847 1720
3 1720 1847 1848
3 1720 1848 1721
3 1721 1848 1849
3 1721 1849 1722
3 1722 1849 1850
3 1722 1850 1723
3 1723 1850 1851
3 1723 1851 1724
3 1724 1851 1852
3 1724 1852 1725
3 1725 1852 1853
3 1725 1853 1726
3 1726 1853 1854
3 1726 1854 1727
3 1727 1854 1855
3 1727 1855 1728
3 1728 1855 1856
3 1728 1856 1729
3 1729 1856 1857
3 1729 1857 1730
3 1730 1857 1858
3 1730 1858 1731
3 1731 1858 1859
3 1731 1859 1732
3 1732 1859 1860
3 1732 1860 1733
3 1733 1860 1861
3 1733 1861 1734
3 1734 1861 1862
3 1734 1862 1735
3 1735 1862 1863
3 1735 1863 1736
3 1736 1863 1864
3 1736 1864 1737
3 1737 1864 1865
3 1737 1865 1738
3 1738 1865 1866
3 1738 1866 1739
3 1739 1866 1867
3 1739 1867 1740
3 1740 1867 1868
3 1740 1868 1741
3 1741 1868 1869
3 1741 1869 1742
3 1742 1869 1870
3 1742 1870 1743
3 1743 1870 1871
3 1743 1871 1744
3 1744 1871 1872
3 1744 1872 1745
3 1745 1872 1873
3 1745 1873 1746
3 1746 1873 1874
3 1746 1874 1747
3 1747 1874 1875
3 1747 1875 1748
3 1748 1875 1876
3 1748 1876 1749
3 1749 1876 1877
3 1749 1877 1750
3 1750 1877 1878
3 1750 1878 1751
3 1751 1878 1879
3 1751 1879 1752
3 1752 1879 1880
3 1752 1880 1753
3 1753 1880 1881
3 1753 1881 1754
3 1754 1881 1882
3 1754 1882 1755
3 1755 1882 1883
3 1755 1883 1756
3 1756 1883 1884
3 1756 1884 1757
3 1757 1884 1885
3 1757 1885 1758
3 1758 1885 1886
3 1758 1886 1759
3 1759 1886 1887
3 1759 1887 1760
3 1760 1887 1888
3 1760 1888 1761
3 1761 1888 1889
3 1761 1889 1762
3 1762 1889 1890
3 1762 1890 1763
3 1763 1890 1891
3 1763 1891 1764
3 1764 1891 1892
3 1764 1892 1765
3 1765 1892 1893
3 1765 1893 1766
3 1766 1893 1894
3 1766 1894 1767
3 1767 1894 1895
3 1767 1895 1768
3 1768 1895 1896
3 1768 1896 1769
3 1769 1896 1897
3 1769 1897 1770
3 1770 1897 1898
3 1770 1898 1771
3 1771 1898 1899
3 1771 1899 1772
3 1772 1899 1900
3 1772 1900 1773
3 1773 1900 1901
3 1773 1901 1774
3 1774 1901 1902
3 1774 1902 1775
3 1775 1902 1903
3 1775 1903 1776
3 1776 1903 1904
3 1776 1904 1777
3 1777 1904 1905
3 1777 1905 1778
3 1778 1905 1906
3 1778 1906 1779
3 1779 1906 1907
3 1779 1907 1780
3 1780 1907 1908
3 1780 1908 1781
3 1781 1908 1909
3 1781 1909 1782
3 1782 1909 1910
3 1782 1910 1783
3 1783 1910 1911
3 1783 1911 1784
3 1784 1911 1912
3 1784 1912 1785
3 1785 1912 1913
3 1785 1913 1786
3 1786 1913 1914
3 1786 1914 1787
3 1787 1914 1915
3 1787 1915 1788
3 1788 1915 1916
3 1788 1916 1789
3 1789 1916 1917
3 1789 1917 1790
3 1790 1917 1918
3 1790 1918 1791
3 1791 1918 1919
3 1791 1919 1792
3 1792 1919 1920
3 1792 1920 1793
3 1793 1920 1921
3 1793 1921 1666
3 1666 1921 1794
3 1794 1922 1795
3 1795 1922 1923
3 1795 1923 1796
3 1796 1923 1924
3 1796 1924 1797
3 1797 1924 1925
3 1797 1925 1798
3 1798 1925 1926
3 1798 1926 1799
3 1799 1926 1927
3 1799 1927 1800
3 1800 1927 1928
3 1800 1928 1801
3 1801 1928 1929
3 1801 1929 1802
3 1802 1929 1930
3 1802 1930 1803
3 1803 1930 1931
3 1803 1931 1804
3 1804 1931 1932
3 1804 1932 1805
3 1805 1932 1933
3 1805 1933 1806
3 1806 1933 1934
3 1806 1934 1807
3 1807 1934 1935
3 1807 1935 1808
3 1808 1935 1936
3 1808 1936 1809
3 1809 1936 1937
3 1809 1937 1810
3 1810 1937 1938
3 1810 1938 1811
3 1811 1938 1939
3 1811 1939 1812
3 1812 1939 1940
3 1812 1940 1813
3 1813 1940 1941
3 1813 1941 1814
3 1814 1941 1942
3 1814 1942 1815
3 1815 1942 1943
3 1815 1943 1816
3 1816 1943 1944
3 1816 1944 1817
3 1817 1944 1945
3 1817 1945 1818
3 1818 1945 1946
3 1818 1946 1819
3 1819 1946 1947
3 1819 1947 1820
3 1820 1947 1948
3 1820 1948 1821
3 1821 1948 1949
3 1821 1949 1822
3 1822 1949 1950
3 1822 1950 1823
3 1823 1950 1951
3 1823 1951 1824
3 1824 1951 1952
3 1824 1952 1825
3 1825 1952 1953
3 1825 1953 1826
3 1826 1953 1954
3 1826 1954 1827
3 1827 1954 1955
3 1827 1955 1828
3 1828 1955 1956
3 1828 1956 1829
3 1829 1956 1957
3 1829 1957 1830
3 1830 1957 1958
3 1830 1958 1831
3 1831 1958 1959
3 1831 1959 1832
3 1832 1959 1960
3 1832 1960 1833
3 1833 1960 1961
3 1833 1961 1834
3 1834 1961 1962
3 1834 1962 1835
3 1835 1962 1963
3 1835 1963 1836
3 1836 1963 1964
3 1836 1964 1837
3 1837 1964 1965
3 1837 1965 1838
3 1838 1965 1966
3 1838 1966 1839
3 1839 1966 1967
3 1839 1967 1840
3 1840 1967 1968
3 1840 1968 1841
3 1841 1968 1969
3 1841 1969 1842
3 1842 1969 1970
3 1842 1970 1843
3 1843 1970 1971
3 1843 1971 1844
3 1844 1971 1972
3 1844 1972 1845
3 1845 1972 1973
3 1845 1973 1846
3 1846 1973 1974
3 1846 1974 1847
3 1847 1974 1975
3 1847 1975 1848
3 1848 1975 1976
3 1848 1976 1849
3 1849 1976 1977
3 1849 1977 1850
3 1850 1977 1978
3 1850 1978 1851
3 1851 1978 1979
3 1851 1979 1852
3 1852 1979 1980
3 1852 1980 1853
3 1853 1980 1981
3 1853 1981 1854
3 1854 1981 1982
3 1854 1982 1855
3 1855 1982 1983
3 1855 1983 1856
3 1856 1983 1984
3 1856 1984 1857
3 1857 1984 1985
3 1857 1985 1858
3 1858 1985 1986
3 1858 1986 1859
3 1859 1986 1987
3 1859 1987 1860
3 1860 1987 1988
3 1860 1988 1861
3 1861 1988 1989
3 1861 1989 1862
3 1862 1989 1990
3 1862 1990 1863
3 1863 1990 1991
3 1863 1991 1864
3 1864 1991 1992
3 1864 1992 1865
3 1865 1992 1993
3 1865 1993 1866
3 1866 1993 1994
3 1866 1994 1867
3 1867 1994 1995
3 1867 1995 1868
3 1868 1995 1996
3 1868 1996 1869
3 1869 1996 1997
3 1869 1997 1870
3 1870 1997 1998
3 1870 1998 1871
3 1871 1998 1999
3 1871 1999 1872
3 1872 1999 2000
3 1872 2000 1873
3 1873 2000 2001
3 1873 2001 1874
3 1874 2001 2002
3 1874 2002 1875
3 1875 2002 2003
3 1875 2003 1876
3 1876 2003 2004
3 1876 2004 1877
3 1877 2004 2005
3 1877 2005 1878
3 1878 2005 2006
3 1878 2006 1879
3 1879 2006 2007
3 1879 2007 1880
3 1880 2007 2008
3 1880 2008 1881
3 1881 2008 2009
3 1881 2009 1882
3 1882 2009 2010
3 1882 2010 1883
3 1883 2010 2011
3 1883 2011 1884
3 1884 2011 2012
3 1884 2012 1885
3 1885 2012 2013
3 1885 2013 1886
3 1886 2013 2014
3 1886 2014 1887
3 1887 2014 2015
3 1887 2015 1888
3 1888 2015 2016
3 1888 2016 1889
3 1889 2016 2017
3 1889 2017 1890
3 1890 2017 2018
3 1890 2018 1891
3 1891 2018 2019
3 1891 2019 1892
3 1892 2019 2020
3 1892 2020 1893
3 1893 2020 2021
3 1893 2021 1894
3 1894 2021 2022
3 1894 2022 1895
3 1895 2022 2023
3 1895 2023 1896
3 1896 2023 2024
3 1896 2024 1897
3 1897 2024 2025
3 1897 2025 1898
3 1898 2025 2026
3 1898 2026 1899
3 1899 2026 2027
3 1899 2027 1900
3 1900 2027 2028
3 1900 2028 1901
3 1901 2028 2029
3 1901 2029 1902
3 1902 2029 2030
3 1902 2030 1903
3 1903 2030 2031
3 1903 2031 1904
3 1904 2031 2032
3 1904 2032 1905
3 1905 2032 2033
3 1905 2033 1906
3 1906 2033 2034
3 1906 2034 1907
3 1907 2034 2035
3 1907 2035 1908
3 1908 2035 2036
3 1908 2036 1909
3 1909 2036 2037
3 1909 2037 1910
3 1910 2037 2038
3 1910 2038 1911
3 1911 2038 2039
3 1911 2039 1912
3 1912 2039 2040
3 1912 2040 1913
3 1913 2040 2041
3 1913 2041 1914
3 1914 2041 2042
3 1914 2042 1915
3 1915 2042 2043
3 1915 2043 1916
3 1916 2043 2044
3 1916 2044 1917
3 1917 2044 2045
3 1917 2045 1918
3 1918 2045 2046
3 1918 2046 1919
3 1919 2046 2047
3 1919 2047 1920
3 1920 2047 2048
3 1920 2048 1921
3 1921 2048 2049
3 1921 2049 1794
3 1794 2049 1922
3 1922 2050 1923
3 1923 2050 2051
3 1923 2051 1924
3 1924 2051 2052
3 1924 2052 1925
3 1925 2052 2053
3 1925 2053 1926
3 1926 2053 2054
3 1926 2054 1927
3 1927 2054 2055
3 1927 2055 1928
3 1928 2055 2056
3 1928 2056 1929
3 1929 2056 2057
3 1929 2057 1930
3 1930 2057 2058
3 1930 2058 1931
3 1931 2058 2059
3 1931 2059 1932
3 1932 2059 2060
3 1932 2060 1933
3 1933 2060 2061
3 1933 2061 1934
3 1934 2061 2062
3 1934 2062 1935
3 1935 2062 2063
3 1935 2063 1936
3 1936 2063 2064
3 1936 2064 1937
3 1937 2064 2065
3 1937 2065 1938
3 1938 2065 2066
3 1938 2066 1939
3 1939 2066 2067
3 1939 2067 1940
3 1940 2067 2068
3 1940 2068 1941
3 1941 2068 2069
3 1941 2069 1942
3 1942 2069 2070
3 1942 2070 1943
3 1943 2070 2071
3 1943 2071 1944
3 1944 2071 2072
3 1944 2072 1945
3 1945 2072 2073
3 1945 2073 1946
3 1946 2073 2074
3 1946 2074 1947
3 1947 2074 2075
3 1947 2075 1948
3 1948 2075 2076
3 1948 2076 1949
3 1949 2076 2077
3 1949 2077 1950
3 1950 2077 2078
3 1950 2078 1951
3 1951 2078 2079
3 1951 2079 1952
3 1952 2079 2080
3 1952 2080 1953
3 1953 2080 2081
3 1953 2081 1954
3 1954 2081 2082
3 1954 2082 1955
3 1955 2082 2083
3 1955 2083 1956
3 1956 2083 2084
3 1956 2084 1957
3 1957 2084 2085
3 1957 2085 1958
3 1958 2085 2086
3 1958 2086 1959
3 1959 2086 2087
3 1959 2087 1960
3 1960 2087 2088
3 1960 2088 1961
3 1961 2088 2089
3 1961 2089 1962
3 1962 2089 2090
3 1962 2090 1963
3 1963 2090 2091
3 1963 2091 1964
3 1964 2091 2092
3 1964 2092 1965
3 1965 2092 2093
3 1965 2093 1966
3 1966 2093 2094
3 1966 2094 1967
3 1967 2094 2095
3 1967 2095 1968
3 1968 2095 2096
3 1968 2096 1969
3 1969 2096 2097
3 1969 2097 1970
3 1970 2097 2098
3 1970 2098 1971
3 1971 2098 2099
3 1971 2099 1972
3 1972 2099 2100
3 1972 2100 1973
3 1973 2100 2101
3 1973 2101 1974
3 1974 2101 2102
3 1974 2102 1975
3 1975 2102 2103
3 1975 2103 1976
3 1976 2103 2104
3 1976 2104 1977
3 1977 2104 2105
3 1977 2105 1978
3 1978 2105 2106
3 1978 2106 1979
3 1979 2106 2107
3 1979 2107 1980
3 1980 2107 2108
3 1980 2108 1981
3 1981 2108 2109
3 1981 2109 1982
3 1982 2109 2110
3 1982 2110 1983
3 1983 2110 2111
3 1983 2111 1984
3 1984 2111 2112
3 1984 2112 1985
3 1985 2112 2113
3 1985 2113 1986
3 1986 2113 2114
3 1986 2114 1987
3 1987 2114 2115
3 1987 2115 1988
3 1988 2115 2116
3 1988 2116 1989
3 1989 2116 2117
3 1989 2117 1990
3 1990 2117 2118
3 1990 2118 1991
3 1991 2118 2119
3 1991 2119 1992
3 1992 2119 2120
3 1992 2120 1993
3 1993 2120 2121
3 1993 2121 1994
3 1994 2121 2122
3 1994 2122 1995
3 1995 2122 2123
3 1995 2123 1996
3 1996 2123 2124
3 1996 2124 1997
3 1997 2124 2125
3 1997 2125 1998
3 1998 2125 2126
3 1998 2126 1999
3 1999 2126 2127
3 1999 2127 2000
3 2000 2127 2128
3 2000 2128 2001
3 2001 2128 2129
3 2001 2129 2002
3 2002 2129 2130
3 2002 2130 2003
3 2003 2130 2131
3 2003 2131 2004
3 2004 2131 2132
3 2004 2132 2005
3 2005 2132 2133
3 2005 2133 2006
3 2006 2133 2134
3 2006 2134 2007
3 2007 2134 2135
3 2007 2135 2008
3 2008 2135 2136
3 2008 2136 2009
3 2009 2136 2137
3 2009 2137 2010
3 2010 2137 2138
3 2010 2138 2011
3 2011 2138 2139
3 2011 2139 2012
3 2012 2139 2140
3 2012 2140 2013
3 2013 2140 2141
3 2013 2141 2014
3 2014 2141 2142
3 2014 2142 2015
3 2015 2142 2143
3 2015 2143 2016
3 2016 2143 2144
3 2016 2144 2017
3 2017 2144 2145
3 2017 2145 2018
3 2018 2145 2146
3 2018 2146 2019
3 2019 2146 2147
3 2019 2147 2020
3 2020 2147 2148
3 2020 2148 2021
3 2021 2148 2149
3 2021 2149 2022
3 2022 2149 2150
3 2022 2150 2023
3 2023 2150 2151
3 2023 2151 2024
3 2024 2151 2152
3 2024 2152 2025
3 2025 2152 2153
3 2025 2153 2026
3 2026 2153 2154
3 2026 2154 2027
3 2027 2154 2155
3 2027 2155 2028
3 2028 2155 2156
3 2028 2156 2029
3 2029 2156 2157
3 2029 2157 2030
3 2030 2157 2158
3 2030 2158 2031
3 2031 2158 2159
3 2031 2159 2032
3 2032 2159 2160
3 2032 2160 2033
3 2033 2160 2161
3 2033 2161 2034
3 2034 2161 2162
3 2034 2162 2035
3 2035 2162 2163
3 2035 2163 2036
3 2036 2163 2164
3 2036 2164 2037
3 2037 2164 2165
3 2037 2165 2038
3 2038 2165 2166
3 2038 2166 2039
3 2039 2166 2167
3 2039 2167 2040
3 2040 2167 2168
3 2040 2168 2041
3 2041 2168 2169
3 2041 2169 2042
3 2042 2169 2170
3 2042 2170 2043
3 2043 2170 2171
3 2043 2171 2044
3 2044 2171 2172
3 2044 2172 2045
3 2045 2172 2173
3 2045 2173 2046
3 2046 2173 2174
3 2046 2174 2047
3 2047 2174 2175
3 2047 2175 2048
3 2048 2175 2176
3 2048 2176 2049
3 2049 2176 2177
3 2049 2177 1922
3 1922 2177 2050
3 2050 2178 2051
3 2051 2178 2179
3 2051 2179 2052
3 2052 2179 2180
3 2052 2180 2053
3 2053 2180 2181
3 2053 2181 2054
3 2054 2181 2182
3 2054 2182 2055
3 2055 2182 2183
3 2055 2183 2056
3 2056 2183 2184
3 2056 2184 2057
3 2057 2184 2185
3 2057 2185 2058
3 2058 2185 2186
3 2058 2186 2059
3 2059 2186 2187
3 2059 2187 2060
3 2060 2187 2188
3 2060 2188 2061
3 2061 2188 2189
3 2061 2189 2062
3 2062 2189 2190
3 2062 2190 2063
3 2063 2190 2191
3 2063 2191 2064
3 2064 2191 2192
3 2064 2192 2065
3 2065 2192 2193
3 2065 2193 2066
3 2066 2193 2194
3 2066 2194 2067
3 2067 2194 2195
3 2067 2195 2068
3 2068 2195 2196
3 2068 2196 2069
3 2069 2196 2197
3 2069 2197 2070
3 2070 2197 2198
3 2070 2198 2071
3 2071 2198 2199
3 2071 2199 2072
3 2072 2199 2200
3 2072 2200 2073
3 2073 2200 2201
3 2073 2201 2074
3 2074 2201 2202
3 2074 2202 2075
3 2075 2202 2203
3 2075 2203 2076
3 2076 2203 2204
3 2076 2204 2077
3 2077 2204 2205
3 2077 2205 2078
3 2078 2205 2206
3 2078 2206 2079
3 2079 2206 2207
3 2079 2207 2080
3 2080 2207 2208
3 2080 2208 2081
3 2081 2208 2209
3 2081 2209 2082
3 2082 2209 2210
3 2082 2210 2083
3 2083 2210 2211
3 2083 2211 2084
3 2084 2211 2212
3 2084 2212 2085
3 2085 2212 2213
3 2085 2213 2086
3 2086 2213 2214
3 2086 2214 2087
3 2087 2214 2215
3 2087 2215 2088
3 2088 2215 2216
3 2088 2216 2089
3 2089 2216 2217
3 2089 2217 2090
3 2090 2217 2218
3 2090 2218 2091
3 2091 2218 2219
3 2091 2219 2092
3 2092 2219 2220
3 2092 2220 2093
3 2093 2220 2221
3 2093 2221 2094
3 2094 2221 2222
3 2094 2222 2095
3 2095 2222 2223
3 2095 2223 2096
3 2096 2223 2224
3 2096 2224 2097
3 2097 2224 2225
3 2097 2225 2098
3 2098 2225 2226
3 2098 2226 2099
3 2099 2226 2227
3 2099 2227 2100
3 2100 2227 2228
3 2100 2228 2101
3 2101 2228 2229
3 2101 2229 2102
3 2102 2229 2230
3 2102 2230 2103
3 2103 2230 2231
3 2103 2231 2104
3 2104 2231 2232
3 2104 2232 2105
3 2105 2232 2233
3 2105 2233 2106
3 2106 2233 2234
3 2106 2234 2107
3 2107 2234 2235
3 2107 2235 2108
3 2108 2235 2236
3 2108 2236 2109
3 2109 2236 2237
3 2109 2237 2110
3 2110 2237 2238
3 2110 2238 2111
3 2111 2238 2239
3 2111 2239 2112
3 2112 2239 2240
3 2112 2240 2113
3 2113 2240 2241
3 2113 2241 2114
3 2114 2241 2242
3 2114 2242 2115
3 2115 2242 2243
3 2115 2243 2116
3 2116 2243 2244
3 2116 2244 2117
3 2117 2244 2245
3 2117 2245 2118
3 2118 2245 2246
3 2118 2246 2119
3 2119 2246 2247
3 2119 2247 2120
3 2120 2247 2248
3 2120 2248 2121
3 2121 2248 2249
3 2121 2249 2122
3 2122 2249 2250
3 2122 2250 2123
3 2123 2250 2251
3 2123 2251 2124
3 2124 2251 2252
3 2124 2252 2125
3 2125 2252 2253
3 2125 2253 2126
3 2126 2253 2254
3 2126 2254 2127
3 2127 2254 2255
3 2127 2255 2128
3 2128 2255 2256
3 2128 2256 2129
3 2129 2256 2257
3 2129 2257 2130
3 2130 2257 2258
3 2130 2258 2131
3 2131 2258 2259
3 2131 2259 2132
3 2132 2259 2260
3 2132 2260 2133
3 2133 2260 2261
3 2133 2261 2134
3 2134 2261 2262
3 2134 2262 2135
3 2135 2262 2263
3 2135 2263 2136
3 2136 2263 2264
3 2136 2264 2137
3 2137 2264 2265
3 2137 2265 2138
3 2138 2265 2266
3 2138 2266 2139
3 2139 2266 2267
3 2139 2267 2140
3 2140 2267 2268
3 2140 2268 2141
3 2141 2268 2269
3 2141 2269 2142
3 2142 2269 2270
3 2142 2270 2143
3 2143 2270 2271
3 2143 2271 2144
3 2144 2271 2272
3 2144 2272 2145
3 2145 2272 2273
3 2145 2273 2146
3 2146 2273 2274
3 2146 2274 2147
3 2147 2274 2275
3 2147 2275 2148
3 2148 2275 2276
3 2148 2276 2149
3 2149 2276 2277
3 2149 2277 2150
3 2150 2277 2278
3 2150 2278 2151
3 2151 2278 2279
3 2151 2279 2152
3 2152 2279 2280
3 2152 2280 2153
3 2153 2280 2281
3 2153 2281 2154
3 2154 2281 2282
3 2154 2282 2155
3 2155 2282 2283
3 2155 2283 2156
3 2156 2283 2284
3 2156 2284 2157
3 2157 2284 2285
3 2157 2285 2158
3 2158 2285 2286
3 2158 2286 2159
3 2159 2286 2287
3 2159 2287 2160
3 2160 2287 2288
3 2160 2288 2161
3 2161 2288 2289
3 2161 2289 2162
3 2162 2289 2290
3 2162 2290 2163
3 2163 2290 2291
3 2163 2291 2164
3 2164 2291 2292
3 2164 2292 2165
3 2165 2292 2293
3 2165 2293 2166
3 2166 2293 2294
3 2166 2294 2167
3 2167 2294 2295
3 2167 2295 2168
3 2168 2295 2296
3 2168 2296 2169
3 2169 2296 2297
3 2169 2297 2170
3 2170 2297 2298
3 2170 2298 2171
3 2171 2298 2299
3 2171 2299 2172
3 2172 2299 2300
3 2172 2300 2173
3 2173 2300 2301
3 2173 2301 2174
3 2174 2301 2302
3 2174 2302 2175
3 2175 2302 2303
3 2175 2303 2176
3 2176 2303 2304
3 2176 2304 2177
3 2177 2304 2305
3 2177 2305 2050
3 2050 2305 2178
3 2178 2306 2179
3 2179 2306 2307
3 2179 2307 2180
3 2180 2307 2308
3 2180 2308 2181
3 2181 2308 2309
3 2181 2309 2182
3 2182 2309 2310
3 2182 2310 2183
3 2183 2310 2311
3 2183 2311 2184
3 2184 2311 2312
3 2184 2312 2185
3 2185 2312 2313
3 2185 2313 2186
3 2186 2313 2314
3 2186 2314 2187
3 2187 2314 2315
3 2187 2315 2188
3 2188 2315 2316
3 2188 2316 2189
3 2189 2316 2317
3 2189 2317 2190
3 2190 2317 2318
3 2190 2318 2191
3 2191 2318 2319
3 2191 2319 2192
3 2192 2319 2320
3 2192 2320 2193
3 2193 2320 2321
3 2193 2321 2194
3 2194 2321 2322
3 2194 2322 2195
3 2195 2322 2323
3 2195 2323 2196
3 2196 2323 2324
3 2196 2324 2197
3 2197 2324 2325
3 2197 2325 2198
3 2198 2325 2326
3 2198 2326 2199
3 2199 2326 2327
3 2199 2327 2200
3 2200 2327 2328
3 2200 2328 2201
3 2201 2328 2329
3 2201 2329 2202
3 2202 2329 2330
3 2202 2330 2203
3 2203 2330 2331
3 2203 2331 2204
3 2204 2331 2332
3 2204 2332 2205
3 2205 2332 2333
3 2205 2333 2206
3 2206 2333 2334
3 2206 2334 2207
3 2207 2334 2335
3 2207 2335 2208
3 2208 2335 2336
3 2208 2336 2209
3 2209 2336 2337
3 2209 2337 2210
3 2210 2337 2338
3 2210 2338 2211
3 2211 2338 2339
3 2211 2339 2212
3 2212 2339 2340
3 2212 2340 2213
3 2213 2340 2341
3 2213 2341 2214
3 2214 2341 2342
3 2214 2342 2215
3 2215 2342 2343
3 2215 2343 2216
3 2216 2343 2344
3 2216 2344 2217
3 2217 2344 2345
3 2217 2345 2218
3 2218 2345 2346
3 2218 2346 2219
3 2219 2346 2347
3 2219 2347 2220
3 2220 2347 2348
3 2220 2348 2221
3 2221 2348 2349
3 2221 2349 2222
3 2222 2349 2350
3 2222 2350 2223
3 2223 2350 2351
3 2223 2351 2224
3 2224 2351 2352
3 2224 2352 2225
3 2225 2352 2353
3 2225 2353 2226
3 2226 2353 2354
3 2226 2354 2227
3 2227 2354 2355
3 2227 2355 2228
3 2228 2355 2356
3 2228 2356 2229
3 2229 2356 2357
3 2229 2357 2230
3 2230 2357 2358
3 2230 2358 2231
3 2231 2358 2359
3 2231 2359 2232
3 2232 2359 2360
3 2232 2360 2233
3 2233 2360 2361
3 2233 2361 2234
3 2234 2361 2362
3 2234 2362 2235
3 2235 2362 2363
3 2235 2363 2236
3 2236 2363 2364
3 2236 2364 2237
3 2237 2364 2365
3 2237 2365 2238
3 2238 2365 2366
3 2238 2366 2239
3 2239 2366 2367
3 2239 2367 2240
3 2240 2367 2368
3 2240 2368 2241
3 2241 2368 2369
3 2241 2369 2242
3 2242 2369 2370
3 2242 2370 2243
3 2243 2370 2371
3 2243 2371 2244
3 2244 2371 2372
3 2244 2372 2245
3 2245 2372 2373
3 2245 2373 2246
3 2246 2373 2374
3 2246 2374 2247
3 2247 2374 2375
3 2247 2375 2248
3 2248 2375 2376
3 2248 2376 2249
3 2249 2376 2377
3 2249 2377 2250
3 2250 2377 2378
3 2250 2378 2251
3 2251 2378 2379
3 2251 2379 2252
3 2252 2379 2380
3 2252 2380 2253
3 2253 2380 2381
3 2253 2381 2254
3 2254 2381 2382
3 2254 2382 2255
3 2255 2382 2383
3 2255 2383 2256
3 2256 2383 2384
3 2256 2384 2257
3 2257 2384 2385
3 2257 2385 2258
3 2258 2385 2386
3 2258 2386 2259
3 2259 2386 2387
3 2259 2387 2260
3 2260 2387 2388
3 2260 2388 2261
3 2261 2388 2389
3 2261 2389 2262
3 2262 2389 2390
3 2262 2390 2263
3 2263 2390 2391
3 2263 2391 2264
3 2264 2391 2392
3 2264 2392 2265
3 2265 2392 2393
3 2265 2393 2266
3 2266 2393 2394
3 2266 2394 2267
3 2267 2394 2395
3 2267 2395 2268
3 2268 2395 2396
3 2268 2396 2269
3 2269 2396 2397
3 2269 2397 2270
3 2270 2397 2398
3 2270 2398 2271
3 2271 2398 2399
3 2271 2399 2272
3 2272 2399 2400
3 2272 2400 2273
3 2273 2400 2401
3 2273 2401 2274
3 2274 2401 2402
3 2274 2402 2275
3 2275 2402 2403
3 2275 2403 2276
3 2276 2403 2404
3 2276 2404 2277
3 2277 2404 2405
3 2277 2405 2278
3 2278 2405 2406
3 2278 2406 2279
3 2279 2406 2407
3 2279 2407 2280
3 2280 2407 2408
3 2280 2408 2281
3 2281 2408 2409
3 2281 2409 2282
3 2282 2409 2410
3 2282 2410 2283
3 2283 2410 2411
3 2283 2411 2284
3 2284 2411 2412
3 2284 2412 2285
3 2285 2412 2413
3 2285 2413 2286
3 2286 2413 2414
3 2286 2414 2287
3 2287 2414 2415
3 2287 2415 2288
3 2288 2415 2416
3 2288 2416 2289
3 2289 2416 2417
3 2289 2417 2290
3 2290 2417 2418
3 2290 2418 2291
3 2291 2418 2419
3 2291 2419 2292
3 2292 2419 2420
3 2292 2420 2293
3 2293 2420 2421
3 2293 2421 2294
3 2294 2421 2422
3 2294 2422 2295
3 2295 2422 2423
3 2295 2423 2296
3 2296 2423 2424
3 2296 2424 2297
3 2297 2424 2425
3 2297 2425 2298
3 2298 2425 2426
3 2298 2426 2299
3 2299 2426 2427
3 2299 2427 2300
3 2300 2427 2428
3 2300 2428 2301
3 2301 2428 2429
3 2301 2429 2302
3 2302 2429 2430
3 2302 2430 2303
3 2303 2430 2431
3 2303 2431 2304
3 2304 2431 2432
3 2304 2432 2305
3 2305 2432 2433
3 2305 2433 2178
3 2178 2433 2306
3 2306 2434 2307
3 2307 2434 2435
3 2307 2435 2308
3 2308 2435 2436
3 2308 2436 2309
3 2309 2436 2437
3 2309 2437 2310
3 2310 2437 2438
3 2310 2438 2311
3 2311 2438 2439
3 2311 2439 2312
3 2312 2439 2440
3 2312 2440 2313
3 2313 2440 2441
3 2313 2441 2314
3 2314 2441 2442
3 2314 2442 2315
3 2315 2442 2443
3 2315 2443 2316
3 2316 2443 2444
3 2316 2444 2317
3 2317 2444 2445
3 2317 2445 2318
3 2318 2445 2446
3 2318 2446 2319
3 2319 2446 2447
3 2319 2447 2320
3 2320 2447 2448
3 2320 2448 2321
3 2321 2448 2449
3 2321 2449 2322
3 2322 2449 2450
3 2322 2450 2323
3 2323 2450 2451
3 2323 2451 2324
3 2324 2451 2452
3 2324 2452 2325
3 2325 2452 2453
3 2325 2453 2326
3 2326 2453 2454
3 2326 2454 2327
3 2327 2454 2455
3 2327 2455 2328
3 2328 2455 2456
3 2328 2456 2329
3 2329 2456 2457
3 2329 2457 2330
3 2330 2457 2458
3 2330 2458 2331
3 2331 2458 2459
3 2331 2459 2332
3 2332 2459 2460
3 2332 2460 2333
3 2333 2460 2461
3 2333 2461 2334
3 2334 2461 2462
3 2334 2462 2335
3 2335 2462 2463
3 2335 2463 2336
3 2336 2463 2464
3 2336 2464 2337
3 2337 2464 2465
3 2337 2465 2338
3 2338 2465 2466
3 2338 2466 2339
3 2339 2466 2467
3 2339 2467 2340
3 2340 2467 2468
3 2340 2468 2341
3 2341 2468 2469
3 2341 2469 2342
3 2342 2469 2470
3 2342 2470 2343
3 2343 2470 2471
3 2343 2471 2344
3 2344 2471 2472
3 2344 2472 2345
3 2345 2472 2473
3 2345 2473 2346
3 2346 2473 2474
3 2346 2474 2347
3 2347 2474 2475
3 2347 2475 2348
3 2348 2475 2476
3 2348 2476 2349
3 2349 2476 2477
3 2349 2477 2350
3 2350 2477 2478
3 2350 2478 2351
3 2351 2478 2479
3 2351 2479 2352
3 2352 2479 2480
3 2352 2480 2353
3 2353 2480 2481
3 2353 2481 2354
3 2354 2481 2482
3 2354 2482 2355
3 2355 2482 2483
3 2355 2483 2356
3 2356 2483 2484
3 2356 2484 2357
3 2357 2484 2485
3 2357 2485 2358
3 2358 2485 2486
3 2358 2486 2359
3 2359 2486 2487
3 2359 2487 2360
3 2360 2487 2488
3 2360 2488 2361
3 2361 2488 2489
3 2361 2489 2362
3 2362 2489 2490
3 2362 2490 2363
3 2363 2490 2491
3 2363 2491 2364
3 2364 2491 2492
3 2364 2492 2365
3 2365 2492 2493
3 2365 2493 2366
3 2366 2493 2494
3 2366 2494 2367
3 2367 2494 2495
3 2367 2495 2368
3 2368 2495 2496
3 2368 2496 2369
3 2369 2496 2497
3 2369 2497 2370
3 2370 2497 2498
3 2370 2498 2371
3 2371 2498 2499
3 2371 2499 2372
3 2372 2499 2500
3 2372 2500 2373
3 2373 2500 2501
3 2373 2501 2374
3 2374 2501 2502
3 2374 2502 2375
3 2375 2502 2503
3 2375 2503 2376
3 2376 2503 2504
3 2376 2504 2377
3 2377 2504 2505
3 2377 2505 2378
3 2378 2505 2506
3 2378 2506 2379
3 2379 2506 2507
3 2379 2507 2380
3 2380 2507 2508
3 2380 2508 2381
3 2381 2508 2509
3 2381 2509 2382
3 2382 2509 2510
3 2382 2510 2383
3 2383 2510 2511
3 2383 2511 2384
3 2384 2511 2512
3 2384 2512 2385
3 2385 2512 2513
3 2385 2513 2386
3 2386 2513 2514
3 2386 2514 2387
3 2387 2514 2515
3 2387 2515 2388
3 2388 2515 2516
3 2388 2516 2389
3 2389 2516 2517
3 2389 2517 2390
3 2390 2517 2518
3 2390 2518 2391
3 2391 2518 2519
3 2391 2519 2392
3 2392 2519 2520
3 2392 2520 2393
3 2393 2520 2521
3 2393 2521 2394
3 2394 2521 2522
3 2394 2522 2395
3 2395 2522 2523
3 2395 2523 2396
3 2396 2523 2524
3 2396 2524 2397
3 2397 2524 2525
3 2397 2525 2398
3 2398 2525 2526
3 2398 2526 2399
3 2399 2526 2527
3 2399 2527 2400
3 2400 2527 2528
3 2400 2528 2401
3 2401 2528 2529
3 2401 2529 2402
3 2402 2529 2530
3 2402 2530 2403
3 2403 2530 2531
3 2403 2531 2404
3 2404 2531 2532
3 2404 2532 2405
3 2405 2532 2533
3 2405 2533 2406
3 2406 2533 2534
3 2406 2534 2407
3 2407 2534 2535
3 2407 2535 2408
3 2408 2535 2536
3 2408 2536 2409
3 2409 2536 2537
3 2409 2537 2410
3 2410 2537 2538
3 2410 2538 2411
3 2411 2538 2539
3 2411 2539 2412
3 2412 2539 2540
3 2412 2540 2413
3 2413 2540 2541
3 2413 2541 2414
3 2414 2541 2542
3 2414 2542 2415
3 2415 2542 2543
3 2415 2543 2416
3 2416 2543 2544
3 2416 2544 2417
3 2417 2544 2545
3 2417 2545 2418
3 2418 2545 2546
3 2418 2546 2419
3 2419 2546 2547
3 2419 2547 2420
3 2420 2547 2548
3 2420 2548 2421
3 2421 2548 2549
3 2421 2549 2422
3 2422 2549 2550
3 2422 2550 2423
3 2423 2550 2551
3 2423 2551 2424
3 2424 2551 2552
3 2424 2552 2425
3 2425 2552 2553
3 2425 2553 2426
3 2426 2553 2554
3 2426 2554 2427
3 2427 2554 2555
3 2427 2555 2428
3 2428 2555 2556
3 2428 2556 2429
3 2429 2556 2557
3 2429 2557 2430
3 2430 2557 2558
3 2430 2558 2431
3 2431 2558 2559
3 2431 2559 2432
3 2432 2559 2560
3 2432 2560 2433
3 2433 2560 2561
3 2433 2561 2306
3 2306 2561 2434
3 2434 2562 2435
3 2435 2562 2563
3 2435 2563 2436
3 2436 2563 2564
3 2436 2564 2437
3 2437 2564 2565
3 2437 2565 2438
3 2438 2565 2566
3 2438 2566 2439
3 2439 2566 2567
3 2439 2567 2440
3 2440 2567 2568
3 2440 2568 2441
3 2441 2568 2569
3 2441 2569 2442
3 2442 2569 2570
3 2442 2570 2443
3 2443 2570 2571
3 2443 2571 2444
3 2444 2571 2572
3 2444 2572 2445
3 2445 2572 2573
3 2445 2573 2446
3 2446 2573 2574
3 2446 2574 2447
3 2447 2574 2575
3 2447 2575 2448
3 2448 2575 2576
3 2448 2576 2449
3 2449 2576 2577
3 2449 2577 2450
3 2450 2577 2578
3 2450 2578 2451
3 2451 2578 2579
3 2451 2579 2452
3 2452 2579 2580
3 2452 2580 2453
3 2453 2580 2581
3 2453 2581 2454
3 2454 2581 2582
3 2454 2582 2455
3 2455 2582 2583
3 2455 2583 2456
3 2456 2583 2584
3 2456 2584 2457
3 2457 2584 2585
3 2457 2585 2458
3 2458 2585 2586
3 2458 2586 2459
3 2459 2586 2587
3 2459 2587 2460
3 2460 2587 2588
3 2460 2588 2461
3 2461 2588 2589
3 2461 2589 2462
3 2462 2589 2590
3 2462 2590 2463
3 2463 2590 2591
3 2463 2591 2464
3 2464 2591 2592
3 2464 2592 2465
3 2465 2592 2593
3 2465 2593 2466
3 2466 2593 2594
3 2466 2594 2467
3 2467 2594 2595
3 2467 2595 2468
3 2468 2595 2596
3 2468 2596 2469
3 2469 2596 2597
3 2469 2597 2470
3 2470 2597 2598
3 2470 2598 2471
3 2471 2598 2599
3 2471 2599 2472
3 2472 2599 2600
3 2472 2600 2473
3 2473 2600 2601
3 2473 2601 2474
3 2474 2601 2602
3 2474 2602 2475
3 2475 2602 2603
3 2475 2603 2476
3 2476 2603 2604
3 2476 2604 2477
3 2477 2604 2605
3 2477 2605 2478
3 2478 2605 2606
3 2478 2606 2479
3 2479 2606 2607
3 2479 2607 2480
3 2480 2607 2608
3 2480 2608 2481
3 2481 2608 2609
3 2481 2609 2482
3 2482 2609 2610
3 2482 2610 2483
3 2483 2610 2611
3 2483 2611 2484
3 2484 2611 2612
3 2484 2612 2485
3 2485 2612 2613
3 2485 2613 2486
3 2486 2613 2614
3 2486 2614 2487
3 2487 2614 2615
3 2487 2615 2488
3 2488 2615 2616
3 2488 2616 2489
3 2489 2616 2617
3 2489 2617 2490
3 2490 2617 2618
3 2490 2618 2491
3 2491 2618 2619
3 2491 2619 2492
3 2492 2619 2620
3 2492 2620 2493
3 2493 2620 2621
3 2493 2621 2494
3 2494 2621 2622
3 2494 2622 2495
3 2495 2622 2623
3 2495 2623 2496
3 2496 2623 2624
3 2496 2624 2497
3 2497 2624 2625
3 2497 2625 2498
3 2498 2625 2626
3 2498 2626 2499
3 2499 2626 2627
3 2499 2627 2500
3 2500 2627 2628
3 2500 2628 2501
3 2501 2628 2629
3 2501 2629 2502
3 2502 2629 2630
3 2502 2630 2503
3 2503 2630 2631
3 2503 2631 2504
3 2504 2631 2632
3 2504 2632 2505
3 2505 2632 2633
3 2505 2633 2506
3 2506 2633 2634
3 2506 2634 2507
3 2507 2634 2635
3 2507 2635 2508
3 2508 2635 2636
3 2508 2636 2509
3 2509 2636 2637
3 2509 2637 2510
3 2510 2637 2638
3 2510 2638 2511
3 2511 2638 2639
3 2511 2639 2512
3 2512 2639 2640
3 2512 2640 2513
3 2513 2640 2641
3 2513 2641 2514
3 2514 2641 2642
3 2514 2642 2515
3 2515 2642 2643
3 2515 2643 2516
3 2516 2643 2644
3 2516 2644 2517
3 2517 2644 2645
3 2517 2645 2518
3 2518 2645 2646
3 2518 2646 2519
3 2519 2646 2647
3 2519 2647 2520
3 2520 2647 2648
3 2520 2648 2521
3 2521 2648 2649
3 2521 2649 2522
3 2522 2649 2650
3 2522 2650 2523
3 2523 2650 2651
3 2523 2651 2524
3 2524 2651 2652
3 2524 2652 2525
3 2525 2652 2653
3 2525 2653 2526
3 2526 2653 2654
3 2526 2654 2527
3 2527 2654 2655
3 2527 2655 2528
3 2528 2655 2656
3 2528 2656 2529
3 2529 2656 2657
3 2529 2657 2530
3 2530 2657 2658
3 2530 2658 2531
3 2531 2658 2659
3 2531 2659 2532
3 2532 2659 2660
3 2532 2660 2533
3 2533 2660 2661
3 2533 2661 2534
3 2534 2661 2662
3 2534 2662 2535
3 2535 2662 2663
3 2535 2663 2536
3 2536 2663 2664
3 2536 2664 2537
3 2537 2664 2665
3 2537 2665 2538
3 2538 2665 2666
3 2538 2666 2539
3 2539 2666 2667
3 2539 2667 2540
3 2540 2667 2668
3 2540 2668 2541
3 2541 2668 2669
3 2541 2669 2542
3 2542 2669 2670
3 2542 2670 2543
3 2543 2670 2671
3 2543 2671 2544
3 2544 2671 2672
3 2544 2672 2545
3 2545 2672 2673
3 2545 2673 2546
3 2546 2673 2674
3 2546 2674 2547
3 2547 2674 2675
3 2547 2675 2548
3 2548 2675 2676
3 2548 2676 2549
3 2549 2676 2677
3 2549 2677 2550
3 2550 2677 2678
3 2550 2678 2551
3 2551 2678 2679
3 2551 2679 2552
3 2552 2679 2680
3 2552 2680 2553
3 2553 2680 2681
3 2553 2681 2554
3 2554 2681 2682
3 2554 2682 2555
3 2555 2682 2683
3 2555 2683 2556
3 2556 2683 2684
3 2556 2684 2557
3 2557 2684 2685
3 2557 2685 2558
3 2558 2685 2686
3 2558 2686 2559
3 2559 2686 2687
3 2559 2687 2560
3 2560 2687 2688
3 2560 2688 2561
3 2561 2688 2689
3 2561 2689 2434
3 2434 2689 2562
3 2562 2690 2563
3 2563 2690 2691
3 2563 2691 2564
3 2564 2691 2692
3 2564 2692 2565
3 2565 2692 2693
3 2565 2693 2566
3 2566 2693 2694
3 2566 2694 2567
3 2567 2694 2695
3 2567 2695 2568
3 2568 2695 2696
3 2568 2696 2569
3 2569 2696 2697
3 2569 2697 2570
3 2570 2697 2698
3 2570 2698 2571
3 2571 2698 2699
3 2571 2699 2572
3 2572 2699 2700
3 2572 2700 2573
3 2573 2700 2701
3 2573 2701 2574
3 2574 2701 2702
3 2574 2702 2575
3 2575 2702 2703
3 2575 2703 2576
3 2576 2703 2704
3 2576 2704 2577
3 2577 2704 2705
3 2577 2705 2578
3 2578 2705 2706
3 2578 2706 2579
3 2579 2706 2707
3 2579 2707 2580
3 2580 2707 2708
3 2580 2708 2581
3 2581 2708 2709
3 2581 2709 2582
3 2582 2709 2710
3 2582 2710 2583
3 2583 2710 2711
3 2583 2711 2584
3 2584 2711 2712
3 2584 2712 2585
3 2585 2712 2713
3 2585 2713 2586
3 2586 2713 2714
3 2586 2714 2587
3 2587 2714 2715
3 2587 2715 2588
3 2588 2715 2716
3 2588 2716 2589
3 2589 2716 2717
3 2589 2717 2590
3 2590 2717 2718
3 2590 2718 2591
3 2591 2718 2719
3 2591 2719 2592
3 2592 2719 2720
3 2592 2720 2593
3 2593 2720 2721
3 2593 2721 2594
3 2594 2721 2722
3 2594 2722 2595
3 2595 2722 2723
3 2595 2723 2596
3 2596 2723 2724
3 2596 2724 2597
3 2597 2724 2725
3 2597 2725 2598
3 2598 2725 2726
3 2598 2726 2599
3 2599 2726 2727
3 2599 2727 2600
3 2600 2727 2728
3 2600 2728 2601
3 2601 2728 2729
3 2601 2729 2602
3 2602 2729 2730
3 2602 2730 2603
3 2603 2730 2731
3 2603 2731 2604
3 2604 2731 2732
3 2604 2732 2605
3 2605 2732 2733
3 2605 2733 2606
3 2606 2733 2734
3 2606 2734 2607
3 2607 2734 2735
3 2607 2735 2608
3 2608 2735 2736
3 2608 2736 2609
3 2609 2736 2737
3 2609 2737 2610
3 2610 2737 2738
3 2610 2738 2611
3 2611 2738 2739
3 2611 2739 2612
3 2612 2739 2740
3 2612 2740 2613
3 2613 2740 2741
3 2613 2741 2614
3 2614 2741 2742
3 2614 2742 2615
3 2615 2742 2743
3 2615 2743 2616
3 2616 2743 2744
3 2616 2744 2617
3 2617 2744 2745
3 2617 2745 2618
3 2618 2745 2746
3 2618 2746 2619
3 2619 2746 2747
3 2619 2747 2620
3 2620 2747 2748
3 2620 2748 2621
3 2621 2748 2749
3 2621 2749 2622
3 2622 2749 2750
3 2622 2750 2623
3 2623 2750 2751
3 2623 2751 2624
3 2624 2751 2752
3 2624 2752 2625
3 2625 2752 2753
3 2625 2753 2626
3 2626 2753 2754
3 2626 2754 2627
3 2627 2754 2755
3 2627 2755 2628
3 2628 2755 2756
3 2628 2756 2629
3 2629 2756 2757
3 2629 2757 2630
3 2630 2757 2758
3 2630 2758 2631
3 2631 2758 2759
3 2631 2759 2632
3 2632 2759 2760
3 2632 2760 2633
3 2633 2760 2761
3 2633 2761 2634
3 2634 2761 2762
3 2634 2762 2635
3 2635 2762 2763
3 2635 2763 2636
3 2636 2763 2764
3 2636 2764 2637
3 2637 2764 2765
3 2637 2765 2638
3 2638 2765 2766
3 2638 2766 2639
3 2639 2766 2767
3 2639 2767 2640
3 2640 2767 2768
3 2640 2768 2641
3 2641 2768 2769
3 2641 2769 2642
3 2642 2769 2770
3 2642 2770 2643
3 2643 2770 2771
3 2643 2771 2644
3 2644 2771 2772
3 2644 2772 2645
3 2645 2772 2773
3 2645 2773 2646
3 2646 2773 2774
3 2646 2774 2647
3 2647 2774 2775
3 2647 2775 2648
3 2648 2775 2776
3 2648 2776 2649
3 2649 2776 2777
3 2649 2777 2650
3 2650 2777 2778
3 2650 2778 2651
3 2651 2778 2779
3 2651 2779 2652
3 2652 2779 2780
3 2652 2780 2653
3 2653 2780 2781
3 2653 2781 2654
3 2654 2781 2782
3 2654 2782 2655
3 2655 2782 2783
3 2655 2783 2656
3 2656 2783 2784
3 2656 2784 2657
3 2657 2784 2785
3 2657 2785 2658
3 2658 2785 2786
3 2658 2786 2659
3 2659 2786 2787
3 2659 2787 2660
3 2660 2787 2788
3 2660 2788 2661
3 2661 2788 2789
3 2661 2789 2662
3 2662 2789 2790
3 2662 2790 2663
3 2663 2790 2791
3 2663 2791 2664
3 2664 2791 2792
3 2664 2792 2665
3 2665 2792 2793
3 2665 2793 2666
3 2666 2793 2794
3 2666 2794 2667
3 2667 2794 2795
3 2667 2795 2668
3 2668 2795 2796
3 2668 2796 2669
3 2669 2796 2797
3 2669 2797 2670
3 2670 2797 2798
3 2670 2798 2671
3 2671 2798 2799
3 2671 2799 2672
3 2672 2799 2800
3 2672 2800 2673
3 2673 2800 2801
3 2673 2801 2674
3 2674 2801 2802
3 2674 2802 2675
3 2675 2802 2803
3 2675 2803 2676
3 2676 2803 2804
3 2676 2804 2677
3 2677 2804 2805
3 2677 2805 2678
3 2678 2805 2806
3 2678 2806 2679
3 2679 2806 2807
3 2679 2807 2680
3 2680 2807 2808
3 2680 2808 2681
3 2681 2808 2809
3 2681 2809 2682
3 2682 2809 2810
3 2682 2810 2683
3 2683 2810 2811
3 2683 2811 2684
3 2684 2811 2812
3 2684 2812 2685
3 2685 2812 2813
3 2685 2813 2686
3 2686 2813 2814
3 2686 2814 2687
3 2687 2814 2815
3 2687 2815 2688
3 2688 2815 2816
3 2688 2816 2689
3 2689 2816 2817
3 2689 2817 2562
3 2562 2817 2690
3 2690 2818 2691
3 2691 2818 2819
3 2691 2819 2692
3 2692 2819 2820
3 2692 2820 2693
3 2693 2820 2821
3 2693 2821 2694
3 2694 2821 2822
3 2694 2822 2695
3 2695 2822 2823
3 2695 2823 2696
3 2696 2823 2824
3 2696 2824 2697
3 2697 2824 2825
3 2697 2825 2698
3 2698 2825 2826
3 2698 2826 2699
3 2699 2826 2827
3 2699 2827 2700
3 2700 2827 2828
3 2700 2828 2701
3 2701 2828 2829
3 2701 2829 2702
3 2702 2829 2830
3 2702 2830 2703
3 2703 2830 2831
3 2703 2831 2704
3 2704 2831 2832
3 2704 2832 2705
3 2705 2832 2833
3 2705 2833 2706
3 2706 2833 2834
3 2706 2834 2707
3 2707 2834 2835
3 2707 2835 2708
3 2708 2835 2836
3 2708 2836 2709
3 2709 2836 2837
3 2709 2837 2710
3 2710 2837 2838
3 2710 2838 2711
3 2711 2838 2839
3 2711 2839 2712
3 2712 2839 2840
3 2712 2840 2713
3 2713 2840 2841
3 2713 2841 2714
3 2714 2841 2842
3 2714 2842 2715
3 2715 2842 2843
3 2715 2843 2716
3 2716 2843 2844
3 2716 2844 2717
3 2717 2844 2845
3 2717 2845 2718
3 2718 2845 2846
3 2718 2846 2719
3 2719 2846 2847
3 2719 2847 2720
3 2720 2847 2848
3 2720 2848 2721
3 2721 2848 2849
3 2721 2849 2722
3 2722 2849 2850
3 2722 2850 2723
3 2723 2850 2851
3 2723 2851 2724
3 2724 2851 2852
3 2724 2852 2725
3 2725 2852 2853
3 2725 2853 2726
3 2726 2853 2854
3 2726 2854 2727
3 2727 2854 2855
3 2727 2855 2728
3 2728 2855 2856
3 2728 2856 2729
3 2729 2856 2857
3 2729 2857 2730
3 2730 2857 2858
3 2730 2858 2731
3 2731 2858 2859
3 2731 2859 2732
3 2732 2859 2860
3 2732 2860 2733
3 2733 2860 2861
3 2733 2861 2734
3 2734 2861 2862
3 2734 2862 2735
3 2735 2862 2863
3 2735 2863 2736
3 2736 2863 2864
3 2736 2864 2737
3 2737 2864 2865
3 2737 2865 2738
3 2738 2865 2866
3 2738 2866 2739
3 2739 2866 2867
3 2739 2867 2740
3 2740 2867 2868
3 2740 2868 2741
3 2741 2868 2869
3 2741 2869 2742
3 2742 2869 2870
3 2742 2870 2743
3 2743 2870 2871
3 2743 2871 2744
3 2744 2871 2872
3 2744 2872 2745
3 2745 2872 2873
3 2745 2873 2746
3 2746 2873 2874
3 2746 2874 2747
3 2747 2874 2875
3 2747 2875 2748
3 2748 2875 2876
3 2748 2876 2749
3 2749 2876 2877
3 2749 2877 2750
3 2750 2877 2878
3 2750 2878 2751
3 2751 2878 2879
3 2751 2879 2752
3 2752 2879 2880
3 2752 2880 2753
3 2753 2880 2881
3 2753 2881 2754
3 2754 2881 2882
3 2754 2882 2755
3 2755 2882 2883
3 2755 2883 2756
3 2756 2883 2884
3 2756 2884 2757
3 2757 2884 2885
3 2757 2885 2758
3 2758 2885 2886
3 2758 2886 2759
3 2759 2886 2887
3 2759 2887 2760
3 2760 2887 2888
3 2760 2888 2761
3 2761 2888 2889
3 2761 2889 2762
3 2762 2889 2890
3 2762 2890 2763
3 2763 2890 2891
3 2763 2891 2764
3 2764 2891 2892
3 2764 2892 2765
3 2765 2892 2893
3 2765 2893 2766
3 2766 2893 2894
3 2766 2894 2767
3 2767 2894 2895
3 2767 2895 2768
3 2768 2895 2896
3 2768 2896 2769
3 2769 2896 2897
3 2769 2897 2770
3 2770 2897 2898
3 2770 2898 2771
3 2771 2898 2899
3 2771 2899 2772
3 2772 2899 2900
3 2772 2900 2773
3 2773 2900 2901
3 2773 2901 2774
3 2774 2901 2902
3 2774 2902 2775
3 2775 2902 2903
3 2775 2903 2776
3 2776 2903 2904
3 2776 2904 2777
3 2777 2904 2905
3 2777 2905 2778
3 2778 2905 2906
3 2778 2906 2779
3 2779 2906 2907
3 2779 2907 2780
3 2780 2907 2908
3 2780 2908 2781
3 2781 2908 2909
3 2781 2909 2782
3 2782 2909 2910
3 2782 2910 2783
3 2783 2910 2911
3 2783 2911 2784
3 2784 2911 2912
3 2784 2912 2785
3 2785 2912 2913
3 2785 2913 2786
3 2786 2913 2914
3 2786 2914 2787
3 2787 2914 2915
3 2787 2915 2788
3 2788 2915 2916
3 2788 2916 2789
3 2789 2916 2917
3 2789 2917 2790
3 2790 2917 2918
3 2790 2918 2791
3 2791 2918 2919
3 2791 2919 2792
3 2792 2919 2920
3 2792 2920 2793
3 2793 2920 2921
3 2793 2921 2794
3 2794 2921 2922
3 2794 2922 2795
3 2795 2922 2923
3 2795 2923 2796
3 2796 2923 2924
3 2796 2924 2797
3 2797 2924 2925
3 2797 2925 2798
3 2798 2925 2926
3 2798 2926 2799
3 2799 2926 2927
3 2799 2927 2800
3 2800 2927 2928
3 2800 2928 2801
3 2801 2928 2929
3 2801 2929 2802
3 2802 2929 2930
3 2802 2930 2803
3 2803 2930 2931
3 2803 2931 2804
3 2804 2931 2932
3 2804 2932 2805
3 2805 2932 2933
3 2805 2933 2806
3 2806 2933 2934
3 2806 2934 2807
3 2807 2934 2935
3 2807 2935 2808
3 2808 2935 2936
3 2808 2936 2809
3 2809 2936 2937
3 2809 2937 2810
3 2810 2937 2938
3 2810 2938 2811
3 2811 2938 2939
3 2811 2939 2812
3 2812 2939 2940
3 2812 2940 2813
3 2813 2940 2941
3 2813 2941 2814
3 2814 2941 2942
3 2814 2942 2815
3 2815 2942 2943
3 2815 2943 2816
3 2816 2943 2944
3 2816 2944 2817
3 2817 2944 2945
3 2817 2945 2690
3 2690 2945 2818
3 2818 2946 2819
3 2819 2946 2947
3 2819 2947 2820
3 2820 2947 2948
3 2820 2948 2821
3 2821 2948 2949
3 2821 2949 2822
3 2822 2949 2950
3 2822 2950 2823
3 2823 2950 2951
3 2823 2951 2824
3 2824 2951 2952
3 2824 2952 2825
3 2825 2952 2953
3 2825 2953 2826
3 2826 2953 2954
3 2826 2954 2827
3 2827 2954 2955
3 2827 2955 2828
3 2828 2955 2956
3 2828 2956 2829
3 2829 2956 2957
3 2829 2957 2830
3 2830 2957 2958
3 2830 2958 2831
3 2831 2958 2959
3 2831 2959 2832
3 2832 2959 2960
3 2832 2960 2833
3 2833 2960 2961
3 2833 2961 2834
3 2834 2961 2962
3 2834 2962 2835
3 2835 2962 2963
3 2835 2963 2836
3 2836 2963 2964
3 2836 2964 2837
3 2837 2964 2965
3 2837 2965 2838
3 2838 2965 2966
3 2838 2966 2839
3 2839 2966 2967
3 2839 2967 2840
3 2840 2967 2968
3 2840 2968 2841
3 2841 2968 2969
3 2841 2969 2842
3 2842 2969 2970
3 2842 2970 2843
3 2843 2970 2971
3 2843 2971 2844
3 2844 2971 2972
3 2844 2972 2845
3 2845 2972 2973
3 2845 2973 2846
3 2846 2973 2974
3 2846 2974 2847
3 2847 2974 2975
3 2847 2975 2848
3 2848 2975 2976
3 2848 2976 2849
3 2849 2976 2977
3 2849 2977 2850
3 2850 2977 2978
3 2850 2978 2851
3 2851 2978 2979
3 2851 2979 2852
3 2852 2979 2980
3 2852 2980 2853
3 2853 2980 2981
3 2853 2981 2854
3 2854 2981 2982
3 2854 2982 2855
3 2855 2982 2983
3 2855 2983 2856
3 2856 2983 2984
3 2856 2984 2857
3 2857 2984 2985
3 2857 2985 2858
3 2858 2985 2986
3 2858 2986 2859
3 2859 2986 2987
3 2859 2987 2860
3 2860 2987 2988
3 2860 2988 2861
3 2861 2988 2989
3 2861 2989 2862
3 2862 2989 2990
3 2862 2990 2863
3 2863 2990 2991
3 2863 2991 2864
3 2864 2991 2992
3 2864 2992 2865
3 2865 2992 2993
3 2865 2993 2866
3 2866 2993 2994
3 2866 2994 2867
3 2867 2994 2995
3 2867 2995 2868
3 2868 2995 2996
3 2868 2996 2869
3 2869 2996 2997
3 2869 2997 2870
3 2870 2997 2998
3 2870 2998 2871
3 2871 2998 2999
3 2871 2999 2872
3 2872 2999 3000
3 2872 3000 2873
3 2873 3000 3001
3 2873 3001 2874
3 2874 3001 3002
3 2874 3002 2875
3 2875 3002 3003
3 2875 3003 2876
3 2876 3003 3004
3 2876 3004 2877
3 2877 3004 3005
3 2877 3005 2878
3 2878 3005 3006
3 2878 3006 2879
3 2879 3006 3007
3 2879 3007 2880
3 2880 3007 3008
3 2880 3008 2881
3 2881 3008 3009
3 2881 3009 2882
3 2882 3009 3010
3 2882 3010 2883
3 2883 3010 3011
3 2883 3011 2884
3 2884 3011 3012
3 2884 3012 2885
3 2885 3012 3013
3 2885 3013 2886
3 2886 3013 3014
3 2886 3014 2887
3 2887 3014 3015
3 2887 3015 2888
3 2888 3015 3016
3 2888 3016 2889
3 2889 3016 3017
3 2889 3017 2890
3 2890 3017 3018
3 2890 3018 2891
3 2891 3018 3019
3 2891 3019 2892
3 2892 3019 3020
3 2892 3020 2893
3 2893 3020 3021
3 2893 3021 2894
3 2894 3021 3022
3 2894 3022 2895
3 2895 3022 3023
3 2895 3023 2896
3 2896 3023 3024
3 2896 3024 2897
3 2897 3024 3025
3 2897 3025 2898
3 2898 3025 3026
3 2898 3026 2899
3 2899 3026 3027
3 2899 3027 2900
3 2900 3027 3028
3 2900 3028 2901
3 2901 3028 3029
3 2901 3029 2902
3 2902 3029 3030
3 2902 3030 2903
3 2903 3030 3031
3 2903 3031 2904
3 2904 3031 3032
3 2904 3032 2905
3 2905 3032 3033
3 2905 3033 2906
3 2906 3033 3034
3 2906 3034 2907
3 2907 3034 3035
3 2907 3035 2908
3 2908 3035 3036
3 2908 3036 2909
3 2909 3036 3037
3 2909 3037 2910
3 2910 3037 3038
3 2910 3038 2911
3 2911 3038 3039
3 2911 3039 2912
3 2912 3039 3040
3 2912 3040 2913
3 2913 3040 3041
3 2913 3041 2914
3 2914 3041 3042
3 2914 3042 2915
3 2915 3042 3043
3 2915 3043 2916
3 2916 3043 3044
3 2916 3044 2917
3 2917 3044 3045
3 2917 3045 2918
3 2918 3045 3046
3 2918 3046 2919
3 2919 3046 3047
3 2919 3047 2920
3 2920 3047 3048
3 2920 3048 2921
3 2921 3048 3049
3 2921 3049 2922
3 2922 3049 3050
3 2922 3050 2923
3 2923 3050 3051
3 2923 3051 2924
3 2924 3051 3052
3 2924 3052 2925
3 2925 3052 3053
3 2925 3053 2926
3 2926 3053 3054
3 2926 3054 2927
3 2927 3054 3055
3 2927 3055 2928
3 2928 3055 3056
3 2928 3056 2929
3 2929 3056 3057
3 2929 3057 2930
3 2930 3057 3058
3 2930 3058 2931
3 2931 3058 3059
3 2931 3059 2932
3 2932 3059 3060
3 2932 3060 2933
3 2933 3060 3061
3 2933 3061 2934
3 2934 3061 3062
3 2934 3062 2935
3 2935 3062 3063
3 2935 3063 2936
3 2936 3063 3064
3 2936 3064 2937
3 2937 3064 3065
3 2937 3065 2938
3 2938 3065 3066
3 2938 3066 2939
3 2939 3066 3067
3 2939 3067 2940
3 2940 3067 3068
3 2940 3068 2941
3 2941 3068 3069
3 2941 3069 2942
3 2942 3069 3070
3 2942 3070 2943
3 2943 3070 3071
3 2943 3071 2944
3 2944 3071 3072
3 2944 3072 2945
3 2945 3072 3073
3 2945 3073 2818
3 2818 3073 2946
3 2946 3074 2947
3 2947 3074 3075
3 2947 3075 2948
3 2948 3075 3076
3 2948 3076 2949
3 2949 3076 3077
3 2949 3077 2950
3 2950 3077 3078
3 2950 3078 2951
3 2951 3078 3079
3 2951 3079 2952
3 2952 3079 3080
3 2952 3080 2953
3 2953 3080 3081
3 2953 3081 2954
3 2954 3081 3082
3 2954 3082 2955
3 2955 3082 3083
3 2955 3083 2956
3 2956 3083 3084
3 2956 3084 2957
3 2957 3084 3085
3 2957 3085 2958
3 2958 3085 3086
3 2958 3086 2959
3 2959 3086 3087
3 2959 3087 2960
3 2960 3087 3088
3 2960 3088 2961
3 2961 3088 3089
3 2961 3089 2962
3 2962 3089 3090
3 2962 3090 2963
3 2963 3090 3091
3 2963 3091 2964
3 2964 3091 3092
3 2964 3092 2965
3 2965 3092 3093
3 2965 3093 2966
3 2966 3093 3094
3 2966 3094 2967
3 2967 3094 3095
3 2967 3095 2968
3 2968 3095 3096
3 2968 3096 2969
3 2969 3096 3097
3 2969 3097 2970
3 2970 3097 3098
3 2970 3098 2971
3 2971 3098 3099
3 2971 3099 2972
3 2972 3099 3100
3 2972 3100 2973
3 2973 3100 3101
3 2973 3101 2974
3 2974 3101 3102
3 2974 3102 2975
3 2975 3102 3103
3 2975 3103 2976
3 2976 3103 3104
3 2976 3104 2977
3 2977 3104 3105
3 2977 3105 2978
3 2978 3105 3106
3 2978 3106 2979
3 2979 3106 3107
3 2979 3107 2980
3 2980 3107 3108
3 2980 3108 2981
3 2981 3108 3109
3 2981 3109 2982
3 2982 3109 3110
3 2982 3110 2983
3 2983 3110 3111
3 2983 3111 2984
3 2984 3111 3112
3 2984 3112 2985
3 2985 3112 3113
3 2985 3113 2986
3 2986 3113 3114
3 2986 3114 2987
3 2987 3114 3115
3 2987 3115 2988
3 2988 3115 3116
3 2988 3116 2989
3 2989 3116 3117
3 2989 3117 2990
3 2990 3117 3118
3 2990 3118 2991
3 2991 3118 3119
3 2991 3119 2992
3 2992 3119 3120
3 2992 3120 2993
3 2993 3120 3121
3 2993 3121 2994
3 2994 3121 3122
3 2994 3122 2995
3 2995 3122 3123
3 2995 3123 2996
3 2996 3123 3124
3 2996 3124 2997
3 2997 3124 3125
3 2997 3125 2998
3 2998 3125 3126
3 2998 3126 2999
3 2999 3126 3127
3 2999 3127 3000
3 3000 3127 3128
3 3000 3128 3001
3 3001 3128 3129
3 3001 3129 3002
3 3002 3129 3130
3 3002 3130 3003
3 3003 3130 3131
3 3003 3131 3004
3 3004 3131 3132
3 3004 3132 3005
3 3005 3132 3133
3 3005 3133 3006
3 3006 3133 3134
3 3006 3134 3007
3 3007 3134 3135
3 3007 3135 3008
3 3008 3135 3136
3 3008 3136 3009
3 3009 3136 3137
3 3009 3137 3010
3 3010 3137 3138
3 3010 3138 3011
3 3011 3138 3139
3 3011 3139 3012
3 3012 3139 3140
3 3012 3140 3013
3 3013 3140 3141
3 3013 3141 3014
3 3014 3141 3142
3 3014 3142 3015
3 3015 3142 3143
3 3015 3143 3016
3 3016 3143 3144
3 3016 3144 3017
3 3017 3144 3145
3 3017 3145 3018
3 3018 3145 3146
3 3018 3146 3019
3 3019 3146 3147
3 3019 3147 3020
3 3020 3147 3148
3 3020 3148 3021
3 3021 3148 3149
3 3021 3149 3022
3 3022 3149 3150
3 3022 3150 3023
3 3023 3150 3151
3 3023 3151 3024
3 3024 3151 3152
3 3024 3152 3025
3 3025 3152 3153
3 3025 3153 3026
3 3026 3153 3154
3 3026 3154 3027
3 3027 3154 3155
3 3027 3155 3028
3 3028 3155 3156
3 3028 3156 3029
3 3029 3156 3157
3 3029 3157 3030
3 3030 3157 3158
3 3030 3158 3031
3 3031 3158 3159
3 3031 3159 3032
3 3032 3159 3160
3 3032 3160 3033
3 3033 3160 3161
3 3033 3161 3034
3 3034 3161 3162
3 3034 3162 3035
3 3035 3162 3163
3 3035 3163 3036
3 3036 3163 3164
3 3036 3164 3037
3 3037 3164 3165
3 3037 3165 3038
3 3038 3165 3166
3 3038 3166 3039
3 3039 3166 3167
3 3039 3167 3040
3 3040 3167 3168
3 3040 3168 3041
3 3041 3168 3169
3 3041 3169 3042
3 3042 3169 3170
3 3042 3170 3043
3 3043 3170 3171
3 3043 3171 3044
3 3044 3171 3172
3 3044 3172 3045
3 3045 3172 3173
3 3045 3173 3046
3 3046 3173 3174
3 3046 3174 3047
3 3047 3174 3175
3 3047 3175 3048
3 3048 3175 3176
3 3048 3176 3049
3 3049 3176 3177
3 3049 3177 3050
3 3050 3177 3178
3 3050 3178 3051
3 3051 3178 3179
3 3051 3179 3052
3 3052 3179 3180
3 3052 3180 3053
3 3053 3180 3181
3 3053 3181 3054
3 3054 3181 3182
3 3054 3182 3055
3 3055 3182 3183
3 3055 3183 3056
3 3056 3183 3184
3 3056 3184 3057
3 3057 3184 3185
3 3057 3185 3058
3 3058 3185 3186
3 3058 3186 3059
3 3059 3186 3187
3 3059 3187 3060
3 3060 3187 3188
3 3060 3188 3061
3 3061 3188 3189
3 3061 3189 3062
3 3062 3189 3190
3 3062 3190 3063
3 3063 3190 3191
3 3063 3191 3064
3 3064 3191 3192
3 3064 3192 3065
3 3065 3192 3193
3 3065 3193 3066
3 3066 3193 3194
3 3066 3194 3067
3 3067 3194 3195
3 3067 3195 3068
3 3068 3195 3196
3 3068 3196 3069
3 3069 3196 3197
3 3069 3197 3070
3 3070 3197 3198
3 3070 3198 3071
3 3071 3198 3199
3 3071 3199 3072
3 3072 3199 3200
3 3072 3200 3073
3 3073 3200 3201
3 3073 3201 2946
3 2946 3201 3074
3 3074 3202 3075
3 3075 3202 3203
3 3075 3203 3076
3 3076 3203 3204
3 3076 3204 3077
3 3077 3204 3205
3 3077 3205 3078
3 3078 3205 3206
3 3078 3206 3079
3 3079 3206 3207
3 3079 3207 3080
3 3080 3207 3208
3 3080 3208 3081
3 3081 3208 3209
3 3081 3209 3082
3 3082 3209 3210
3 3082 3210 3083
3 3083 3210 3211
3 3083 3211 3084
3 3084 3211 3212
3 3084 3212 3085
3 3085 3212 3213
3 3085 3213 3086
3 3086 3213 3214
3 3086 3214 3087
3 3087 3214 3215
3 3087 3215 3088
3 3088 3215 3216
3 3088 3216 3089
3 3089 3216 3217
3 3089 3217 3090
3 3090 3217 3218
3 3090 3218 3091
3 3091 3218 3219
3 3091 3219 3092
3 3092 3219 3220
3 3092 3220 3093
3 3093 3220 3221
3 3093 3221 3094
3 3094 3221 3222
3 3094 3222 3095
3 3095 3222 3223
3 3095 3223 3096
3 3096 3223 3224
3 3096 3224 3097
3 3097 3224 3225
3 3097 3225 3098
3 3098 3225 3226
3 3098 3226 3099
3 3099 3226 3227
3 3099 3227 3100
3 3100 3227 3228
3 3100 3228 3101
3 3101 3228 3229
3 3101 3229 3102
3 3102 3229 3230
3 3102 3230 3103
3 3103 3230 3231
3 3103 3231 3104
3 3104 3231 3232
3 3104 3232 3105
3 3105 3232 3233
3 3105 3233 3106
3 3106 3233 3234
3 3106 3234 3107
3 3107 3234 3235
3 3107 3235 3108
3 3108 3235 3236
3 3108 3236 3109
3 3109 3236 3237
3 3109 3237 3110
3 3110 3237 3238
3 3110 3238 3111
3 3111 3238 3239
3 3111 3239 3112
3 3112 3239 3240
3 3112 3240 3113
3 3113 3240 3241
3 3113 3241 3114
3 3114 3241 3242
3 3114 3242 3115
3 3115 3242 3243
3 3115 3243 3116
3 3116 3243 3244
3 3116 3244 3117
3 3117 3244 3245
3 3117 3245 3118
3 3118 3245 3246
3 3118 3246 3119
3 3119 3246 3247
3 3119 3247 3120
3 3120 3247 3248
3 3120 3248 3121
3 3121 3248 3249
3 3121 3249 3122
3 3122 3249 3250
3 3122 3250 3123
3 3123 3250 3251
3 3123 3251 3124
3 3124 3251 3252
3 3124 3252 3125
3 3125 3252 3253
3 3125 3253 3126
3 3126 3253 3254
3 3126 3254 3127
3 3127 3254 3255
3 3127 3255 3128
3 3128 3255 3256
3 3128 3256 3129
3 3129 3256 3257
3 3129 3257 3130
3 3130 3257 3258
3 3130 3258 3131
3 3131 3258 3259
3 3131 3259 3132
3 3132 3259 3260
3 3132 3260 3133
3 3133 3260 3261
3 3133 3261 3134
3 3134 3261 3262
3 3134 3262 3135
3 3135 3262 3263
3 3135 3263 3136
3 3136 3263 3264
3 3136 3264 3137
3 3137 3264 3265
3 3137 3265 3138
3 3138 3265 3266
3 3138 3266 3139
3 3139 3266 3267
3 3139 3267 3140
3 3140 3267 3268
3 3140 3268 3141
3 3141 3268 3269
3 3141 3269 3142
3 3142 3269 3270
3 3142 3270 3143
3 3143 3270 3271
3 3143 3271 3144
3 3144 3271 3272
3 3144 3272 3145
3 3145 3272 3273
3 3145 3273 3146
3 3146 3273 3274
3 3146 3274 3147
3 3147 3274 3275
3 3147 3275 3148
3 3148 3275 3276
3 3148 3276 3149
3 3149 3276 3277
3 3149 3277 3150
3 3150 3277 3278
3 3150 3278 3151
3 3151 3278 3279
3 3151 3279 3152
3 3152 3279 3280
3 3152 3280 3153
3 3153 3280 3281
3 3153 3281 3154
3 3154 3281 3282
3 3154 3282 3155
3 3155 3282 3283
3 3155 3283 3156
3 3156 3283 3284
3 3156 3284 3157
3 3157 3284 3285
3 3157 3285 3158
3 3158 3285 3286
3 3158 3286 3159
3 3159 3286 3287
3 3159 3287 3160
3 3160 3287 3288
3 3160 3288 3161
3 3161 3288 3289
3 3161 3289 3162
3 3162 3289 3290
3 3162 3290 3163
3 3163 3290 3291
3 3163 3291 3164
3 3164 3291 3292
3 3164 3292 3165
3 3165 3292 3293
3 3165 3293 3166
3 3166 3293 3294
3 3166 3294 3167
3 3167 3294 3295
3 3167 3295 3168
3 3168 3295 3296
3 3168 3296 3169
3 3169 3296 3297
3 3169 3297 3170
3 3170 3297 3298
3 3170 3298 3171
3 3171 3298 3299
3 3171 3299 3172
3 3172 3299 3300
3 3172 3300 3173
3 3173 3300 3301
3 3173 3301 3174
3 3174 3301 3302
3 3174 3302 3175
3 3175 3302 3303
3 3175 3303 3176
3 3176 3303 3304
3 3176 3304 3177
3 3177 3304 3305
3 3177 3305 3178
3 3178 3305 3306
3 3178 3306 3179
3 3179 3306 3307
3 3179 3307 3180
3 3180 3307 3308
3 3180 3308 3181
3 3181 3308 3309
3 3181 3309 3182
3 3182 3309 3310
3 3182 3310 3183
3 3183 3310 3311
3 3183 3311 3184
3 3184 3311 3312
3 3184 3312 3185
3 3185 3312 3313
3 3185 3313 3186
3 3186 3313 3314
3 3186 3314 3187
3 3187 3314 3315
3 3187 3315 3188
3 3188 3315 3316
3 3188 3316 3189
3 3189 3316 3317
3 3189 3317 3190
3 3190 3317 3318
3 3190 3318 3191
3 3191 3318 3319
3 3191 3319 3192
3 3192 3319 3320
3 3192 3320 3193
3 3193 3320 3321
3 3193 3321 3194
3 3194 3321 3322
3 3194 3322 3195
3 3195 3322 3323
3 3195 3323 3196
3 3196 3323 3324
3 3196 3324 3197
3 3197 3324 3325
3 3197 3325 3198
3 3198 3325 3326
3 3198 3326 3199
3 3199 3326 3327
3 3199 3327 3200
3 3200 3327 3328
3 3200 3328 3201
3 3201 3328 3329
3 3201 3329 3074
3 3074 3329 3202
3 3202 3330 3203
3 3203 3330 3331
3 3203 3331 3204
3 3204 3331 3332
3 3204 3332 3205
3 3205 3332 3333
3 3205 3333 3206
3 3206 3333 3334
3 3206 3334 3207
3 3207 3334 3335
3 3207 3335 3208
3 3208 3335 3336
3 3208 3336 3209
3 3209 3336 3337
3 3209 3337 3210
3 3210 3337 3338
3 3210 3338 3211
3 3211 3338 3339
3 3211 3339 3212
3 3212 3339 3340
3 3212 3340 3213
3 3213 3340 3341
3 3213 3341 3214
3 3214 3341 3342
3 3214 3342 3215
3 3215 3342 3343
3 3215 3343 3216
3 3216 3343 3344
3 3216 3344 3217
3 3217 3344 3345
3 3217 3345 3218
3 3218 3345 3346
3 3218 3346 3219
3 3219 3346 3347
3 3219 3347 3220
3 3220 3347 3348
3 3220 3348 3221
3 3221 3348 3349
3 3221 3349 3222
3 3222 3349 3350
3 3222 3350 3223
3 3223 3350 3351
3 3223 3351 3224
3 3224 3351 3352
3 3224 3352 3225
3 3225 3352 3353
3 3225 3353 3226
3 3226 3353 3354
3 3226 3354 3227
3 3227 3354 3355
3 3227 3355 3228
3 3228 3355 3356
3 3228 3356 3229
3 3229 3356 3357
3 3229 3357 3230
3 3230 3357 3358
3 3230 3358 3231
3 3231 3358 3359
3 3231 3359 3232
3 3232 3359 3360
3 3232 3360 3233
3 3233 3360 3361
3 3233 3361 3234
3 3234 3361 3362
3 3234 3362 3235
3 3235 3362 3363
3 3235 3363 3236
3 3236 3363 3364
3 3236 3364 3237
3 3237 3364 3365
3 3237 3365 3238
3 3238 3365 3366
3 3238 3366 3239
3 3239 3366 3367
3 3239 3367 3240
3 3240 3367 3368
3 3240 3368 3241
3 3241 3368 3369
3 3241 3369 3242
3 3242 3369 3370
3 3242 3370 3243
3 3243 3370 3371
3 3243 3371 3244
3 3244 3371 3372
3 3244 3372 3245
3 3245 3372 3373
3 3245 3373 3246
3 3246 3373 3374
3 3246 3374 3247
3 3247 3374 3375
3 3247 3375 3248
3 3248 3375 3376
3 3248 3376 3249
3 3249 3376 3377
3 3249 3377 3250
3 3250 3377 3378
3 3250 3378 3251
3 3251 3378 3379
3 3251 3379 3252
3 3252 3379 3380
3 3252 3380 3253
3 3253 3380 3381
3 3253 3381 3254
3 3254 3381 3382
3 3254 3382 3255
3 3255 3382 3383
3 3255 3383 3256
3 3256 3383 3384
3 3256 3384 3257
3 3257 3384 3385
3 3257 3385 3258
3 3258 3385 3386
3 3258 3386 3259
3 3259 3386 3387
3 3259 3387 3260
3 3260 3387 3388
3 3260 3388 3261
3 3261 3388 3389
3 3261 3389 3262
3 3262 3389 3390
3 3262 3390 3263
3 3263 3390 3391
3 3263 3391 3264
3 3264 3391 3392
3 3264 3392 3265
3 3265 3392 3393
3 3265 3393 3266
3 3266 3393 3394
3 3266 3394 3267
3 3267 3394 3395
3 3267 3395 3268
3 3268 3395 3396
3 3268 3396 3269
3 3269 3396 3397
3 3269 3397 3270
3 3270 3397 3398
3 3270 3398 3271
3 3271 3398 3399
3 3271 3399 3272
3 3272 3399 3400
3 3272 3400 3273
3 3273 3400 3401
3 3273 3401 3274
3 3274 3401 3402
3 3274 3402 3275
3 3275 3402 3403
3 3275 3403 3276
3 3276 3403 3404
3 3276 3404 3277
3 3277 3404 3405
3 3277 3405 3278
3 3278 3405 3406
3 3278 3406 3279
3 3279 3406 3407
3 3279 3407 3280
3 3280 3407 3408
3 3280 3408 3281
3 3281 3408 3409
3 3281 3409 3282
3 3282 3409 3410
3 3282 3410 3283
3 3283 3410 3411
3 3283 3411 3284
3 3284 3411 3412
3 3284 3412 3285
3 3285 3412 3413
3 3285 3413 3286
3 3286 3413 3414
3 3286 3414 3287
3 3287 3414 3415
3 3287 3415 3288
3 3288 3415 3416
3 3288 3416 3289
3 3289 3416 3417
3 3289 3417 3290
3 3290 3417 3418
3 3290 3418 3291
3 3291 3418 3419
3 3291 3419 3292
3 3292 3419 3420
3 3292 3420 3293
3 3293 3420 3421
3 3293 3421 3294
3 3294 3421 3422
3 3294 3422 3295
3 3295 3422 3423
3 3295 3423 3296
3 3296 3423 3424
3 3296 3424 3297
3 3297 3424 3425
3 3297 3425 3298
3 3298 3425 3426
3 3298 3426 3299
3 3299 3426 3427
3 3299 3427 3300
3 3300 3427 3428
3 3300 3428 3301
3 3301 3428 3429
3 3301 3429 3302
3 3302 3429 3430
3 3302 3430 3303
3 3303 3430 3431
3 3303 3431 3304
3 3304 3431 3432
3 3304 3432 3305
3 3305 3432 3433
3 3305 3433 3306
3 3306 3433 3434
3 3306 3434 3307
3 3307 3434 3435
3 3307 3435 3308
3 3308 3435 3436
3 3308 3436 3309
3 3309 3436 3437
3 3309 3437 3310
3 3310 3437 3438
3 3310 3438 3311
3 3311 3438 3439
3 3311 3439 3312
3 3312 3439 3440
3 3312 3440 3313
3 3313 3440 3441
3 3313 3441 3314
3 3314 3441 3442
3 3314 3442 3315
3 3315 3442 3443
3 3315 3443 3316
3 3316 3443 3444
3 3316 3444 3317
3 3317 3444 3445
3 3317 3445 3318
3 3318 3445 3446
3 3318 3446 3319
3 3319 3446 3447
3 3319 3447 3320
3 3320 3447 3448
3 3320 3448 3321
3 3321 3448 3449
3 3321 3449 3322
3 3322 3449 3450
3 3322 3450 3323
3 3323 3450 3451
3 3323 3451 3324
3 3324 3451 3452
3 3324 3452 3325
3 3325 3452 3453
3 3325 3453 3326
3 3326 3453 3454
3 3326 3454 3327
3 3327 3454 3455
3 3327 3455 3328
3 3328 3455 3456
3 3328 3456 3329
3 3329 3456 3457
3 3329 3457 3202
3 3202 3457 3330
3 3330 3458 3331
3 3331 3458 3459
3 3331 3459 3332
3 3332 3459 3460
3 3332 3460 3333
3 3333 3460 3461
3 3333 3461 3334
3 3334 3461 3462
3 3334 3462 3335
3 3335 3462 3463
3 3335 3463 3336
3 3336 3463 3464
3 3336 3464 3337
3 3337 3464 3465
3 3337 3465 3338
3 3338 3465 3466
3 3338 3466 3339
3 3339 3466 3467
3 3339 3467 3340
3 3340 3467 3468
3 3340 3468 3341
3 3341 3468 3469
3 3341 3469 3342
3 3342 3469 3470
3 3342 3470 3343
3 3343 3470 3471
3 3343 3471 3344
3 3344 3471 3472
3 3344 3472 3345
3 3345 3472 3473
3 3345 3473 3346
3 3346 3473 3474
3 3346 3474 3347
3 3347 3474 3475
3 3347 3475 3348
3 3348 3475 3476
3 3348 3476 3349
3 3349 3476 3477
3 3349 3477 3350
3 3350 3477 3478
3 3350 3478 3351
3 3351 3478 3479
3 3351 3479 3352
3 3352 3479 3480
3 3352 3480 3353
3 3353 3480 3481
3 3353 3481 3354
3 3354 3481 3482
3 3354 3482 3355
3 3355 3482 3483
3 3355 3483 3356
3 3356 3483 3484
3 3356 3484 3357
3 3357 3484 3485
3 3357 3485 3358
3 3358 3485 3486
3 3358 3486 3359
3 3359 3486 3487
3 3359 3487 3360
3 3360 3487 3488
3 3360 3488 3361
3 3361 3488 3489
3 3361 3489 3362
3 3362 3489 3490
3 3362 3490 3363
3 3363 3490 3491
3 3363 3491 3364
3 3364 3491 3492
3 3364 3492 3365
3 3365 3492 3493
3 3365 3493 3366
3 3366 3493 3494
3 3366 3494 3367
3 3367 3494 3495
3 3367 3495 3368
3 3368 3495 3496
3 3368 3496 3369
3 3369 3496 3497
3 3369 3497 3370
3 3370 3497 3498
3 3370 3498 3371
3 3371 3498 3499
3 3371 3499 3372
3 3372 3499 3500
3 3372 3500 3373
3 3373 3500 3501
3 3373 3501 3374
3 3374 3501 3502
3 3374 3502 3375
3 3375 3502 3503
3 3375 3503 3376
3 3376 3503 3504
3 3376 3504 3377
3 3377 3504 3505
3 3377 3505 3378
3 3378 3505 3506
3 3378 3506 3379
3 3379 3506 3507
3 3379 3507 3380
3 3380 3507 3508
3 3380 3508 3381
3 3381 3508 3509
3 3381 3509 3382
3 3382 3509 3510
3 3382 3510 3383
3 3383 3510 3511
3 3383 3511 3384
3 3384 3511 3512
3 3384 3512 3385
3 3385 3512 3513
3 3385 3513 3386
3 3386 3513 3514
3 3386 3514 3387
3 3387 3514 3515
3 3387 3515 3388
3 3388 3515 3516
3 3388 3516 3389
3 3389 3516 3517
3 3389 3517 3390
3 3390 3517 3518
3 3390 3518 3391
3 3391 3518 3519
3 3391 3519 3392
3 3392 3519 3520
3 3392 3520 3393
3 3393 3520 3521
3 3393 3521 3394
3 3394 3521 3522
3 3394 3522 3395
3 3395 3522 3523
3 3395 3523 3396
3 3396 3523 3524
3 3396 3524 3397
3 3397 3524 3525
3 3397 3525 3398
3 3398 3525 3526
3 3398 3526 3399
3 3399 3526 3527
3 3399 3527 3400
3 3400 3527 3528
3 3400 3528 3401
3 3401 3528 3529
3 3401 3529 3402
3 3402 3529 3530
3 3402 3530 3403
3 3403 3530 3531
3 3403 3531 3404
3 3404 3531 3532
3 3404 3532 3405
3 3405 3532 3533
3 3405 3533 3406
3 3406 3533 3534
3 3406 3534 3407
3 3407 3534 3535
3 3407 3535 3408
3 3408 3535 3536
3 3408 3536 3409
3 3409 3536 3537
3 3409 3537 3410
3 3410 3537 3538
3 3410 3538 3411
3 3411 3538 3539
3 3411 3539 3412
3 3412 3539 3540
3 3412 3540 3413
3 3413 3540 3541
3 3413 3541 3414
3 3414 3541 3542
3 3414 3542 3415
3 3415 3542 3543
3 3415 3543 3416
3 3416 3543 3544
3 3416 3544 3417
3 3417 3544 3545
3 3417 3545 3418
3 3418 3545 3546
3 3418 3546 3419
3 3419 3546 3547
3 3419 3547 3420
3 3420 3547 3548
3 3420 3548 3421
3 3421 3548 3549
3 3421 3549 3422
3 3422 3549 3550
3 3422 3550 3423
3 3423 3550 3551
3 3423 3551 3424
3 3424 3551 3552
3 3424 3552 3425
3 3425 3552 3553
3 3425 3553 3426
3 3426 3553 3554
3 3426 3554 3427
3 3427 3554 3555
3 3427 3555 3428
3 3428 3555 3556
3 3428 3556 3429
3 3429 3556 3557
3 3429 3557 3430
3 3430 3557 3558
3 3430 3558 3431
3 3431 3558 3559
3 3431 3559 3432
3 3432 3559 3560
3 3432 3560 3433
3 3433 3560 3561
3 3433 3561 3434
3 3434 3561 3562
3 3434 3562 3435
3 3435 3562 3563
3 3435 3563 3436
3 3436 3563 3564
3 3436 3564 3437
3 3437 3564 3565
3 3437 3565 3438
3 3438 3565 3566
3 3438 3566 3439
3 3439 3566 3567
3 3439 3567 3440
3 3440 3567 3568
3 3440 3568 3441
3 3441 3568 3569
3 3441 3569 3442
3 3442 3569 3570
3 3442 3570 3443
3 3443 3570 3571
3 3443 3571 3444
3 3444 3571 3572
3 3444 3572 3445
3 3445 3572 3573
3 3445 3573 3446
3 3446 3573 3574
3 3446 3574 3447
3 3447 3574 3575
3 3447 3575 3448
3 3448 3575 3576
3 3448 3576 3449
3 3449 3576 3577
3 3449 3577 3450
3 3450 3577 3578
3 3450 3578 3451
3 3451 3578 3579
3 3451 3579 3452
3 3452 3579 3580
3 3452 3580 3453
3 3453 3580 3581
3 3453 3581 3454
3 3454 3581 3582
3 3454 3582 3455
3 3455 3582 3583
3 3455 3583 3456
3 3456 3583 3584
3 3456 3584 3457
3 3457 3584 3585
3 3457 3585 3330
3 3330 3585 3458
3 3458 3586 3459
3 3459 3586 3587
3 3459 3587 3460
3 3460 3587 3588
3 3460 3588 3461
3 3461 3588 3589
3 3461 3589 3462
3 3462 3589 3590
3 3462 3590 3463
3 3463 3590 3591
3 3463 3591 3464
3 3464 3591 3592
3 3464 3592 3465
3 3465 3592 3593
3 3465 3593 3466
3 3466 3593 3594
3 3466 3594 3467
3 3467 3594 3595
3 3467 3595 3468
3 3468 3595 3596
3 3468 3596 3469
3 3469 3596 3597
3 3469 3597 3470
3 3470 3597 3598
3 3470 3598 3471
3 3471 3598 3599
3 3471 3599 3472
3 3472 3599 3600
3 3472 3600 3473
3 3473 3600 3601
3 3473 3601 3474
3 3474 3601 3602
3 3474 3602 3475
3 3475 3602 3603
3 3475 3603 3476
3 3476 3603 3604
3 3476 3604 3477
3 3477 3604 3605
3 3477 3605 3478
3 3478 3605 3606
3 3478 3606 3479
3 3479 3606 3607
3 3479 3607 3480
3 3480 3607 3608
3 3480 3608 3481
3 3481 3608 3609
3 3481 3609 3482
3 3482 3609 3610
3 3482 3610 3483
3 3483 3610 3611
3 3483 3611 3484
3 3484 3611 3612
3 3484 3612 3485
3 3485 3612 3613
3 3485 3613 3486
3 3486 3613 3614
3 3486 3614 3487
3 3487 3614 3615
3 3487 3615 3488
3 3488 3615 3616
3 3488 3616 3489
3 3489 3616 3617
3 3489 3617 3490
3 3490 3617 3618
3 3490 3618 3491
3 3491 3618 3619
3 3491 3619 3492
3 3492 3619 3620
3 3492 3620 3493
3 3493 3620 3621
3 3493 3621 3494
3 3494 3621 3622
3 3494 3622 3495
3 3495 3622 3623
3 3495 3623 3496
3 3496 3623 3624
3 3496 3624 3497
3 3497 3624 3625
3 3497 3625 3498
3 3498 3625 3626
3 3498 3626 3499
3 3499 3626 3627
3 3499 3627 3500
3 3500 3627 3628
3 3500 3628 3501
3 3501 3628 3629
3 3501 3629 3502
3 3502 3629 3630
3 3502 3630 3503
3 3503 3630 3631
3 3503 3631 3504
3 3504 3631 3632
3 3504 3632 3505
3 3505 3632 3633
3 3505 3633 3506
3 3506 3633 3634
3 3506 3634 3507
3 3507 3634 3635
3 3507 3635 3508
3 3508 3635 3636
3 3508 3636 3509
3 3509 3636 3637
3 3509 3637 3510
3 3510 3637 3638
3 3510 3638 3511
3 3511 3638 3639
3 3511 3639 3512
3 3512 3639 3640
3 3512 3640 3513
3 3513 3640 3641
3 3513 3641 3514
3 3514 3641 3642
3 3514 3642 3515
3 3515 3642 3643
3 3515 3643 3516
3 3516 3643 3644
3 3516 3644 3517
3 3517 3644 3645
3 3517 3645 3518
3 3518 3645 3646
3 3518 3646 3519
3 3519 3646 3647
3 3519 3647 3520
3 3520 3647 3648
3 3520 3648 3521
3 3521 3648 3649
3 3521 3649 3522
3 3522 3649 3650
3 3522 3650 3523
3 3523 3650 3651
3 3523 3651 3524
3 3524 3651 3652
3 3524 3652 3525
3 3525 3652 3653
3 3525 3653 3526
3 3526 3653 3654
3 3526 3654 3527
3 3527 3654 3655
3 3527 3655 3528
3 3528 3655 3656
3 3528 3656 3529
3 3529 3656 3657
3 3529 3657 3530
3 3530 3657 3658
3 3530 3658 3531
3 3531 3658 3659
3 3531 3659 3532
3 3532 3659 3660
3 3532 3660 3533
3 3533 3660 3661
3 3533 3661 3534
3 3534 3661 3662
3 3534 3662 3535
3 3535 3662 3663
3 3535 3663 3536
3 3536 3663 3664
3 3536 3664 3537
3 3537 3664 3665
3 3537 3665 3538
3 3538 3665 3666
3 3538 3666 3539
3 3539 3666 3667
3 3539 3667 3540
3 3540 3667 3668
3 3540 3668 3541
3 3541 3668 3669
3 3541 3669 3542
3 3542 3669 3670
3 3542 3670 3543
3 3543 3670 3671
3 3543 3671 3544
3 3544 3671 3672
3 3544 3672 3545
3 3545 3672 3673
3 3545 3673 3546
3 3546 3673 3674
3 3546 3674 3547
3 3547 3674 3675
3 3547 3675 3548
3 3548 3675 3676
3 3548 3676 3549
3 3549 3676 3677
3 3549 3677 3550
3 3550 3677 3678
3 3550 3678 3551
3 3551 3678 3679
3 3551 3679 3552
3 3552 3679 3680
3 3552 3680 3553
3 3553 3680 3681
3 3553 3681 3554
3 3554 3681 3682
3 3554 3682 3555
3 3555 3682 3683
3 3555 3683 3556
3 3556 3683 3684
3 3556 3684 3557
3 3557 3684 3685
3 3557 3685 3558
3 3558 3685 3686
3 3558 3686 3559
3 3559 3686 3687
3 3559 3687 3560
3 3560 3687 3688
3 3560 3688 3561
3 3561 3688 3689
3 3561 3689 3562
3 3562 3689 3690
3 3562 3690 3563
3 3563 3690 3691
3 3563 3691 3564
3 3564 3691 3692
3 3564 3692 3565
3 3565 3692 3693
3 3565 3693 3566
3 3566 3693 3694
3 3566 3694 3567
3 3567 3694 3695
3 3567 3695 3568
3 3568 3695 3696
3 3568 3696 3569
3 3569 3696 3697
3 3569 3697 3570
3 3570 3697 3698
3 3570 3698 3571
3 3571 3698 3699
3 3571 3699 3572
3 3572 3699 3700
3 3572 3700 3573
3 3573 3700 3701
3 3573 3701 3574
3 3574 3701 3702
3 3574 3702 3575
3 3575 3702 3703
3 3575 3703 3576
3 3576 3703 3704
3 3576 3704 3577
3 3577 3704 3705
3 3577 3705 3578
3 3578 3705 3706
3 3578 3706 3579
3 3579 3706 3707
3 3579 3707 3580
3 3580 3707 3708
3 3580 3708 3581
3 3581 3708 3709
3 3581 3709 3582
3 3582 3709 3710
3 3582 3710 3583
3 3583 3710 3711
3 3583 3711 3584
3 3584 3711 3712
3 3584 3712 3585
3 3585 3712 3713
3 3585 3713 3458
3 3458 3713 3586
3 3586 3714 3587
3 3587 3714 3715
3 3587 3715 3588
3 3588 3715 3716
3 3588 3716 3589
3 3589 3716 3717
3 3589 3717 3590
3 3590 3717 3718
3 3590 3718 3591
3 3591 3718 3719
3 3591 3719 3592
3 3592 3719 3720
3 3592 3720 3593
3 3593 3720 3721
3 3593 3721 3594
3 3594 3721 3722
3 3594 3722 3595
3 3595 3722 3723
3 3595 3723 3596
3 3596 3723 3724
3 3596 3724 3597
3 3597 3724 3725
3 3597 3725 3598
3 3598 3725 3726
3 3598 3726 3599
3 3599 3726 3727
3 3599 3727 3600
3 3600 3727 3728
3 3600 3728 3601
3 3601 3728 3729
3 3601 3729 3602
3 3602 3729 3730
3 3602 3730 3603
3 3603 3730 3731
3 3603 3731 3604
3 3604 3731 3732
3 3604 3732 3605
3 3605 3732 3733
3 3605 3733 3606
3 3606 3733 3734
3 3606 3734 3607
3 3607 3734 3735
3 3607 3735 3608
3 3608 3735 3736
3 3608 3736 3609
3 3609 3736 3737
3 3609 3737 3610
3 3610 3737 3738
3 3610 3738 3611
3 3611 3738 3739
3 3611 3739 3612
3 3612 3739 3740
3 3612 3740 3613
3 3613 3740 3741
3 3613 3741 3614
3 3614 3741 3742
3 3614 3742 3615
3 3615 3742 3743
3 3615 3743 3616
3 3616 3743 3744
3 3616 3744 3617
3 3617 3744 3745
3 3617 3745 3618
3 3618 3745 3746
3 3618 3746 3619
3 3619 3746 3747
3 3619 3747 3620
3 3620 3747 3748
3 3620 3748 3621
3 3621 3748 3749
3 3621 3749 3622
3 3622 3749 3750
3 3622 3750 3623
3 3623 3750 3751
3 3623 3751 3624
3 3624 3751 3752
3 3624 3752 3625
3 3625 3752 3753
3 3625 3753 3626
3 3626 3753 3754
3 3626 3754 3627
3 3627 3754 3755
3 3627 3755 3628
3 3628 3755 3756
3 3628 3756 3629
3 3629 3756 3757
3 3629 3757 3630
3 3630 3757 3758
3 3630 3758 3631
3 3631 3758 3759
3 3631 3759 3632
3 3632 3759 3760
3 3632 3760 3633
3 3633 3760 3761
3 3633 3761 3634
3 3634 3761 3762
3 3634 3762 3635
3 3635 3762 3763
3 3635 3763 3636
3 3636 3763 3764
3 3636 3764 3637
3 3637 3764 3765
3 3637 3765 3638
3 3638 3765 3766
3 3638 3766 3639
3 3639 3766 3767
3 3639 3767 3640
3 3640 3767 3768
3 3640 3768 3641
3 3641 3768 3769
3 3641 3769 3642
3 3642 3769 3770
3 3642 3770 3643
3 3643 3770 3771
3 3643 3771 3644
3 3644 3771 3772
3 3644 3772 3645
3 3645 3772 3773
3 3645 3773 3646
3 3646 3773 3774
3 3646 3774 3647
3 3647 3774 3775
3 3647 3775 3648
3 3648 3775 3776
3 3648 3776 3649
3 3649 3776 3777
3 3649 3777 3650
3 3650 3777 3778
3 3650 3778 3651
3 3651 3778 3779
3 3651 3779 3652
3 3652 3779 3780
3 3652 3780 3653
3 3653 3780 3781
3 3653 3781 3654
3 3654 3781 3782
3 3654 3782 3655
3 3655 3782 3783
3 3655 3783 3656
3 3656 3783 3784
3 3656 3784 3657
3 3657 3784 3785
3 3657 3785 3658
3 3658 3785 3786
3 3658 3786 3659
3 3659 3786 3787
3 3659 3787 3660
3 3660 3787 3788
3 3660 3788 3661
3 3661 3788 3789
3 3661 3789 3662
3 3662 3789 3790
3 3662 3790 3663
3 3663 3790 3791
3 3663 3791 3664
3 3664 3791 3792
3 3664 3792 3665
3 3665 3792 3793
3 3665 3793 3666
3 3666 3793 3794
3 3666 3794 3667
3 3667 3794 3795
3 3667 3795 3668
3 3668 3795 3796
3 3668 3796 3669
3 3669 3796 3797
3 3669 3797 3670
3 3670 3797 3798
3 3670 3798 3671
3 3671 3798 3799
3 3671 3799 3672
3 3672 3799 3800
3 3672 3800 3673
3 3673 3800 3801
3 3673 3801 3674
3 3674 3801 3802
3 3674 3802 3675
3 3675 3802 3803
3 3675 3803 3676
3 3676 3803 3804
3 3676 3804 3677
3 3677 3804 3805
3 3677 3805 3678
3 3678 3805 3806
3 3678 3806 3679
3 3679 3806 3807
3 3679 3807 3680
3 3680 3807 3808
3 3680 3808 3681
3 3681 3808 3809
3 3681 3809 3682
3 3682 3809 3810
3 3682 3810 3683
3 3683 3810 3811
3 3683 3811 3684
3 3684 3811 3812
3 3684 3812 3685
3 3685 3812 3813
3 3685 3813 3686
3 3686 3813 3814
3 3686 3814 3687
3 3687 3814 3815
3 3687 3815 3688
3 3688 3815 3816
3 3688 3816 3689
3 3689 3816 3817
3 3689 3817 3690
3 3690 3817 3818
3 3690 3818 3691
3 3691 3818 3819
3 3691 3819 3692
3 3692 3819 3820
3 3692 3820 3693
3 3693 3820 3821
3 3693 3821 3694
3 3694 3821 3822
3 3694 3822 3695
3 3695 3822 3823
3 3695 3823 3696
3 3696 3823 3824
3 3696 3824 3697
3 3697 3824 3825
3 3697 3825 3698
3 3698 3825 3826
3 3698 3826 3699
3 3699 3826 3827
3 3699 3827 3700
3 3700 3827 3828
3 3700 3828 3701
3 3701 3828 3829
3 3701 3829 3702
3 3702 3829 3830
3 3702 3830 3703
3 3703 3830 3831
3 3703 3831 3704
3 3704 3831 3832
3 3704 3832 3705
3 3705 3832 3833
3 3705 3833 3706
3 3706 3833 3834
3 3706 3834 3707
3 3707 3834 3835
3 3707 3835 3708
3 3708 3835 3836
3 3708 3836 3709
3 3709 3836 3837
3 3709 3837 3710
3 3710 3837 3838
3 3710 3838 3711
3 3711 3838 3839
3 3711 3839 3712
3 3712 3839 3840
3 3712 3840 3713
3 3713 3840 3841
3 3713 3841 3586
3 3586 3841 3714
3 3714 3842 3715
3 3715 3842 3843
3 3715 3843 3716
3 3716 3843 3844
3 3716 3844 3717
3 3717 3844 3845
3 3717 3845 3718
3 3718 3845 3846
3 3718 3846 3719
3 3719 3846 3847
3 3719 3847 3720
3 3720 3847 3848
3 3720 3848 3721
3 3721 3848 3849
3 3721 3849 3722
3 3722 3849 3850
3 3722 3850 3723
3 3723 3850 3851
3 3723 3851 3724
3 3724 3851 3852
3 3724 3852 3725
3 3725 3852 3853
3 3725 3853 3726
3 3726 3853 3854
3 3726 3854 3727
3 3727 3854 3855
3 3727 3855 3728
3 3728 3855 3856
3 3728 3856 3729
3 3729 3856 3857
3 3729 3857 3730
3 3730 3857 3858
3 3730 3858 3731
3 3731 3858 3859
3 3731 3859 3732
3 3732 3859 3860
3 3732 3860 3733
3 3733 3860 3861
3 3733 3861 3734
3 3734 3861 3862
3 3734 3862 3735
3 3735 3862 3863
3 3735 3863 3736
3 3736 3863 3864
3 3736 3864 3737
3 3737 3864 3865
3 3737 3865 3738
3 3738 3865 3866
3 3738 3866 3739
3 3739 3866 3867
3 3739 3867 3740
3 3740 3867 3868
3 3740 3868 3741
3 3741 3868 3869
3 3741 3869 3742
3 3742 3869 3870
3 3742 3870 3743
3 3743 3870 3871
3 3743 3871 3744
3 3744 3871 3872
3 3744 3872 3745
3 3745 3872 3873
3 3745 3873 3746
3 3746 3873 3874
3 3746 3874 3747
3 3747 3874 3875
3 3747 3875 3748
3 3748 3875 3876
3 3748 3876 3749
3 3749 3876 3877
3 3749 3877 3750
3 3750 3877 3878
3 3750 3878 3751
3 3751 3878 3879
3 3751 3879 3752
3 3752 3879 3880
3 3752 3880 3753
3 3753 3880 3881
3 3753 3881 3754
3 3754 3881 3882
3 3754 3882 3755
3 3755 3882 3883
3 3755 3883 3756
3 3756 3883 3884
3 3756 3884 3757
3 3757 3884 3885
3 3757 3885 3758
3 3758 3885 3886
3 3758 3886 3759
3 3759 3886 3887
3 3759 3887 3760
3 3760 3887 3888
3 3760 3888 3761
3 3761 3888 3889
3 3761 3889 3762
3 3762 3889 3890
3 3762 3890 3763
3 3763 3890 3891
3 3763 3891 3764
3 3764 3891 3892
3 3764 3892 3765
3 3765 3892 3893
3 3765 3893 3766
3 3766 3893 3894
3 3766 3894 3767
3 3767 3894 3895
3 3767 3895 3768
3 3768 3895 3896
3 3768 3896 3769
3 3769 3896 3897
3 3769 3897 3770
3 3770 3897 3898
3 3770 3898 3771
3 3771 3898 3899
3 3771 3899 3772
3 3772 3899 3900
3 3772 3900 3773
3 3773 3900 3901
3 3773 3901 3774
3 3774 3901 3902
3 3774 3902 3775
3 3775 3902 3903
3 3775 3903 3776
3 3776 3903 3904
3 3776 3904 3777
3 3777 3904 3905
3 3777 3905 3778
3 3778 3905 3906
3 3778 3906 3779
3 3779 3906 3907
3 3779 3907 3780
3 3780 3907 3908
3 3780 3908 3781
3 3781 3908 3909
3 3781 3909 3782
3 3782 3909 3910
3 3782 3910 3783
3 3783 3910 3911
3 3783 3911 3784
3 3784 3911 3912
3 3784 3912 3785
3 3785 3912 3913
3 3785 3913 3786
3 3786 3913 3914
3 3786 3914 3787
3 3787 3914 3915
3 3787 3915 3788
3 3788 3915 3916
3 3788 3916 3789
3 3789 3916 3917
3 3789 3917 3790
3 3790 3917 3918
3 3790 3918 3791
3 3791 3918 3919
3 3791 3919 3792
3 3792 3919 3920
3 3792 3920 3793
3 3793 3920 3921
3 3793 3921 3794
3 3794 3921 3922
3 3794 3922 3795
3 3795 3922 3923
3 3795 3923 3796
3 3796 3923 3924
3 3796 3924 3797
3 3797 3924 3925
3 3797 3925 3798
3 3798 3925 3926
3 3798 3926 3799
3 3799 3926 3927
3 3799 3927 3800
3 3800 3927 3928
3 3800 3928 3801
3 3801 3928 3929
3 3801 3929 3802
3 3802 3929 3930
3 3802 3930 3803
3 3803 3930 3931
3 3803 3931 3804
3 3804 3931 3932
3 3804 3932 3805
3 3805 3932 3933
3 3805 3933 3806
3 3806 3933 3934
3 3806 3934 3807
3 3807 3934 3935
3 3807 3935 3808
3 3808 3935 3936
3 3808 3936 3809
3 3809 3936 3937
3 3809 3937 3810
3 3810 3937 3938
3 3810 3938 3811
3 3811 3938 3939
3 3811 3939 3812
3 3812 3939 3940
3 3812 3940 3813
3 3813 3940 3941
3 3813 3941 3814
3 3814 3941 3942
3 3814 3942 3815
3 3815 3942 3943
3 3815 3943 3816
3 3816 3943 3944
3 3816 3944 3817
3 3817 3944 3945
3 3817 3945 3818
3 3818 3945 3946
3 3818 3946 3819
3 3819 3946 3947
3 3819 3947 3820
3 3820 3947 3948
3 3820 3948 3821
3 3821 3948 3949
3 3821 3949 3822
3 3822 3949 3950
3 3822 3950 3823
3 3823 3950 3951
3 3823 3951 3824
3 3824 3951 3952
3 3824 3952 3825
3 3825 3952 3953
3 3825 3953 3826
3 3826 3953 3954
3 3826 3954 3827
3 3827 3954 3955
3 3827 3955 3828
3 3828 3955 3956
3 3828 3956 3829
3 3829 3956 3957
3 3829 3957 3830
3 3830 3957 3958
3 3830 3958 3831
3 3831 3958 3959
3 3831 3959 3832
3 3832 3959 3960
3 3832 3960 3833
3 3833 3960 3961
3 3833 3961 3834
3 3834 3961 3962
3 3834 3962 3835
3 3835 3962 3963
3 3835 3963 3836
3 3836 3963 3964
3 3836 3964 3837
3 3837 3964 3965
3 3837 3965 3838
3 3838 3965 3966
3 3838 3966 3839
3 3839 3966 3967
3 3839 3967 3840
3 3840 3967 3968
3 3840 3968 3841
3 3841 3968 3969
3 3841 3969 3714
3 3714 3969 3842
3 3842 3970 3843
3 3843 3970 3971
3 3843 3971 3844
3 3844 3971 3972
3 3844 3972 3845
3 3845 3972 3973
3 3845 3973 3846
3 3846 3973 3974
3 3846 3974 3847
3 3847 3974 3975
3 3847 3975 3848
3 3848 3975 3976
3 3848 3976 3849
3 3849 3976 3977
3 3849 3977 3850
3 3850 3977 3978
3 3850 3978 3851
3 3851 3978 3979
3 3851 3979 3852
3 3852 3979 3980
3 3852 3980 3853
3 3853 3980 3981
3 3853 3981 3854
3 3854 3981 3982
3 3854 3982 3855
3 3855 3982 3983
3 3855 3983 3856
3 3856 3983 3984
3 3856 3984 3857
3 3857 3984 3985
3 3857 3985 3858
3 3858 3985 3986
3 3858 3986 3859
3 3859 3986 3987
3 3859 3987 3860
3 3860 3987 3988
3 3860 3988 3861
3 3861 3988 3989
3 3861 3989 3862
3 3862 3989 3990
3 3862 3990 3863
3 3863 3990 3991
3 3863 3991 3864
3 3864 3991 3992
3 3864 3992 3865
3 3865 3992 3993
3 3865 3993 3866
3 3866 3993 3994
3 3866 3994 3867
3 3867 3994 3995
3 3867 3995 3868
3 3868 3995 3996
3 3868 3996 3869
3 3869 3996 3997
3 3869 3997 3870
3 3870 3997 3998
3 3870 3998 3871
3 3871 3998 3999
3 3871 3999 3872
3 3872 3999 4000
3 3872 4000 3873
3 3873 4000 4001
3 3873 4001 3874
3 3874 4001 4002
3 3874 4002 3875
3 3875 4002 4003
3 3875 4003 3876
3 3876 4003 4004
3 3876 4004 3877
3 3877 4004 4005
3 3877 4005 3878
3 3878 4005 4006
3 3878 4006 3879
3 3879 4006 4007
3 3879 4007 3880
3 3880 4007 4008
3 3880 4008 3881
3 3881 4008 4009
3 3881 4009 3882
3 3882 4009 4010
3 3882 4010 3883
3 3883 4010 4011
3 3883 4011 3884
3 3884 4011 4012
3 3884 4012 3885
3 3885 4012 4013
3 3885 4013 3886
3 3886 4013 4014
3 3886 4014 3887
3 3887 4014 4015
3 3887 4015 3888
3 3888 4015 4016
3 3888 4016 3889
3 3889 4016 4017
3 3889 4017 3890
3 3890 4017 4018
3 3890 4018 3891
3 3891 4018 4019
3 3891 4019 3892
3 3892 4019 4020
3 3892 4020 3893
3 3893 4020 4021
3 3893 4021 3894
3 3894 4021 4022
3 3894 4022 3895
3 3895 4022 4023
3 3895 4023 3896
3 3896 4023 4024
3 3896 4024 3897
3 3897 4024 4025
3 3897 4025 3898
3 3898 4025 4026
3 3898 4026 3899
3 3899 4026 4027
3 3899 4027 3900
3 3900 4027 4028
3 3900 4028 3901
3 3901 4028 4029
3 3901 4029 3902
3 3902 4029 4030
3 3902 4030 3903
3 3903 4030 4031
3 3903 4031 3904
3 3904 4031 4032
3 3904 4032 3905
3 3905 4032 4033
3 3905 4033 3906
3 3906 4033 4034
3 3906 4034 3907
3 3907 4034 4035
3 3907 4035 3908
3 3908 4035 4036
3 3908 4036 3909
3 3909 4036 4037
3 3909 4037 3910
3 3910 4037 4038
3 3910 4038 3911
3 3911 4038 4039
3 3911 4039 3912
3 3912 4039 4040
3 3912 4040 3913
3 3913 4040 4041
3 3913 4041 3914
3 3914 4041 4042
3 3914 4042 3915
3 3915 4042 4043
3 3915 4043 3916
3 3916 4043 4044
3 3916 4044 3917
3 3917 4044 4045
3 3917 4045 3918
3 3918 4045 4046
3 3918 4046 3919
3 3919 4046 4047
3 3919 4047 3920
3 3920 4047 4048
3 3920 4048 3921
3 3921 4048 4049
3 3921 4049 3922
3 3922 4049 4050
3 3922 4050 3923
3 3923 4050 4051
3 3923 4051 3924
3 3924 4051 4052
3 3924 4052 3925
3 3925 4052 4053
3 3925 4053 3926
3 3926 4053 4054
3 3926 4054 3927
3 3927 4054 4055
3 3927 4055 3928
3 3928 4055 4056
3 3928 4056 3929
3 3929 4056 4057
3 3929 4057 3930
3 3930 4057 4058
3 3930 4058 3931
3 3931 4058 4059
3 3931 4059 3932
3 3932 4059 4060
3 3932 4060 3933
3 3933 4060 4061
3 3933 4061 3934
3 3934 4061 4062
3 3934 4062 3935
3 3935 4062 4063
3 3935 4063 3936
3 3936 4063 4064
3 3936 4064 3937
3 3937 4064 4065
3 3937 4065 3938
3 3938 4065 4066
3 3938 4066 3939
3 3939 4066 4067
3 3939 4067 3940
3 3940 4067 4068
3 3940 4068 3941
3 3941 4068 4069
3 3941 4069 3942
3 3942 4069 4070
3 3942 4070 3943
3 3943 4070 4071
3 3943 4071 3944
3 3944 4071 4072
3 3944 4072 3945
3 3945 4072 4073
3 3945 4073 3946
3 3946 4073 4074
3 3946 4074 3947
3 3947 4074 4075
3 3947 4075 3948
3 3948 4075 4076
3 3948 4076 3949
3 3949 4076 4077
3 3949 4077 3950
3 3950 4077 4078
3 3950 4078 3951
3 3951 4078 4079
3 3951 4079 3952
3 3952 4079 4080
3 3952 4080 3953
3 3953 4080 4081
3 3953 4081 3954
3 3954 4081 4082
3 3954 4082 3955
3 3955 4082 4083
3 3955 4083 3956
3 3956 4083 4084
3 3956 4084 3957
3 3957 4084 4085
3 3957 4085 3958
3 3958 4085 4086
3 3958 4086 3959
3 3959 4086 4087
3 3959 4087 3960
3 3960 4087 4088
3 3960 4088 3961
3 3961 4088 4089
3 3961 4089 3962
3 3962 4089 4090
3 3962 4090 3963
3 3963 4090 4091
3 3963 4091 3964
3 3964 4091 4092
3 3964 4092 3965
3 3965 4092 4093
3 3965 4093 3966
3 3966 4093 4094
3 3966 4094 3967
3 3967 4094 4095
3 3967 4095 3968
3 3968 4095 4096
3 3968 4096 3969
3 3969 4096 4097
3 3969 4097 3842
3 3842 4097 3970
3 3970 4098 3971
3 3971 4098 4099
3 3971 4099 3972
3 3972 4099 4100
3 3972 4100 3973
3 3973 4100 4101
3 3973 4101 3974
3 3974 4101 4102
3 3974 4102 3975
3 3975 4102 4103
3 3975 4103 3976
3 3976 4103 4104
3 3976 4104 3977
3 3977 4104 4105
3 3977 4105 3978
3 3978 4105 4106
3 3978 4106 3979
3 3979 4106 4107
3 3979 4107 3980
3 3980 4107 4108
3 3980 4108 3981
3 3981 4108 4109
3 3981 4109 3982
3 3982 4109 4110
3 3982 4110 3983
3 3983 4110 4111
3 3983 4111 3984
3 3984 4111 4112
3 3984 4112 3985
3 3985 4112 4113
3 3985 4113 3986
3 3986 4113 4114
3 3986 4114 3987
3 3987 4114 4115
3 3987 4115 3988
3 3988 4115 4116
3 3988 4116 3989
3 3989 4116 4117
3 3989 4117 3990
3 3990 4117 4118
3 3990 4118 3991
3 3991 4118 4119
3 3991 4119 3992
3 3992 4119 4120
3 3992 4120 3993
3 3993 4120 4121
3 3993 4121 3994
3 3994 4121 4122
3 3994 4122 3995
3 3995 4122 4123
3 3995 4123 3996
3 3996 4123 4124
3 3996 4124 3997
3 3997 4124 4125
3 3997 4125 3998
3 3998 4125 4126
3 3998 4126 3999
3 3999 4126 4127
3 3999 4127 4000
3 4000 4127 4128
3 4000 4128 4001
3 4001 4128 4129
3 4001 4129 4002
3 4002 4129 4130
3 4002 4130 4003
3 4003 4130 4131
3 4003 4131 4004
3 4004 4131 4132
3 4004 4132 4005
3 4005 4132 4133
3 4005 4133 4006
3 4006 4133 4134
3 4006 4134 4007
3 4007 4134 4135
3 4007 4135 4008
3 4008 4135 4136
3 4008 4136 4009
3 4009 4136 4137
3 4009 4137 4010
3 4010 4137 4138
3 4010 4138 4011
3 4011 4138 4139
3 4011 4139 4012
3 4012 4139 4140
3 4012 4140 4013
3 4013 4140 4141
3 4013 4141 4014
3 4014 4141 4142
3 4014 4142 4015
3 4015 4142 4143
3 4015 4143 4016
3 4016 4143 4144
3 4016 4144 4017
3 4017 4144 4145
3 4017 4145 4018
3 4018 4145 4146
3 4018 4146 4019
3 4019 4146 4147
3 4019 4147 4020
3 4020 4147 4148
3 4020 4148 4021
3 4021 4148 4149
3 4021 4149 4022
3 4022 4149 4150
3 4022 4150 4023
3 4023 4150 4151
3 4023 4151 4024
3 4024 4151 4152
3 4024 4152 4025
3 4025 4152 4153
3 4025 4153 4026
3 4026 4153 4154
3 4026 4154 4027
3 4027 4154 4155
3 4027 4155 4028
3 4028 4155 4156
3 4028 4156 4029
3 4029 4156 4157
3 4029 4157 4030
3 4030 4157 4158
3 4030 4158 4031
3 4031 4158 4159
3 4031 4159 4032
3 4032 4159 4160
3 4032 4160 4033
3 4033 4160 4161
3 4033 4161 4034
3 4034 4161 4162
3 4034 4162 4035
3 4035 4162 4163
3 4035 4163 4036
3 4036 4163 4164
3 4036 4164 4037
3 4037 4164 4165
3 4037 4165 4038
3 4038 4165 4166
3 4038 4166 4039
3 4039 4166 4167
3 4039 4167 4040
3 4040 4167 4168
3 4040 4168 4041
3 4041 4168 4169
3 4041 4169 4042
3 4042 4169 4170
3 4042 4170 4043
3 4043 4170 4171
3 4043 4171 4044
3 4044 4171 4172
3 4044 4172 4045
3 4045 4172 4173
3 4045 4173 4046
3 4046 4173 4174
3 4046 4174 4047
3 4047 4174 4175
3 4047 4175 4048
3 4048 4175 4176
3 4048 4176 4049
3 4049 4176 4177
3 4049 4177 4050
3 4050 4177 4178
3 4050 4178 4051
3 4051 4178 4179
3 4051 4179 4052
3 4052 4179 4180
3 4052 4180 4053
3 4053 4180 4181
3 4053 4181 4054
3 4054 4181 4182
3 4054 4182 4055
3 4055 4182 4183
3 4055 4183 4056
3 4056 4183 4184
3 4056 4184 4057
3 4057 4184 4185
3 4057 4185 4058
3 4058 4185 4186
3 4058 4186 4059
3 4059 4186 4187
3 4059 4187 4060
3 4060 4187 4188
3 4060 4188 4061
3 4061 4188 4189
3 4061 4189 4062
3 4062 4189 4190
3 4062 4190 4063
3 4063 4190 4191
3 4063 4191 4064
3 4064 4191 4192
3 4064 4192 4065
3 4065 4192 4193
3 4065 4193 4066
3 4066 4193 4194
3 4066 4194 4067
3 4067 4194 4195
3 4067 4195 4068
3 4068 4195 4196
3 4068 4196 4069
3 4069 4196 4197
3 4069 4197 4070
3 4070 4197 4198
3 4070 4198 4071
3 4071 4198 4199
3 4071 4199 4072
3 4072 4199 4200
3 4072 4200 4073
3 4073 4200 4201
3 4073 4201 4074
3 4074 4201 4202
3 4074 4202 4075
3 4075 4202 4203
3 4075 4203 4076
3 4076 4203 4204
3 4076 4204 4077
3 4077 4204 4205
3 4077 4205 4078
3 4078 4205 4206
3 4078 4206 4079
3 4079 4206 4207
3 4079 4207 4080
3 4080 4207 4208
3 4080 4208 4081
3 4081 4208 4209
3 4081 4209 4082
3 4082 4209 4210
3 4082 4210 4083
3 4083 4210 4211
3 4083 4211 4084
3 4084 4211 4212
3 4084 4212 4085
3 4085 4212 4213
3 4085 4213 4086
3 4086 4213 4214
3 4086 4214 4087
3 4087 4214 4215
3 4087 4215 4088
3 4088 4215 4216
3 4088 4216 4089
3 4089 4216 4217
3 4089 4217 4090
3 4090 4217 4218
3 4090 4218 4091
3 4091 4218 4219
3 4091 4219 4092
3 4092 4219 4220
3 4092 4220 4093
3 4093 4220 4221
3 4093 4221 4094
3 4094 4221 4222
3 4094 4222 4095
3 4095 4222 4223
3 4095 4223 4096
3 4096 4223 4224
3 4096 4224 4097
3 4097 4224 4225
3 4097 4225 3970
3 3970 4225 4098
3 4098 4226 4099
3 4099 4226 4227
3 4099 4227 4100
3 4100 4227 4228
3 4100 4228 4101
3 4101 4228 4229
3 4101 4229 4102
3 4102 4229 4230
3 4102 4230 4103
3 4103 4230 4231
3 4103 4231 4104
3 4104 4231 4232
3 4104 4232 4105
3 4105 4232 4233
3 4105 4233 4106
3 4106 4233 4234
3 4106 4234 4107
3 4107 4234 4235
3 4107 4235 4108
3 4108 4235 4236
3 4108 4236 4109
3 4109 4236 4237
3 4109 4237 4110
3 4110 4237 4238
3 4110 4238 4111
3 4111 4238 4239
3 4111 4239 4112
3 4112 4239 4240
3 4112 4240 4113
3 4113 4240 4241
3 4113 4241 4114
3 4114 4241 4242
3 4114 4242 4115
3 4115 4242 4243
3 4115 4243 4116
3 4116 4243 4244
3 4116 4244 4117
3 4117 4244 4245
3 4117 4245 4118
3 4118 4245 4246
3 4118 4246 4119
3 4119 4246 4247
3 4119 4247 4120
3 4120 4247 4248
3 4120 4248 4121
3 4121 4248 4249
3 4121 4249 4122
3 4122 4249 4250
3 4122 4250 4123
3 4123 4250 4251
3 4123 4251 4124
3 4124 4251 4252
3 4124 4252 4125
3 4125 4252 4253
3 4125 4253 4126
3 4126 4253 4254
3 4126 4254 4127
3 4127 4254 4255
3 4127 4255 4128
3 4128 4255 4256
3 4128 4256 4129
3 4129 4256 4257
3 4129 4257 4130
3 4130 4257 4258
3 4130 4258 4131
3 4131 4258 4259
3 4131 4259 4132
3 4132 4259 4260
3 4132 4260 4133
3 4133 4260 4261
3 4133 4261 4134
3 4134 4261 4262
3 4134 4262 4135
3 4135 4262 4263
3 4135 4263 4136
3 4136 4263 4264
3 4136 4264 4137
3 4137 4264 4265
3 4137 4265 4138
3 4138 4265 4266
3 4138 4266 4139
3 4139 4266 4267
3 4139 4267 4140
3 4140 4267 4268
3 4140 4268 4141
3 4141 4268 4269
3 4141 4269 4142
3 4142 4269 4270
3 4142 4270 4143
3 4143 4270 4271
3 4143 4271 4144
3 4144 4271 4272
3 4144 4272 4145
3 4145 4272 4273
3 4145 4273 4146
3 4146 4273 4274
3 4146 4274 4147
3 4147 4274 4275
3 4147 4275 4148
3 4148 4275 4276
3 4148 4276 4149
3 4149 4276 4277
3 4149 4277 4150
3 4150 4277 4278
3 4150 4278 4151
3 4151 4278 4279
3 4151 4279 4152
3 4152 4279 4280
3 4152 4280 4153
3 4153 4280 4281
3 4153 4281 4154
3 4154 4281 4282
3 4154 4282 4155
3 4155 4282 4283
3 4155 4283 4156
3 4156 4283 4284
3 4156 4284 4157
3 4157 4284 4285
3 4157 4285 4158
3 4158 4285 4286
3 4158 4286 4159
3 4159 4286 4287
3 4159 4287 4160
3 4160 4287 4288
3 4160 4288 4161
3 4161 4288 4289
3 4161 4289 4162
3 4162 4289 4290
3 4162 4290 4163
3 4163 4290 4291
3 4163 4291 4164
3 4164 4291 4292
3 4164 4292 4165
3 4165 4292 4293
3 4165 4293 4166
3 4166 4293 4294
3 4166 4294 4167
3 4167 4294 4295
3 4167 4295 4168
3 4168 4295 4296
3 4168 4296 4169
3 4169 4296 4297
3 4169 4297 4170
3 4170 4297 4298
3 4170 4298 4171
3 4171 4298 4299
3 4171 4299 4172
3 4172 4299 4300
3 4172 4300 4173
3 4173 4300 4301
3 4173 4301 4174
3 4174 4301 4302
3 4174 4302 4175
3 4175 4302 4303
3 4175 4303 4176
3 4176 4303 4304
3 4176 4304 4177
3 4177 4304 4305
3 4177 4305 4178
3 4178 4305 4306
3 4178 4306 4179
3 4179 4306 4307
3 4179 4307 4180
3 4180 4307 4308
3 4180 4308 4181
3 4181 4308 4309
3 4181 4309 4182
3 4182 4309 4310
3 4182 4310 4183
3 4183 4310 4311
3 4183 4311 4184
3 4184 4311 4312
3 4184 4312 4185
3 4185 4312 4313
3 4185 4313 4186
3 4186 4313 4314
3 4186 4314 4187
3 4187 4314 4315
3 4187 4315 4188
3 4188 4315 4316
3 4188 4316 4189
3 4189 4316 4317
3 4189 4317 4190
3 4190 4317 4318
3 4190 4318 4191
3 4191 4318 4319
3 4191 4319 4192
3 4192 4319 4320
3 4192 4320 4193
3 4193 4320 4321
3 4193 4321 4194
3 4194 4321 4322
3 4194 4322 4195
3 4195 4322 4323
3 4195 4323 4196
3 4196 4323 4324
3 4196 4324 4197
3 4197 4324 4325
3 4197 4325 4198
3 4198 4325 4326
3 4198 4326 4199
3 4199 4326 4327
3 4199 4327 4200
3 4200 4327 4328
3 4200 4328 4201
3 4201 4328 4329
3 4201 4329 4202
3 4202 4329 4330
3 4202 4330 4203
3 4203 4330 4331
3 4203 4331 4204
3 4204 4331 4332
3 4204 4332 4205
3 4205 4332 4333
3 4205 4333 4206
3 4206 4333 4334
3 4206 4334 4207
3 4207 4334 4335
3 4207 4335 4208
3 4208 4335 4336
3 4208 4336 4209
3 4209 4336 4337
3 4209 4337 4210
3 4210 4337 4338
3 4210 4338 4211
3 4211 4338 4339
3 4211 4339 4212
3 4212 4339 4340
3 4212 4340 4213
3 4213 4340 4341
3 4213 4341 4214
3 4214 4341 4342
3 4214 4342 4215
3 4215 4342 4343
3 4215 4343 4216
3 4216 4343 4344
3 4216 4344 4217
3 4217 4344 4345
3 4217 4345 4218
3 4218 4345 4346
3 4218 4346 4219
3 4219 4346 4347
3 4219 4347 4220
3 4220 4347 4348
3 4220 4348 4221
3 4221 4348 4349
3 4221 4349 4222
3 4222 4349 4350
3 4222 4350 4223
3 4223 4350 4351
3 4223 4351 4224
3 4224 4351 4352
3 4224 4352 4225
3 4225 4352 4353
3 4225 4353 4098
3 4098 4353 4226
3 4226 4354 4227
3 4227 4354 4355
3 4227 4355 4228
3 4228 4355 4356
3 4228 4356 4229
3 4229 4356 4357
3 4229 4357 4230
3 4230 4357 4358
3 4230 4358 4231
3 4231 4358 4359
3 4231 4359 4232
3 4232 4359 4360
3 4232 4360 4233
3 4233 4360 4361
3 4233 4361 4234
3 4234 4361 4362
3 4234 4362 4235
3 4235 4362 4363
3 4235 4363 4236
3 4236 4363 4364
3 4236 4364 4237
3 4237 4364 4365
3 4237 4365 4238
3 4238 4365 4366
3 4238 4366 4239
3 4239 4366 4367
3 4239 4367 4240
3 4240 4367 4368
3 4240 4368 4241
3 4241 4368 4369
3 4241 4369 4242
3 4242 4369 4370
3 4242 4370 4243
3 4243 4370 4371
3 4243 4371 4244
3 4244 4371 4372
3 4244 4372 4245
3 4245 4372 4373
3 4245 4373 4246
3 4246 4373 4374
3 4246 4374 4247
3 4247 4374 4375
3 4247 4375 4248
3 4248 4375 4376
3 4248 4376 4249
3 4249 4376 4377
3 4249 4377 4250
3 4250 4377 4378
3 4250 4378 4251
3 4251 4378 4379
3 4251 4379 4252
3 4252 4379 4380
3 4252 4380 4253
3 4253 4380 4381
3 4253 4381 4254
3 4254 4381 4382
3 4254 4382 4255
3 4255 4382 4383
3 4255 4383 4256
3 4256 4383 4384
3 4256 4384 4257
3 4257 4384 4385
3 4257 4385 4258
3 4258 4385 4386
3 4258 4386 4259
3 4259 4386 4387
3 4259 4387 4260
3 4260 4387 4388
3 4260 4388 4261
3 4261 4388 4389
3 4261 4389 4262
3 4262 4389 4390
3 4262 4390 4263
3 4263 4390 4391
3 4263 4391 4264
3 4264 4391 4392
3 4264 4392 4265
3 4265 4392 4393
3 4265 4393 4266
3 4266 4393 4394
3 4266 4394 4267
3 4267 4394 4395
3 4267 4395 4268
3 4268 4395 4396
3 4268 4396 4269
3 4269 4396 4397
3 4269 4397 4270
3 4270 4397 4398
3 4270 4398 4271
3 4271 4398 4399
3 4271 4399 4272
3 4272 4399 4400
3 4272 4400 4273
3 4273 4400 4401
3 4273 4401 4274
3 4274 4401 4402
3 4274 4402 4275
3 4275 4402 4403
3 4275 4403 4276
3 4276 4403 4404
3 4276 4404 4277
3 4277 4404 4405
3 4277 4405 4278
3 4278 4405 4406
3 4278 4406 4279
3 4279 4406 4407
3 4279 4407 4280
3 4280 4407 4408
3 4280 4408 4281
3 4281 4408 4409
3 4281 4409 4282
3 4282 4409 4410
3 4282 4410 4283
3 4283 4410 4411
3 4283 4411 4284
3 4284 4411 4412
3 4284 4412 4285
3 4285 4412 4413
3 4285 4413 4286
3 4286 4413 4414
3 4286 4414 4287
3 4287 4414 4415
3 4287 4415 4288
3 4288 4415 4416
3 4288 4416 4289
3 4289 4416 4417
3 4289 4417 4290
3 4290 4417 4418
3 4290 4418 4291
3 4291 4418 4419
3 4291 4419 4292
3 4292 4419 4420
3 4292 4420 4293
3 4293 4420 4421
3 4293 4421 4294
3 4294 4421 4422
3 4294 4422 4295
3 4295 4422 4423
3 4295 4423 4296
3 4296 4423 4424
3 4296 4424 4297
3 4297 4424 4425
3 4297 4425 4298
3 4298 4425 4426
3 4298 4426 4299
3 4299 4426 4427
3 4299 4427 4300
3 4300 4427 4428
3 4300 4428 4301
3 4301 4428 4429
3 4301 4429 4302
3 4302 4429 4430
3 4302 4430 4303
3 4303 4430 4431
3 4303 4431 4304
3 4304 4431 4432
3 4304 4432 4305
3 4305 4432 4433
3 4305 4433 4306
3 4306 4433 4434
3 4306 4434 4307
3 4307 4434 4435
3 4307 4435 4308
3 4308 4435 4436
3 4308 4436 4309
3 4309 4436 4437
3 4309 4437 4310
3 4310 4437 4438
3 4310 4438 4311
3 4311 4438 4439
3 4311 4439 4312
3 4312 4439 4440
3 4312 4440 4313
3 4313 4440 4441
3 4313 4441 4314
3 4314 4441 4442
3 4314 4442 4315
3 4315 4442 4443
3 4315 4443 4316
3 4316 4443 4444
3 4316 4444 4317
3 4317 4444 4445
3 4317 4445 4318
3 4318 4445 4446
3 4318 4446 4319
3 4319 4446 4447
3 4319 4447 4320
3 4320 4447 4448
3 4320 4448 4321
3 4321 4448 4449
3 4321 4449 4322
3 4322 4449 4450
3 4322 4450 4323
3 4323 4450 4451
3 4323 4451 4324
3 4324 4451 4452
3 4324 4452 4325
3 4325 4452 4453
3 4325 4453 4326
3 4326 4453 4454
3 4326 4454 4327
3 4327 4454 4455
3 4327 4455 4328
3 4328 4455 4456
3 4328 4456 4329
3 4329 4456 4457
3 4329 4457 4330
3 4330 4457 4458
3 4330 4458 4331
3 4331 4458 4459
3 4331 4459 4332
3 4332 4459 4460
3 4332 4460 4333
3 4333 4460 4461
3 4333 4461 4334
3 4334 4461 4462
3 4334 4462 4335
3 4335 4462 4463
3 4335 4463 4336
3 4336 4463 4464
3 4336 4464 4337
3 4337 4464 4465
3 4337 4465 4338
3 4338 4465 4466
3 4338 4466 4339
3 4339 4466 4467
3 4339 4467 4340
3 4340 4467 4468
3 4340 4468 4341
3 4341 4468 4469
3 4341 4469 4342
3 4342 4469 4470
3 4342 4470 4343
3 4343 4470 4471
3 4343 4471 4344
3 4344 4471 4472
3 4344 4472 4345
3 4345 4472 4473
3 4345 4473 4346
3 4346 4473 4474
3 4346 4474 4347
3 4347 4474 4475
3 4347 4475 4348
3 4348 4475 4476
3 4348 4476 4349
3 4349 4476 4477
3 4349 4477 4350
3 4350 4477 4478
3 4350 4478 4351
3 4351 4478 4479
3 4351 4479 4352
3 4352 4479 4480
3 4352 4480 4353
3 4353 4480 4481
3 4353 4481 4226
3 4226 4481 4354
3 4354 4482 4355
3 4355 4482 4483
3 4355 4483 4356
3 4356 4483 4484
3 4356 4484 4357
3 4357 4484 4485
3 4357 4485 4358
3 4358 4485 4486
3 4358 4486 4359
3 4359 4486 4487
3 4359 4487 4360
3 4360 4487 4488
3 4360 4488 4361
3 4361 4488 4489
3 4361 4489 4362
3 4362 4489 4490
3 4362 4490 4363
3 4363 4490 4491
3 4363 4491 4364
3 4364 4491 4492
3 4364 4492 4365
3 4365 4492 4493
3 4365 4493 4366
3 4366 4493 4494
3 4366 4494 4367
3 4367 4494 4495
3 4367 4495 4368
3 4368 4495 4496
3 4368 4496 4369
3 4369 4496 4497
3 4369 4497 4370
3 4370 4497 4498
3 4370 4498 4371
3 4371 4498 4499
3 4371 4499 4372
3 4372 4499 4500
3 4372 4500 4373
3 4373 4500 4501
3 4373 4501 4374
3 4374 4501 4502
3 4374 4502 4375
3 4375 4502 4503
3 4375 4503 4376
3 4376 4503 4504
3 4376 4504 4377
3 4377 4504 4505
3 4377 4505 4378
3 4378 4505 4506
3 4378 4506 4379
3 4379 4506 4507
3 4379 4507 4380
3 4380 4507 4508
3 4380 4508 4381
3 4381 4508 4509
3 4381 4509 4382
3 4382 4509 4510
3 4382 4510 4383
3 4383 4510 4511
3 4383 4511 4384
3 4384 4511 4512
3 4384 4512 4385
3 4385 4512 4513
3 4385 4513 4386
3 4386 4513 4514
3 4386 4514 4387
3 4387 4514 4515
3 4387 4515 4388
3 4388 4515 4516
3 4388 4516 4389
3 4389 4516 4517
3 4389 4517 4390
3 4390 4517 4518
3 4390 4518 4391
3 4391 4518 4519
3 4391 4519 4392
3 4392 4519 4520
3 4392 4520 4393
3 4393 4520 4521
3 4393 4521 4394
3 4394 4521 4522
3 4394 4522 4395
3 4395 4522 4523
3 4395 4523 4396
3 4396 4523 4524
3 4396 4524 4397
3 4397 4524 4525
3 4397 4525 4398
3 4398 4525 4526
3 4398 4526 4399
3 4399 4526 4527
3 4399 4527 4400
3 4400 4527 4528
3 4400 4528 4401
3 4401 4528 4529
3 4401 4529 4402
3 4402 4529 4530
3 4402 4530 4403
3 4403 4530 4531
3 4403 4531 4404
3 4404 4531 4532
3 4404 4532 4405
3 4405 4532 4533
3 4405 4533 4406
3 4406 4533 4534
3 4406 4534 4407
3 4407 4534 4535
3 4407 4535 4408
3 4408 4535 4536
3 4408 4536 4409
3 4409 4536 4537
3 4409 4537 4410
3 4410 4537 4538
3 4410 4538 4411
3 4411 4538 4539
3 4411 4539 4412
3 4412 4539 4540
3 4412 4540 4413
3 4413 4540 4541
3 4413 4541 4414
3 4414 4541 4542
3 4414 4542 4415
3 4415 4542 4543
3 4415 4543 4416
3 4416 4543 4544
3 4416 4544 4417
3 4417 4544 4545
3 4417 4545 4418
3 4418 4545 4546
3 4418 4546 4419
3 4419 4546 4547
3 4419 4547 4420
3 4420 4547 4548
3 4420 4548 4421
3 4421 4548 4549
3 4421 4549 4422
3 4422 4549 4550
3 4422 4550 4423
3 4423 4550 4551
3 4423 4551 4424
3 4424 4551 4552
3 4424 4552 4425
3 4425 4552 4553
3 4425 4553 4426
3 4426 4553 4554
3 4426 4554 4427
3 4427 4554 4555
3 4427 4555 4428
3 4428 4555 4556
3 4428 4556 4429
3 4429 4556 4557
3 4429 4557 4430
3 4430 4557 4558
3 4430 4558 4431
3 4431 4558 4559
3 4431 4559 4432
3 4432 4559 4560
3 4432 4560 4433
3 4433 4560 4561
3 4433 4561 4434
3 4434 4561 4562
3 4434 4562 4435
3 4435 4562 4563
3 4435 4563 4436
3 4436 4563 4564
3 4436 4564 4437
3 4437 4564 4565
3 4437 4565 4438
3 4438 4565 4566
3 4438 4566 4439
3 4439 4566 4567
3 4439 4567 4440
3 4440 4567 4568
3 4440 4568 4441
3 4441 4568 4569
3 4441 4569 4442
3 4442 4569 4570
3 4442 4570 4443
3 4443 4570 4571
3 4443 4571 4444
3 4444 4571 4572
3 4444 4572 4445
3 4445 4572 4573
3 4445 4573 4446
3 4446 4573 4574
3 4446 4574 4447
3 4447 4574 4575
3 4447 4575 4448
3 4448 4575 4576
3 4448 4576 4449
3 4449 4576 4577
3 4449 4577 4450
3 4450 4577 4578
3 4450 4578 4451
3 4451 4578 4579
3 4451 4579 4452
3 4452 4579 4580
3 4452 4580 4453
3 4453 4580 4581
3 4453 4581 4454
3 4454 4581 4582
3 4454 4582 4455
3 4455 4582 4583
3 4455 4583 4456
3 4456 4583 4584
3 4456 4584 4457
3 4457 4584 4585
3 4457 4585 4458
3 4458 4585 4586
3 4458 4586 4459
3 4459 4586 4587
3 4459 4587 4460
3 4460 4587 4588
3 4460 4588 4461
3 4461 4588 4589
3 4461 4589 4462
3 4462 4589 4590
3 4462 4590 4463
3 4463 4590 4591
3 4463 4591 4464
3 4464 4591 4592
3 4464 4592 4465
3 4465 4592 4593
3 4465 4593 4466
3 4466 4593 4594
3 4466 4594 4467
3 4467 4594 4595
3 4467 4595 4468
3 4468 4595 4596
3 4468 4596 4469
3 4469 4596 4597
3 4469 4597 4470
3 4470 4597 4598
3 4470 4598 4471
3 4471 4598 4599
3 4471 4599 4472
3 4472 4599 4600
3 4472 4600 4473
3 4473 4600 4601
3 4473 4601 4474
3 4474 4601 4602
3 4474 4602 4475
3 4475 4602 4603
3 4475 4603 4476
3 4476 4603 4604
3 4476 4604 4477
3 4477 4604 4605
3 4477 4605 4478
3 4478 4605 4606
3 4478 4606 4479
3 4479 4606 4607
3 4479 4607 4480
3 4480 4607 4608
3 4480 4608 4481
3 4481 4608 4609
3 4481 4609 4354
3 4354 4609 4482
3 4482 4610 4483
3 4483 4610 4611
3 4483 4611 4484
3 4484 4611 4612
3 4484 4612 4485
3 4485 4612 4613
3 4485 4613 4486
3 4486 4613 4614
3 4486 4614 4487
3 4487 4614 4615
3 4487 4615 4488
3 4488 4615 4616
3 4488 4616 4489
3 4489 4616 4617
3 4489 4617 4490
3 4490 4617 4618
3 4490 4618 4491
3 4491 4618 4619
3 4491 4619 4492
3 4492 4619 4620
3 4492 4620 4493
3 4493 4620 4621
3 4493 4621 4494
3 4494 4621 4622
3 4494 4622 4495
3 4495 4622 4623
3 4495 4623 4496
3 4496 4623 4624
3 4496 4624 4497
3 4497 4624 4625
3 4497 4625 4498
3 4498 4625 4626
3 4498 4626 4499
3 4499 4626 4627
3 4499 4627 4500
3 4500 4627 4628
3 4500 4628 4501
3 4501 4628 4629
3 4501 4629 4502
3 4502 4629 4630
3 4502 4630 4503
3 4503 4630 4631
3 4503 4631 4504
3 4504 4631 4632
3 4504 4632 4505
3 4505 4632 4633
3 4505 4633 4506
3 4506 4633 4634
3 4506 4634 4507
3 4507 4634 4635
3 4507 4635 4508
3 4508 4635 4636
3 4508 4636 4509
3 4509 4636 4637
3 4509 4637 4510
3 4510 4637 4638
3 4510 4638 4511
3 4511 4638 4639
3 4511 4639 4512
3 4512 4639 4640
3 4512 4640 4513
3 4513 4640 4641
3 4513 4641 4514
3 4514 4641 4642
3 4514 4642 4515
3 4515 4642 4643
3 4515 4643 4516
3 4516 4643 4644
3 4516 4644 4517
3 4517 4644 4645
3 4517 4645 4518
3 4518 4645 4646
3 4518 4646 4519
3 4519 4646 4647
3 4519 4647 4520
3 4520 4647 4648
3 4520 4648 4521
3 4521 4648 4649
3 4521 4649 4522
3 4522 4649 4650
3 4522 4650 4523
3 4523 4650 4651
3 4523 4651 4524
3 4524 4651 4652
3 4524 4652 4525
3 4525 4652 4653
3 4525 4653 4526
3 4526 4653 4654
3 4526 4654 4527
3 4527 4654 4655
3 4527 4655 4528
3 4528 4655 4656
3 4528 4656 4529
3 4529 4656 4657
3 4529 4657 4530
3 4530 4657 4658
3 4530 4658 4531
3 4531 4658 4659
3 4531 4659 4532
3 4532 4659 4660
3 4532 4660 4533
3 4533 4660 4661
3 4533 4661 4534
3 4534 4661 4662
3 4534 4662 4535
3 4535 4662 4663
3 4535 4663 4536
3 4536 4663 4664
3 4536 4664 4537
3 4537 4664 4665
3 4537 4665 4538
3 4538 4665 4666
3 4538 4666 4539
3 4539 4666 4667
3 4539 4667 4540
3 4540 4667 4668
3 4540 4668 4541
3 4541 4668 4669
3 4541 4669 4542
3 4542 4669 4670
3 4542 4670 4543
3 4543 4670 4671
3 4543 4671 4544
3 4544 4671 4672
3 4544 4672 4545
3 4545 4672 4673
3 4545 4673 4546
3 4546 4673 4674
3 4546 4674 4547
3 4547 4674 4675
3 4547 4675 4548
3 4548 4675 4676
3 4548 4676 4549
3 4549 4676 4677
3 4549 4677 4550
3 4550 4677 4678
3 4550 4678 4551
3 4551 4678 4679
3 4551 4679 4552
3 4552 4679 4680
3 4552 4680 4553
3 4553 4680 4681
3 4553 4681 4554
3 4554 4681 4682
3 4554 4682 4555
3 4555 4682 4683
3 4555 4683 4556
3 4556 4683 4684
3 4556 4684 4557
3 4557 4684 4685
3 4557 4685 4558
3 4558 4685 4686
3 4558 4686 4559
3 4559 4686 4687
3 4559 4687 4560
3 4560 4687 4688
3 4560 4688 4561
3 4561 4688 4689
3 4561 4689 4562
3 4562 4689 4690
3 4562 4690 4563
3 4563 4690 4691
3 4563 4691 4564
3 4564 4691 4692
3 4564 4692 4565
3 4565 4692 4693
3 4565 4693 4566
3 4566 4693 4694
3 4566 4694 4567
3 4567 4694 4695
3 4567 4695 4568
3 4568 4695 4696
3 4568 4696 4569
3 4569 4696 4697
3 4569 4697 4570
3 4570 4697 4698
3 4570 4698 4571
3 4571 4698 4699
3 4571 4699 4572
3 4572 4699 4700
3 4572 4700 4573
3 4573 4700 4701
3 4573 4701 4574
3 4574 4701 4702
3 4574 4702 4575
3 4575 4702 4703
3 4575 4703 4576
3 4576 4703 4704
3 4576 4704 4577
3 4577 4704 4705
3 4577 4705 4578
3 4578 4705 4706
3 4578 4706 4579
3 4579 4706 4707
3 4579 4707 4580
3 4580 4707 4708
3 4580 4708 4581
3 4581 4708 4709
3 4581 4709 4582
3 4582 4709 4710
3 4582 4710 4583
3 4583 4710 4711
3 4583 4711 4584
3 4584 4711 4712
3 4584 4712 4585
3 4585 4712 4713
3 4585 4713 4586
3 4586 4713 4714
3 4586 4714 4587
3 4587 4714 4715
3 4587 4715 4588
3 4588 4715 4716
3 4588 4716 4589
3 4589 4716 4717
3 4589 4717 4590
3 4590 4717 4718
3 4590 4718 4591
3 4591 4718 4719
3 4591 4719 4592
3 4592 4719 4720
3 4592 4720 4593
3 4593 4720 4721
3 4593 4721 4594
3 4594 4721 4722
3 4594 4722 4595
3 4595 4722 4723
3 4595 4723 4596
3 4596 4723 4724
3 4596 4724 4597
3 4597 4724 4725
3 4597 4725 4598
3 4598 4725 4726
3 4598 4726 4599
3 4599 4726 4727
3 4599 4727 4600
3 4600 4727 4728
3 4600 4728 4601
3 4601 4728 4729
3 4601 4729 4602
3 4602 4729 4730
3 4602 4730 4603
3 4603 4730 4731
3 4603 4731 4604
3 4604 4731 4732
3 4604 4732 4605
3 4605 4732 4733
3 4605 4733 4606
3 4606 4733 4734
3 4606 4734 4607
3 4607 4734 4735
3 4607 4735 4608
3 4608 4735 4736
3 4608 4736 4609
3 4609 4736 4737
3 4609 4737 4482
3 4482 4737 4610
3 4610 4738 4611
3 4611 4738 4739
3 4611 4739 4612
3 4612 4739 4740
3 4612 4740 4613
3 4613 4740 4741
3 4613 4741 4614
3 4614 4741 4742
3 4614 4742 4615
3 4615 4742 4743
3 4615 4743 4616
3 4616 4743 4744
3 4616 4744 4617
3 4617 4744 4745
3 4617 4745 4618
3 4618 4745 4746
3 4618 4746 4619
3 4619 4746 4747
3 4619 4747 4620
3 4620 4747 4748
3 4620 4748 4621
3 4621 4748 4749
3 4621 4749 4622
3 4622 4749 4750
3 4622 4750 4623
3 4623 4750 4751
3 4623 4751 4624
3 4624 4751 4752
3 4624 4752 4625
3 4625 4752 4753
3 4625 4753 4626
3 4626 4753 4754
3 4626 4754 4627
3 4627 4754 4755
3 4627 4755 4628
3 4628 4755 4756
3 4628 4756 4629
3 4629 4756 4757
3 4629 4757 4630
3 4630 4757 4758
3 4630 4758 4631
3 4631 4758 4759
3 4631 4759 4632
3 4632 4759 4760
3 4632 4760 4633
3 4633 4760 4761
3 4633 4761 4634
3 4634 4761 4762
3 4634 4762 4635
3 4635 4762 4763
3 4635 4763 4636
3 4636 4763 4764
3 4636 4764 4637
3 4637 4764 4765
3 4637 4765 4638
3 4638 4765 4766
3 4638 4766 4639
3 4639 4766 4767
3 4639 4767 4640
3 4640 4767 4768
3 4640 4768 4641
3 4641 4768 4769
3 4641 4769 4642
3 4642 4769 4770
3 4642 4770 4643
3 4643 4770 4771
3 4643 4771 4644
3 4644 4771 4772
3 4644 4772 4645
3 4645 4772 4773
3 4645 4773 4646
3 4646 4773 4774
3 4646 4774 4647
3 4647 4774 4775
3 4647 4775 4648
3 4648 4775 4776
3 4648 4776 4649
3 4649 4776 4777
3 4649 4777 4650
3 4650 4777 4778
3 4650 4778 4651
3 4651 4778 4779
3 4651 4779 4652
3 4652 4779 4780
3 4652 4780 4653
3 4653 4780 4781
3 4653 4781 4654
3 4654 4781 4782
3 4654 4782 4655
3 4655 4782 4783
3 4655 4783 4656
3 4656 4783 4784
3 4656 4784 4657
3 4657 4784 4785
3 4657 4785 4658
3 4658 4785 4786
3 4658 4786 4659
3 4659 4786 4787
3 4659 4787 4660
3 4660 4787 4788
3 4660 4788 4661
3 4661 4788 4789
3 4661 4789 4662
3 4662 4789 4790
3 4662 4790 4663
3 4663 4790 4791
3 4663 4791 4664
3 4664 4791 4792
3 4664 4792 4665
3 4665 4792 4793
3 4665 4793 4666
3 4666 4793 4794
3 4666 4794 4667
3 4667 4794 4795
3 4667 4795 4668
3 4668 4795 4796
3 4668 4796 4669
3 4669 4796 4797
3 4669 4797 4670
3 4670 4797 4798
3 4670 4798 4671
3 4671 4798 4799
3 4671 4799 4672
3 4672 4799 4800
3 4672 4800 4673
3 4673 4800 4801
3 4673 4801 4674
3 4674 4801 4802
3 4674 4802 4675
3 4675 4802 4803
3 4675 4803 4676
3 4676 4803 4804
3 4676 4804 4677
3 4677 4804 4805
3 4677 4805 4678
3 4678 4805 4806
3 4678 4806 4679
3 4679 4806 4807
3 4679 4807 4680
3 4680 4807 4808
3 4680 4808 4681
3 4681 4808 4809
3 4681 4809 4682
3 4682 4809 4810
3 4682 4810 4683
3 4683 4810 4811
3 4683 4811 4684
3 4684 4811 4812
3 4684 4812 4685
3 4685 4812 4813
3 4685 4813 4686
3 4686 4813 4814
3 4686 4814 4687
3 4687 4814 4815
3 4687 4815 4688
3 4688 4815 4816
3 4688 4816 4689
3 4689 4816 4817
3 4689 4817 4690
3 4690 4817 4818
3 4690 4818 4691
3 4691 4818 4819
3 4691 4819 4692
3 4692 4819 4820
3 4692 4820 4693
3 4693 4820 4821
3 4693 4821 4694
3 4694 4821 4822
3 4694 4822 4695
3 4695 4822 4823
3 4695 4823 4696
3 4696 4823 4824
3 4696 4824 4697
3 4697 4824 4825
3 4697 4825 4698
3 4698 4825 4826
3 4698 4826 4699
3 4699 4826 4827
3 4699 4827 4700
3 4700 4827 4828
3 4700 4828 4701
3 4701 4828 4829
3 4701 4829 4702
3 4702 4829 4830
3 4702 4830 4703
3 4703 4830 4831
3 4703 4831 4704
3 4704 4831 4832
3 4704 4832 4705
3 4705 4832 4833
3 4705 4833 4706
3 4706 4833 4834
3 4706 4834 4707
3 4707 4834 4835
3 4707 4835 4708
3 4708 4835 4836
3 4708 4836 4709
3 4709 4836 4837
3 4709 4837 4710
3 4710 4837 4838
3 4710 4838 4711
3 4711 4838 4839
3 4711 4839 4712
3 4712 4839 4840
3 4712 4840 4713
3 4713 4840 4841
3 4713 4841 4714
3 4714 4841 4842
3 4714 4842 4715
3 4715 4842 4843
3 4715 4843 4716
3 4716 4843 4844
3 4716 4844 4717
3 4717 4844 4845
3 4717 4845 4718
3 4718 4845 4846
3 4718 4846 4719
3 4719 4846 4847
3 4719 4847 4720
3 4720 4847 4848
3 4720 4848 4721
3 4721 4848 4849
3 4721 4849 4722
3 4722 4849 4850
3 4722 4850 4723
3 4723 4850 4851
3 4723 4851 4724
3 4724 4851 4852
3 4724 4852 4725
3 4725 4852 4853
3 4725 4853 4726
3 4726 4853 4854
3 4726 4854 4727
3 4727 4854 4855
3 4727 4855 4728
3 4728 4855 4856
3 4728 4856 4729
3 4729 4856 4857
3 4729 4857 4730
3 4730 4857 4858
3 4730 4858 4731
3 4731 4858 4859
3 4731 4859 4732
3 4732 4859 4860
3 4732 4860 4733
3 4733 4860 4861
3 4733 4861 4734
3 4734 4861 4862
3 4734 4862 4735
3 4735 4862 4863
3 4735 4863 4736
3 4736 4863 4864
3 4736 4864 4737
3 4737 4864 4865
3 4737 4865 4610
3 4610 4865 4738
3 4738 4866 4739
3 4739 4866 4867
3 4739 4867 4740
3 4740 4867 4868
3 4740 4868 4741
3 4741 4868 4869
3 4741 4869 4742
3 4742 4869 4870
3 4742 4870 4743
3 4743 4870 4871
3 4743 4871 4744
3 4744 4871 4872
3 4744 4872 4745
3 4745 4872 4873
3 4745 4873 4746
3 4746 4873 4874
3 4746 4874 4747
3 4747 4874 4875
3 4747 4875 4748
3 4748 4875 4876
3 4748 4876 4749
3 4749 4876 4877
3 4749 4877 4750
3 4750 4877 4878
3 4750 4878 4751
3 4751 4878 4879
3 4751 4879 4752
3 4752 4879 4880
3 4752 4880 4753
3 4753 4880 4881
3 4753 4881 4754
3 4754 4881 4882
3 4754 4882 4755
3 4755 4882 4883
3 4755 4883 4756
3 4756 4883 4884
3 4756 4884 4757
3 4757 4884 4885
3 4757 4885 4758
3 4758 4885 4886
3 4758 4886 4759
3 4759 4886 4887
3 4759 4887 4760
3 4760 4887 4888
3 4760 4888 4761
3 4761 4888 4889
3 4761 4889 4762
3 4762 4889 4890
3 4762 4890 4763
3 4763 4890 4891
3 4763 4891 4764
3 4764 4891 4892
3 4764 4892 4765
3 4765 4892 4893
3 4765 4893 4766
3 4766 4893 4894
3 4766 4894 4767
3 4767 4894 4895
3 4767 4895 4768
3 4768 4895 4896
3 4768 4896 4769
3 4769 4896 4897
3 4769 4897 4770
3 4770 4897 4898
3 4770 4898 4771
3 4771 4898 4899
3 4771 4899 4772
3 4772 4899 4900
3 4772 4900 4773
3 4773 4900 4901
3 4773 4901 4774
3 4774 4901 4902
3 4774 4902 4775
3 4775 4902 4903
3 4775 4903 4776
3 4776 4903 4904
3 4776 4904 4777
3 4777 4904 4905
3 4777 4905 4778
3 4778 4905 4906
3 4778 4906 4779
3 4779 4906 4907
3 4779 4907 4780
3 4780 4907 4908
3 4780 4908 4781
3 4781 4908 4909
3 4781 4909 4782
3 4782 4909 4910
3 4782 4910 4783
3 4783 4910 4911
3 4783 4911 4784
3 4784 4911 4912
3 4784 4912 4785
3 4785 4912 4913
3 4785 4913 4786
3 4786 4913 4914
3 4786 4914 4787
3 4787 4914 4915
3 4787 4915 4788
3 4788 4915 4916
3 4788 4916 4789
3 4789 4916 4917
3 4789 4917 4790
3 4790 4917 4918
3 4790 4918 4791
3 4791 4918 4919
3 4791 4919 4792
3 4792 4919 4920
3 4792 4920 4793
3 4793 4920 4921
3 4793 4921 4794
3 4794 4921 4922
3 4794 4922 4795
3 4795 4922 4923
3 4795 4923 4796
3 4796 4923 4924
3 4796 4924 4797
3 4797 4924 4925
3 4797 4925 4798
3 4798 4925 4926
3 4798 4926 4799
3 4799 4926 4927
3 4799 4927 4800
3 4800 4927 4928
3 4800 4928 4801
3 4801 4928 4929
3 4801 4929 4802
3 4802 4929 4930
3 4802 4930 4803
3 4803 4930 4931
3 4803 4931 4804
3 4804 4931 4932
3 4804 4932 4805
3 4805 4932 4933
3 4805 4933 4806
3 4806 4933 4934
3 4806 4934 4807
3 4807 4934 4935
3 4807 4935 4808
3 4808 4935 4936
3 4808 4936 4809
3 4809 4936 4937
3 4809 4937 4810
3 4810 4937 4938
3 4810 4938 4811
3 4811 4938 4939
3 4811 4939 4812
3 4812 4939 4940
3 4812 4940 4813
3 4813 4940 4941
3 4813 4941 4814
3 4814 4941 4942
3 4814 4942 4815
3 4815 4942 4943
3 4815 4943 4816
3 4816 4943 4944
3 4816 4944 4817
3 4817 4944 4945
3 4817 4945 4818
3 4818 4945 4946
3 4818 4946 4819
3 4819 4946 4947
3 4819 4947 4820
3 4820 4947 4948
3 4820 4948 4821
3 4821 4948 4949
3 4821 4949 4822
3 4822 4949 4950
3 4822 4950 4823
3 4823 4950 4951
3 4823 4951 4824
3 4824 4951 4952
3 4824 4952 4825
3 4825 4952 4953
3 4825 4953 4826
3 4826 4953 4954
3 4826 4954 4827
3 4827 4954 4955
3 4827 4955 4828
3 4828 4955 4956
3 4828 4956 4829
3 4829 4956 4957
3 4829 4957 4830
3 4830 4957 4958
3 4830 4958 4831
3 4831 4958 4959
3 4831 4959 4832
3 4832 4959 4960
3 4832 4960 4833
3 4833 4960 4961
3 4833 4961 4834
3 4834 4961 4962
3 4834 4962 4835
3 4835 4962 4963
3 4835 4963 4836
3 4836 4963 4964
3 4836 4964 4837
3 4837 4964 4965
3 4837 4965 4838
3 4838 4965 4966
3 4838 4966 4839
3 4839 4966 4967
3 4839 4967 4840
3 4840 4967 4968
3 4840 4968 4841
3 4841 4968 4969
3 4841 4969 4842
3 4842 4969 4970
3 4842 4970 4843
3 4843 4970 4971
3 4843 4971 4844
3 4844 4971 4972
3 4844 4972 4845
3 4845 4972 4973
3 4845 4973 4846
3 4846 4973 4974
3 4846 4974 4847
3 4847 4974 4975
3 4847 4975 4848
3 4848 4975 4976
3 4848 4976 4849
3 4849 4976 4977
3 4849 4977 4850
3 4850 4977 4978
3 4850 4978 4851
3 4851 4978 4979
3 4851 4979 4852
3 4852 4979 4980
3 4852 4980 4853
3 4853 4980 4981
3 4853 4981 4854
3 4854 4981 4982
3 4854 4982 4855
3 4855 4982 4983
3 4855 4983 4856
3 4856 4983 4984
3 4856 4984 4857
3 4857 4984 4985
3 4857 4985 4858
3 4858 4985 4986
3 4858 4986 4859
3 4859 4986 4987
3 4859 4987 4860
3 4860 4987 4988
3 4860 4988 4861
3 4861 4988 4989
3 4861 4989 4862
3 4862 4989 4990
3 4862 4990 4863
3 4863 4990 4991
3 4863 4991 4864
3 4864 4991 4992
3 4864 4992 4865
3 4865 4992 4993
3 4865 4993 4738
3 4738 4993 4866
3 4866 4994 4867
3 4867 4994 4995
3 4867 4995 4868
3 4868 4995 4996
3 4868 4996 4869
3 4869 4996 4997
3 4869 4997 4870
3 4870 4997 4998
3 4870 4998 4871
3 4871 4998 4999
3 4871 4999 4872
3 4872 4999 5000
3 4872 5000 4873
3 4873 5000 5001
3 4873 5001 4874
3 4874 5001 5002
3 4874 5002 4875
3 4875 5002 5003
3 4875 5003 4876
3 4876 5003 5004
3 4876 5004 4877
3 4877 5004 5005
3 4877 5005 4878
3 4878 5005 5006
3 4878 5006 4879
3 4879 5006 5007
3 4879 5007 4880
3 4880 5007 5008
3 4880 5008 4881
3 4881 5008 5009
3 4881 5009 4882
3 4882 5009 5010
3 4882 5010 4883
3 4883 5010 5011
3 4883 5011 4884
3 4884 5011 5012
3 4884 5012 4885
3 4885 5012 5013
3 4885 5013 4886
3 4886 5013 5014
3 4886 5014 4887
3 4887 5014 5015
3 4887 5015 4888
3 4888 5015 5016
3 4888 5016 4889
3 4889 5016 5017
3 4889 5017 4890
3 4890 5017 5018
3 4890 5018 4891
3 4891 5018 5019
3 4891 5019 4892
3 4892 5019 5020
3 4892 5020 4893
3 4893 5020 5021
3 4893 5021 4894
3 4894 5021 5022
3 4894 5022 4895
3 4895 5022 5023
3 4895 5023 4896
3 4896 5023 5024
3 4896 5024 4897
3 4897 5024 5025
3 4897 5025 4898
3 4898 5025 5026
3 4898 5026 4899
3 4899 5026 5027
3 4899 5027 4900
3 4900 5027 5028
3 4900 5028 4901
3 4901 5028 5029
3 4901 5029 4902
3 4902 5029 5030
3 4902 5030 4903
3 4903 5030 5031
3 4903 5031 4904
3 4904 5031 5032
3 4904 5032 4905
3 4905 5032 5033
3 4905 5033 4906
3 4906 5033 5034
3 4906 5034 4907
3 4907 5034 5035
3 4907 5035 4908
3 4908 5035 5036
3 4908 5036 4909
3 4909 5036 5037
3 4909 5037 4910
3 4910 5037 5038
3 4910 5038 4911
3 4911 5038 5039
3 4911 5039 4912
3 4912 5039 5040
3 4912 5040 4913
3 4913 5040 5041
3 4913 5041 4914
3 4914 5041 5042
3 4914 5042 4915
3 4915 5042 5043
3 4915 5043 4916
3 4916 5043 5044
3 4916 5044 4917
3 4917 5044 5045
3 4917 5045 4918
3 4918 5045 5046
3 4918 5046 4919
3 4919 5046 5047
3 4919 5047 4920
3 4920 5047 5048
3 4920 5048 4921
3 4921 5048 5049
3 4921 5049 4922
3 4922 5049 5050
3 4922 5050 4923
3 4923 5050 5051
3 4923 5051 4924
3 4924 5051 5052
3 4924 5052 4925
3 4925 5052 5053
3 4925 5053 4926
3 4926 5053 5054
3 4926 5054 4927
3 4927 5054 5055
3 4927 5055 4928
3 4928 5055 5056
3 4928 5056 4929
3 4929 5056 5057
3 4929 5057 4930
3 4930 5057 5058
3 4930 5058 4931
3 4931 5058 5059
3 4931 5059 4932
3 4932 5059 5060
3 4932 5060 4933
3 4933 5060 5061
3 4933 5061 4934
3 4934 5061 5062
3 4934 5062 4935
3 4935 5062 5063
3 4935 5063 4936
3 4936 5063 5064
3 4936 5064 4937
3 4937 5064 5065
3 4937 5065 4938
3 4938 5065 5066
3 4938 5066 4939
3 4939 5066 5067
3 4939 5067 4940
3 4940 5067 5068
3 4940 5068 4941
3 4941 5068 5069
3 4941 5069 4942
3 4942 5069 5070
3 4942 5070 4943
3 4943 5070 5071
3 4943 5071 4944
3 4944 5071 5072
3 4944 5072 4945
3 4945 5072 5073
3 4945 5073 4946
3 4946 5073 5074
3 4946 5074 4947
3 4947 5074 5075
3 4947 5075 4948
3 4948 5075 5076
3 4948 5076 4949
3 4949 5076 5077
3 4949 5077 4950
3 4950 5077 5078
3 4950 5078 4951
3 4951 5078 5079
3 4951 5079 4952
3 4952 5079 5080
3 4952 5080 4953
3 4953 5080 5081
3 4953 5081 4954
3 4954 5081 5082
3 4954 5082 4955
3 4955 5082 5083
3 4955 5083 4956
3 4956 5083 5084
3 4956 5084 4957
3 4957 5084 5085
3 4957 5085 4958
3 4958 5085 5086
3 4958 5086 4959
3 4959 5086 5087
3 4959 5087 4960
3 4960 5087 5088
3 4960 5088 4961
3 4961 5088 5089
3 4961 5089 4962
3 4962 5089 5090
3 4962 5090 4963
3 4963 5090 5091
3 4963 5091 4964
3 4964 5091 5092
3 4964 5092 4965
3 4965 5092 5093
3 4965 5093 4966
3 4966 5093 5094
3 4966 5094 4967
3 4967 5094 5095
3 4967 5095 4968
3 4968 5095 5096
3 4968 5096 4969
3 4969 5096 5097
3 4969 5097 4970
3 4970 5097 5098
3 4970 5098 4971
3 4971 5098 5099
3 4971 5099 4972
3 4972 5099 5100
3 4972 5100 4973
3 4973 5100 5101
3 4973 5101 4974
3 4974 5101 5102
3 4974 5102 4975
3 4975 5102 5103
3 4975 5103 4976
3 4976 5103 5104
3 4976 5104 4977
3 4977 5104 5105
3 4977 5105 4978
3 4978 5105 5106
3 4978 5106 4979
3 4979 5106 5107
3 4979 5107 4980
3 4980 5107 5108
3 4980 5108 4981
3 4981 5108 5109
3 4981 5109 4982
3 4982 5109 5110
3 4982 5110 4983
3 4983 5110 5111
3 4983 5111 4984
3 4984 5111 5112
3 4984 5112 4985
3 4985 5112 5113
3 4985 5113 4986
3 4986 5113 5114
3 4986 5114 4987
3 4987 5114 5115
3 4987 5115 4988
3 4988 5115 5116
3 4988 5116 4989
3 4989 5116 5117
3 4989 5117 4990
3 4990 5117 5118
3 4990 5118 4991
3 4991 5118 5119
3 4991 5119 4992
3 4992 5119 5120
3 4992 5120 4993
3 4993 5120 5121
3 4993 5121 4866
3 4866 5121 4994
3 4994 5122 4995
3 4995 5122 5123
3 4995 5123 4996
3 4996 5123 5124
3 4996 5124 4997
3 4997 5124 5125
3 4997 5125 4998
3 4998 5125 5126
3 4998 5126 4999
3 4999 5126 5127
3 4999 5127 5000
3 5000 5127 5128
3 5000 5128 5001
3 5001 5128 5129
3 5001 5129 5002
3 5002 5129 5130
3 5002 5130 5003
3 5003 5130 5131
3 5003 5131 5004
3 5004 5131 5132
3 5004 5132 5005
3 5005 5132 5133
3 5005 5133 5006
3 5006 5133 5134
3 5006 5134 5007
3 5007 5134 5135
3 5007 5135 5008
3 5008 5135 5136
3 5008 5136 5009
3 5009 5136 5137
3 5009 5137 5010
3 5010 5137 5138
3 5010 5138 5011
3 5011 5138 5139
3 5011 5139 5012
3 5012 5139 5140
3 5012 5140 5013
3 5013 5140 5141
3 5013 5141 5014
3 5014 5141 5142
3 5014 5142 5015
3 5015 5142 5143
3 5015 5143 5016
3 5016 5143 5144
3 5016 5144 5017
3 5017 5144 5145
3 5017 5145 5018
3 5018 5145 5146
3 5018 5146 5019
3 5019 5146 5147
3 5019 5147 5020
3 5020 5147 5148
3 5020 5148 5021
3 5021 5148 5149
3 5021 5149 5022
3 5022 5149 5150
3 5022 5150 5023
3 5023 5150 5151
3 5023 5151 5024
3 5024 5151 5152
3 5024 5152 5025
3 5025 5152 5153
3 5025 5153 5026
3 5026 5153 5154
3 5026 5154 5027
3 5027 5154 5155
3 5027 5155 5028
3 5028 5155 5156
3 5028 5156 5029
3 5029 5156 5157
3 5029 5157 5030
3 5030 5157 5158
3 5030 5158 5031
3 5031 5158 5159
3 5031 5159 5032
3 5032 5159 5160
3 5032 5160 5033
3 5033 5160 5161
3 5033 5161 5034
3 5034 5161 5162
3 5034 5162 5035
3 5035 5162 5163
3 5035 5163 5036
3 5036 5163 5164
3 5036 5164 5037
3 5037 5164 5165
3 5037 5165 5038
3 5038 5165 5166
3 5038 5166 5039
3 5039 5166 5167
3 5039 5167 5040
3 5040 5167 5168
3 5040 5168 5041
3 5041 5168 5169
3 5041 5169 5042
3 5042 5169 5170
3 5042 5170 5043
3 5043 5170 5171
3 5043 5171 5044
3 5044 5171 5172
3 5044 5172 5045
3 5045 5172 5173
3 5045 5173 5046
3 5046 5173 5174
3 5046 5174 5047
3 5047 5174 5175
3 5047 5175 5048
3 5048 5175 5176
3 5048 5176 5049
3 5049 5176 5177
3 5049 5177 5050
3 5050 5177 5178
3 5050 5178 5051
3 5051 5178 5179
3 5051 5179 5052
3 5052 5179 5180
3 5052 5180 5053
3 5053 5180 5181
3 5053 5181 5054
3 5054 5181 5182
3 5054 5182 5055
3 5055 5182 5183
3 5055 5183 5056
3 5056 5183 5184
3 5056 5184 5057
3 5057 5184 5185
3 5057 5185 5058
3 5058 5185 5186
3 5058 5186 5059
3 5059 5186 5187
3 5059 5187 5060
3 5060 5187 5188
3 5060 5188 5061
3 5061 5188 5189
3 5061 5189 5062
3 5062 5189 5190
3 5062 5190 5063
3 5063 5190 5191
3 5063 5191 5064
3 5064 5191 5192
3 5064 5192 5065
3 5065 5192 5193
3 5065 5193 5066
3 5066 5193 5194
3 5066 5194 5067
3 5067 5194 5195
3 5067 5195 5068
3 5068 5195 5196
3 5068 5196 5069
3 5069 5196 5197
3 5069 5197 5070
3 5070 5197 5198
3 5070 5198 5071
3 5071 5198 5199
3 5071 5199 5072
3 5072 5199 5200
3 5072 5200 5073
3 5073 5200 5201
3 5073 5201 5074
3 5074 5201 5202
3 5074 5202 5075
3 5075 5202 5203
3 5075 5203 5076
3 5076 5203 5204
3 5076 5204 5077
3 5077 5204 5205
3 5077 5205 5078
3 5078 5205 5206
3 5078 5206 5079
3 5079 5206 5207
3 5079 5207 5080
3 5080 5207 5208
3 5080 5208 5081
3 5081 5208 5209
3 5081 5209 5082
3 5082 5209 5210
3 5082 5210 5083
3 5083 5210 5211
3 5083 5211 5084
3 5084 5211 5212
3 5084 5212 5085
3 5085 5212 5213
3 5085 5213 5086
3 5086 5213 5214
3 5086 5214 5087
3 5087 5214 5215
3 5087 5215 5088
3 5088 5215 5216
3 5088 5216 5089
3 5089 5216 5217
3 5089 5217 5090
3 5090 5217 5218
3 5090 5218 5091
3 5091 5218 5219
3 5091 5219 5092
3 5092 5219 5220
3 5092 5220 5093
3 5093 5220 5221
3 5093 5221 5094
3 5094 5221 5222
3 5094 5222 5095
3 5095 5222 5223
3 5095 5223 5096
3 5096 5223 5224
3 5096 5224 5097
3 5097 5224 5225
3 5097 5225 5098
3 5098 5225 5226
3 5098 5226 5099
3 5099 5226 5227
3 5099 5227 5100
3 5100 5227 5228
3 5100 5228 5101
3 5101 5228 5229
3 5101 5229 5102
3 5102 5229 5230
3 5102 5230 5103
3 5103 5230 5231
3 5103 5231 5104
3 5104 5231 5232
3 5104 5232 5105
3 5105 5232 5233
3 5105 5233 5106
3 5106 5233 5234
3 5106 5234 5107
3 5107 5234 5235
3 5107 5235 5108
3 5108 5235 5236
3 5108 5236 5109
3 5109 5236 5237
3 5109 5237 5110
3 5110 5237 5238
3 5110 5238 5111
3 5111 5238 5239
3 5111 5239 5112
3 5112 5239 5240
3 5112 5240 5113
3 5113 5240 5241
3 5113 5241 5114
3 5114 5241 5242
3 5114 5242 5115
3 5115 5242 5243
3 5115 5243 5116
3 5116 5243 5244
3 5116 5244 5117
3 5117 5244 5245
3 5117 5245 5118
3 5118 5245 5246
3 5118 5246 5119
3 5119 5246 5247
3 5119 5247 5120
3 5120 5247 5248
3 5120 5248 5121
3 5121 5248 5249
3 5121 5249 4994
3 4994 5249 5122
3 5122 5250 5123
3 5123 5250 5251
3 5123 5251 5124
3 5124 5251 5252
3 5124 5252 5125
3 5125 5252 5253
3 5125 5253 5126
3 5126 5253 5254
3 5126 5254 5127
3 5127 5254 5255
3 5127 5255 5128
3 5128 5255 5256
3 5128 5256 5129
3 5129 5256 5257
3 5129 5257 5130
3 5130 5257 5258
3 5130 5258 5131
3 5131 5258 5259
3 5131 5259 5132
3 5132 5259 5260
3 5132 5260 5133
3 5133 5260 5261
3 5133 5261 5134
3 5134 5261 5262
3 5134 5262 5135
3 5135 5262 5263
3 5135 5263 5136
3 5136 5263 5264
3 5136 5264 5137
3 5137 5264 5265
3 5137 5265 5138
3 5138 5265 5266
3 5138 5266 5139
3 5139 5266 5267
3 5139 5267 5140
3 5140 5267 5268
3 5140 5268 5141
3 5141 5268 5269
3 5141 5269 5142
3 5142 5269 5270
3 5142 5270 5143
3 5143 5270 5271
3 5143 5271 5144
3 5144 5271 5272
3 5144 5272 5145
3 5145 5272 5273
3 5145 5273 5146
3 5146 5273 5274
3 5146 5274 5147
3 5147 5274 5275
3 5147 5275 5148
3 5148 5275 5276
3 5148 5276 5149
3 5149 5276 5277
3 5149 5277 5150
3 5150 5277 5278
3 5150 5278 5151
3 5151 5278 5279
3 5151 5279 5152
3 5152 5279 5280
3 5152 5280 5153
3 5153 5280 5281
3 5153 5281 5154
3 5154 5281 5282
3 5154 5282 5155
3 5155 5282 5283
3 5155 5283 5156
3 5156 5283 5284
3 5156 5284 5157
3 5157 5284 5285
3 5157 5285 5158
3 5158 5285 5286
3 5158 5286 5159
3 5159 5286 5287
3 5159 5287 5160
3 5160 5287 5288
3 5160 5288 5161
3 5161 5288 5289
3 5161 5289 5162
3 5162 5289 5290
3 5162 5290 5163
3 5163 5290 5291
3 5163 5291 5164
3 5164 5291 5292
3 5164 5292 5165
3 5165 5292 5293
3 5165 5293 5166
3 5166 5293 5294
3 5166 5294 5167
3 5167 5294 5295
3 5167 5295 5168
3 5168 5295 5296
3 5168 5296 5169
3 5169 5296 5297
3 5169 5297 5170
3 5170 5297 5298
3 5170 5298 5171
3 5171 5298 5299
3 5171 5299 5172
3 5172 5299 5300
3 5172 5300 5173
3 5173 5300 5301
3 5173 5301 5174
3 5174 5301 5302
3 5174 5302 5175
3 5175 5302 5303
3 5175 5303 5176
3 5176 5303 5304
3 5176 5304 5177
3 5177 5304 5305
3 5177 5305 5178
3 5178 5305 5306
3 5178 5306 5179
3 5179 5306 5307
3 5179 5307 5180
3 5180 5307 5308
3 5180 5308 5181
3 5181 5308 5309
3 5181 5309 5182
3 5182 5309 5310
3 5182 5310 5183
3 5183 5310 5311
3 5183 5311 5184
3 5184 5311 5312
3 5184 5312 5185
3 5185 5312 5313
3 5185 5313 5186
3 5186 5313 5314
3 5186 5314 5187
3 5187 5314 5315
3 5187 5315 5188
3 5188 5315 5316
3 5188 5316 5189
3 5189 5316 5317
3 5189 5317 5190
3 5190 5317 5318
3 5190 5318 5191
3 5191 5318 5319
3 5191 5319 5192
3 5192 5319 5320
3 5192 5320 5193
3 5193 5320 5321
3 5193 5321 5194
3 5194 5321 5322
3 5194 5322 5195
3 5195 5322 5323
3 5195 5323 5196
3 5196 5323 5324
3 5196 5324 5197
3 5197 5324 5325
3 5197 5325 5198
3 5198 5325 5326
3 5198 5326 5199
3 5199 5326 5327
3 5199 5327 5200
3 5200 5327 5328
3 5200 5328 5201
3 5201 5328 5329
3 5201 5329 5202
3 5202 5329 5330
3 5202 5330 5203
3 5203 5330 5331
3 5203 5331 5204
3 5204 5331 5332
3 5204 5332 5205
3 5205 5332 5333
3 5205 5333 5206
3 5206 5333 5334
3 5206 5334 5207
3 5207 5334 5335
3 5207 5335 5208
3 5208 5335 5336
3 5208 5336 5209
3 5209 5336 5337
3 5209 5337 5210
3 5210 5337 5338
3 5210 5338 5211
3 5211 5338 5339
3 5211 5339 5212
3 5212 5339 5340
3 5212 5340 5213
3 5213 5340 5341
3 5213 5341 5214
3 5214 5341 5342
3 5214 5342 5215
3 5215 5342 5343
3 5215 5343 5216
3 5216 5343 5344
3 5216 5344 5217
3 5217 5344 5345
3 5217 5345 5218
3 5218 5345 5346
3 5218 5346 5219
3 5219 5346 5347
3 5219 5347 5220
3 5220 5347 5348
3 5220 5348 5221
3 5221 5348 5349
3 5221 5349 5222
3 5222 5349 5350
3 5222 5350 5223
3 5223 5350 5351
3 5223 5351 5224
3 5224 5351 5352
3 5224 5352 5225
3 5225 5352 5353
3 5225 5353 5226
3 5226 5353 5354
3 5226 5354 5227
3 5227 5354 5355
3 5227 5355 5228
3 5228 5355 5356
3 5228 5356 5229
3 5229 5356 5357
3 5229 5357 5230
3 5230 5357 5358
3 5230 5358 5231
3 5231 5358 5359
3 5231 5359 5232
3 5232 5359 5360
3 5232 5360 5233
3 5233 5360 5361
3 5233 5361 5234
3 5234 5361 5362
3 5234 5362 5235
3 5235 5362 5363
3 5235 5363 5236
3 5236 5363 5364
3 5236 5364 5237
3 5237 5364 5365
3 5237 5365 5238
3 5238 5365 5366
3 5238 5366 5239
3 5239 5366 5367
3 5239 5367 5240
3 5240 5367 5368
3 5240 5368 5241
3 5241 5368 5369
3 5241 5369 5242
3 5242 5369 5370
3 5242 5370 5243
3 5243 5370 5371
3 5243 5371 5244
3 5244 5371 5372
3 5244 5372 5245
3 5245 5372 5373
3 5245 5373 5246
3 5246 5373 5374
3 5246 5374 5247
3 5247 5374 5375
3 5247 5375 5248
3 5248 5375 5376
3 5248 5376 5249
3 5249 5376 5377
3 5249 5377 5122
3 5122 5377 5250
3 5250 5378 5251
3 5251 5378 5379
3 5251 5379 5252
3 5252 5379 5380
3 5252 5380 5253
3 5253 5380 5381
3 5253 5381 5254
3 5254 5381 5382
3 5254 5382 5255
3 5255 5382 5383
3 5255 5383 5256
3 5256 5383 5384
3 5256 5384 5257
3 5257 5384 5385
3 5257 5385 5258
3 5258 5385 5386
3 5258 5386 5259
3 5259 5386 5387
3 5259 5387 5260
3 5260 5387 5388
3 5260 5388 5261
3 5261 5388 5389
3 5261 5389 5262
3 5262 5389 5390
3 5262 5390 5263
3 5263 5390 5391
3 5263 5391 5264
3 5264 5391 5392
3 5264 5392 5265
3 5265 5392 5393
3 5265 5393 5266
3 5266 5393 5394
3 5266 5394 5267
3 5267 5394 5395
3 5267 5395 5268
3 5268 5395 5396
3 5268 5396 5269
3 5269 5396 5397
3 5269 5397 5270
3 5270 5397 5398
3 5270 5398 5271
3 5271 5398 5399
3 5271 5399 5272
3 5272 5399 5400
3 5272 5400 5273
3 5273 5400 5401
3 5273 5401 5274
3 5274 5401 5402
3 5274 5402 5275
3 5275 5402 5403
3 5275 5403 5276
3 5276 5403 5404
3 5276 5404 5277
3 5277 5404 5405
3 5277 5405 5278
3 5278 5405 5406
3 5278 5406 5279
3 5279 5406 5407
3 5279 5407 5280
3 5280 5407 5408
3 5280 5408 5281
3 5281 5408 5409
3 5281 5409 5282
3 5282 5409 5410
3 5282 5410 5283
3 5283 5410 5411
3 5283 5411 5284
3 5284 5411 5412
3 5284 5412 5285
3 5285 5412 5413
3 5285 5413 5286
3 5286 5413 5414
3 5286 5414 5287
3 5287 5414 5415
3 5287 5415 5288
3 5288 5415 5416
3 5288 5416 5289
3 5289 5416 5417
3 5289 5417 5290
3 5290 5417 5418
3 5290 5418 5291
3 5291 5418 5419
3 5291 5419 5292
3 5292 5419 5420
3 5292 5420 5293
3 5293 5420 5421
3 5293 5421 5294
3 5294 5421 5422
3 5294 5422 5295
3 5295 5422 5423
3 5295 5423 5296
3 5296 5423 5424
3 5296 5424 5297
3 5297 5424 5425
3 5297 5425 5298
3 5298 5425 5426
3 5298 5426 5299
3 5299 5426 5427
3 5299 5427 5300
3 5300 5427 5428
3 5300 5428 5301
3 5301 5428 5429
3 5301 5429 5302
3 5302 5429 5430
3 5302 5430 5303
3 5303 5430 5431
3 5303 5431 5304
3 5304 5431 5432
3 5304 5432 5305
3 5305 5432 5433
3 5305 5433 5306
3 5306 5433 5434
3 5306 5434 5307
3 5307 5434 5435
3 5307 5435 5308
3 5308 5435 5436
3 5308 5436 5309
3 5309 5436 5437
3 5309 5437 5310
3 5310 5437 5438
3 5310 5438 5311
3 5311 5438 5439
3 5311 5439 5312
3 5312 5439 5440
3 5312 5440 5313
3 5313 5440 5441
3 5313 5441 5314
3 5314 5441 5442
3 5314 5442 5315
3 5315 5442 5443
3 5315 5443 5316
3 5316 5443 5444
3 5316 5444 5317
3 5317 5444 5445
3 5317 5445 5318
3 5318 5445 5446
3 5318 5446 5319
3 5319 5446 5447
3 5319 5447 5320
3 5320 5447 5448
3 5320 5448 5321
3 5321 5448 5449
3 5321 5449 5322
3 5322 5449 5450
3 5322 5450 5323
3 5323 5450 5451
3 5323 5451 5324
3 5324 5451 5452
3 5324 5452 5325
3 5325 5452 5453
3 5325 5453 5326
3 5326 5453 5454
3 5326 5454 5327
3 5327 5454 5455
3 5327 5455 5328
3 5328 5455 5456
3 5328 5456 5329
3 5329 5456 5457
3 5329 5457 5330
3 5330 5457 5458
3 5330 5458 5331
3 5331 5458 5459
3 5331 5459 5332
3 5332 5459 5460
3 5332 5460 5333
3 5333 5460 5461
3 5333 5461 5334
3 5334 5461 5462
3 5334 5462 5335
3 5335 5462 5463
3 5335 5463 5336
3 5336 5463 5464
3 5336 5464 5337
3 5337 5464 5465
3 5337 5465 5338
3 5338 5465 5466
3 5338 5466 5339
3 5339 5466 5467
3 5339 5467 5340
3 5340 5467 5468
3 5340 5468 5341
3 5341 5468 5469
3 5341 5469 5342
3 5342 5469 5470
3 5342 5470 5343
3 5343 5470 5471
3 5343 5471 5344
3 5344 5471 5472
3 5344 5472 5345
3 5345 5472 5473
3 5345 5473 5346
3 5346 5473 5474
3 5346 5474 5347
3 5347 5474 5475
3 5347 5475 5348
3 5348 5475 5476
3 5348 5476 5349
3 5349 5476 5477
3 5349 5477 5350
3 5350 5477 5478
3 5350 5478 5351
3 5351 5478 5479
3 5351 5479 5352
3 5352 5479 5480
3 5352 5480 5353
3 5353 5480 5481
3 5353 5481 5354
3 5354 5481 5482
3 5354 5482 5355
3 5355 5482 5483
3 5355 5483 5356
3 5356 5483 5484
3 5356 5484 5357
3 5357 5484 5485
3 5357 5485 5358
3 5358 5485 5486
3 5358 5486 5359
3 5359 5486 5487
3 5359 5487 5360
3 5360 5487 5488
3 5360 5488 5361
3 5361 5488 5489
3 5361 5489 5362
3 5362 5489 5490
3 5362 5490 5363
3 5363 5490 5491
3 5363 5491 5364
3 5364 5491 5492
3 5364 5492 5365
3 5365 5492 5493
3 5365 5493 5366
3 5366 5493 5494
3 5366 5494 5367
3 5367 5494 5495
3 5367 5495 5368
3 5368 5495 5496
3 5368 5496 5369
3 5369 5496 5497
3 5369 5497 5370
3 5370 5497 5498
3 5370 5498 5371
3 5371 5498 5499
3 5371 5499 5372
3 5372 5499 5500
3 5372 5500 5373
3 5373 5500 5501
3 5373 5501 5374
3 5374 5501 5502
3 5374 5502 5375
3 5375 5502 5503
3 5375 5503 5376
3 5376 5503 5504
3 5376 5504 5377
3 5377 5504 5505
3 5377 5505 5250
3 5250 5505 5378
3 5378 5506 5379
3 5379 5506 5507
3 5379 5507 5380
3 5380 5507 5508
3 5380 5508 5381
3 5381 5508 5509
3 5381 5509 5382
3 5382 5509 5510
3 5382 5510 5383
3 5383 5510 5511
3 5383 5511 5384
3 5384 5511 5512
3 5384 5512 5385
3 5385 5512 5513
3 5385 5513 5386
3 5386 5513 5514
3 5386 5514 5387
3 5387 5514 5515
3 5387 5515 5388
3 5388 5515 5516
3 5388 5516 5389
3 5389 5516 5517
3 5389 5517 5390
3 5390 5517 5518
3 5390 5518 5391
3 5391 5518 5519
3 5391 5519 5392
3 5392 5519 5520
3 5392 5520 5393
3 5393 5520 5521
3 5393 5521 5394
3 5394 5521 5522
3 5394 5522 5395
3 5395 5522 5523
3 5395 5523 5396
3 5396 5523 5524
3 5396 5524 5397
3 5397 5524 5525
3 5397 5525 5398
3 5398 5525 5526
3 5398 5526 5399
3 5399 5526 5527
3 5399 5527 5400
3 5400 5527 5528
3 5400 5528 5401
3 5401 5528 5529
3 5401 5529 5402
3 5402 5529 5530
3 5402 5530 5403
3 5403 5530 5531
3 5403 5531 5404
3 5404 5531 5532
3 5404 5532 5405
3 5405 5532 5533
3 5405 5533 5406
3 5406 5533 5534
3 5406 5534 5407
3 5407 5534 5535
3 5407 5535 5408
3 5408 5535 5536
3 5408 5536 5409
3 5409 5536 5537
3 5409 5537 5410
3 5410 5537 5538
3 5410 5538 5411
3 5411 5538 5539
3 5411 5539 5412
3 5412 5539 5540
3 5412 5540 5413
3 5413 5540 5541
3 5413 5541 5414
3 5414 5541 5542
3 5414 5542 5415
3 5415 5542 5543
3 5415 5543 5416
3 5416 5543 5544
3 5416 5544 5417
3 5417 5544 5545
3 5417 5545 5418
3 5418 5545 5546
3 5418 5546 5419
3 5419 5546 5547
3 5419 5547 5420
3 5420 5547 5548
3 5420 5548 5421
3 5421 5548 5549
3 5421 5549 5422
3 5422 5549 5550
3 5422 5550 5423
3 5423 5550 5551
3 5423 5551 5424
3 5424 5551 5552
3 5424 5552 5425
3 5425 5552 5553
3 5425 5553 5426
3 5426 5553 5554
3 5426 5554 5427
3 5427 5554 5555
3 5427 5555 5428
3 5428 5555 5556
3 5428 5556 5429
3 5429 5556 5557
3 5429 5557 5430
3 5430 5557 5558
3 5430 5558 5431
3 5431 5558 5559
3 5431 5559 5432
3 5432 5559 5560
3 5432 5560 5433
3 5433 5560 5561
3 5433 5561 5434
3 5434 5561 5562
3 5434 5562 5435
3 5435 5562 5563
3 5435 5563 5436
3 5436 5563 5564
3 5436 5564 5437
3 5437 5564 5565
3 5437 5565 5438
3 5438 5565 5566
3 5438 5566 5439
3 5439 5566 5567
3 5439 5567 5440
3 5440 5567 5568
3 5440 5568 5441
3 5441 5568 5569
3 5441 5569 5442
3 5442 5569 5570
3 5442 5570 5443
3 5443 5570 5571
3 5443 5571 5444
3 5444 5571 5572
3 5444 5572 5445
3 5445 5572 5573
3 5445 5573 5446
3 5446 5573 5574
3 5446 5574 5447
3 5447 5574 5575
3 5447 5575 5448
3 5448 5575 5576
3 5448 5576 5449
3 5449 5576 5577
3 5449 5577 5450
3 5450 5577 5578
3 5450 5578 5451
3 5451 5578 5579
3 5451 5579 5452
3 5452 5579 5580
3 5452 5580 5453
3 5453 5580 5581
3 5453 5581 5454
3 5454 5581 5582
3 5454 5582 5455
3 5455 5582 5583
3 5455 5583 5456
3 5456 5583 5584
3 5456 5584 5457
3 5457 5584 5585
3 5457 5585 5458
3 5458 5585 5586
3 5458 5586 5459
3 5459 5586 5587
3 5459 5587 5460
3 5460 5587 5588
3 5460 5588 5461
3 5461 5588 5589
3 5461 5589 5462
3 5462 5589 5590
3 5462 5590 5463
3 5463 5590 5591
3 5463 5591 5464
3 5464 5591 5592
3 5464 5592 5465
3 5465 5592 5593
3 5465 5593 5466
3 5466 5593 5594
3 5466 5594 5467
3 5467 5594 5595
3 5467 5595 5468
3 5468 5595 5596
3 5468 5596 5469
3 5469 5596 5597
3 5469 5597 5470
3 5470 5597 5598
3 5470 5598 5471
3 5471 5598 5599
3 5471 5599 5472
3 5472 5599 5600
3 5472 5600 5473
3 5473 5600 5601
3 5473 5601 5474
3 5474 5601 5602
3 5474 5602 5475
3 5475 5602 5603
3 5475 5603 5476
3 5476 5603 5604
3 5476 5604 5477
3 5477 5604 5605
3 5477 5605 5478
3 5478 5605 5606
3 5478 5606 5479
3 5479 5606 5607
3 5479 5607 5480
3 5480 5607 5608
3 5480 5608 5481
3 5481 5608 5609
3 5481 5609 5482
3 5482 5609 5610
3 5482 5610 5483
3 5483 5610 5611
3 5483 5611 5484
3 5484 5611 5612
3 5484 5612 5485
3 5485 5612 5613
3 5485 5613 5486
3 5486 5613 5614
3 5486 5614 5487
3 5487 5614 5615
3 5487 5615 5488
3 5488 5615 5616
3 5488 5616 5489
3 5489 5616 5617
3 5489 5617 5490
3 5490 5617 5618
3 5490 5618 5491
3 5491 5618 5619
3 5491 5619 5492
3 5492 5619 5620
3 5492 5620 5493
3 5493 5620 5621
3 5493 5621 5494
3 5494 5621 5622
3 5494 5622 5495
3 5495 5622 5623
3 5495 5623 5496
3 5496 5623 5624
3 5496 5624 5497
3 5497 5624 5625
3 5497 5625 5498
3 5498 5625 5626
3 5498 5626 5499
3 5499 5626 5627
3 5499 5627 5500
3 5500 5627 5628
3 5500 5628 5501
3 5501 5628 5629
3 5501 5629 5502
3 5502 5629 5630
3 5502 5630 5503
3 5503 5630 5631
3 5503 5631 5504
3 5504 5631 5632
3 5504 5632 5505
3 5505 5632 5633
3 5505 5633 5378
3 5378 5633 5506
3 5506 5634 5507
3 5507 5634 5635
3 5507 5635 5508
3 5508 5635 5636
3 5508 5636 5509
3 5509 5636 5637
3 5509 5637 5510
3 5510 5637 5638
3 5510 5638 5511
3 5511 5638 5639
3 5511 5639 5512
3 5512 5639 5640
3 5512 5640 5513
3 5513 5640 5641
3 5513 5641 5514
3 5514 5641 5642
3 5514 5642 5515
3 5515 5642 5643
3 5515 5643 5516
3 5516 5643 5644
3 5516 5644 5517
3 5517 5644 5645
3 5517 5645 5518
3 5518 5645 5646
3 5518 5646 5519
3 5519 5646 5647
3 5519 5647 5520
3 5520 5647 5648
3 5520 5648 5521
3 5521 5648 5649
3 5521 5649 5522
3 5522 5649 5650
3 5522 5650 5523
3 5523 5650 5651
3 5523 5651 5524
3 5524 5651 5652
3 5524 5652 5525
3 5525 5652 5653
3 5525 5653 5526
3 5526 5653 5654
3 5526 5654 5527
3 5527 5654 5655
3 5527 5655 5528
3 5528 5655 5656
3 5528 5656 5529
3 5529 5656 5657
3 5529 5657 5530
3 5530 5657 5658
3 5530 5658 5531
3 5531 5658 5659
3 5531 5659 5532
3 5532 5659 5660
3 5532 5660 5533
3 5533 5660 5661
3 5533 5661 5534
3 5534 5661 5662
3 5534 5662 5535
3 5535 5662 5663
3 5535 5663 5536
3 5536 5663 5664
3 5536 5664 5537
3 5537 5664 5665
3 5537 5665 5538
3 5538 5665 5666
3 5538 5666 5539
3 5539 5666 5667
3 5539 5667 5540
3 5540 5667 5668
3 5540 5668 5541
3 5541 5668 5669
3 5541 5669 5542
3 5542 5669 5670
3 5542 5670 5543
3 5543 5670 5671
3 5543 5671 5544
3 5544 5671 5672
3 5544 5672 5545
3 5545 5672 5673
3 5545 5673 5546
3 5546 5673 5674
3 5546 5674 5547
3 5547 5674 5675
3 5547 5675 5548
3 5548 5675 5676
3 5548 5676 5549
3 5549 5676 5677
3 5549 5677 5550
3 5550 5677 5678
3 5550 5678 5551
3 5551 5678 5679
3 5551 5679 5552
3 5552 5679 5680
3 5552 5680 5553
3 5553 5680 5681
3 5553 5681 5554
3 5554 5681 5682
3 5554 5682 5555
3 5555 5682 5683
3 5555 5683 5556
3 5556 5683 5684
3 5556 5684 5557
3 5557 5684 5685
3 5557 5685 5558
3 5558 5685 5686
3 5558 5686 5559
3 5559 5686 5687
3 5559 5687 5560
3 5560 5687 5688
3 5560 5688 5561
3 5561 5688 5689
3 5561 5689 5562
3 5562 5689 5690
3 5562 5690 5563
3 5563 5690 5691
3 5563 5691 5564
3 5564 5691 5692
3 5564 5692 5565
3 5565 5692 5693
3 5565 5693 5566
3 5566 5693 5694
3 5566 5694 5567
3 5567 5694 5695
3 5567 5695 5568
3 5568 5695 5696
3 5568 5696 5569
3 5569 5696 5697
3 5569 5697 5570
3 5570 5697 5698
3 5570 5698 5571
3 5571 5698 5699
3 5571 5699 5572
3 5572 5699 5700
3 5572 5700 5573
3 5573 5700 5701
3 5573 5701 5574
3 5574 5701 5702
3 5574 5702 5575
3 5575 5702 5703
3 5575 5703 5576
3 5576 5703 5704
3 5576 5704 5577
3 5577 5704 5705
3 5577 5705 5578
3 5578 5705 5706
3 5578 5706 5579
3 5579 5706 5707
3 5579 5707 5580
3 5580 5707 5708
3 5580 5708 5581
3 5581 5708 5709
3 5581 5709 5582
3 5582 5709 5710
3 5582 5710 5583
3 5583 5710 5711
3 5583 5711 5584
3 5584 5711 5712
3 5584 5712 5585
3 5585 5712 5713
3 5585 5713 5586
3 5586 5713 5714
3 5586 5714 5587
3 5587 5714 5715
3 5587 5715 5588
3 5588 5715 5716
3 5588 5716 5589
3 5589 5716 5717
3 5589 5717 5590
3 5590 5717 5718
3 5590 5718 5591
3 5591 5718 5719
3 5591 5719 5592
3 5592 5719 5720
3 5592 5720 5593
3 5593 5720 5721
3 5593 5721 5594
3 5594 5721 5722
3 5594 5722 5595
3 5595 5722 5723
3 5595 5723 5596
3 5596 5723 5724
3 5596 5724 5597
3 5597 5724 5725
3 5597 5725 5598
3 5598 5725 5726
3 5598 5726 5599
3 5599 5726 5727
3 5599 5727 5600
3 5600 5727 5728
3 5600 5728 5601
3 5601 5728 5729
3 5601 5729 5602
3 5602 5729 5730
3 5602 5730 5603
3 5603 5730 5731
3 5603 5731 5604
3 5604 5731 5732
3 5604 5732 5605
3 5605 5732 5733
3 5605 5733 5606
3 5606 5733 5734
3 5606 5734 5607
3 5607 5734 5735
3 5607 5735 5608
3 5608 5735 5736
3 5608 5736 5609
3 5609 5736 5737
3 5609 5737 5610
3 5610 5737 5738
3 5610 5738 5611
3 5611 5738 5739
3 5611 5739 5612
3 5612 5739 5740
3 5612 5740 5613
3 5613 5740 5741
3 5613 5741 5614
3 5614 5741 5742
3 5614 5742 5615
3 5615 5742 5743
3 5615 5743 5616
3 5616 5743 5744
3 5616 5744 5617
3 5617 5744 5745
3 5617 5745 5618
3 5618 5745 5746
3 5618 5746 5619
3 5619 5746 5747
3 5619 5747 5620
3 5620 5747 5748
3 5620 5748 5621
3 5621 5748 5749
3 5621 5749 5622
3 5622 5749 5750
3 5622 5750 5623
3 5623 5750 5751
3 5623 5751 5624
3 5624 5751 5752
3 5624 5752 5625
3 5625 5752 5753
3 5625 5753 5626
3 5626 5753 5754
3 5626 5754 5627
3 5627 5754 5755
3 5627 5755 5628
3 5628 5755 5756
3 5628 5756 5629
3 5629 5756 5757
3 5629 5757 5630
3 5630 5757 5758
3 5630 5758 5631
3 5631 5758 5759
3 5631 5759 5632
3 5632 5759 5760
3 5632 5760 5633
3 5633 5760 5761
3 5633 5761 5506
3 5506 5761 5634
3 5634 5762 5635
3 5635 5762 5763
3 5635 5763 5636
3 5636 5763 5764
3 5636 5764 5637
3 5637 5764 5765
3 5637 5765 5638
3 5638 5765 5766
3 5638 5766 5639
3 5639 5766 5767
3 5639 5767 5640
3 5640 5767 5768
3 5640 5768 5641
3 5641 5768 5769
3 5641 5769 5642
3 5642 5769 5770
3 5642 5770 5643
3 5643 5770 5771
3 5643 5771 5644
3 5644 5771 5772
3 5644 5772 5645
3 5645 5772 5773
3 5645 5773 5646
3 5646 5773 5774
3 5646 5774 5647
3 5647 5774 5775
3 5647 5775 5648
3 5648 5775 5776
3 5648 5776 5649
3 5649 5776 5777
3 5649 5777 5650
3 5650 5777 5778
3 5650 5778 5651
3 5651 5778 5779
3 5651 5779 5652
3 5652 5779 5780
3 5652 5780 5653
3 5653 5780 5781
3 5653 5781 5654
3 5654 5781 5782
3 5654 5782 5655
3 5655 5782 5783
3 5655 5783 5656
3 5656 5783 5784
3 5656 5784 5657
3 5657 5784 5785
3 5657 5785 5658
3 5658 5785 5786
3 5658 5786 5659
3 5659 5786 5787
3 5659 5787 5660
3 5660 5787 5788
3 5660 5788 5661
3 5661 5788 5789
3 5661 5789 5662
3 5662 5789 5790
3 5662 5790 5663
3 5663 5790 5791
3 5663 5791 5664
3 5664 5791 5792
3 5664 5792 5665
3 5665 5792 5793
3 5665 5793 5666
3 5666 5793 5794
3 5666 5794 5667
3 5667 5794 5795
3 5667 5795 5668
3 5668 5795 5796
3 5668 5796 5669
3 5669 5796 5797
3 5669 5797 5670
3 5670 5797 5798
3 5670 5798 5671
3 5671 5798 5799
3 5671 5799 5672
3 5672 5799 5800
3 5672 5800 5673
3 5673 5800 5801
3 5673 5801 5674
3 5674 5801 5802
3 5674 5802 5675
3 5675 5802 5803
3 5675 5803 5676
3 5676 5803 5804
3 5676 5804 5677
3 5677 5804 5805
3 5677 5805 5678
3 5678 5805 5806
3 5678 5806 5679
3 5679 5806 5807
3 5679 5807 5680
3 5680 5807 5808
3 5680 5808 5681
3 5681 5808 5809
3 5681 5809 5682
3 5682 5809 5810
3 5682 5810 5683
3 5683 5810 5811
3 5683 5811 5684
3 5684 5811 5812
3 5684 5812 5685
3 5685 5812 5813
3 5685 5813 5686
3 5686 5813 5814
3 5686 5814 5687
3 5687 5814 5815
3 5687 5815 5688
3 5688 5815 5816
3 5688 5816 5689
3 5689 5816 5817
3 5689 5817 5690
3 5690 5817 5818
3 5690 5818 5691
3 5691 5818 5819
3 5691 5819 5692
3 5692 5819 5820
3 5692 5820 5693
3 5693 5820 5821
3 5693 5821 5694
3 5694 5821 5822
3 5694 5822 5695
3 5695 5822 5823
3 5695 5823 5696
3 5696 5823 5824
3 5696 5824 5697
3 5697 5824 5825
3 5697 5825 5698
3 5698 5825 5826
3 5698 5826 5699
3 5699 5826 5827
3 5699 5827 5700
3 5700 5827 5828
3 5700 5828 5701
3 5701 5828 5829
3 5701 5829 5702
3 5702 5829 5830
3 5702 5830 5703
3 5703 5830 5831
3 5703 5831 5704
3 5704 5831 5832
3 5704 5832 5705
3 5705 5832 5833
3 5705 5833 5706
3 5706 5833 5834
3 5706 5834 5707
3 5707 5834 5835
3 5707 5835 5708
3 5708 5835 5836
3 5708 5836 5709
3 5709 5836 5837
3 5709 5837 5710
3 5710 5837 5838
3 5710 5838 5711
3 5711 5838 5839
3 5711 5839 5712
3 5712 5839 5840
3 5712 5840 5713
3 5713 5840 5841
3 5713 5841 5714
3 5714 5841 5842
3 5714 5842 5715
3 5715 5842 5843
3 5715 5843 5716
3 5716 5843 5844
3 5716 5844 5717
3 5717 5844 5845
3 5717 5845 5718
3 5718 5845 5846
3 5718 5846 5719
3 5719 5846 5847
3 5719 5847 5720
3 5720 5847 5848
3 5720 5848 5721
3 5721 5848 5849
3 5721 5849 5722
3 5722 5849 5850
3 5722 5850 5723
3 5723 5850 5851
3 5723 5851 5724
3 5724 5851 5852
3 5724 5852 5725
3 5725 5852 5853
3 5725 5853 5726
3 5726 5853 5854
3 5726 5854 5727
3 5727 5854 5855
3 5727 5855 5728
3 5728 5855 5856
3 5728 5856 5729
3 5729 5856 5857
3 5729 5857 5730
3 5730 5857 5858
3 5730 5858 5731
3 5731 5858 5859
3 5731 5859 5732
3 5732 5859 5860
3 5732 5860 5733
3 5733 5860 5861
3 5733 5861 5734
3 5734 5861 5862
3 5734 5862 5735
3 5735 5862 5863
3 5735 5863 5736
3 5736 5863 5864
3 5736 5864 5737
3 5737 5864 5865
3 5737 5865 5738
3 5738 5865 5866
3 5738 5866 5739
3 5739 5866 5867
3 5739 5867 5740
3 5740 5867 5868
3 5740 5868 5741
3 5741 5868 5869
3 5741 5869 5742
3 5742 5869 5870
3 5742 5870 5743
3 5743 5870 5871
3 5743 5871 5744
3 5744 5871 5872
3 5744 5872 5745
3 5745 5872 5873
3 5745 5873 5746
3 5746 5873 5874
3 5746 5874 5747
3 5747 5874 5875
3 5747 5875 5748
3 5748 5875 5876
3 5748 5876 5749
3 5749 5876 5877
3 5749 5877 5750
3 5750 5877 5878
3 5750 5878 5751
3 5751 5878 5879
3 5751 5879 5752
3 5752 5879 5880
3 5752 5880 5753
3 5753 5880 5881
3 5753 5881 5754
3 5754 5881 5882
3 5754 5882 5755
3 5755 5882 5883
3 5755 5883 5756
3 5756 5883 5884
3 5756 5884 5757
3 5757 5884 5885
3 5757 5885 5758
3 5758 5885 5886
3 5758 5886 5759
3 5759 5886 5887
3 5759 5887 5760
3 5760 5887 5888
3 5760 5888 5761
3 5761 5888 5889
3 5761 5889 5634
3 5634 5889 5762
3 5762 5890 5763
3 5763 5890 5891
3 5763 5891 5764
3 5764 5891 5892
3 5764 5892 5765
3 5765 5892 5893
3 5765 5893 5766
3 5766 5893 5894
3 5766 5894 5767
3 5767 5894 5895
3 5767 5895 5768
3 5768 5895 5896
3 5768 5896 5769
3 5769 5896 5897
3 5769 5897 5770
3 5770 5897 5898
3 5770 5898 5771
3 5771 5898 5899
3 5771 5899 5772
3 5772 5899 5900
3 5772 5900 5773
3 5773 5900 5901
3 5773 5901 5774
3 5774 5901 5902
3 5774 5902 5775
3 5775 5902 5903
3 5775 5903 5776
3 5776 5903 5904
3 5776 5904 5777
3 5777 5904 5905
3 5777 5905 5778
3 5778 5905 5906
3 5778 5906 5779
3 5779 5906 5907
3 5779 5907 5780
3 5780 5907 5908
3 5780 5908 5781
3 5781 5908 5909
3 5781 5909 5782
3 5782 5909 5910
3 5782 5910 5783
3 5783 5910 5911
3 5783 5911 5784
3 5784 5911 5912
3 5784 5912 5785
3 5785 5912 5913
3 5785 5913 5786
3 5786 5913 5914
3 5786 5914 5787
3 5787 5914 5915
3 5787 5915 5788
3 5788 5915 5916
3 5788 5916 5789
3 5789 5916 5917
3 5789 5917 5790
3 5790 5917 5918
3 5790 5918 5791
3 5791 5918 5919
3 5791 5919 5792
3 5792 5919 5920
3 5792 5920 5793
3 5793 5920 5921
3 5793 5921 5794
3 5794 5921 5922
3 5794 5922 5795
3 5795 5922 5923
3 5795 5923 5796
3 5796 5923 5924
3 5796 5924 5797
3 5797 5924 5925
3 5797 5925 5798
3 5798 5925 5926
3 5798 5926 5799
3 5799 5926 5927
3 5799 5927 5800
3 5800 5927 5928
3 5800 5928 5801
3 5801 5928 5929
3 5801 5929 5802
3 5802 5929 5930
3 5802 5930 5803
3 5803 5930 5931
3 5803 5931 5804
3 5804 5931 5932
3 5804 5932 5805
3 5805 5932 5933
3 5805 5933 5806
3 5806 5933 5934
3 5806 5934 5807
3 5807 5934 5935
3 5807 5935 5808
3 5808 5935 5936
3 5808 5936 5809
3 5809 5936 5937
3 5809 5937 5810
3 5810 5937 5938
3 5810 5938 5811
3 5811 5938 5939
3 5811 5939 5812
3 5812 5939 5940
3 5812 5940 5813
3 5813 5940 5941
3 5813 5941 5814
3 5814 5941 5942
3 5814 5942 5815
3 5815 5942 5943
3 5815 5943 5816
3 5816 5943 5944
3 5816 5944 5817
3 5817 5944 5945
3 5817 5945 5818
3 5818 5945 5946
3 5818 5946 5819
3 5819 5946 5947
3 5819 5947 5820
3 5820 5947 5948
3 5820 5948 5821
3 5821 5948 5949
3 5821 5949 5822
3 5822 5949 5950
3 5822 5950 5823
3 5823 5950 5951
3 5823 5951 5824
3 5824 5951 5952
3 5824 5952 5825
3 5825 5952 5953
3 5825 5953 5826
3 5826 5953 5954
3 5826 5954 5827
3 5827 5954 5955
3 5827 5955 5828
3 5828 5955 5956
3 5828 5956 5829
3 5829 5956 5957
3 5829 5957 5830
3 5830 5957 5958
3 5830 5958 5831
3 5831 5958 5959
3 5831 5959 5832
3 5832 5959 5960
3 5832 5960 5833
3 5833 5960 5961
3 5833 5961 5834
3 5834 5961 5962
3 5834 5962 5835
3 5835 5962 5963
3 5835 5963 5836
3 5836 5963 5964
3 5836 5964 5837
3 5837 5964 5965
3 5837 5965 5838
3 5838 5965 5966
3 5838 5966 5839
3 5839 5966 5967
3 5839 5967 5840
3 5840 5967 5968
3 5840 5968 5841
3 5841 5968 5969
3 5841 5969 5842
3 5842 5969 5970
3 5842 5970 5843
3 5843 5970 5971
3 5843 5971 5844
3 5844 5971 5972
3 5844 5972 5845
3 5845 5972 5973
3 5845 5973 5846
3 5846 5973 5974
3 5846 5974 5847
3 5847 5974 5975
3 5847 5975 5848
3 5848 5975 5976
3 5848 5976 5849
3 5849 5976 5977
3 5849 5977 5850
3 5850 5977 5978
3 5850 5978 5851
3 5851 5978 5979
3 5851 5979 5852
3 5852 5979 5980
3 5852 5980 5853
3 5853 5980 5981
3 5853 5981 5854
3 5854 5981 5982
3 5854 5982 5855
3 5855 5982 5983
3 5855 5983 5856
3 5856 5983 5984
3 5856 5984 5857
3 5857 5984 5985
3 5857 5985 5858
3 5858 5985 5986
3 5858 5986 5859
3 5859 5986 5987
3 5859 5987 5860
3 5860 5987 5988
3 5860 5988 5861
3 5861 5988 5989
3 5861 5989 5862
3 5862 5989 5990
3 5862 5990 5863
3 5863 5990 5991
3 5863 5991 5864
3 5864 5991 5992
3 5864 5992 5865
3 5865 5992 5993
3 5865 5993 5866
3 5866 5993 5994
3 5866 5994 5867
3 5867 5994 5995
3 5867 5995 5868
3 5868 5995 5996
3 5868 5996 5869
3 5869 5996 5997
3 5869 5997 5870
3 5870 5997 5998
3 5870 5998 5871
3 5871 5998 5999
3 5871 5999 5872
3 5872 5999 6000
3 5872 6000 5873
3 5873 6000 6001
3 5873 6001 5874
3 5874 6001 6002
3 5874 6002 5875
3 5875 6002 6003
3 5875 6003 5876
3 5876 6003 6004
3 5876 6004 5877
3 5877 6004 6005
3 5877 6005 5878
3 5878 6005 6006
3 5878 6006 5879
3 5879 6006 6007
3 5879 6007 5880
3 5880 6007 6008
3 5880 6008 5881
3 5881 6008 6009
3 5881 6009 5882
3 5882 6009 6010
3 5882 6010 5883
3 5883 6010 6011
3 5883 6011 5884
3 5884 6011 6012
3 5884 6012 5885
3 5885 6012 6013
3 5885 6013 5886
3 5886 6013 6014
3 5886 6014 5887
3 5887 6014 6015
3 5887 6015 5888
3 5888 6015 6016
3 5888 6016 5889
3 5889 6016 6017
3 5889 6017 5762
3 5762 6017 5890
3 5890 6018 5891
3 5891 6018 6019
3 5891 6019 5892
3 5892 6019 6020
3 5892 6020 5893
3 5893 6020 6021
3 5893 6021 5894
3 5894 6021 6022
3 5894 6022 5895
3 5895 6022 6023
3 5895 6023 5896
3 5896 6023 6024
3 5896 6024 5897
3 5897 6024 6025
3 5897 6025 5898
3 5898 6025 6026
3 5898 6026 5899
3 5899 6026 6027
3 5899 6027 5900
3 5900 6027 6028
3 5900 6028 5901
3 5901 6028 6029
3 5901 6029 5902
3 5902 6029 6030
3 5902 6030 5903
3 5903 6030 6031
3 5903 6031 5904
3 5904 6031 6032
3 5904 6032 5905
3 5905 6032 6033
3 5905 6033 5906
3 5906 6033 6034
3 5906 6034 5907
3 5907 6034 6035
3 5907 6035 5908
3 5908 6035 6036
3 5908 6036 5909
3 5909 6036 6037
3 5909 6037 5910
3 5910 6037 6038
3 5910 6038 5911
3 5911 6038 6039
3 5911 6039 5912
3 5912 6039 6040
3 5912 6040 5913
3 5913 6040 6041
3 5913 6041 5914
3 5914 6041 6042
3 5914 6042 5915
3 5915 6042 6043
3 5915 6043 5916
3 5916 6043 6044
3 5916 6044 5917
3 5917 6044 6045
3 5917 6045 5918
3 5918 6045 6046
3 5918 6046 5919
3 5919 6046 6047
3 5919 6047 5920
3 5920 6047 6048
3 5920 6048 5921
3 5921 6048 6049
3 5921 6049 5922
3 5922 6049 6050
3 5922 6050 5923
3 5923 6050 6051
3 5923 6051 5924
3 5924 6051 6052
3 5924 6052 5925
3 5925 6052 6053
3 5925 6053 5926
3 5926 6053 6054
3 5926 6054 5927
3 5927 6054 6055
3 5927 6055 5928
3 5928 6055 6056
3 5928 6056 5929
3 5929 6056 6057
3 5929 6057 5930
3 5930 6057 6058
3 5930 6058 5931
3 5931 6058 6059
3 5931 6059 5932
3 5932 6059 6060
3 5932 6060 5933
3 5933 6060 6061
3 5933 6061 5934
3 5934 6061 6062
3 5934 6062 5935
3 5935 6062 6063
3 5935 6063 5936
3 5936 6063 6064
3 5936 6064 5937
3 5937 6064 6065
3 5937 6065 5938
3 5938 6065 6066
3 5938 6066 5939
3 5939 6066 6067
3 5939 6067 5940
3 5940 6067 6068
3 5940 6068 5941
3 5941 6068 6069
3 5941 6069 5942
3 5942 6069 6070
3 5942 6070 5943
3 5943 6070 6071
3 5943 6071 5944
3 5944 6071 6072
3 5944 6072 5945
3 5945 6072 6073
3 5945 6073 5946
3 5946 6073 6074
3 5946 6074 5947
3 5947 6074 6075
3 5947 6075 5948
3 5948 6075 6076
3 5948 6076 5949
3 5949 6076 6077
3 5949 6077 5950
3 5950 6077 6078
3 5950 6078 5951
3 5951 6078 6079
3 5951 6079 5952
3 5952 6079 6080
3 5952 6080 5953
3 5953 6080 6081
3 5953 6081 5954
3 5954 6081 6082
3 5954 6082 5955
3 5955 6082 6083
3 5955 6083 5956
3 5956 6083 6084
3 5956 6084 5957
3 5957 6084 6085
3 5957 6085 5958
3 5958 6085 6086
3 5958 6086 5959
3 5959 6086 6087
3 5959 6087 5960
3 5960 6087 6088
3 5960 6088 5961
3 5961 6088 6089
3 5961 6089 5962
3 5962 6089 6090
3 5962 6090 5963
3 5963 6090 6091
3 5963 6091 5964
3 5964 6091 6092
3 5964 6092 5965
3 5965 6092 6093
3 5965 6093 5966
3 5966 6093 6094
3 5966 6094 5967
3 5967 6094 6095
3 5967 6095 5968
3 5968 6095 6096
3 5968 6096 5969
3 5969 6096 6097
3 5969 6097 5970
3 5970 6097 6098
3 5970 6098 5971
3 5971 6098 6099
3 5971 6099 5972
3 5972 6099 6100
3 5972 6100 5973
3 5973 6100 6101
3 5973 6101 5974
3 5974 6101 6102
3 5974 6102 5975
3 5975 6102 6103
3 5975 6103 5976
3 5976 6103 6104
3 5976 6104 5977
3 5977 6104 6105
3 5977 6105 5978
3 5978 6105 6106
3 5978 6106 5979
3 5979 6106 6107
3 5979 6107 5980
3 5980 6107 6108
3 5980 6108 5981
3 5981 6108 6109
3 5981 6109 5982
3 5982 6109 6110
3 5982 6110 5983
3 5983 6110 6111
3 5983 6111 5984
3 5984 6111 6112
3 5984 6112 5985
3 5985 6112 6113
3 5985 6113 5986
3 5986 6113 6114
3 5986 6114 5987
3 5987 6114 6115
3 5987 6115 5988
3 5988 6115 6116
3 5988 6116 5989
3 5989 6116 6117
3 5989 6117 5990
3 5990 6117 6118
3 5990 6118 5991
3 5991 6118 6119
3 5991 6119 5992
3 5992 6119 6120
3 5992 6120 5993
3 5993 6120 6121
3 5993 6121 5994
3 5994 6121 6122
3 5994 6122 5995
3 5995 6122 6123
3 5995 6123 5996
3 5996 6123 6124
3 5996 6124 5997
3 5997 6124 6125
3 5997 6125 5998
3 5998 6125 6126
3 5998 6126 5999
3 5999 6126 6127
3 5999 6127 6000
3 6000 6127 6128
3 6000 6128 6001
3 6001 6128 6129
3 6001 6129 6002
3 6002 6129 6130
3 6002 6130 6003
3 6003 6130 6131
3 6003 6131 6004
3 6004 6131 6132
3 6004 6132 6005
3 6005 6132 6133
3 6005 6133 6006
3 6006 6133 6134
3 6006 6134 6007
3 6007 6134 6135
3 6007 6135 6008
3 6008 6135 6136
3 6008 6136 6009
3 6009 6136 6137
3 6009 6137 6010
3 6010 6137 6138
3 6010 6138 6011
3 6011 6138 6139
3 6011 6139 6012
3 6012 6139 6140
3 6012 6140 6013
3 6013 6140 6141
3 6013 6141 6014
3 6014 6141 6142
3 6014 6142 6015
3 6015 6142 6143
3 6015 6143 6016
3 6016 6143 6144
3 6016 6144 6017
3 6017 6144 6145
3 6017 6145 5890
3 5890 6145 6018
3 6018 6146 6019
3 6019 6146 6147
3 6019 6147 6020
3 6020 6147 6148
3 6020 6148 6021
3 6021 6148 6149
3 6021 6149 6022
3 6022 6149 6150
3 6022 6150 6023
3 6023 6150 6151
3 6023 6151 6024
3 6024 6151 6152
3 6024 6152 6025
3 6025 6152 6153
3 6025 6153 6026
3 6026 6153 6154
3 6026 6154 6027
3 6027 6154 6155
3 6027 6155 6028
3 6028 6155 6156
3 6028 6156 6029
3 6029 6156 6157
3 6029 6157 6030
3 6030 6157 6158
3 6030 6158 6031
3 6031 6158 6159
3 6031 6159 6032
3 6032 6159 6160
3 6032 6160 6033
3 6033 6160 6161
3 6033 6161 6034
3 6034 6161 6162
3 6034 6162 6035
3 6035 6162 6163
3 6035 6163 6036
3 6036 6163 6164
3 6036 6164 6037
3 6037 6164 6165
3 6037 6165 6038
3 6038 6165 6166
3 6038 6166 6039
3 6039 6166 6167
3 6039 6167 6040
3 6040 6167 6168
3 6040 6168 6041
3 6041 6168 6169
3 6041 6169 6042
3 6042 6169 6170
3 6042 6170 6043
3 6043 6170 6171
3 6043 6171 6044
3 6044 6171 6172
3 6044 6172 6045
3 6045 6172 6173
3 6045 6173 6046
3 6046 6173 6174
3 6046 6174 6047
3 6047 6174 6175
3 6047 6175 6048
3 6048 6175 6176
3 6048 6176 6049
3 6049 6176 6177
3 6049 6177 6050
3 6050 6177 6178
3 6050 6178 6051
3 6051 6178 6179
3 6051 6179 6052
3 6052 6179 6180
3 6052 6180 6053
3 6053 6180 6181
3 6053 6181 6054
3 6054 6181 6182
3 6054 6182 6055
3 6055 6182 6183
3 6055 6183 6056
3 6056 6183 6184
3 6056 6184 6057
3 6057 6184 6185
3 6057 6185 6058
3 6058 6185 6186
3 6058 6186 6059
3 6059 6186 6187
3 6059 6187 6060
3 6060 6187 6188
3 6060 6188 6061
3 6061 6188 6189
3 6061 6189 6062
3 6062 6189 6190
3 6062 6190 6063
3 6063 6190 6191
3 6063 6191 6064
3 6064 6191 6192
3 6064 6192 6065
3 6065 6192 6193
3 6065 6193 6066
3 6066 6193 6194
3 6066 6194 6067
3 6067 6194 6195
3 6067 6195 6068
3 6068 6195 6196
3 6068 6196 6069
3 6069 6196 6197
3 6069 6197 6070
3 6070 6197 6198
3 6070 6198 6071
3 6071 6198 6199
3 6071 6199 6072
3 6072 6199 6200
3 6072 6200 6073
3 6073 6200 6201
3 6073 6201 6074
3 6074 6201 6202
3 6074 6202 6075
3 6075 6202 6203
3 6075 6203 6076
3 6076 6203 6204
3 6076 6204 6077
3 6077 6204 6205
3 6077 6205 6078
3 6078 6205 6206
3 6078 6206 6079
3 6079 6206 6207
3 6079 6207 6080
3 6080 6207 6208
3 6080 6208 6081
3 6081 6208 6209
3 6081 6209 6082
3 6082 6209 6210
3 6082 6210 6083
3 6083 6210 6211
3 6083 6211 6084
3 6084 6211 6212
3 6084 6212 6085
3 6085 6212 6213
3 6085 6213 6086
3 6086 6213 6214
3 6086 6214 6087
3 6087 6214 6215
3 6087 6215 6088
3 6088 6215 6216
3 6088 6216 6089
3 6089 6216 6217
3 6089 6217 6090
3 6090 6217 6218
3 6090 6218 6091
3 6091 6218 6219
3 6091 6219 6092
3 6092 6219 6220
3 6092 6220 6093
3 6093 6220 6221
3 6093 6221 6094
3 6094 6221 6222
3 6094 6222 6095
3 6095 6222 6223
3 6095 6223 6096
3 6096 6223 6224
3 6096 6224 6097
3 6097 6224 6225
3 6097 6225 6098
3 6098 6225 6226
3 6098 6226 6099
3 6099 6226 6227
3 6099 6227 6100
3 6100 6227 6228
3 6100 6228 6101
3 6101 6228 6229
3 6101 6229 6102
3 6102 6229 6230
3 6102 6230 6103
3 6103 6230 6231
3 6103 6231 6104
3 6104 6231 6232
3 6104 6232 6105
3 6105 6232 6233
3 6105 6233 6106
3 6106 6233 6234
3 6106 6234 6107
3 6107 6234 6235
3 6107 6235 6108
3 6108 6235 6236
3 6108 6236 6109
3 6109 6236 6237
3 6109 6237 6110
3 6110 6237 6238
3 6110 6238 6111
3 6111 6238 6239
3 6111 6239 6112
3 6112 6239 6240
3 6112 6240 6113
3 6113 6240 6241
3 6113 6241 6114
3 6114 6241 6242
3 6114 6242 6115
3 6115 6242 6243
3 6115 6243 6116
3 6116 6243 6244
3 6116 6244 6117
3 6117 6244 6245
3 6117 6245 6118
3 6118 6245 6246
3 6118 6246 6119
3 6119 6246 6247
3 6119 6247 6120
3 6120 6247 6248
3 6120 6248 6121
3 6121 6248 6249
3 6121 6249 6122
3 6122 6249 6250
3 6122 6250 6123
3 6123 6250 6251
3 6123 6251 6124
3 6124 6251 6252
3 6124 6252 6125
3 6125 6252 6253
3 6125 6253 6126
3 6126 6253 6254
3 6126 6254 6127
3 6127 6254 6255
3 6127 6255 6128
3 6128 6255 6256
3 6128 6256 6129
3 6129 6256 6257
3 6129 6257 6130
3 6130 6257 6258
3 6130 6258 6131
3 6131 6258 6259
3 6131 6259 6132
3 6132 6259 6260
3 6132 6260 6133
3 6133 6260 6261
3 6133 6261 6134
3 6134 6261 6262
3 6134 6262 6135
3 6135 6262 6263
3 6135 6263 6136
3 6136 6263 6264
3 6136 6264 6137
3 6137 6264 6265
3 6137 6265 6138
3 6138 6265 6266
3 6138 6266 6139
3 6139 6266 6267
3 6139 6267 6140
3 6140 6267 6268
3 6140 6268 6141
3 6141 6268 6269
3 6141 6269 6142
3 6142 6269 6270
3 6142 6270 6143
3 6143 6270 6271
3 6143 6271 6144
3 6144 6271 6272
3 6144 6272 6145
3 6145 6272 6273
3 6145 6273 6018
3 6018 6273 6146
3 6146 6274 6147
3 6147 6274 6275
3 6147 6275 6148
3 6148 6275 6276
3 6148 6276 6149
3 6149 6276 6277
3 6149 6277 6150
3 6150 6277 6278
3 6150 6278 6151
3 6151 6278 6279
3 6151 6279 6152
3 6152 6279 6280
3 6152 6280 6153
3 6153 6280 6281
3 6153 6281 6154
3 6154 6281 6282
3 6154 6282 6155
3 6155 6282 6283
3 6155 6283 6156
3 6156 6283 6284
3 6156 6284 6157
3 6157 6284 6285
3 6157 6285 6158
3 6158 6285 6286
3 6158 6286 6159
3 6159 6286 6287
3 6159 6287 6160
3 6160 6287 6288
3 6160 6288 6161
3 6161 6288 6289
3 6161 6289 6162
3 6162 6289 6290
3 6162 6290 6163
3 6163 6290 6291
3 6163 6291 6164
3 6164 6291 6292
3 6164 6292 6165
3 6165 6292 6293
3 6165 6293 6166
3 6166 6293 6294
3 6166 6294 6167
3 6167 6294 6295
3 6167 6295 6168
3 6168 6295 6296
3 6168 6296 6169
3 6169 6296 6297
3 6169 6297 6170
3 6170 6297 6298
3 6170 6298 6171
3 6171 6298 6299
3 6171 6299 6172
3 6172 6299 6300
3 6172 6300 6173
3 6173 6300 6301
3 6173 6301 6174
3 6174 6301 6302
3 6174 6302 6175
3 6175 6302 6303
3 6175 6303 6176
3 6176 6303 6304
3 6176 6304 6177
3 6177 6304 6305
3 6177 6305 6178
3 6178 6305 6306
3 6178 6306 6179
3 6179 6306 6307
3 6179 6307 6180
3 6180 6307 6308
3 6180 6308 6181
3 6181 6308 6309
3 6181 6309 6182
3 6182 6309 6310
3 6182 6310 6183
3 6183 6310 6311
3 6183 6311 6184
3 6184 6311 6312
3 6184 6312 6185
3 6185 6312 6313
3 6185 6313 6186
3 6186 6313 6314
3 6186 6314 6187
3 6187 6314 6315
3 6187 6315 6188
3 6188 6315 6316
3 6188 6316 6189
3 6189 6316 6317
3 6189 6317 6190
3 6190 6317 6318
3 6190 6318 6191
3 6191 6318 6319
3 6191 6319 6192
3 6192 6319 6320
3 6192 6320 6193
3 6193 6320 6321
3 6193 6321 6194
3 6194 6321 6322
3 6194 6322 6195
3 6195 6322 6323
3 6195 6323 6196
3 6196 6323 6324
3 6196 6324 6197
3 6197 6324 6325
3 6197 6325 6198
3 6198 6325 6326
3 6198 6326 6199
3 6199 6326 6327
3 6199 6327 6200
3 6200 6327 6328
3 6200 6328 6201
3 6201 6328 6329
3 6201 6329 6202
3 6202 6329 6330
3 6202 6330 6203
3 6203 6330 6331
3 6203 6331 6204
3 6204 6331 6332
3 6204 6332 6205
3 6205 6332 6333
3 6205 6333 6206
3 6206 6333 6334
3 6206 6334 6207
3 6207 6334 6335
3 6207 6335 6208
3 6208 6335 6336
3 6208 6336 6209
3 6209 6336 6337
3 6209 6337 6210
3 6210 6337 6338
3 6210 6338 6211
3 6211 6338 6339
3 6211 6339 6212
3 6212 6339 6340
3 6212 6340 6213
3 6213 6340 6341
3 6213 6341 6214
3 6214 6341 6342
3 6214 6342 6215
3 6215 6342 6343
3 6215 6343 6216
3 6216 6343 6344
3 6216 6344 6217
3 6217 6344 6345
3 6217 6345 6218
3 6218 6345 6346
3 6218 6346 6219
3 6219 6346 6347
3 6219 6347 6220
3 6220 6347 6348
3 6220 6348 6221
3 6221 6348 6349
3 6221 6349 6222
3 6222 6349 6350
3 6222 6350 6223
3 6223 6350 6351
3 6223 6351 6224
3 6224 6351 6352
3 6224 6352 6225
3 6225 6352 6353
3 6225 6353 6226
3 6226 6353 6354
3 6226 6354 6227
3 6227 6354 6355
3 6227 6355 6228
3 6228 6355 6356
3 6228 6356 6229
3 6229 6356 6357
3 6229 6357 6230
3 6230 6357 6358
3 6230 6358 6231
3 6231 6358 6359
3 6231 6359 6232
3 6232 6359 6360
3 6232 6360 6233
3 6233 6360 6361
3 6233 6361 6234
3 6234 6361 6362
3 6234 6362 6235
3 6235 6362 6363
3 6235 6363 6236
3 6236 6363 6364
3 6236 6364 6237
3 6237 6364 6365
3 6237 6365 6238
3 6238 6365 6366
3 6238 6366 6239
3 6239 6366 6367
3 6239 6367 6240
3 6240 6367 6368
3 6240 6368 6241
3 6241 6368 6369
3 6241 6369 6242
3 6242 6369 6370
3 6242 6370 6243
3 6243 6370 6371
3 6243 6371 6244
3 6244 6371 6372
3 6244 6372 6245
3 6245 6372 6373
3 6245 6373 6246
3 6246 6373 6374
3 6246 6374 6247
3 6247 6374 6375
3 6247 6375 6248
3 6248 6375 6376
3 6248 6376 6249
3 6249 6376 6377
3 6249 6377 6250
3 6250 6377 6378
3 6250 6378 6251
3 6251 6378 6379
3 6251 6379 6252
3 6252 6379 6380
3 6252 6380 6253
3 6253 6380 6381
3 6253 6381 6254
3 6254 6381 6382
3 6254 6382 6255
3 6255 6382 6383
3 6255 6383 6256
3 6256 6383 6384
3 6256 6384 6257
3 6257 6384 6385
3 6257 6385 6258
3 6258 6385 6386
3 6258 6386 6259
3 6259 6386 6387
3 6259 6387 6260
3 6260 6387 6388
3 6260 6388 6261
3 6261 6388 6389
3 6261 6389 6262
3 6262 6389 6390
3 6262 6390 6263
3 6263 6390 6391
3 6263 6391 6264
3 6264 6391 6392
3 6264 6392 6265
3 6265 6392 6393
3 6265 6393 6266
3 6266 6393 6394
3 6266 6394 6267
3 6267 6394 6395
3 6267 6395 6268
3 6268 6395 6396
3 6268 6396 6269
3 6269 6396 6397
3 6269 6397 6270
3 6270 6397 6398
3 6270 6398 6271
3 6271 6398 6399
3 6271 6399 6272
3 6272 6399 6400
3 6272 6400 6273
3 6273 6400 6401
3 6273 6401 6146
3 6146 6401 6274
3 6274 6402 6275
3 6275 6402 6403
3 6275 6403 6276
3 6276 6403 6404
3 6276 6404 6277
3 6277 6404 6405
3 6277 6405 6278
3 6278 6405 6406
3 6278 6406 6279
3 6279 6406 6407
3 6279 6407 6280
3 6280 6407 6408
3 6280 6408 6281
3 6281 6408 6409
3 6281 6409 6282
3 6282 6409 6410
3 6282 6410 6283
3 6283 6410 6411
3 6283 6411 6284
3 6284 6411 6412
3 6284 6412 6285
3 6285 6412 6413
3 6285 6413 6286
3 6286 6413 6414
3 6286 6414 6287
3 6287 6414 6415
3 6287 6415 6288
3 6288 6415 6416
3 6288 6416 6289
3 6289 6416 6417
3 6289 6417 6290
3 6290 6417 6418
3 6290 6418 6291
3 6291 6418 6419
3 6291 6419 6292
3 6292 6419 6420
3 6292 6420 6293
3 6293 6420 6421
3 6293 6421 6294
3 6294 6421 6422
3 6294 6422 6295
3 6295 6422 6423
3 6295 6423 6296
3 6296 6423 6424
3 6296 6424 6297
3 6297 6424 6425
3 6297 6425 6298
3 6298 6425 6426
3 6298 6426 6299
3 6299 6426 6427
3 6299 6427 6300
3 6300 6427 6428
3 6300 6428 6301
3 6301 6428 6429
3 6301 6429 6302
3 6302 6429 6430
3 6302 6430 6303
3 6303 6430 6431
3 6303 6431 6304
3 6304 6431 6432
3 6304 6432 6305
3 6305 6432 6433
3 6305 6433 6306
3 6306 6433 6434
3 6306 6434 6307
3 6307 6434 6435
3 6307 6435 6308
3 6308 6435 6436
3 6308 6436 6309
3 6309 6436 6437
3 6309 6437 6310
3 6310 6437 6438
3 6310 6438 6311
3 6311 6438 6439
3 6311 6439 6312
3 6312 6439 6440
3 6312 6440 6313
3 6313 6440 6441
3 6313 6441 6314
3 6314 6441 6442
3 6314 6442 6315
3 6315 6442 6443
3 6315 6443 6316
3 6316 6443 6444
3 6316 6444 6317
3 6317 6444 6445
3 6317 6445 6318
3 6318 6445 6446
3 6318 6446 6319
3 6319 6446 6447
3 6319 6447 6320
3 6320 6447 6448
3 6320 6448 6321
3 6321 6448 6449
3 6321 6449 6322
3 6322 6449 6450
3 6322 6450 6323
3 6323 6450 6451
3 6323 6451 6324
3 6324 6451 6452
3 6324 6452 6325
3 6325 6452 6453
3 6325 6453 6326
3 6326 6453 6454
3 6326 6454 6327
3 6327 6454 6455
3 6327 6455 6328
3 6328 6455 6456
3 6328 6456 6329
3 6329 6456 6457
3 6329 6457 6330
3 6330 6457 6458
3 6330 6458 6331
3 6331 6458 6459
3 6331 6459 6332
3 6332 6459 6460
3 6332 6460 6333
3 6333 6460 6461
3 6333 6461 6334
3 6334 6461 6462
3 6334 6462 6335
3 6335 6462 6463
3 6335 6463 6336
3 6336 6463 6464
3 6336 6464 6337
3 6337 6464 6465
3 6337 6465 6338
3 6338 6465 6466
3 6338 6466 6339
3 6339 6466 6467
3 6339 6467 6340
3 6340 6467 6468
3 6340 6468 6341
3 6341 6468 6469
3 6341 6469 6342
3 6342 6469 6470
3 6342 6470 6343
3 6343 6470 6471
3 6343 6471 6344
3 6344 6471 6472
3 6344 6472 6345
3 6345 6472 6473
3 6345 6473 6346
3 6346 6473 6474
3 6346 6474 6347
3 6347 6474 6475
3 6347 6475 6348
3 6348 6475 6476
3 6348 6476 6349
3 6349 6476 6477
3 6349 6477 6350
3 6350 6477 6478
3 6350 6478 6351
3 6351 6478 6479
3 6351 6479 6352
3 6352 6479 6480
3 6352 6480 6353
3 6353 6480 6481
3 6353 6481 6354
3 6354 6481 6482
3 6354 6482 6355
3 6355 6482 6483
3 6355 6483 6356
3 6356 6483 6484
3 6356 6484 6357
3 6357 6484 6485
3 6357 6485 6358
3 6358 6485 6486
3 6358 6486 6359
3 6359 6486 6487
3 6359 6487 6360
3 6360 6487 6488
3 6360 6488 6361
3 6361 6488 6489
3 6361 6489 6362
3 6362 6489 6490
3 6362 6490 6363
3 6363 6490 6491
3 6363 6491 6364
3 6364 6491 6492
3 6364 6492 6365
3 6365 6492 6493
3 6365 6493 6366
3 6366 6493 6494
3 6366 6494 6367
3 6367 6494 6495
3 6367 6495 6368
3 6368 6495 6496
3 6368 6496 6369
3 6369 6496 6497
3 6369 6497 6370
3 6370 6497 6498
3 6370 6498 6371
3 6371 6498 6499
3 6371 6499 6372
3 6372 6499 6500
3 6372 6500 6373
3 6373 6500 6501
3 6373 6501 6374
3 6374 6501 6502
3 6374 6502 6375
3 6375 6502 6503
3 6375 6503 6376
3 6376 6503 6504
3 6376 6504 6377
3 6377 6504 6505
3 6377 6505 6378
3 6378 6505 6506
3 6378 6506 6379
3 6379 6506 6507
3 6379 6507 6380
3 6380 6507 6508
3 6380 6508 6381
3 6381 6508 6509
3 6381 6509 6382
3 6382 6509 6510
3 6382 6510 6383
3 6383 6510 6511
3 6383 6511 6384
3 6384 6511 6512
3 6384 6512 6385
3 6385 6512 6513
3 6385 6513 6386
3 6386 6513 6514
3 6386 6514 6387
3 6387 6514 6515
3 6387 6515 6388
3 6388 6515 6516
3 6388 6516 6389
3 6389 6516 6517
3 6389 6517 6390
3 6390 6517 6518
3 6390 6518 6391
3 6391 6518 6519
3 6391 6519 6392
3 6392 6519 6520
3 6392 6520 6393
3 6393 6520 6521
3 6393 6521 6394
3 6394 6521 6522
3 6394 6522 6395
3 6395 6522 6523
3 6395 6523 6396
3 6396 6523 6524
3 6396 6524 6397
3 6397 6524 6525
3 6397 6525 6398
3 6398 6525 6526
3 6398 6526 6399
3 6399 6526 6527
3 6399 6527 6400
3 6400 6527 6528
3 6400 6528 6401
3 6401 6528 6529
3 6401 6529 6274
3 6274 6529 6402
3 6402 6530 6403
3 6403 6530 6531
3 6403 6531 6404
3 6404 6531 6532
3 6404 6532 6405
3 6405 6532 6533
3 6405 6533 6406
3 6406 6533 6534
3 6406 6534 6407
3 6407 6534 6535
3 6407 6535 6408
3 6408 6535 6536
3 6408 6536 6409
3 6409 6536 6537
3 6409 6537 6410
3 6410 6537 6538
3 6410 6538 6411
3 6411 6538 6539
3 6411 6539 6412
3 6412 6539 6540
3 6412 6540 6413
3 6413 6540 6541
3 6413 6541 6414
3 6414 6541 6542
3 6414 6542 6415
3 6415 6542 6543
3 6415 6543 6416
3 6416 6543 6544
3 6416 6544 6417
3 6417 6544 6545
3 6417 6545 6418
3 6418 6545 6546
3 6418 6546 6419
3 6419 6546 6547
3 6419 6547 6420
3 6420 6547 6548
3 6420 6548 6421
3 6421 6548 6549
3 6421 6549 6422
3 6422 6549 6550
3 6422 6550 6423
3 6423 6550 6551
3 6423 6551 6424
3 6424 6551 6552
3 6424 6552 6425
3 6425 6552 6553
3 6425 6553 6426
3 6426 6553 6554
3 6426 6554 6427
3 6427 6554 6555
3 6427 6555 6428
3 6428 6555 6556
3 6428 6556 6429
3 6429 6556 6557
3 6429 6557 6430
3 6430 6557 6558
3 6430 6558 6431
3 6431 6558 6559
3 6431 6559 6432
3 6432 6559 6560
3 6432 6560 6433
3 6433 6560 6561
3 6433 6561 6434
3 6434 6561 6562
3 6434 6562 6435
3 6435 6562 6563
3 6435 6563 6436
3 6436 6563 6564
3 6436 6564 6437
3 6437 6564 6565
3 6437 6565 6438
3 6438 6565 6566
3 6438 6566 6439
3 6439 6566 6567
3 6439 6567 6440
3 6440 6567 6568
3 6440 6568 6441
3 6441 6568 6569
3 6441 6569 6442
3 6442 6569 6570
3 6442 6570 6443
3 6443 6570 6571
3 6443 6571 6444
3 6444 6571 6572
3 6444 6572 6445
3 6445 6572 6573
3 6445 6573 6446
3 6446 6573 6574
3 6446 6574 6447
3 6447 6574 6575
3 6447 6575 6448
3 6448 6575 6576
3 6448 6576 6449
3 6449 6576 6577
3 6449 6577 6450
3 6450 6577 6578
3 6450 6578 6451
3 6451 6578 6579
3 6451 6579 6452
3 6452 6579 6580
3 6452 6580 6453
3 6453 6580 6581
3 6453 6581 6454
3 6454 6581 6582
3 6454 6582 6455
3 6455 6582 6583
3 6455 6583 6456
3 6456 6583 6584
3 6456 6584 6457
3 6457 6584 6585
3 6457 6585 6458
3 6458 6585 6586
3 6458 6586 6459
3 6459 6586 6587
3 6459 6587 6460
3 6460 6587 6588
3 6460 6588 6461
3 6461 6588 6589
3 6461 6589 6462
3 6462 6589 6590
3 6462 6590 6463
3 6463 6590 6591
3 6463 6591 6464
3 6464 6591 6592
3 6464 6592 6465
3 6465 6592 6593
3 6465 6593 6466
3 6466 6593 6594
3 6466 6594 6467
3 6467 6594 6595
3 6467 6595 6468
3 6468 6595 6596
3 6468 6596 6469
3 6469 6596 6597
3 6469 6597 6470
3 6470 6597 6598
3 6470 6598 6471
3 6471 6598 6599
3 6471 6599 6472
3 6472 6599 6600
3 6472 6600 6473
3 6473 6600 6601
3 6473 6601 6474
3 6474 6601 6602
3 6474 6602 6475
3 6475 6602 6603
3 6475 6603 6476
3 6476 6603 6604
3 6476 6604 6477
3 6477 6604 6605
3 6477 6605 6478
3 6478 6605 6606
3 6478 6606 6479
3 6479 6606 6607
3 6479 6607 6480
3 6480 6607 6608
3 6480 6608 6481
3 6481 6608 6609
3 6481 6609 6482
3 6482 6609 6610
3 6482 6610 6483
3 6483 6610 6611
3 6483 6611 6484
3 6484 6611 6612
3 6484 6612 6485
3 6485 6612 6613
3 6485 6613 6486
3 6486 6613 6614
3 6486 6614 6487
3 6487 6614 6615
3 6487 6615 6488
3 6488 6615 6616
3 6488 6616 6489
3 6489 6616 6617
3 6489 6617 6490
3 6490 6617 6618
3 6490 6618 6491
3 6491 6618 6619
3 6491 6619 6492
3 6492 6619 6620
3 6492 6620 6493
3 6493 6620 6621
3 6493 6621 6494
3 6494 6621 6622
3 6494 6622 6495
3 6495 6622 6623
3 6495 6623 6496
3 6496 6623 6624
3 6496 6624 6497
3 6497 6624 6625
3 6497 6625 6498
3 6498 6625 6626
3 6498 6626 6499
3 6499 6626 6627
3 6499 6627 6500
3 6500 6627 6628
3 6500 6628 6501
3 6501 6628 6629
3 6501 6629 6502
3 6502 6629 6630
3 6502 6630 6503
3 6503 6630 6631
3 6503 6631 6504
3 6504 6631 6632
3 6504 6632 6505
3 6505 6632 6633
3 6505 6633 6506
3 6506 6633 6634
3 6506 6634 6507
3 6507 6634 6635
3 6507 6635 6508
3 6508 6635 6636
3 6508 6636 6509
3 6509 6636 6637
3 6509 6637 6510
3 6510 6637 6638
3 6510 6638 6511
3 6511 6638 6639
3 6511 6639 6512
3 6512 6639 6640
3 6512 6640 6513
3 6513 6640 6641
3 6513 6641 6514
3 6514 6641 6642
3 6514 6642 6515
3 6515 6642 6643
3 6515 6643 6516
3 6516 6643 6644
3 6516 6644 6517
3 6517 6644 6645
3 6517 6645 6518
3 6518 6645 6646
3 6518 6646 6519
3 6519 6646 6647
3 6519 6647 6520
3 6520 6647 6648
3 6520 6648 6521
3 6521 6648 6649
3 6521 6649 6522
3 6522 6649 6650
3 6522 6650 6523
3 6523 6650 6651
3 6523 6651 6524
3 6524 6651 6652
3 6524 6652 6525
3 6525 6652 6653
3 6525 6653 6526
3 6526 6653 6654
3 6526 6654 6527
3 6527 6654 6655
3 6527 6655 6528
3 6528 6655 6656
3 6528 6656 6529
3 6529 6656 6657
3 6529 6657 6402
3 6402 6657 6530
3 6530 6658 6531
3 6531 6658 6659
3 6531 6659 6532
3 6532 6659 6660
3 6532 6660 6533
3 6533 6660 6661
3 6533 6661 6534
3 6534 6661 6662
3 6534 6662 6535
3 6535 6662 6663
3 6535 6663 6536
3 6536 6663 6664
3 6536 6664 6537
3 6537 6664 6665
3 6537 6665 6538
3 6538 6665 6666
3 6538 6666 6539
3 6539 6666 6667
3 6539 6667 6540
3 6540 6667 6668
3 6540 6668 6541
3 6541 6668 6669
3 6541 6669 6542
3 6542 6669 6670
3 6542 6670 6543
3 6543 6670 6671
3 6543 6671 6544
3 6544 6671 6672
3 6544 6672 6545
3 6545 6672 6673
3 6545 6673 6546
3 6546 6673 6674
3 6546 6674 6547
3 6547 6674 6675
3 6547 6675 6548
3 6548 6675 6676
3 6548 6676 6549
3 6549 6676 6677
3 6549 6677 6550
3 6550 6677 6678
3 6550 6678 6551
3 6551 6678 6679
3 6551 6679 6552
3 6552 6679 6680
3 6552 6680 6553
3 6553 6680 6681
3 6553 6681 6554
3 6554 6681 6682
3 6554 6682 6555
3 6555 6682 6683
3 6555 6683 6556
3 6556 6683 6684
3 6556 6684 6557
3 6557 6684 6685
3 6557 6685 6558
3 6558 6685 6686
3 6558 6686 6559
3 6559 6686 6687
3 6559 6687 6560
3 6560 6687 6688
3 6560 6688 6561
3 6561 6688 6689
3 6561 6689 6562
3 6562 6689 6690
3 6562 6690 6563
3 6563 6690 6691
3 6563 6691 6564
3 6564 6691 6692
3 6564 6692 6565
3 6565 6692 6693
3 6565 6693 6566
3 6566 6693 6694
3 6566 6694 6567
3 6567 6694 6695
3 6567 6695 6568
3 6568 6695 6696
3 6568 6696 6569
3 6569 6696 6697
3 6569 6697 6570
3 6570 6697 6698
3 6570 6698 6571
3 6571 6698 6699
3 6571 6699 6572
3 6572 6699 6700
3 6572 6700 6573
3 6573 6700 6701
3 6573 6701 6574
3 6574 6701 6702
3 6574 6702 6575
3 6575 6702 6703
3 6575 6703 6576
3 6576 6703 6704
3 6576 6704 6577
3 6577 6704 6705
3 6577 6705 6578
3 6578 6705 6706
3 6578 6706 6579
3 6579 6706 6707
3 6579 6707 6580
3 6580 6707 6708
3 6580 6708 6581
3 6581 6708 6709
3 6581 6709 6582
3 6582 6709 6710
3 6582 6710 6583
3 6583 6710 6711
3 6583 6711 6584
3 6584 6711 6712
3 6584 6712 6585
3 6585 6712 6713
3 6585 6713 6586
3 6586 6713 6714
3 6586 6714 6587
3 6587 6714 6715
3 6587 6715 6588
3 6588 6715 6716
3 6588 6716 6589
3 6589 6716 6717
3 6589 6717 6590
3 6590 6717 6718
3 6590 6718 6591
3 6591 6718 6719
3 6591 6719 6592
3 6592 6719 6720
3 6592 6720 6593
3 6593 6720 6721
3 6593 6721 6594
3 6594 6721 6722
3 6594 6722 6595
3 6595 6722 6723
3 6595 6723 6596
3 6596 6723 6724
3 6596 6724 6597
3 6597 6724 6725
3 6597 6725 6598
3 6598 6725 6726
3 6598 6726 6599
3 6599 6726 6727
3 6599 6727 6600
3 6600 6727 6728
3 6600 6728 6601
3 6601 6728 6729
3 6601 6729 6602
3 6602 6729 6730
3 6602 6730 6603
3 6603 6730 6731
3 6603 6731 6604
3 6604 6731 6732
3 6604 6732 6605
3 6605 6732 6733
3 6605 6733 6606
3 6606 6733 6734
3 6606 6734 6607
3 6607 6734 6735
3 6607 6735 6608
3 6608 6735 6736
3 6608 6736 6609
3 6609 6736 6737
3 6609 6737 6610
3 6610 6737 6738
3 6610 6738 6611
3 6611 6738 6739
3 6611 6739 6612
3 6612 6739 6740
3 6612 6740 6613
3 6613 6740 6741
3 6613 6741 6614
3 6614 6741 6742
3 6614 6742 6615
3 6615 6742 6743
3 6615 6743 6616
3 6616 6743 6744
3 6616 6744 6617
3 6617 6744 6745
3 6617 6745 6618
3 6618 6745 6746
3 6618 6746 6619
3 6619 6746 6747
3 6619 6747 6620
3 6620 6747 6748
3 6620 6748 6621
3 6621 6748 6749
3 6621 6749 6622
3 6622 6749 6750
3 6622 6750 6623
3 6623 6750 6751
3 6623 6751 6624
3 6624 6751 6752
3 6624 6752 6625
3 6625 6752 6753
3 6625 6753 6626
3 6626 6753 6754
3 6626 6754 6627
3 6627 6754 6755
3 6627 6755 6628
3 6628 6755 6756
3 6628 6756 6629
3 6629 6756 6757
3 6629 6757 6630
3 6630 6757 6758
3 6630 6758 6631
3 6631 6758 6759
3 6631 6759 6632
3 6632 6759 6760
3 6632 6760 6633
3 6633 6760 6761
3 6633 6761 6634
3 6634 6761 6762
3 6634 6762 6635
3 6635 6762 6763
3 6635 6763 6636
3 6636 6763 6764
3 6636 6764 6637
3 6637 6764 6765
3 6637 6765 6638
3 6638 6765 6766
3 6638 6766 6639
3 6639 6766 6767
3 6639 6767 6640
3 6640 6767 6768
3 6640 6768 6641
3 6641 6768 6769
3 6641 6769 6642
3 6642 6769 6770
3 6642 6770 6643
3 6643 6770 6771
3 6643 6771 6644
3 6644 6771 6772
3 6644 6772 6645
3 6645 6772 6773
3 6645 6773 6646
3 6646 6773 6774
3 6646 6774 6647
3 6647 6774 6775
3 6647 6775 6648
3 6648 6775 6776
3 6648 6776 6649
3 6649 6776 6777
3 6649 6777 6650
3 6650 6777 6778
3 6650 6778 6651
3 6651 6778 6779
3 6651 6779 6652
3 6652 6779 6780
3 6652 6780 6653
3 6653 6780 6781
3 6653 6781 6654
3 6654 6781 6782
3 6654 6782 6655
3 6655 6782 6783
3 6655 6783 6656
3 6656 6783 6784
3 6656 6784 6657
3 6657 6784 6785
3 6657 6785 6530
3 6530 6785 6658
3 6658 6786 6659
3 6659 6786 6787
3 6659 6787 6660
3 6660 6787 6788
3 6660 6788 6661
3 6661 6788 6789
3 6661 6789 6662
3 6662 6789 6790
3 6662 6790 6663
3 6663 6790 6791
3 6663 6791 6664
3 6664 6791 6792
3 6664 6792 6665
3 6665 6792 6793
3 6665 6793 6666
3 6666 6793 6794
3 6666 6794 6667
3 6667 6794 6795
3 6667 6795 6668
3 6668 6795 6796
3 6668 6796 6669
3 6669 6796 6797
3 6669 6797 6670
3 6670 6797 6798
3 6670 6798 6671
3 6671 6798 6799
3 6671 6799 6672
3 6672 6799 6800
3 6672 6800 6673
3 6673 6800 6801
3 6673 6801 6674
3 6674 6801 6802
3 6674 6802 6675
3 6675 6802 6803
3 6675 6803 6676
3 6676 6803 6804
3 6676 6804 6677
3 6677 6804 6805
3 6677 6805 6678
3 6678 6805 6806
3 6678 6806 6679
3 6679 6806 6807
3 6679 6807 6680
3 6680 6807 6808
3 6680 6808 6681
3 6681 6808 6809
3 6681 6809 6682
3 6682 6809 6810
3 6682 6810 6683
3 6683 6810 6811
3 6683 6811 6684
3 6684 6811 6812
3 6684 6812 6685
3 6685 6812 6813
3 6685 6813 6686
3 6686 6813 6814
3 6686 6814 6687
3 6687 6814 6815
3 6687 6815 6688
3 6688 6815 6816
3 6688 6816 6689
3 6689 6816 6817
3 6689 6817 6690
3 6690 6817 6818
3 6690 6818 6691
3 6691 6818 6819
3 6691 6819 6692
3 6692 6819 6820
3 6692 6820 6693
3 6693 6820 6821
3 6693 6821 6694
3 6694 6821 6822
3 6694 6822 6695
3 6695 6822 6823
3 6695 6823 6696
3 6696 6823 6824
3 6696 6824 6697
3 6697 6824 6825
3 6697 6825 6698
3 6698 6825 6826
3 6698 6826 6699
3 6699 6826 6827
3 6699 6827 6700
3 6700 6827 6828
3 6700 6828 6701
3 6701 6828 6829
3 6701 6829 6702
3 6702 6829 6830
3 6702 6830 6703
3 6703 6830 6831
3 6703 6831 6704
3 6704 6831 6832
3 6704 6832 6705
3 6705 6832 6833
3 6705 6833 6706
3 6706 6833 6834
3 6706 6834 6707
3 6707 6834 6835
3 6707 6835 6708
3 6708 6835 6836
3 6708 6836 6709
3 6709 6836 6837
3 6709 6837 6710
3 6710 6837 6838
3 6710 6838 6711
3 6711 6838 6839
3 6711 6839 6712
3 6712 6839 6840
3 6712 6840 6713
3 6713 6840 6841
3 6713 6841 6714
3 6714 6841 6842
3 6714 6842 6715
3 6715 6842 6843
3 6715 6843 6716
3 6716 6843 6844
3 6716 6844 6717
3 6717 6844 6845
3 6717 6845 6718
3 6718 6845 6846
3 6718 6846 6719
3 6719 6846 6847
3 6719 6847 6720
3 6720 6847 6848
3 6720 6848 6721
3 6721 6848 6849
3 6721 6849 6722
3 6722 6849 6850
3 6722 6850 6723
3 6723 6850 6851
3 6723 6851 6724
3 6724 6851 6852
3 6724 6852 6725
3 6725 6852 6853
3 6725 6853 6726
3 6726 6853 6854
3 6726 6854 6727
3 6727 6854 6855
3 6727 6855 6728
3 6728 6855 6856
3 6728 6856 6729
3 6729 6856 6857
3 6729 6857 6730
3 6730 6857 6858
3 6730 6858 6731
3 6731 6858 6859
3 6731 6859 6732
3 6732 6859 6860
3 6732 6860 6733
3 6733 6860 6861
3 6733 6861 6734
3 6734 6861 6862
3 6734 6862 6735
3 6735 6862 6863
3 6735 6863 6736
3 6736 6863 6864
3 6736 6864 6737
3 6737 6864 6865
3 6737 6865 6738
3 6738 6865 6866
3 6738 6866 6739
3 6739 6866 6867
3 6739 6867 6740
3 6740 6867 6868
3 6740 6868 6741
3 6741 6868 6869
3 6741 6869 6742
3 6742 6869 6870
3 6742 6870 6743
3 6743 6870 6871
3 6743 6871 6744
3 6744 6871 6872
3 6744 6872 6745
3 6745 6872 6873
3 6745 6873 6746
3 6746 6873 6874
3 6746 6874 6747
3 6747 6874 6875
3 6747 6875 6748
3 6748 6875 6876
3 6748 6876 6749
3 6749 6876 6877
3 6749 6877 6750
3 6750 6877 6878
3 6750 6878 6751
3 6751 6878 6879
3 6751 6879 6752
3 6752 6879 6880
3 6752 6880 6753
3 6753 6880 6881
3 6753 6881 6754
3 6754 6881 6882
3 6754 6882 6755
3 6755 6882 6883
3 6755 6883 6756
3 6756 6883 6884
3 6756 6884 6757
3 6757 6884 6885
3 6757 6885 6758
3 6758 6885 6886
3 6758 6886 6759
3 6759 6886 6887
3 6759 6887 6760
3 6760 6887 6888
3 6760 6888 6761
3 6761 6888 6889
3 6761 6889 6762
3 6762 6889 6890
3 6762 6890 6763
3 6763 6890 6891
3 6763 6891 6764
3 6764 6891 6892
3 6764 6892 6765
3 6765 6892 6893
3 6765 6893 6766
3 6766 6893 6894
3 6766 6894 6767
3 6767 6894 6895
3 6767 6895 6768
3 6768 6895 6896
3 6768 6896 6769
3 6769 6896 6897
3 6769 6897 6770
3 6770 6897 6898
3 6770 6898 6771
3 6771 6898 6899
3 6771 6899 6772
3 6772 6899 6900
3 6772 6900 6773
3 6773 6900 6901
3 6773 6901 6774
3 6774 6901 6902
3 6774 6902 6775
3 6775 6902 6903
3 6775 6903 6776
3 6776 6903 6904
3 6776 6904 6777
3 6777 6904 6905
3 6777 6905 6778
3 6778 6905 6906
3 6778 6906 6779
3 6779 6906 6907
3 6779 6907 6780
3 6780 6907 6908
3 6780 6908 6781
3 6781 6908 6909
3 6781 6909 6782
3 6782 6909 6910
3 6782 6910 6783
3 6783 6910 6911
3 6783 6911 6784
3 6784 6911 6912
3 6784 6912 6785
3 6785 6912 6913
3 6785 6913 6658
3 6658 6913 6786
3 6786 6914 6787
3 6787 6914 6915
3 6787 6915 6788
3 6788 6915 6916
3 6788 6916 6789
3 6789 6916 6917
3 6789 6917 6790
3 6790 6917 6918
3 6790 6918 6791
3 6791 6918 6919
3 6791 6919 6792
3 6792 6919 6920
3 6792 6920 6793
3 6793 6920 6921
3 6793 6921 6794
3 6794 6921 6922
3 6794 6922 6795
3 6795 6922 6923
3 6795 6923 6796
3 6796 6923 6924
3 6796 6924 6797
3 6797 6924 6925
3 6797 6925 6798
3 6798 6925 6926
3 6798 6926 6799
3 6799 6926 6927
3 6799 6927 6800
3 6800 6927 6928
3 6800 6928 6801
3 6801 6928 6929
3 6801 6929 6802
3 6802 6929 6930
3 6802 6930 6803
3 6803 6930 6931
3 6803 6931 6804
3 6804 6931 6932
3 6804 6932 6805
3 6805 6932 6933
3 6805 6933 6806
3 6806 6933 6934
3 6806 6934 6807
3 6807 6934 6935
3 6807 6935 6808
3 6808 6935 6936
3 6808 6936 6809
3 6809 6936 6937
3 6809 6937 6810
3 6810 6937 6938
3 6810 6938 6811
3 6811 6938 6939
3 6811 6939 6812
3 6812 6939 6940
3 6812 6940 6813
3 6813 6940 6941
3 6813 6941 6814
3 6814 6941 6942
3 6814 6942 6815
3 6815 6942 6943
3 6815 6943 6816
3 6816 6943 6944
3 6816 6944 6817
3 6817 6944 6945
3 6817 6945 6818
3 6818 6945 6946
3 6818 6946 6819
3 6819 6946 6947
3 6819 6947 6820
3 6820 6947 6948
3 6820 6948 6821
3 6821 6948 6949
3 6821 6949 6822
3 6822 6949 6950
3 6822 6950 6823
3 6823 6950 6951
3 6823 6951 6824
3 6824 6951 6952
3 6824 6952 6825
3 6825 6952 6953
3 6825 6953 6826
3 6826 6953 6954
3 6826 6954 6827
3 6827 6954 6955
3 6827 6955 6828
3 6828 6955 6956
3 6828 6956 6829
3 6829 6956 6957
3 6829 6957 6830
3 6830 6957 6958
3 6830 6958 6831
3 6831 6958 6959
3 6831 6959 6832
3 6832 6959 6960
3 6832 6960 6833
3 6833 6960 6961
3 6833 6961 6834
3 6834 6961 6962
3 6834 6962 6835
3 6835 6962 6963
3 6835 6963 6836
3 6836 6963 6964
3 6836 6964 6837
3 6837 6964 6965
3 6837 6965 6838
3 6838 6965 6966
3 6838 6966 6839
3 6839 6966 6967
3 6839 6967 6840
3 6840 6967 6968
3 6840 6968 6841
3 6841 6968 6969
3 6841 6969 6842
3 6842 6969 6970
3 6842 6970 6843
3 6843 6970 6971
3 6843 6971 6844
3 6844 6971 6972
3 6844 6972 6845
3 6845 6972 6973
3 6845 6973 6846
3 6846 6973 6974
3 6846 6974 6847
3 6847 6974 6975
3 6847 6975 6848
3 6848 6975 6976
3 6848 6976 6849
3 6849 6976 6977
3 6849 6977 6850
3 6850 6977 6978
3 6850 6978 6851
3 6851 6978 6979
3 6851 6979 6852
3 6852 6979 6980
3 6852 6980 6853
3 6853 6980 6981
3 6853 6981 6854
3 6854 6981 6982
3 6854 6982 6855
3 6855 6982 6983
3 6855 6983 6856
3 6856 6983 6984
3 6856 6984 6857
3 6857 6984 6985
3 6857 6985 6858
3 6858 6985 6986
3 6858 6986 6859
3 6859 6986 6987
3 6859 6987 6860
3 6860 6987 6988
3 6860 6988 6861
3 6861 6988 6989
3 6861 6989 6862
3 6862 6989 6990
3 6862 6990 6863
3 6863 6990 6991
3 6863 6991 6864
3 6864 6991 6992
3 6864 6992 6865
3 6865 6992 6993
3 6865 6993 6866
3 6866 6993 6994
3 6866 6994 6867
3 6867 6994 6995
3 6867 6995 6868
3 6868 6995 6996
3 6868 6996 6869
3 6869 6996 6997
3 6869 6997 6870
3 6870 6997 6998
3 6870 6998 6871
3 6871 6998 6999
3 6871 6999 6872
3 6872 6999 7000
3 6872 7000 6873
3 6873 7000 7001
3 6873 7001 6874
3 6874 7001 7002
3 6874 7002 6875
3 6875 7002 7003
3 6875 7003 6876
3 6876 7003 7004
3 6876 7004 6877
3 6877 7004 7005
3 6877 7005 6878
3 6878 7005 7006
3 6878 7006 6879
3 6879 7006 7007
3 6879 7007 6880
3 6880 7007 7008
3 6880 7008 6881
3 6881 7008 7009
3 6881 7009 6882
3 6882 7009 7010
3 6882 7010 6883
3 6883 7010 7011
3 6883 7011 6884
3 6884 7011 7012
3 6884 7012 6885
3 6885 7012 7013
3 6885 7013 6886
3 6886 7013 7014
3 6886 7014 6887
3 6887 7014 7015
3 6887 7015 6888
3 6888 7015 7016
3 6888 7016 6889
3 6889 7016 7017
3 6889 7017 6890
3 6890 7017 7018
3 6890 7018 6891
3 6891 7018 7019
3 6891 7019 6892
3 6892 7019 7020
3 6892 7020 6893
3 6893 7020 7021
3 6893 7021 6894
3 6894 7021 7022
3 6894 7022 6895
3 6895 7022 7023
3 6895 7023 6896
3 6896 7023 7024
3 6896 7024 6897
3 6897 7024 7025
3 6897 7025 6898
3 6898 7025 7026
3 6898 7026 6899
3 6899 7026 7027
3 6899 7027 6900
3 6900 7027 7028
3 6900 7028 6901
3 6901 7028 7029
3 6901 7029 6902
3 6902 7029 7030
3 6902 7030 6903
3 6903 7030 7031
3 6903 7031 6904
3 6904 7031 7032
3 6904 7032 6905
3 6905 7032 7033
3 6905 7033 6906
3 6906 7033 7034
3 6906 7034 6907
3 6907 7034 7035
3 6907 7035 6908
3 6908 7035 7036
3 6908 7036 6909
3 6909 7036 7037
3 6909 7037 6910
3 6910 7037 7038
3 6910 7038 6911
3 6911 7038 7039
3 6911 7039 6912
3 6912 7039 7040
3 6912 7040 6913
3 6913 7040 7041
3 6913 7041 6786
3 6786 7041 6914
3 6914 7042 6915
3 6915 7042 7043
3 6915 7043 6916
3 6916 7043 7044
3 6916 7044 6917
3 6917 7044 7045
3 6917 7045 6918
3 6918 7045 7046
3 6918 7046 6919
3 6919 7046 7047
3 6919 7047 6920
3 6920 7047 7048
3 6920 7048 6921
3 6921 7048 7049
3 6921 7049 6922
3 6922 7049 7050
3 6922 7050 6923
3 6923 7050 7051
3 6923 7051 6924
3 6924 7051 7052
3 6924 7052 6925
3 6925 7052 7053
3 6925 7053 6926
3 6926 7053 7054
3 6926 7054 6927
3 6927 7054 7055
3 6927 7055 6928
3 6928 7055 7056
3 6928 7056 6929
3 6929 7056 7057
3 6929 7057 6930
3 6930 7057 7058
3 6930 7058 6931
3 6931 7058 7059
3 6931 7059 6932
3 6932 7059 7060
3 6932 7060 6933
3 6933 7060 7061
3 6933 7061 6934
3 6934 7061 7062
3 6934 7062 6935
3 6935 7062 7063
3 6935 7063 6936
3 6936 7063 7064
3 6936 7064 6937
3 6937 7064 7065
3 6937 7065 6938
3 6938 7065 7066
3 6938 7066 6939
3 6939 7066 7067
3 6939 7067 6940
3 6940 7067 7068
3 6940 7068 6941
3 6941 7068 7069
3 6941 7069 6942
3 6942 7069 7070
3 6942 7070 6943
3 6943 7070 7071
3 6943 7071 6944
3 6944 7071 7072
3 6944 7072 6945
3 6945 7072 7073
3 6945 7073 6946
3 6946 7073 7074
3 6946 7074 6947
3 6947 7074 7075
3 6947 7075 6948
3 6948 7075 7076
3 6948 7076 6949
3 6949 7076 7077
3 6949 7077 6950
3 6950 7077 7078
3 6950 7078 6951
3 6951 7078 7079
3 6951 7079 6952
3 6952 7079 7080
3 6952 7080 6953
3 6953 7080 7081
3 6953 7081 6954
3 6954 7081 7082
3 6954 7082 6955
3 6955 7082 7083
3 6955 7083 6956
3 6956 7083 7084
3 6956 7084 6957
3 6957 7084 7085
3 6957 7085 6958
3 6958 7085 7086
3 6958 7086 6959
3 6959 7086 7087
3 6959 7087 6960
3 6960 7087 7088
3 6960 7088 6961
3 6961 7088 7089
3 6961 7089 6962
3 6962 7089 7090
3 6962 7090 6963
3 6963 7090 7091
3 6963 7091 6964
3 6964 7091 7092
3 6964 7092 6965
3 6965 7092 7093
3 6965 7093 6966
3 6966 7093 7094
3 6966 7094 6967
3 6967 7094 7095
3 6967 7095 6968
3 6968 7095 7096
3 6968 7096 6969
3 6969 7096 7097
3 6969 7097 6970
3 6970 7097 7098
3 6970 7098 6971
3 6971 7098 7099
3 6971 7099 6972
3 6972 7099 7100
3 6972 7100 6973
3 6973 7100 7101
3 6973 7101 6974
3 6974 7101 7102
3 6974 7102 6975
3 6975 7102 7103
3 6975 7103 6976
3 6976 7103 7104
3 6976 7104 6977
3 6977 7104 7105
3 6977 7105 6978
3 6978 7105 7106
3 6978 7106 6979
3 6979 7106 7107
3 6979 7107 6980
3 6980 7107 7108
3 6980 7108 6981
3 6981 7108 7109
3 6981 7109 6982
3 6982 7109 7110
3 6982 7110 6983
3 6983 7110 7111
3 6983 7111 6984
3 6984 7111 7112
3 6984 7112 6985
3 6985 7112 7113
3 6985 7113 6986
3 6986 7113 7114
3 6986 7114 6987
3 6987 7114 7115
3 6987 7115 6988
3 6988 7115 7116
3 6988 7116 6989
3 6989 7116 7117
3 6989 7117 6990
3 6990 7117 7118
3 6990 7118 6991
3 6991 7118 7119
3 6991 7119 6992
3 6992 7119 7120
3 6992 7120 6993
3 6993 7120 7121
3 6993 7121 6994
3 6994 7121 7122
3 6994 7122 6995
3 6995 7122 7123
3 6995 7123 6996
3 6996 7123 7124
3 6996 7124 6997
3 6997 7124 7125
3 6997 7125 6998
3 6998 7125 7126
3 6998 7126 6999
3 6999 7126 7127
3 6999 7127 7000
3 7000 7127 7128
3 7000 7128 7001
3 7001 7128 7129
3 7001 7129 7002
3 7002 7129 7130
3 7002 7130 7003
3 7003 7130 7131
3 7003 7131 7004
3 7004 7131 7132
3 7004 7132 7005
3 7005 7132 7133
3 7005 7133 7006
3 7006 7133 7134
3 7006 7134 7007
3 7007 7134 7135
3 7007 7135 7008
3 7008 7135 7136
3 7008 7136 7009
3 7009 7136 7137
3 7009 7137 7010
3 7010 7137 7138
3 7010 7138 7011
3 7011 7138 7139
3 7011 7139 7012
3 7012 7139 7140
3 7012 7140 7013
3 7013 7140 7141
3 7013 7141 7014
3 7014 7141 7142
3 7014 7142 7015
3 7015 7142 7143
3 7015 7143 7016
3 7016 7143 7144
3 7016 7144 7017
3 7017 7144 7145
3 7017 7145 7018
3 7018 7145 7146
3 7018 7146 7019
3 7019 7146 7147
3 7019 7147 7020
3 7020 7147 7148
3 7020 7148 7021
3 7021 7148 7149
3 7021 7149 7022
3 7022 7149 7150
3 7022 7150 7023
3 7023 7150 7151
3 7023 7151 7024
3 7024 7151 7152
3 7024 7152 7025
3 7025 7152 7153
3 7025 7153 7026
3 7026 7153 7154
3 7026 7154 7027
3 7027 7154 7155
3 7027 7155 7028
3 7028 7155 7156
3 7028 7156 7029
3 7029 7156 7157
3 7029 7157 7030
3 7030 7157 7158
3 7030 7158 7031
3 7031 7158 7159
3 7031 7159 7032
3 7032 7159 7160
3 7032 7160 7033
3 7033 7160 7161
3 7033 7161 7034
3 7034 7161 7162
3 7034 7162 7035
3 7035 7162 7163
3 7035 7163 7036
3 7036 7163 7164
3 7036 7164 7037
3 7037 7164 7165
3 7037 7165 7038
3 7038 7165 7166
3 7038 7166 7039
3 7039 7166 7167
3 7039 7167 7040
3 7040 7167 7168
3 7040 7168 7041
3 7041 7168 7169
3 7041 7169 6914
3 6914 7169 7042
3 7042 7170 7043
3 7043 7170 7171
3 7043 7171 7044
3 7044 7171 7172
3 7044 7172 7045
3 7045 7172 7173
3 7045 7173 7046
3 7046 7173 7174
3 7046 7174 7047
3 7047 7174 7175
3 7047 7175 7048
3 7048 7175 7176
3 7048 7176 7049
3 7049 7176 7177
3 7049 7177 7050
3 7050 7177 7178
3 7050 7178 7051
3 7051 7178 7179
3 7051 7179 7052
3 7052 7179 7180
3 7052 7180 7053
3 7053 7180 7181
3 7053 7181 7054
3 7054 7181 7182
3 7054 7182 7055
3 7055 7182 7183
3 7055 7183 7056
3 7056 7183 7184
3 7056 7184 7057
3 7057 7184 7185
3 7057 7185 7058
3 7058 7185 7186
3 7058 7186 7059
3 7059 7186 7187
3 7059 7187 7060
3 7060 7187 7188
3 7060 7188 7061
3 7061 7188 7189
3 7061 7189 7062
3 7062 7189 7190
3 7062 7190 7063
3 7063 7190 7191
3 7063 7191 7064
3 7064 7191 7192
3 7064 7192 7065
3 7065 7192 7193
3 7065 7193 7066
3 7066 7193 7194
3 7066 7194 7067
3 7067 7194 7195
3 7067 7195 7068
3 7068 7195 7196
3 7068 7196 7069
3 7069 7196 7197
3 7069 7197 7070
3 7070 7197 7198
3 7070 7198 7071
3 7071 7198 7199
3 7071 7199 7072
3 7072 7199 7200
3 7072 7200 7073
3 7073 7200 7201
3 7073 7201 7074
3 7074 7201 7202
3 7074 7202 7075
3 7075 7202 7203
3 7075 7203 7076
3 7076 7203 7204
3 7076 7204 7077
3 7077 7204 7205
3 7077 7205 7078
3 7078 7205 7206
3 7078 7206 7079
3 7079 7206 7207
3 7079 7207 7080
3 7080 7207 7208
3 7080 7208 7081
3 7081 7208 7209
3 7081 7209 7082
3 7082 7209 7210
3 7082 7210 7083
3 7083 7210 7211
3 7083 7211 7084
3 7084 7211 7212
3 7084 7212 7085
3 7085 7212 7213
3 7085 7213 7086
3 7086 7213 7214
3 7086 7214 7087
3 7087 7214 7215
3 7087 7215 7088
3 7088 7215 7216
3 7088 7216 7089
3 7089 7216 7217
3 7089 7217 7090
3 7090 7217 7218
3 7090 7218 7091
3 7091 7218 7219
3 7091 7219 7092
3 7092 7219 7220
3 7092 7220 7093
3 7093 7220 7221
3 7093 7221 7094
3 7094 7221 7222
3 7094 7222 7095
3 7095 7222 7223
3 7095 7223 7096
3 7096 7223 7224
3 7096 7224 7097
3 7097 7224 7225
3 7097 7225 7098
3 7098 7225 7226
3 7098 7226 7099
3 7099 7226 7227
3 7099 7227 7100
3 7100 7227 7228
3 7100 7228 7101
3 7101 7228 7229
3 7101 7229 7102
3 7102 7229 7230
3 7102 7230 7103
3 7103 7230 7231
3 7103 7231 7104
3 7104 7231 7232
3 7104 7232 7105
3 7105 7232 7233
3 7105 7233 7106
3 7106 7233 7234
3 7106 7234 7107
3 7107 7234 7235
3 7107 7235 7108
3 7108 7235 7236
3 7108 7236 7109
3 7109 7236 7237
3 7109 7237 7110
3 7110 7237 7238
3 7110 7238 7111
3 7111 7238 7239
3 7111 7239 7112
3 7112 7239 7240
3 7112 7240 7113
3 7113 7240 7241
3 7113 7241 7114
3 7114 7241 7242
3 7114 7242 7115
3 7115 7242 7243
3 7115 7243 7116
3 7116 7243 7244
3 7116 7244 7117
3 7117 7244 7245
3 7117 7245 7118
3 7118 7245 7246
3 7118 7246 7119
3 7119 7246 7247
3 7119 7247 7120
3 7120 7247 7248
3 7120 7248 7121
3 7121 7248 7249
3 7121 7249 7122
3 7122 7249 7250
3 7122 7250 7123
3 7123 7250 7251
3 7123 7251 7124
3 7124 7251 7252
3 7124 7252 7125
3 7125 7252 7253
3 7125 7253 7126
3 7126 7253 7254
3 7126 7254 7127
3 7127 7254 7255
3 7127 7255 7128
3 7128 7255 7256
3 7128 7256 7129
3 7129 7256 7257
3 7129 7257 7130
3 7130 7257 7258
3 7130 7258 7131
3 7131 7258 7259
3 7131 7259 7132
3 7132 7259 7260
3 7132 7260 7133
3 7133 7260 7261
3 7133 7261 7134
3 7134 7261 7262
3 7134 7262 7135
3 7135 7262 7263
3 7135 7263 7136
3 7136 7263 7264
3 7136 7264 7137
3 7137 7264 7265
3 7137 7265 7138
3 7138 7265 7266
3 7138 7266 7139
3 7139 7266 7267
3 7139 7267 7140
3 7140 7267 7268
3 7140 7268 7141
3 7141 7268 7269
3 7141 7269 7142
3 7142 7269 7270
3 7142 7270 7143
3 7143 7270 7271
3 7143 7271 7144
3 7144 7271 7272
3 7144 7272 7145
3 7145 7272 7273
3 7145 7273 7146
3 7146 7273 7274
3 7146 7274 7147
3 7147 7274 7275
3 7147 7275 7148
3 7148 7275 7276
3 7148 7276 7149
3 7149 7276 7277
3 7149 7277 7150
3 7150 7277 7278
3 7150 7278 7151
3 7151 7278 7279
3 7151 7279 7152
3 7152 7279 7280
3 7152 7280 7153
3 7153 7280 7281
3 7153 7281 7154
3 7154 7281 7282
3 7154 7282 7155
3 7155 7282 7283
3 7155 7283 7156
3 7156 7283 7284
3 7156 7284 7157
3 7157 7284 7285
3 7157 7285 7158
3 7158 7285 7286
3 7158 7286 7159
3 7159 7286 7287
3 7159 7287 7160
3 7160 7287 7288
3 7160 7288 7161
3 7161 7288 7289
3 7161 7289 7162
3 7162 7289 7290
3 7162 7290 7163
3 7163 7290 7291
3 7163 7291 7164
3 7164 7291 7292
3 7164 7292 7165
3 7165 7292 7293
3 7165 7293 7166
3 7166 7293 7294
3 7166 7294 7167
3 7167 7294 7295
3 7167 7295 7168
3 7168 7295 7296
3 7168 7296 7169
3 7169 7296 7297
3 7169 7297 7042
3 7042 7297 7170
3 7170 7298 7171
3 7171 7298 7299
3 7171 7299 7172
3 7172 7299 7300
3 7172 7300 7173
3 7173 7300 7301
3 7173 7301 7174
3 7174 7301 7302
3 7174 7302 7175
3 7175 7302 7303
3 7175 7303 7176
3 7176 7303 7304
3 7176 7304 7177
3 7177 7304 7305
3 7177 7305 7178
3 7178 7305 7306
3 7178 7306 7179
3 7179 7306 7307
3 7179 7307 7180
3 7180 7307 7308
3 7180 7308 7181
3 7181 7308 7309
3 7181 7309 7182
3 7182 7309 7310
3 7182 7310 7183
3 7183 7310 7311
3 7183 7311 7184
3 7184 7311 7312
3 7184 7312 7185
3 7185 7312 7313
3 7185 7313 7186
3 7186 7313 7314
3 7186 7314 7187
3 7187 7314 7315
3 7187 7315 7188
3 7188 7315 7316
3 7188 7316 7189
3 7189 7316 7317
3 7189 7317 7190
3 7190 7317 7318
3 7190 7318 7191
3 7191 7318 7319
3 7191 7319 7192
3 7192 7319 7320
3 7192 7320 7193
3 7193 7320 7321
3 7193 7321 7194
3 7194 7321 7322
3 7194 7322 7195
3 7195 7322 7323
3 7195 7323 7196
3 7196 7323 7324
3 7196 7324 7197
3 7197 7324 7325
3 7197 7325 7198
3 7198 7325 7326
3 7198 7326 7199
3 7199 7326 7327
3 7199 7327 7200
3 7200 7327 7328
3 7200 7328 7201
3 7201 7328 7329
3 7201 7329 7202
3 7202 7329 7330
3 7202 7330 7203
3 7203 7330 7331
3 7203 7331 7204
3 7204 7331 7332
3 7204 7332 7205
3 7205 7332 7333
3 7205 7333 7206
3 7206 7333 7334
3 7206 7334 7207
3 7207 7334 7335
3 7207 7335 7208
3 7208 7335 7336
3 7208 7336 7209
3 7209 7336 7337
3 7209 7337 7210
3 7210 7337 7338
3 7210 7338 7211
3 7211 7338 7339
3 7211 7339 7212
3 7212 7339 7340
3 7212 7340 7213
3 7213 7340 7341
3 7213 7341 7214
3 7214 7341 7342
3 7214 7342 7215
3 7215 7342 7343
3 7215 7343 7216
3 7216 7343 7344
3 7216 7344 7217
3 7217 7344 7345
3 7217 7345 7218
3 7218 7345 7346
3 7218 7346 7219
3 7219 7346 7347
3 7219 7347 7220
3 7220 7347 7348
3 7220 7348 7221
3 7221 7348 7349
3 7221 7349 7222
3 7222 7349 7350
3 7222 7350 7223
3 7223 7350 7351
3 7223 7351 7224
3 7224 7351 7352
3 7224 7352 7225
3 7225 7352 7353
3 7225 7353 7226
3 7226 7353 7354
3 7226 7354 7227
3 7227 7354 7355
3 7227 7355 7228
3 7228 7355 7356
3 7228 7356 7229
3 7229 7356 7357
3 7229 7357 7230
3 7230 7357 7358
3 7230 7358 7231
3 7231 7358 7359
3 7231 7359 7232
3 7232 7359 7360
3 7232 7360 7233
3 7233 7360 7361
3 7233 7361 7234
3 7234 7361 7362
3 7234 7362 7235
3 7235 7362 7363
3 7235 7363 7236
3 7236 7363 7364
3 7236 7364 7237
3 7237 7364 7365
3 7237 7365 7238
3 7238 7365 7366
3 7238 7366 7239
3 7239 7366 7367
3 7239 7367 7240
3 7240 7367 7368
3 7240 7368 7241
3 7241 7368 7369
3 7241 7369 7242
3 7242 7369 7370
3 7242 7370 7243
3 7243 7370 7371
3 7243 7371 7244
3 7244 7371 7372
3 7244 7372 7245
3 7245 7372 7373
3 7245 7373 7246
3 7246 7373 7374
3 7246 7374 7247
3 7247 7374 7375
3 7247 7375 7248
3 7248 7375 7376
3 7248 7376 7249
3 7249 7376 7377
3 7249 7377 7250
3 7250 7377 7378
3 7250 7378 7251
3 7251 7378 7379
3 7251 7379 7252
3 7252 7379 7380
3 7252 7380 7253
3 7253 7380 7381
3 7253 7381 7254
3 7254 7381 7382
3 7254 7382 7255
3 7255 7382 7383
3 7255 7383 7256
3 7256 7383 7384
3 7256 7384 7257
3 7257 7384 7385
3 7257 7385 7258
3 7258 7385 7386
3 7258 7386 7259
3 7259 7386 7387
3 7259 7387 7260
3 7260 7387 7388
3 7260 7388 7261
3 7261 7388 7389
3 7261 7389 7262
3 7262 7389 7390
3 7262 7390 7263
3 7263 7390 7391
3 7263 7391 7264
3 7264 7391 7392
3 7264 7392 7265
3 7265 7392 7393
3 7265 7393 7266
3 7266 7393 7394
3 7266 7394 7267
3 7267 7394 7395
3 7267 7395 7268
3 7268 7395 7396
3 7268 7396 7269
3 7269 7396 7397
3 7269 7397 7270
3 7270 7397 7398
3 7270 7398 7271
3 7271 7398 7399
3 7271 7399 7272
3 7272 7399 7400
3 7272 7400 7273
3 7273 7400 7401
3 7273 7401 7274
3 7274 7401 7402
3 7274 7402 7275
3 7275 7402 7403
3 7275 7403 7276
3 7276 7403 7404
3 7276 7404 7277
3 7277 7404 7405
3 7277 7405 7278
3 7278 7405 7406
3 7278 7406 7279
3 7279 7406 7407
3 7279 7407 7280
3 7280 7407 7408
3 7280 7408 7281
3 7281 7408 7409
3 7281 7409 7282
3 7282 7409 7410
3 7282 7410 7283
3 7283 7410 7411
3 7283 7411 7284
3 7284 7411 7412
3 7284 7412 7285
3 7285 7412 7413
3 7285 7413 7286
3 7286 7413 7414
3 7286 7414 7287
3 7287 7414 7415
3 7287 7415 7288
3 7288 7415 7416
3 7288 7416 7289
3 7289 7416 7417
3 7289 7417 7290
3 7290 7417 7418
3 7290 7418 7291
3 7291 7418 7419
3 7291 7419 7292
3 7292 7419 7420
3 7292 7420 7293
3 7293 7420 7421
3 7293 7421 7294
3 7294 7421 7422
3 7294 7422 7295
3 7295 7422 7423
3 7295 7423 7296
3 7296 7423 7424
3 7296 7424 7297
3 7297 7424 7425
3 7297 7425 7170
3 7170 7425 7298
3 7298 7426 7299
3 7299 7426 7427
3 7299 7427 7300
3 7300 7427 7428
3 7300 7428 7301
3 7301 7428 7429
3 7301 7429 7302
3 7302 7429 7430
3 7302 7430 7303
3 7303 7430 7431
3 7303 7431 7304
3 7304 7431 7432
3 7304 7432 7305
3 7305 7432 7433
3 7305 7433 7306
3 7306 7433 7434
3 7306 7434 7307
3 7307 7434 7435
3 7307 7435 7308
3 7308 7435 7436
3 7308 7436 7309
3 7309 7436 7437
3 7309 7437 7310
3 7310 7437 7438
3 7310 7438 7311
3 7311 7438 7439
3 7311 7439 7312
3 7312 7439 7440
3 7312 7440 7313
3 7313 7440 7441
3 7313 7441 7314
3 7314 7441 7442
3 7314 7442 7315
3 7315 7442 7443
3 7315 7443 7316
3 7316 7443 7444
3 7316 7444 7317
3 7317 7444 7445
3 7317 7445 7318
3 7318 7445 7446
3 7318 7446 7319
3 7319 7446 7447
3 7319 7447 7320
3 7320 7447 7448
3 7320 7448 7321
3 7321 7448 7449
3 7321 7449 7322
3 7322 7449 7450
3 7322 7450 7323
3 7323 7450 7451
3 7323 7451 7324
3 7324 7451 7452
3 7324 7452 7325
3 7325 7452 7453
3 7325 7453 7326
3 7326 7453 7454
3 7326 7454 7327
3 7327 7454 7455
3 7327 7455 7328
3 7328 7455 7456
3 7328 7456 7329
3 7329 7456 7457
3 7329 7457 7330
3 7330 7457 7458
3 7330 7458 7331
3 7331 7458 7459
3 7331 7459 7332
3 7332 7459 7460
3 7332 7460 7333
3 7333 7460 7461
3 7333 7461 7334
3 7334 7461 7462
3 7334 7462 7335
3 7335 7462 7463
3 7335 7463 7336
3 7336 7463 7464
3 7336 7464 7337
3 7337 7464 7465
3 7337 7465 7338
3 7338 7465 7466
3 7338 7466 7339
3 7339 7466 7467
3 7339 7467 7340
3 7340 7467 7468
3 7340 7468 7341
3 7341 7468 7469
3 7341 7469 7342
3 7342 7469 7470
3 7342 7470 7343
3 7343 7470 7471
3 7343 7471 7344
3 7344 7471 7472
3 7344 7472 7345
3 7345 7472 7473
3 7345 7473 7346
3 7346 7473 7474
3 7346 7474 7347
3 7347 7474 7475
3 7347 7475 7348
3 7348 7475 7476
3 7348 7476 7349
3 7349 7476 7477
3 7349 7477 7350
3 7350 7477 7478
3 7350 7478 7351
3 7351 7478 7479
3 7351 7479 7352
3 7352 7479 7480
3 7352 7480 7353
3 7353 7480 7481
3 7353 7481 7354
3 7354 7481 7482
3 7354 7482 7355
3 7355 7482 7483
3 7355 7483 7356
3 7356 7483 7484
3 7356 7484 7357
3 7357 7484 7485
3 7357 7485 7358
3 7358 7485 7486
3 7358 7486 7359
3 7359 7486 7487
3 7359 7487 7360
3 7360 7487 7488
3 7360 7488 7361
3 7361 7488 7489
3 7361 7489 7362
3 7362 7489 7490
3 7362 7490 7363
3 7363 7490 7491
3 7363 7491 7364
3 7364 7491 7492
3 7364 7492 7365
3 7365 7492 7493
3 7365 7493 7366
3 7366 7493 7494
3 7366 7494 7367
3 7367 7494 7495
3 7367 7495 7368
3 7368 7495 7496
3 7368 7496 7369
3 7369 7496 7497
3 7369 7497 7370
3 7370 7497 7498
3 7370 7498 7371
3 7371 7498 7499
3 7371 7499 7372
3 7372 7499 7500
3 7372 7500 7373
3 7373 7500 7501
3 7373 7501 7374
3 7374 7501 7502
3 7374 7502 7375
3 7375 7502 7503
3 7375 7503 7376
3 7376 7503 7504
3 7376 7504 7377
3 7377 7504 7505
3 7377 7505 7378
3 7378 7505 7506
3 7378 7506 7379
3 7379 7506 7507
3 7379 7507 7380
3 7380 7507 7508
3 7380 7508 7381
3 7381 7508 7509
3 7381 7509 7382
3 7382 7509 7510
3 7382 7510 7383
3 7383 7510 7511
3 7383 7511 7384
3 7384 7511 7512
3 7384 7512 7385
3 7385 7512 7513
3 7385 7513 7386
3 7386 7513 7514
3 7386 7514 7387
3 7387 7514 7515
3 7387 7515 7388
3 7388 7515 7516
3 7388 7516 7389
3 7389 7516 7517
3 7389 7517 7390
3 7390 7517 7518
3 7390 7518 7391
3 7391 7518 7519
3 7391 7519 7392
3 7392 7519 7520
3 7392 7520 7393
3 7393 7520 7521
3 7393 7521 7394
3 7394 7521 7522
3 7394 7522 7395
3 7395 7522 7523
3 7395 7523 7396
3 7396 7523 7524
3 7396 7524 7397
3 7397 7524 7525
3 7397 7525 7398
3 7398 7525 7526
3 7398 7526 7399
3 7399 7526 7527
3 7399 7527 7400
3 7400 7527 7528
3 7400 7528 7401
3 7401 7528 7529
3 7401 7529 7402
3 7402 7529 7530
3 7402 7530 7403
3 7403 7530 7531
3 7403 7531 7404
3 7404 7531 7532
3 7404 7532 7405
3 7405 7532 7533
3 7405 7533 7406
3 7406 7533 7534
3 7406 7534 7407
3 7407 7534 7535
3 7407 7535 7408
3 7408 7535 7536
3 7408 7536 7409
3 7409 7536 7537
3 7409 7537 7410
3 7410 7537 7538
3 7410 7538 7411
3 7411 7538 7539
3 7411 7539 7412
3 7412 7539 7540
3 7412 7540 7413
3 7413 7540 7541
3 7413 7541 7414
3 7414 7541 7542
3 7414 7542 7415
3 7415 7542 7543
3 7415 7543 7416
3 7416 7543 7544
3 7416 7544 7417
3 7417 7544 7545
3 7417 7545 7418
3 7418 7545 7546
3 7418 7546 7419
3 7419 7546 7547
3 7419 7547 7420
3 7420 7547 7548
3 7420 7548 7421
3 7421 7548 7549
3 7421 7549 7422
3 7422 7549 7550
3 7422 7550 7423
3 7423 7550 7551
3 7423 7551 7424
3 7424 7551 7552
3 7424 7552 7425
3 7425 7552 7553
3 7425 7553 7298
3 7298 7553 7426
3 7426 7554 7427
3 7427 7554 7555
3 7427 7555 7428
3 7428 7555 7556
3 7428 7556 7429
3 7429 7556 7557
3 7429 7557 7430
3 7430 7557 7558
3 7430 7558 7431
3 7431 7558 7559
3 7431 7559 7432
3 7432 7559 7560
3 7432 7560 7433
3 7433 7560 7561
3 7433 7561 7434
3 7434 7561 7562
3 7434 7562 7435
3 7435 7562 7563
3 7435 7563 7436
3 7436 7563 7564
3 7436 7564 7437
3 7437 7564 7565
3 7437 7565 7438
3 7438 7565 7566
3 7438 7566 7439
3 7439 7566 7567
3 7439 7567 7440
3 7440 7567 7568
3 7440 7568 7441
3 7441 7568 7569
3 7441 7569 7442
3 7442 7569 7570
3 7442 7570 7443
3 7443 7570 7571
3 7443 7571 7444
3 7444 7571 7572
3 7444 7572 7445
3 7445 7572 7573
3 7445 7573 7446
3 7446 7573 7574
3 7446 7574 7447
3 7447 7574 7575
3 7447 7575 7448
3 7448 7575 7576
3 7448 7576 7449
3 7449 7576 7577
3 7449 7577 7450
3 7450 7577 7578
3 7450 7578 7451
3 7451 7578 7579
3 7451 7579 7452
3 7452 7579 7580
3 7452 7580 7453
3 7453 7580 7581
3 7453 7581 7454
3 7454 7581 7582
3 7454 7582 7455
3 7455 7582 7583
3 7455 7583 7456
3 7456 7583 7584
3 7456 7584 7457
3 7457 7584 7585
3 7457 7585 7458
3 7458 7585 7586
3 7458 7586 7459
3 7459 7586 7587
3 7459 7587 7460
3 7460 7587 7588
3 7460 7588 7461
3 7461 7588 7589
3 7461 7589 7462
3 7462 7589 7590
3 7462 7590 7463
3 7463 7590 7591
3 7463 7591 7464
3 7464 7591 7592
3 7464 7592 7465
3 7465 7592 7593
3 7465 7593 7466
3 7466 7593 7594
3 7466 7594 7467
3 7467 7594 7595
3 7467 7595 7468
3 7468 7595 7596
3 7468 7596 7469
3 7469 7596 7597
3 7469 7597 7470
3 7470 7597 7598
3 7470 7598 7471
3 7471 7598 7599
3 7471 7599 7472
3 7472 7599 7600
3 7472 7600 7473
3 7473 7600 7601
3 7473 7601 7474
3 7474 7601 7602
3 7474 7602 7475
3 7475 7602 7603
3 7475 7603 7476
3 7476 7603 7604
3 7476 7604 7477
3 7477 7604 7605
3 7477 7605 7478
3 7478 7605 7606
3 7478 7606 7479
3 7479 7606 7607
3 7479 7607 7480
3 7480 7607 7608
3 7480 7608 7481
3 7481 7608 7609
3 7481 7609 7482
3 7482 7609 7610
3 7482 7610 7483
3 7483 7610 7611
3 7483 7611 7484
3 7484 7611 7612
3 7484 7612 7485
3 7485 7612 7613
3 7485 7613 7486
3 7486 7613 7614
3 7486 7614 7487
3 7487 7614 7615
3 7487 7615 7488
3 7488 7615 7616
3 7488 7616 7489
3 7489 7616 7617
3 7489 7617 7490
3 7490 7617 7618
3 7490 7618 7491
3 7491 7618 7619
3 7491 7619 7492
3 7492 7619 7620
3 7492 7620 7493
3 7493 7620 7621
3 7493 7621 7494
3 7494 7621 7622
3 7494 7622 7495
3 7495 7622 7623
3 7495 7623 7496
3 7496 7623 7624
3 7496 7624 7497
3 7497 7624 7625
3 7497 7625 7498
3 7498 7625 7626
3 7498 7626 7499
3 7499 7626 7627
3 7499 7627 7500
3 7500 7627 7628
3 7500 7628 7501
3 7501 7628 7629
3 7501 7629 7502
3 7502 7629 7630
3 7502 7630 7503
3 7503 7630 7631
3 7503 7631 7504
3 7504 7631 7632
3 7504 7632 7505
3 7505 7632 7633
3 7505 7633 7506
3 7506 7633 7634
3 7506 7634 7507
3 7507 7634 7635
3 7507 7635 7508
3 7508 7635 7636
3 7508 7636 7509
3 7509 7636 7637
3 7509 7637 7510
3 7510 7637 7638
3 7510 7638 7511
3 7511 7638 7639
3 7511 7639 7512
3 7512 7639 7640
3 7512 7640 7513
3 7513 7640 7641
3 7513 7641 7514
3 7514 7641 7642
3 7514 7642 7515
3 7515 7642 7643
3 7515 7643 7516
3 7516 7643 7644
3 7516 7644 7517
3 7517 7644 7645
3 7517 7645 7518
3 7518 7645 7646
3 7518 7646 7519
3 7519 7646 7647
3 7519 7647 7520
3 7520 7647 7648
3 7520 7648 7521
3 7521 7648 7649
3 7521 7649 7522
3 7522 7649 7650
3 7522 7650 7523
3 7523 7650 7651
3 7523 7651 7524
3 7524 7651 7652
3 7524 7652 7525
3 7525 7652 7653
3 7525 7653 7526
3 7526 7653 7654
3 7526 7654 7527
3 7527 7654 7655
3 7527 7655 7528
3 7528 7655 7656
3 7528 7656 7529
3 7529 7656 7657
3 7529 7657 7530
3 7530 7657 7658
3 7530 7658 7531
3 7531 7658 7659
3 7531 7659 7532
3 7532 7659 7660
3 7532 7660 7533
3 7533 7660 7661
3 7533 7661 7534
3 7534 7661 7662
3 7534 7662 7535
3 7535 7662 7663
3 7535 7663 7536
3 7536 7663 7664
3 7536 7664 7537
3 7537 7664 7665
3 7537 7665 7538
3 7538 7665 7666
3 7538 7666 7539
3 7539 7666 7667
3 7539 7667 7540
3 7540 7667 7668
3 7540 7668 7541
3 7541 7668 7669
3 7541 7669 7542
3 7542 7669 7670
3 7542 7670 7543
3 7543 7670 7671
3 7543 7671 7544
3 7544 7671 7672
3 7544 7672 7545
3 7545 7672 7673
3 7545 7673 7546
3 7546 7673 7674
3 7546 7674 7547
3 7547 7674 7675
3 7547 7675 7548
3 7548 7675 7676
3 7548 7676 7549
3 7549 7676 7677
3 7549 7677 7550
3 7550 7677 7678
3 7550 7678 7551
3 7551 7678 7679
3 7551 7679 7552
3 7552 7679 7680
3 7552 7680 7553
3 7553 7680 7681
3 7553 7681 7426
3 7426 7681 7554
3 7554 7682 7555
3 7555 7682 7683
3 7555 7683 7556
3 7556 7683 7684
3 7556 7684 7557
3 7557 7684 7685
3 7557 7685 7558
3 7558 7685 7686
3 7558 7686 7559
3 7559 7686 7687
3 7559 7687 7560
3 7560 7687 7688
3 7560 7688 7561
3 7561 7688 7689
3 7561 7689 7562
3 7562 7689 7690
3 7562 7690 7563
3 7563 7690 7691
3 7563 7691 7564
3 7564 7691 7692
3 7564 7692 7565
3 7565 7692 7693
3 7565 7693 7566
3 7566 7693 7694
3 7566 7694 7567
3 7567 7694 7695
3 7567 7695 7568
3 7568 7695 7696
3 7568 7696 7569
3 7569 7696 7697
3 7569 7697 7570
3 7570 7697 7698
3 7570 7698 7571
3 7571 7698 7699
3 7571 7699 7572
3 7572 7699 7700
3 7572 7700 7573
3 7573 7700 7701
3 7573 7701 7574
3 7574 7701 7702
3 7574 7702 7575
3 7575 7702 7703
3 7575 7703 7576
3 7576 7703 7704
3 7576 7704 7577
3 7577 7704 7705
3 7577 7705 7578
3 7578 7705 7706
3 7578 7706 7579
3 7579 7706 7707
3 7579 7707 7580
3 7580 7707 7708
3 7580 7708 7581
3 7581 7708 7709
3 7581 7709 7582
3 7582 7709 7710
3 7582 7710 7583
3 7583 7710 7711
3 7583 7711 7584
3 7584 7711 7712
3 7584 7712 7585
3 7585 7712 7713
3 7585 7713 7586
3 7586 7713 7714
3 7586 7714 7587
3 7587 7714 7715
3 7587 7715 7588
3 7588 7715 7716
3 7588 7716 7589
3 7589 7716 7717
3 7589 7717 7590
3 7590 7717 7718
3 7590 7718 7591
3 7591 7718 7719
3 7591 7719 7592
3 7592 7719 7720
3 7592 7720 7593
3 7593 7720 7721
3 7593 7721 7594
3 7594 7721 7722
3 7594 7722 7595
3 7595 7722 7723
3 7595 7723 7596
3 7596 7723 7724
3 7596 7724 7597
3 7597 7724 7725
3 7597 7725 7598
3 7598 7725 7726
3 7598 7726 7599
3 7599 7726 7727
3 7599 7727 7600
3 7600 7727 7728
3 7600 7728 7601
3 7601 7728 7729
3 7601 7729 7602
3 7602 7729 7730
3 7602 7730 7603
3 7603 7730 7731
3 7603 7731 7604
3 7604 7731 7732
3 7604 7732 7605
3 7605 7732 7733
3 7605 7733 7606
3 7606 7733 7734
3 7606 7734 7607
3 7607 7734 7735
3 7607 7735 7608
3 7608 7735 7736
3 7608 7736 7609
3 7609 7736 7737
3 7609 7737 7610
3 7610 7737 7738
3 7610 7738 7611
3 7611 7738 7739
3 7611 7739 7612
3 7612 7739 7740
3 7612 7740 7613
3 7613 7740 7741
3 7613 7741 7614
3 7614 7741 7742
3 7614 7742 7615
3 7615 7742 7743
3 7615 7743 7616
3 7616 7743 7744
3 7616 7744 7617
3 7617 7744 7745
3 7617 7745 7618
3 7618 7745 7746
3 7618 7746 7619
3 7619 7746 7747
3 7619 7747 7620
3 7620 7747 7748
3 7620 7748 7621
3 7621 7748 7749
3 7621 7749 7622
3 7622 7749 7750
3 7622 7750 7623
3 7623 7750 7751
3 7623 7751 7624
3 7624 7751 7752
3 7624 7752 7625
3 7625 7752 7753
3 7625 7753 7626
3 7626 7753 7754
3 7626 7754 7627
3 7627 7754 7755
3 7627 7755 7628
3 7628 7755 7756
3 7628 7756 7629
3 7629 7756 7757
3 7629 7757 7630
3 7630 7757 7758
3 7630 7758 7631
3 7631 7758 7759
3 7631 7759 7632
3 7632 7759 7760
3 7632 7760 7633
3 7633 7760 7761
3 7633 7761 7634
3 7634 7761 7762
3 7634 7762 7635
3 7635 7762 7763
3 7635 7763 7636
3 7636 7763 7764
3 7636 7764 7637
3 7637 7764 7765
3 7637 7765 7638
3 7638 7765 7766
3 7638 7766 7639
3 7639 7766 7767
3 7639 7767 7640
3 7640 7767 7768
3 7640 7768 7641
3 7641 7768 7769
3 7641 7769 7642
3 7642 7769 7770
3 7642 7770 7643
3 7643 7770 7771
3 7643 7771 7644
3 7644 7771 7772
3 7644 7772 7645
3 7645 7772 7773
3 7645 7773 7646
3 7646 7773 7774
3 7646 7774 7647
3 7647 7774 7775
3 7647 7775 7648
3 7648 7775 7776
3 7648 7776 7649
3 7649 7776 7777
3 7649 7777 7650
3 7650 7777 7778
3 7650 7778 7651
3 7651 7778 7779
3 7651 7779 7652
3 7652 7779 7780
3 7652 7780 7653
3 7653 7780 7781
3 7653 7781 7654
3 7654 7781 7782
3 7654 7782 7655
3 7655 7782 7783
3 7655 7783 7656
3 7656 7783 7784
3 7656 7784 7657
3 7657 7784 7785
3 7657 7785 7658
3 7658 7785 7786
3 7658 7786 7659
3 7659 7786 7787
3 7659 7787 7660
3 7660 7787 7788
3 7660 7788 7661
3 7661 7788 7789
3 7661 7789 7662
3 7662 7789 7790
3 7662 7790 7663
3 7663 7790 7791
3 7663 7791 7664
3 7664 7791 7792
3 7664 7792 7665
3 7665 7792 7793
3 7665 7793 7666
3 7666 7793 7794
3 7666 7794 7667
3 7667 7794 7795
3 7667 7795 7668
3 7668 7795 7796
3 7668 7796 7669
3 7669 7796 7797
3 7669 7797 7670
3 7670 7797 7798
3 7670 7798 7671
3 7671 7798 7799
3 7671 7799 7672
3 7672 7799 7800
3 7672 7800 7673
3 7673 7800 7801
3 7673 7801 7674
3 7674 7801 7802
3 7674 7802 7675
3 7675 7802 7803
3 7675 7803 7676
3 7676 7803 7804
3 7676 7804 7677
3 7677 7804 7805
3 7677 7805 7678
3 7678 7805 7806
3 7678 7806 7679
3 7679 7806 7807
3 7679 7807 7680
3 7680 7807 7808
3 7680 7808 7681
3 7681 7808 7809
3 7681 7809 7554
3 7554 7809 7682
3 7682 7810 7683
3 7683 7810 7811
3 7683 7811 7684
3 7684 7811 7812
3 7684 7812 7685
3 7685 7812 7813
3 7685 7813 7686
3 7686 7813 7814
3 7686 7814 7687
3 7687 7814 7815
3 7687 7815 7688
3 7688 7815 7816
3 7688 7816 7689
3 7689 7816 7817
3 7689 7817 7690
3 7690 7817 7818
3 7690 7818 7691
3 7691 7818 7819
3 7691 7819 7692
3 7692 7819 7820
3 7692 7820 7693
3 7693 7820 7821
3 7693 7821 7694
3 7694 7821 7822
3 7694 7822 7695
3 7695 7822 7823
3 7695 7823 7696
3 7696 7823 7824
3 7696 7824 7697
3 7697 7824 7825
3 7697 7825 7698
3 7698 7825 7826
3 7698 7826 7699
3 7699 7826 7827
3 7699 7827 7700
3 7700 7827 7828
3 7700 7828 7701
3 7701 7828 7829
3 7701 7829 7702
3 7702 7829 7830
3 7702 7830 7703
3 7703 7830 7831
3 7703 7831 7704
3 7704 7831 7832
3 7704 7832 7705
3 7705 7832 7833
3 7705 7833 7706
3 7706 7833 7834
3 7706 7834 7707
3 7707 7834 7835
3 7707 7835 7708
3 7708 7835 7836
3 7708 7836 7709
3 7709 7836 7837
3 7709 7837 7710
3 7710 7837 7838
3 7710 7838 7711
3 7711 7838 7839
3 7711 7839 7712
3 7712 7839 7840
3 7712 7840 7713
3 7713 7840 7841
3 7713 7841 7714
3 7714 7841 7842
3 7714 7842 7715
3 7715 7842 7843
3 7715 7843 7716
3 7716 7843 7844
3 7716 7844 7717
3 7717 7844 7845
3 7717 7845 7718
3 7718 7845 7846
3 7718 7846 7719
3 7719 7846 7847
3 7719 7847 7720
3 7720 7847 7848
3 7720 7848 7721
3 7721 7848 7849
3 7721 7849 7722
3 7722 7849 7850
3 7722 7850 7723
3 7723 7850 7851
3 7723 7851 7724
3 7724 7851 7852
3 7724 7852 7725
3 7725 7852 7853
3 7725 7853 7726
3 7726 7853 7854
3 7726 7854 7727
3 7727 7854 7855
3 7727 7855 7728
3 7728 7855 7856
3 7728 7856 7729
3 7729 7856 7857
3 7729 7857 7730
3 7730 7857 7858
3 7730 7858 7731
3 7731 7858 7859
3 7731 7859 7732
3 7732 7859 7860
3 7732 7860 7733
3 7733 7860 7861
3 7733 7861 7734
3 7734 7861 7862
3 7734 7862 7735
3 7735 7862 7863
3 7735 7863 7736
3 7736 7863 7864
3 7736 7864 7737
3 7737 7864 7865
3 7737 7865 7738
3 7738 7865 7866
3 7738 7866 7739
3 7739 7866 7867
3 7739 7867 7740
3 7740 7867 7868
3 7740 7868 7741
3 7741 7868 7869
3 7741 7869 7742
3 7742 7869 7870
3 7742 7870 7743
3 7743 7870 7871
3 7743 7871 7744
3 7744 7871 7872
3 7744 7872 7745
3 7745 7872 7873
3 7745 7873 7746
3 7746 7873 7874
3 7746 7874 7747
3 7747 7874 7875
3 7747 7875 7748
3 7748 7875 7876
3 7748 7876 7749
3 7749 7876 7877
3 7749 7877 7750
3 7750 7877 7878
3 7750 7878 7751
3 7751 7878 7879
3 7751 7879 7752
3 7752 7879 7880
3 7752 7880 7753
3 7753 7880 7881
3 7753 7881 7754
3 7754 7881 7882
3 7754 7882 7755
3 7755 7882 7883
3 7755 7883 7756
3 7756 7883 7884
3 7756 7884 7757
3 7757 7884 7885
3 7757 7885 7758
3 7758 7885 7886
3 7758 7886 7759
3 7759 7886 7887
3 7759 7887 7760
3 7760 7887 7888
3 7760 7888 7761
3 7761 7888 7889
3 7761 7889 7762
3 7762 7889 7890
3 7762 7890 7763
3 7763 7890 7891
3 7763 7891 7764
3 7764 7891 7892
3 7764 7892 7765
3 7765 7892 7893
3 7765 7893 7766
3 7766 7893 7894
3 7766 7894 7767
3 7767 7894 7895
3 7767 7895 7768
3 7768 7895 7896
3 7768 7896 7769
3 7769 7896 7897
3 7769 7897 7770
3 7770 7897 7898
3 7770 7898 7771
3 7771 7898 7899
3 7771 7899 7772
3 7772 7899 7900
3 7772 7900 7773
3 7773 7900 7901
3 7773 7901 7774
3 7774 7901 7902
3 7774 7902 7775
3 7775 7902 7903
3 7775 7903 7776
3 7776 7903 7904
3 7776 7904 7777
3 7777 7904 7905
3 7777 7905 7778
3 7778 7905 7906
3 7778 7906 7779
3 7779 7906 7907
3 7779 7907 7780
3 7780 7907 7908
3 7780 7908 7781
3 7781 7908 7909
3 7781 7909 7782
3 7782 7909 7910
3 7782 7910 7783
3 7783 7910 7911
3 7783 7911 7784
3 7784 7911 7912
3 7784 7912 7785
3 7785 7912 7913
3 7785 7913 7786
3 7786 7913 7914
3 7786 7914 7787
3 7787 7914 7915
3 7787 7915 7788
3 7788 7915 7916
3 7788 7916 7789
3 7789 7916 7917
3 7789 7917 7790
3 7790 7917 7918
3 7790 7918 7791
3 7791 7918 7919
3 7791 7919 7792
3 7792 7919 7920
3 7792 7920 7793
3 7793 7920 7921
3 7793 7921 7794
3 7794 7921 7922
3 7794 7922 7795
3 7795 7922 7923
3 7795 7923 7796
3 7796 7923 7924
3 7796 7924 7797
3 7797 7924 7925
3 7797 7925 7798
3 7798 7925 7926
3 7798 7926 7799
3 7799 7926 7927
3 7799 7927 7800
3 7800 7927 7928
3 7800 7928 7801
3 7801 7928 7929
3 7801 7929 7802
3 7802 7929 7930
3 7802 7930 7803
3 7803 7930 7931
3 7803 7931 7804
3 7804 7931 7932
3 7804 7932 7805
3 7805 7932 7933
3 7805 7933 7806
3 7806 7933 7934
3 7806 7934 7807
3 7807 7934 7935
3 7807 7935 7808
3 7808 7935 7936
3 7808 7936 7809
3 7809 7936 7937
3 7809 7937 7682
3 7682 7937 7810
3 7810 7938 7811
3 7811 7938 7939
3 7811 7939 7812
3 7812 7939 7940
3 7812 7940 7813
3 7813 7940 7941
3 7813 7941 7814
3 7814 7941 7942
3 7814 7942 7815
3 7815 7942 7943
3 7815 7943 7816
3 7816 7943 7944
3 7816 7944 7817
3 7817 7944 7945
3 7817 7945 7818
3 7818 7945 7946
3 7818 7946 7819
3 7819 7946 7947
3 7819 7947 7820
3 7820 7947 7948
3 7820 7948 7821
3 7821 7948 7949
3 7821 7949 7822
3 7822 7949 7950
3 7822 7950 7823
3 7823 7950 7951
3 7823 7951 7824
3 7824 7951 7952
3 7824 7952 7825
3 7825 7952 7953
3 7825 7953 7826
3 7826 7953 7954
3 7826 7954 7827
3 7827 7954 7955
3 7827 7955 7828
3 7828 7955 7956
3 7828 7956 7829
3 7829 7956 7957
3 7829 7957 7830
3 7830 7957 7958
3 7830 7958 7831
3 7831 7958 7959
3 7831 7959 7832
3 7832 7959 7960
3 7832 7960 7833
3 7833 7960 7961
3 7833 7961 7834
3 7834 7961 7962
3 7834 7962 7835
3 7835 7962 7963
3 7835 7963 7836
3 7836 7963 7964
3 7836 7964 7837
3 7837 7964 7965
3 7837 7965 7838
3 7838 7965 7966
3 7838 7966 7839
3 7839 7966 7967
3 7839 7967 7840
3 7840 7967 7968
3 7840 7968 7841
3 7841 7968 7969
3 7841 7969 7842
3 7842 7969 7970
3 7842 7970 7843
3 7843 7970 7971
3 7843 7971 7844
3 7844 7971 7972
3 7844 7972 7845
3 7845 7972 7973
3 7845 7973 7846
3 7846 7973 7974
3 7846 7974 7847
3 7847 7974 7975
3 7847 7975 7848
3 7848 7975 7976
3 7848 7976 7849
3 7849 7976 7977
3 7849 7977 7850
3 7850 7977 7978
3 7850 7978 7851
3 7851 7978 7979
3 7851 7979 7852
3 7852 7979 7980
3 7852 7980 7853
3 7853 7980 7981
3 7853 7981 7854
3 7854 7981 7982
3 7854 7982 7855
3 7855 7982 7983
3 7855 7983 7856
3 7856 7983 7984
3 7856 7984 7857
3 7857 7984 7985
3 7857 7985 7858
3 7858 7985 7986
3 7858 7986 7859
3 7859 7986 7987
3 7859 7987 7860
3 7860 7987 7988
3 7860 7988 7861
3 7861 7988 7989
3 7861 7989 7862
3 7862 7989 7990
3 7862 7990 7863
3 7863 7990 7991
3 7863 7991 7864
3 7864 7991 7992
3 7864 7992 7865
3 7865 7992 7993
3 7865 7993 7866
3 7866 7993 7994
3 7866 7994 7867
3 7867 7994 7995
3 7867 7995 7868
3 7868 7995 7996
3 7868 7996 7869
3 7869 7996 7997
3 7869 7997 7870
3 7870 7997 7998
3 7870 7998 7871
3 7871 7998 7999
3 7871 7999 7872
3 7872 7999 8000
3 7872 8000 7873
3 7873 8000 8001
3 7873 8001 7874
3 7874 8001 8002
3 7874 8002 7875
3 7875 8002 8003
3 7875 8003 7876
3 7876 8003 8004
3 7876 8004 7877
3 7877 8004 8005
3 7877 8005 7878
3 7878 8005 8006
3 7878 8006 7879
3 7879 8006 8007
3 7879 8007 7880
3 7880 8007 8008
3 7880 8008 7881
3 7881 8008 8009
3 7881 8009 7882
3 7882 8009 8010
3 7882 8010 7883
3 7883 8010 8011
3 7883 8011 7884
3 7884 8011 8012
3 7884 8012 7885
3 7885 8012 8013
3 7885 8013 7886
3 7886 8013 8014
3 7886 8014 7887
3 7887 8014 8015
3 7887 8015 7888
3 7888 8015 8016
3 7888 8016 7889
3 7889 8016 8017
3 7889 8017 7890
3 7890 8017 8018
3 7890 8018 7891
3 7891 8018 8019
3 7891 8019 7892
3 7892 8019 8020
3 7892 8020 7893
3 7893 8020 8021
3 7893 8021 7894
3 7894 8021 8022
3 7894 8022 7895
3 7895 8022 8023
3 7895 8023 7896
3 7896 8023 8024
3 7896 8024 7897
3 7897 8024 8025
3 7897 8025 7898
3 7898 8025 8026
3 7898 8026 7899
3 7899 8026 8027
3 7899 8027 7900
3 7900 8027 8028
3 7900 8028 7901
3 7901 8028 8029
3 7901 8029 7902
3 7902 8029 8030
3 7902 8030 7903
3 7903 8030 8031
3 7903 8031 7904
3 7904 8031 8032
3 7904 8032 7905
3 7905 8032 8033
3 7905 8033 7906
3 7906 8033 8034
3 7906 8034 7907
3 7907 8034 8035
3 7907 8035 7908
3 7908 8035 8036
3 7908 8036 7909
3 7909 8036 8037
3 7909 8037 7910
3 7910 8037 8038
3 7910 8038 7911
3 7911 8038 8039
3 7911 8039 7912
3 7912 8039 8040
3 7912 8040 7913
3 7913 8040 8041
3 7913 8041 7914
3 7914 8041 8042
3 7914 8042 7915
3 7915 8042 8043
3 7915 8043 7916
3 7916 8043 8044
3 7916 8044 7917
3 7917 8044 8045
3 7917 8045 7918
3 7918 8045 8046
3 7918 8046 7919
3 7919 8046 8047
3 7919 8047 7920
3 7920 8047 8048
3 7920 8048 7921
3 7921 8048 8049
3 7921 8049 7922
3 7922 8049 8050
3 7922 8050 7923
3 7923 8050 8051
3 7923 8051 7924
3 7924 8051 8052
3 7924 8052 7925
3 7925 8052 8053
3 7925 8053 7926
3 7926 8053 8054
3 7926 8054 7927
3 7927 8054 8055
3 7927 8055 7928
3 7928 8055 8056
3 7928 8056 7929
3 7929 8056 8057
3 7929 8057 7930
3 7930 8057 8058
3 7930 8058 7931
3 7931 8058 8059
3 7931 8059 7932
3 7932 8059 8060
3 7932 8060 7933
3 7933 8060 8061
3 7933 8061 7934
3 7934 8061 8062
3 7934 8062 7935
3 7935 8062 8063
3 7935 8063 7936
3 7936 8063 8064
3 7936 8064 7937
3 7937 8064 8065
3 7937 8065 7810
3 7810 8065 7938
