OFF
2082 4160 0
0.000000 0.000000 10.000000
0.000000 0.000000 -10.000000
3.000000 0.000000 -10.000000
2.942356 0.585271 -10.000000
2.771639 1.148050 -10.000000
2.494409 1.666711 -10.000000
2.121320 2.121320 -10.000000
1.666711 2.494409 -10.000000
1.148050 2.771639 -10.000000
0.585271 2.942356 -10.000000
0.000000 3.000000 -10.000000
-0.585271 2.942356 -10.000000
-1.148050 2.771639 -10.000000
-1.666711 2.494409 -10.000000
-2.121320 2.121320 -10.000000
-2.494409 1.666711 -10.000000
-2.771639 1.148050 -10.000000
-2.942356 0.585271 -10.000000
-3.000000 0.000000 -10.000000
-2.942356 -0.585271 -10.000000
-2.771639 -1.148050 -10.000000
-2.494409 -1.666711 -10.000000
-2.121320 -2.121320 -10.000000
-1.666711 -2.494409 -10.000000
-1.148050 -2.771639 -10.000000
-0.585271 -2.942356 -10.000000
-0.000000 -3.000000 -10.000000
0.585271 -2.942356 -10.000000
1.148050 -2.771639 -10.000000
1.666711 -2.494409 -10.000000
2.121320 -2.121320 -10.000000
2.494409 -1.666711 -10.000000
2.771639 -1.148050 -10.000000
2.942356 -0.585271 -10.000000
3.382683 0.000000 -9.687500
3.317686 0.659929 -9.687500
3.125192 1.294497 -9.687500
2.812598 1.879318 -9.687500
2.391918 2.391918 -9.687500
1.879318 2.812598 -9.687500
1.294497 3.125192 -9.687500
0.659929 3.317686 -9.687500
0.000000 3.382683 -9.687500
-0.659929 3.317686 -9.687500
-1.294497 3.125192 -9.687500
-1.879318 2.812598 -9.687500
-2.391918 2.391918 -9.687500
-2.812598 1.879318 -9.687500
-3.125192 1.294497 -9.687500
-3.317686 0.659929 -9.687500
-3.382683 0.000000 -9.687500
-3.317686 -0.659929 -9.687500
-3.125192 -1.294497 -9.687500
-2.812598 -1.879318 -9.687500
-2.391918 -2.391918 -9.687500
-1.879318 -2.812598 -9.687500
-1.294497 -3.125192 -9.687500
-0.659929 -3.317686 -9.687500
-0.000000 -3.382683 -9.687500
0.659929 -3.317686 -9.687500
1.294497 -3.125192 -9.687500
1.879318 -2.812598 -9.687500
2.391918 -2.391918 -9.687500
2.812598 -1.879318 -9.687500
3.125192 -1.294497 -9.687500
3.317686 -0.659929 -9.687500
3.707107 0.000000 -9.375000
3.635876 0.723221 -9.375000
3.424920 1.418648 -9.375000
3.082347 2.059558 -9.375000
2.621320 2.621320 -9.375000
2.059558 3.082347 -9.375000
1.418648 3.424920 -9.375000
0.723221 3.635876 -9.375000
0.000000 3.707107 -9.375000
-0.723221 3.635876 -9.375000
-1.418648 3.424920 -9.375000
-2.059558 3.082347 -9.375000
-2.621320 2.621320 -9.375000
-3.082347 2.059558 -9.375000
-3.424920 1.418648 -9.375000
-3.635876 0.723221 -9.375000
-3.707107 0.000000 -9.375000
-3.635876 -0.723221 -9.375000
-3.424920 -1.418648 -9.375000
-3.082347 -2.059558 -9.375000
-2.621320 -2.621320 -9.375000
-2.059558 -3.082347 -9.375000
-1.418648 -3.424920 -9.375000
-0.723221 -3.635876 -9.375000
-0.000000 -3.707107 -9.375000
0.723221 -3.635876 -9.375000
1.418648 -3.424920 -9.375000
2.059558 -3.082347 -9.375000
2.621320 -2.621320 -9.375000
3.082347 -2.059558 -9.375000
3.424920 -1.418648 -9.375000
3.635876 -0.723221 -9.375000
3.923880 0.000000 -9.062500
3.848483 0.765511 -9.062500
3.625192 1.501604 -9.062500
3.262587 2.179991 -9.062500
2.774602 2.774602 -9.062500
2.179991 3.262587 -9.062500
1.501604 3.625192 -9.062500
0.765511 3.848483 -9.062500
0.000000 3.923880 -9.062500
-0.765511 3.848483 -9.062500
-1.501604 3.625192 -9.062500
-2.179991 3.262587 -9.062500
-2.774602 2.774602 -9.062500
-3.262587 2.179991 -9.062500
-3.625192 1.501604 -9.062500
-3.848483 0.765511 -9.062500
-3.923880 0.000000 -9.062500
-3.848483 -0.765511 -9.062500
-3.625192 -1.501604 -9.062500
-3.262587 -2.179991 -9.062500
-2.774602 -2.774602 -9.062500
-2.179991 -3.262587 -9.062500
-1.501604 -3.625192 -9.062500
-0.765511 -3.848483 -9.062500
-0.000000 -3.923880 -9.062500
0.765511 -3.848483 -9.062500
1.501604 -3.625192 -9.062500
2.179991 -3.262587 -9.062500
2.774602 -2.774602 -9.062500
3.262587 -2.179991 -9.062500
3.625192 -1.501604 -9.062500
3.848483 -0.765511 -9.062500
4.000000 0.000000 -8.750000
3.923141 0.780361 -8.750000
3.695518 1.530734 -8.750000
3.325878 2.222281 -8.750000
2.828427 2.828427 -8.750000
2.222281 3.325878 -8.750000
1.530734 3.695518 -8.750000
0.780361 3.923141 -8.750000
0.000000 4.000000 -8.750000
-0.780361 3.923141 -8.750000
-1.530734 3.695518 -8.750000
-2.222281 3.325878 -8.750000
-2.828427 2.828427 -8.750000
-3.325878 2.222281 -8.750000
-3.695518 1.530734 -8.750000
-3.923141 0.780361 -8.750000
-4.000000 0.000000 -8.750000
-3.923141 -0.780361 -8.750000
-3.695518 -1.530734 -8.750000
-3.325878 -2.222281 -8.750000
-2.828427 -2.828427 -8.750000
-2.222281 -3.325878 -8.750000
-1.530734 -3.695518 -8.750000
-0.780361 -3.923141 -8.750000
-0.000000 -4.000000 -8.750000
0.780361 -3.923141 -8.750000
1.530734 -3.695518 -8.750000
2.222281 -3.325878 -8.750000
2.828427 -2.828427 -8.750000
3.325878 -2.222281 -8.750000
3.695518 -1.530734 -8.750000
3.923141 -0.780361 -8.750000
3.923880 0.000000 -8.437500
3.848483 0.765511 -8.437500
3.625192 1.501604 -8.437500
3.262587 2.179991 -8.437500
2.774602 2.774602 -8.437500
2.179991 3.262587 -8.437500
1.501604 3.625192 -8.437500
0.765511 3.848483 -8.437500
0.000000 3.923880 -8.437500
-0.765511 3.848483 -8.437500
-1.501604 3.625192 -8.437500
-2.179991 3.262587 -8.437500
-2.774602 2.774602 -8.437500
-3.262587 2.179991 -8.437500
-3.625192 1.501604 -8.437500
-3.848483 0.765511 -8.437500
-3.923880 0.000000 -8.437500
-3.848483 -0.765511 -8.437500
-3.625192 -1.501604 -8.437500
-3.262587 -2.179991 -8.437500
-2.774602 -2.774602 -8.437500
-2.179991 -3.262587 -8.437500
-1.501604 -3.625192 -8.437500
-0.765511 -3.848483 -8.437500
-0.000000 -3.923880 -8.437500
0.765511 -3.848483 -8.437500
1.501604 -3.625192 -8.437500
2.179991 -3.262587 -8.437500
2.774602 -2.774602 -8.437500
3.262587 -2.179991 -8.437500
3.625192 -1.501604 -8.437500
3.848483 -0.765511 -8.437500
3.707107 0.000000 -8.125000
3.635876 0.723221 -8.125000
3.424920 1.418648 -8.125000
3.082347 2.059558 -8.125000
2.621320 2.621320 -8.125000
2.059558 3.082347 -8.125000
1.418648 3.424920 -8.125000
0.723221 3.635876 -8.125000
0.000000 3.707107 -8.125000
-0.723221 3.635876 -8.125000
-1.418648 3.424920 -8.125000
-2.059558 3.082347 -8.125000
-2.621320 2.621320 -8.125000
-3.082347 2.059558 -8.125000
-3.424920 1.418648 -8.125000
-3.635876 0.723221 -8.125000
-3.707107 0.000000 -8.125000
-3.635876 -0.723221 -8.125000
-3.424920 -1.418648 -8.125000
-3.082347 -2.059558 -8.125000
-2.621320 -2.621320 -8.125000
-2.059558 -3.082347 -8.125000
-1.418648 -3.424920 -8.125000
-0.723221 -3.635876 -8.125000
-0.000000 -3.707107 -8.125000
0.723221 -3.635876 -8.125000
1.418648 -3.424920 -8.125000
2.059558 -3.082347 -8.125000
2.621320 -2.621320 -8.125000
3.082347 -2.059558 -8.125000
3.424920 -1.418648 -8.125000
3.635876 -0.723221 -8.125000
3.382683 0.000000 -7.812500
3.317686 0.659929 -7.812500
3.125192 1.294497 -7.812500
2.812598 1.879318 -7.812500
2.391918 2.391918 -7.812500
1.879318 2.812598 -7.812500
1.294497 3.125192 -7.812500
0.659929 3.317686 -7.812500
0.000000 3.382683 -7.812500
-0.659929 3.317686 -7.812500
-1.294497 3.125192 -7.812500
-1.879318 2.812598 -7.812500
-2.391918 2.391918 -7.812500
-2.812598 1.879318 -7.812500
-3.125192 1.294497 -7.812500
-3.317686 0.659929 -7.812500
-3.382683 0.000000 -7.812500
-3.317686 -0.659929 -7.812500
-3.125192 -1.294497 -7.812500
-2.812598 -1.879318 -7.812500
-2.391918 -2.391918 -7.812500
-1.879318 -2.812598 -7.812500
-1.294497 -3.125192 -7.812500
-0.659929 -3.317686 -7.812500
-0.000000 -3.382683 -7.812500
0.659929 -3.317686 -7.812500
1.294497 -3.125192 -7.812500
1.879318 -2.812598 -7.812500
2.391918 -2.391918 -7.812500
2.812598 -1.879318 -7.812500
3.125192 -1.294497 -7.812500
3.317686 -0.659929 -7.812500
3.000000 0.000000 -7.500000
2.942356 0.585271 -7.500000
2.771639 1.148050 -7.500000
2.494409 1.666711 -7.500000
2.121320 2.121320 -7.500000
1.666711 2.494409 -7.500000
1.148050 2.771639 -7.500000
0.585271 2.942356 -7.500000
0.000000 3.000000 -7.500000
-0.585271 2.942356 -7.500000
-1.148050 2.771639 -7.500000
-1.666711 2.494409 -7.500000
-2.121320 2.121320 -7.500000
-2.494409 1.666711 -7.500000
-2.771639 1.148050 -7.500000
-2.942356 0.585271 -7.500000
-3.000000 0.000000 -7.500000
-2.942356 -0.585271 -7.500000
-2.771639 -1.148050 -7.500000
-2.494409 -1.666711 -7.500000
-2.121320 -2.121320 -7.500000
-1.666711 -2.494409 -7.500000
-1.148050 -2.771639 -7.500000
-0.585271 -2.942356 -7.500000
-0.000000 -3.000000 -7.500000
0.585271 -2.942356 -7.500000
1.148050 -2.771639 -7.500000
1.666711 -2.494409 -7.500000
2.121320 -2.121320 -7.500000
2.494409 -1.666711 -7.500000
2.771639 -1.148050 -7.500000
2.942356 -0.585271 -7.500000
2.617317 0.000000 -7.187500
2.567026 0.510613 -7.187500
2.418085 1.001604 -7.187500
2.176219 1.454103 -7.187500
1.850722 1.850722 -7.187500
1.454103 2.176219 -7.187500
1.001604 2.418085 -7.187500
0.510613 2.567026 -7.187500
0.000000 2.617317 -7.187500
-0.510613 2.567026 -7.187500
-1.001604 2.418085 -7.187500
-1.454103 2.176219 -7.187500
-1.850722 1.850722 -7.187500
-2.176219 1.454103 -7.187500
-2.418085 1.001604 -7.187500
-2.567026 0.510613 -7.187500
-2.617317 0.000000 -7.187500
-2.567026 -0.510613 -7.187500
-2.418085 -1.001604 -7.187500
-2.176219 -1.454103 -7.187500
-1.850722 -1.850722 -7.187500
-1.454103 -2.176219 -7.187500
-1.001604 -2.418085 -7.187500
-0.510613 -2.567026 -7.187500
-0.000000 -2.617317 -7.187500
0.510613 -2.567026 -7.187500
1.001604 -2.418085 -7.187500
1.454103 -2.176219 -7.187500
1.850722 -1.850722 -7.187500
2.176219 -1.454103 -7.187500
2.418085 -1.001604 -7.187500
2.567026 -0.510613 -7.187500
2.292893 0.000000 -6.875000
2.248836 0.447321 -6.875000
2.118357 0.877452 -6.875000
1.906471 1.273863 -6.875000
1.621320 1.621320 -6.875000
1.273863 1.906471 -6.875000
0.877452 2.118357 -6.875000
0.447321 2.248836 -6.875000
0.000000 2.292893 -6.875000
-0.447321 2.248836 -6.875000
-0.877452 2.118357 -6.875000
-1.273863 1.906471 -6.875000
-1.621320 1.621320 -6.875000
-1.906471 1.273863 -6.875000
-2.118357 0.877452 -6.875000
-2.248836 0.447321 -6.875000
-2.292893 0.000000 -6.875000
-2.248836 -0.447321 -6.875000
-2.118357 -0.877452 -6.875000
-1.906471 -1.273863 -6.875000
-1.621320 -1.621320 -6.875000
-1.273863 -1.906471 -6.875000
-0.877452 -2.118357 -6.875000
-0.447321 -2.248836 -6.875000
-0.000000 -2.292893 -6.875000
0.447321 -2.248836 -6.875000
0.877452 -2.118357 -6.875000
1.273863 -1.906471 -6.875000
1.621320 -1.621320 -6.875000
1.906471 -1.273863 -6.875000
2.118357 -0.877452 -6.875000
2.248836 -0.447321 -6.875000
2.076120 0.000000 -6.562500
2.036228 0.405031 -6.562500
1.918085 0.794497 -6.562500
1.726231 1.153431 -6.562500
1.468039 1.468039 -6.562500
1.153431 1.726231 -6.562500
0.794497 1.918085 -6.562500
0.405031 2.036228 -6.562500
0.000000 2.076120 -6.562500
-0.405031 2.036228 -6.562500
-0.794497 1.918085 -6.562500
-1.153431 1.726231 -6.562500
-1.468039 1.468039 -6.562500
-1.726231 1.153431 -6.562500
-1.918085 0.794497 -6.562500
-2.036228 0.405031 -6.562500
-2.076120 0.000000 -6.562500
-2.036228 -0.405031 -6.562500
-1.918085 -0.794497 -6.562500
-1.726231 -1.153431 -6.562500
-1.468039 -1.468039 -6.562500
-1.153431 -1.726231 -6.562500
-0.794497 -1.918085 -6.562500
-0.405031 -2.036228 -6.562500
-0.000000 -2.076120 -6.562500
0.405031 -2.036228 -6.562500
0.794497 -1.918085 -6.562500
1.153431 -1.726231 -6.562500
1.468039 -1.468039 -6.562500
1.726231 -1.153431 -6.562500
1.918085 -0.794497 -6.562500
2.036228 -0.405031 -6.562500
2.000000 0.000000 -6.250000
1.961571 0.390181 -6.250000
1.847759 0.765367 -6.250000
1.662939 1.111140 -6.250000
1.414214 1.414214 -6.250000
1.111140 1.662939 -6.250000
0.765367 1.847759 -6.250000
0.390181 1.961571 -6.250000
0.000000 2.000000 -6.250000
-0.390181 1.961571 -6.250000
-0.765367 1.847759 -6.250000
-1.111140 1.662939 -6.250000
-1.414214 1.414214 -6.250000
-1.662939 1.111140 -6.250000
-1.847759 0.765367 -6.250000
-1.961571 0.390181 -6.250000
-2.000000 0.000000 -6.250000
-1.961571 -0.390181 -6.250000
-1.847759 -0.765367 -6.250000
-1.662939 -1.111140 -6.250000
-1.414214 -1.414214 -6.250000
-1.111140 -1.662939 -6.250000
-0.765367 -1.847759 -6.250000
-0.390181 -1.961571 -6.250000
-0.000000 -2.000000 -6.250000
0.390181 -1.961571 -6.250000
0.765367 -1.847759 -6.250000
1.111140 -1.662939 -6.250000
1.414214 -1.414214 -6.250000
1.662939 -1.111140 -6.250000
1.847759 -0.765367 -6.250000
1.961571 -0.390181 -6.250000
2.076120 0.000000 -5.937500
2.036228 0.405031 -5.937500
1.918085 0.794497 -5.937500
1.726231 1.153431 -5.937500
1.468039 1.468039 -5.937500
1.153431 1.726231 -5.937500
0.794497 1.918085 -5.937500
0.405031 2.036228 -5.937500
0.000000 2.076120 -5.937500
-0.405031 2.036228 -5.937500
-0.794497 1.918085 -5.937500
-1.153431 1.726231 -5.937500
-1.468039 1.468039 -5.937500
-1.726231 1.153431 -5.937500
-1.918085 0.794497 -5.937500
-2.036228 0.405031 -5.937500
-2.076120 0.000000 -5.937500
-2.036228 -0.405031 -5.937500
-1.918085 -0.794497 -5.937500
-1.726231 -1.153431 -5.937500
-1.468039 -1.468039 -5.937500
-1.153431 -1.726231 -5.937500
-0.794497 -1.918085 -5.937500
-0.405031 -2.036228 -5.937500
-0.000000 -2.076120 -5.937500
0.405031 -2.036228 -5.937500
0.794497 -1.918085 -5.937500
1.153431 -1.726231 -5.937500
1.468039 -1.468039 -5.937500
1.726231 -1.153431 -5.937500
1.918085 -0.794497 -5.937500
2.036228 -0.405031 -5.937500
2.292893 0.000000 -5.625000
2.248836 0.447321 -5.625000
2.118357 0.877452 -5.625000
1.906471 1.273863 -5.625000
1.621320 1.621320 -5.625000
1.273863 1.906471 -5.625000
0.877452 2.118357 -5.625000
0.447321 2.248836 -5.625000
0.000000 2.292893 -5.625000
-0.447321 2.248836 -5.625000
-0.877452 2.118357 -5.625000
-1.273863 1.906471 -5.625000
-1.621320 1.621320 -5.625000
-1.906471 1.273863 -5.625000
-2.118357 0.877452 -5.625000
-2.248836 0.447321 -5.625000
-2.292893 0.000000 -5.625000
-2.248836 -0.447321 -5.625000
-2.118357 -0.877452 -5.625000
-1.906471 -1.273863 -5.625000
-1.621320 -1.621320 -5.625000
-1.273863 -1.906471 -5.625000
-0.877452 -2.118357 -5.625000
-0.447321 -2.248836 -5.625000
-0.000000 -2.292893 -5.625000
0.447321 -2.248836 -5.625000
0.877452 -2.118357 -5.625000
1.273863 -1.906471 -5.625000
1.621320 -1.621320 -5.625000
1.906471 -1.273863 -5.625000
2.118357 -0.877452 -5.625000
2.248836 -0.447321 -5.625000
2.617317 0.000000 -5.312500
2.567026 0.510613 -5.312500
2.418085 1.001604 -5.312500
2.176219 1.454103 -5.312500
1.850722 1.850722 -5.312500
1.454103 2.176219 -5.312500
1.001604 2.418085 -5.312500
0.510613 2.567026 -5.312500
0.000000 2.617317 -5.312500
-0.510613 2.567026 -5.312500
-1.001604 2.418085 -5.312500
-1.454103 2.176219 -5.312500
-1.850722 1.850722 -5.312500
-2.176219 1.454103 -5.312500
-2.418085 1.001604 -5.312500
-2.567026 0.510613 -5.312500
-2.617317 0.000000 -5.312500
-2.567026 -0.510613 -5.312500
-2.418085 -1.001604 -5.312500
-2.176219 -1.454103 -5.312500
-1.850722 -1.850722 -5.312500
-1.454103 -2.176219 -5.312500
-1.001604 -2.418085 -5.312500
-0.510613 -2.567026 -5.312500
-0.000000 -2.617317 -5.312500
0.510613 -2.567026 -5.312500
1.001604 -2.418085 -5.312500
1.454103 -2.176219 -5.312500
1.850722 -1.850722 -5.312500
2.176219 -1.454103 -5.312500
2.418085 -1.001604 -5.312500
2.567026 -0.510613 -5.312500
3.000000 0.000000 -5.000000
2.942356 0.585271 -5.000000
2.771639 1.148050 -5.000000
2.494409 1.666711 -5.000000
2.121320 2.121320 -5.000000
1.666711 2.494409 -5.000000
1.148050 2.771639 -5.000000
0.585271 2.942356 -5.000000
0.000000 3.000000 -5.000000
-0.585271 2.942356 -5.000000
-1.148050 2.771639 -5.000000
-1.666711 2.494409 -5.000000
-2.121320 2.121320 -5.000000
-2.494409 1.666711 -5.000000
-2.771639 1.148050 -5.000000
-2.942356 0.585271 -5.000000
-3.000000 0.000000 -5.000000
-2.942356 -0.585271 -5.000000
-2.771639 -1.148050 -5.000000
-2.494409 -1.666711 -5.000000
-2.121320 -2.121320 -5.000000
-1.666711 -2.494409 -5.000000
-1.148050 -2.771639 -5.000000
-0.585271 -2.942356 -5.000000
-0.000000 -3.000000 -5.000000
0.585271 -2.942356 -5.000000
1.148050 -2.771639 -5.000000
1.666711 -2.494409 -5.000000
2.121320 -2.121320 -5.000000
2.494409 -1.666711 -5.000000
2.771639 -1.148050 -5.000000
2.942356 -0.585271 -5.000000
3.382683 0.000000 -4.687500
3.317686 0.659929 -4.687500
3.125192 1.294497 -4.687500
2.812598 1.879318 -4.687500
2.391918 2.391918 -4.687500
1.879318 2.812598 -4.687500
1.294497 3.125192 -4.687500
0.659929 3.317686 -4.687500
0.000000 3.382683 -4.687500
-0.659929 3.317686 -4.687500
-1.294497 3.125192 -4.687500
-1.879318 2.812598 -4.687500
-2.391918 2.391918 -4.687500
-2.812598 1.879318 -4.687500
-3.125192 1.294497 -4.687500
-3.317686 0.659929 -4.687500
-3.382683 0.000000 -4.687500
-3.317686 -0.659929 -4.687500
-3.125192 -1.294497 -4.687500
-2.812598 -1.879318 -4.687500
-2.391918 -2.391918 -4.687500
-1.879318 -2.812598 -4.687500
-1.294497 -3.125192 -4.687500
-0.659929 -3.317686 -4.687500
-0.000000 -3.382683 -4.687500
0.659929 -3.317686 -4.687500
1.294497 -3.125192 -4.687500
1.879318 -2.812598 -4.687500
2.391918 -2.391918 -4.687500
2.812598 -1.879318 -4.687500
3.125192 -1.294497 -4.687500
3.317686 -0.659929 -4.687500
3.707107 0.000000 -4.375000
3.635876 0.723221 -4.375000
3.424920 1.418648 -4.375000
3.082347 2.059558 -4.375000
2.621320 2.621320 -4.375000
2.059558 3.082347 -4.375000
1.418648 3.424920 -4.375000
0.723221 3.635876 -4.375000
0.000000 3.707107 -4.375000
-0.723221 3.635876 -4.375000
-1.418648 3.424920 -4.375000
-2.059558 3.082347 -4.375000
-2.621320 2.621320 -4.375000
-3.082347 2.059558 -4.375000
-3.424920 1.418648 -4.375000
-3.635876 0.723221 -4.375000
-3.707107 0.000000 -4.375000
-3.635876 -0.723221 -4.375000
-3.424920 -1.418648 -4.375000
-3.082347 -2.059558 -4.375000
-2.621320 -2.621320 -4.375000
-2.059558 -3.082347 -4.375000
-1.418648 -3.424920 -4.375000
-0.723221 -3.635876 -4.375000
-0.000000 -3.707107 -4.375000
0.723221 -3.635876 -4.375000
1.418648 -3.424920 -4.375000
2.059558 -3.082347 -4.375000
2.621320 -2.621320 -4.375000
3.082347 -2.059558 -4.375000
3.424920 -1.418648 -4.375000
3.635876 -0.723221 -4.375000
3.923880 0.000000 -4.062500
3.848483 0.765511 -4.062500
3.625192 1.501604 -4.062500
3.262587 2.179991 -4.062500
2.774602 2.774602 -4.062500
2.179991 3.262587 -4.062500
1.501604 3.625192 -4.062500
0.765511 3.848483 -4.062500
0.000000 3.923880 -4.062500
-0.765511 3.848483 -4.062500
-1.501604 3.625192 -4.062500
-2.179991 3.262587 -4.062500
-2.774602 2.774602 -4.062500
-3.262587 2.179991 -4.062500
-3.625192 1.501604 -4.062500
-3.848483 0.765511 -4.062500
-3.923880 0.000000 -4.062500
-3.848483 -0.765511 -4.062500
-3.625192 -1.501604 -4.062500
-3.262587 -2.179991 -4.062500
-2.774602 -2.774602 -4.062500
-2.179991 -3.262587 -4.062500
-1.501604 -3.625192 -4.062500
-0.765511 -3.848483 -4.062500
-0.000000 -3.923880 -4.062500
0.765511 -3.848483 -4.062500
1.501604 -3.625192 -4.062500
2.179991 -3.262587 -4.062500
2.774602 -2.774602 -4.062500
3.262587 -2.179991 -4.062500
3.625192 -1.501604 -4.062500
3.848483 -0.765511 -4.062500
4.000000 0.000000 -3.750000
3.923141 0.780361 -3.750000
3.695518 1.530734 -3.750000
3.325878 2.222281 -3.750000
2.828427 2.828427 -3.750000
2.222281 3.325878 -3.750000
1.530734 3.695518 -3.750000
0.780361 3.923141 -3.750000
0.000000 4.000000 -3.750000
-0.780361 3.923141 -3.750000
-1.530734 3.695518 -3.750000
-2.222281 3.325878 -3.750000
-2.828427 2.828427 -3.750000
-3.325878 2.222281 -3.750000
-3.695518 1.530734 -3.750000
-3.923141 0.780361 -3.750000
-4.000000 0.000000 -3.750000
-3.923141 -0.780361 -3.750000
-3.695518 -1.530734 -3.750000
-3.325878 -2.222281 -3.750000
-2.828427 -2.828427 -3.750000
-2.222281 -3.325878 -3.750000
-1.530734 -3.695518 -3.750000
-0.780361 -3.923141 -3.750000
-0.000000 -4.000000 -3.750000
0.780361 -3.923141 -3.750000
1.530734 -3.695518 -3.750000
2.222281 -3.325878 -3.750000
2.828427 -2.828427 -3.750000
3.325878 -2.222281 -3.750000
3.695518 -1.530734 -3.750000
3.923141 -0.780361 -3.750000
3.923880 0.000000 -3.437500
3.848483 0.765511 -3.437500
3.625192 1.501604 -3.437500
3.262587 2.179991 -3.437500
2.774602 2.774602 -3.437500
2.179991 3.262587 -3.437500
1.501604 3.625192 -3.437500
0.765511 3.848483 -3.437500
0.000000 3.923880 -3.437500
-0.765511 3.848483 -3.437500
-1.501604 3.625192 -3.437500
-2.179991 3.262587 -3.437500
-2.774602 2.774602 -3.437500
-3.262587 2.179991 -3.437500
-3.625192 1.501604 -3.437500
-3.848483 0.765511 -3.437500
-3.923880 0.000000 -3.437500
-3.848483 -0.765511 -3.437500
-3.625192 -1.501604 -3.437500
-3.262587 -2.179991 -3.437500
-2.774602 -2.774602 -3.437500
-2.179991 -3.262587 -3.437500
-1.501604 -3.625192 -3.437500
-0.765511 -3.848483 -3.437500
-0.000000 -3.923880 -3.437500
0.765511 -3.848483 -3.437500
1.501604 -3.625192 -3.437500
2.179991 -3.262587 -3.437500
2.774602 -2.774602 -3.437500
3.262587 -2.179991 -3.437500
3.625192 -1.501604 -3.437500
3.848483 -0.765511 -3.437500
3.707107 0.000000 -3.125000
3.635876 0.723221 -3.125000
3.424920 1.418648 -3.125000
3.082347 2.059558 -3.125000
2.621320 2.621320 -3.125000
2.059558 3.082347 -3.125000
1.418648 3.424920 -3.125000
0.723221 3.635876 -3.125000
0.000000 3.707107 -3.125000
-0.723221 3.635876 -3.125000
-1.418648 3.424920 -3.125000
-2.059558 3.082347 -3.125000
-2.621320 2.621320 -3.125000
-3.082347 2.059558 -3.125000
-3.424920 1.418648 -3.125000
-3.635876 0.723221 -3.125000
-3.707107 0.000000 -3.125000
-3.635876 -0.723221 -3.125000
-3.424920 -1.418648 -3.125000
-3.082347 -2.059558 -3.125000
-2.621320 -2.621320 -3.125000
-2.059558 -3.082347 -3.125000
-1.418648 -3.424920 -3.125000
-0.723221 -3.635876 -3.125000
-0.000000 -3.707107 -3.125000
0.723221 -3.635876 -3.125000
1.418648 -3.424920 -3.125000
2.059558 -3.082347 -3.125000
2.621320 -2.621320 -3.125000
3.082347 -2.059558 -3.125000
3.424920 -1.418648 -3.125000
3.635876 -0.723221 -3.125000
3.382683 0.000000 -2.812500
3.317686 0.659929 -2.812500
3.125192 1.294497 -2.812500
2.812598 1.879318 -2.812500
2.391918 2.391918 -2.812500
1.879318 2.812598 -2.812500
1.294497 3.125192 -2.812500
0.659929 3.317686 -2.812500
0.000000 3.382683 -2.812500
-0.659929 3.317686 -2.812500
-1.294497 3.125192 -2.812500
-1.879318 2.812598 -2.812500
-2.391918 2.391918 -2.812500
-2.812598 1.879318 -2.812500
-3.125192 1.294497 -2.812500
-3.317686 0.659929 -2.812500
-3.382683 0.000000 -2.812500
-3.317686 -0.659929 -2.812500
-3.125192 -1.294497 -2.812500
-2.812598 -1.879318 -2.812500
-2.391918 -2.391918 -2.812500
-1.879318 -2.812598 -2.812500
-1.294497 -3.125192 -2.812500
-0.659929 -3.317686 -2.812500
-0.000000 -3.382683 -2.812500
0.659929 -3.317686 -2.812500
1.294497 -3.125192 -2.812500
1.879318 -2.812598 -2.812500
2.391918 -2.391918 -2.812500
2.812598 -1.879318 -2.812500
3.125192 -1.294497 -2.812500
3.317686 -0.659929 -2.812500
3.000000 0.000000 -2.500000
2.942356 0.585271 -2.500000
2.771639 1.148050 -2.500000
2.494409 1.666711 -2.500000
2.121320 2.121320 -2.500000
1.666711 2.494409 -2.500000
1.148050 2.771639 -2.500000
0.585271 2.942356 -2.500000
0.000000 3.000000 -2.500000
-0.585271 2.942356 -2.500000
-1.148050 2.771639 -2.500000
-1.666711 2.494409 -2.500000
-2.121320 2.121320 -2.500000
-2.494409 1.666711 -2.500000
-2.771639 1.148050 -2.500000
-2.942356 0.585271 -2.500000
-3.000000 0.000000 -2.500000
-2.942356 -0.585271 -2.500000
-2.771639 -1.148050 -2.500000
-2.494409 -1.666711 -2.500000
-2.121320 -2.121320 -2.500000
-1.666711 -2.494409 -2.500000
-1.148050 -2.771639 -2.500000
-0.585271 -2.942356 -2.500000
-0.000000 -3.000000 -2.500000
0.585271 -2.942356 -2.500000
1.148050 -2.771639 -2.500000
1.666711 -2.494409 -2.500000
2.121320 -2.121320 -2.500000
2.494409 -1.666711 -2.500000
2.771639 -1.148050 -2.500000
2.942356 -0.585271 -2.500000
2.617317 0.000000 -2.187500
2.567026 0.510613 -2.187500
2.418085 1.001604 -2.187500
2.176219 1.454103 -2.187500
1.850722 1.850722 -2.187500
1.454103 2.176219 -2.187500
1.001604 2.418085 -2.187500
0.510613 2.567026 -2.187500
0.000000 2.617317 -2.187500
-0.510613 2.567026 -2.187500
-1.001604 2.418085 -2.187500
-1.454103 2.176219 -2.187500
-1.850722 1.850722 -2.187500
-2.176219 1.454103 -2.187500
-2.418085 1.001604 -2.187500
-2.567026 0.510613 -2.187500
-2.617317 0.000000 -2.187500
-2.567026 -0.510613 -2.187500
-2.418085 -1.001604 -2.187500
-2.176219 -1.454103 -2.187500
-1.850722 -1.850722 -2.187500
-1.454103 -2.176219 -2.187500
-1.001604 -2.418085 -2.187500
-0.510613 -2.567026 -2.187500
-0.000000 -2.617317 -2.187500
0.510613 -2.567026 -2.187500
1.001604 -2.418085 -2.187500
1.454103 -2.176219 -2.187500
1.850722 -1.850722 -2.187500
2.176219 -1.454103 -2.187500
2.418085 -1.001604 -2.187500
2.567026 -0.510613 -2.187500
2.292893 0.000000 -1.875000
2.248836 0.447321 -1.875000
2.118357 0.877452 -1.875000
1.906471 1.273863 -1.875000
1.621320 1.621320 -1.875000
1.273863 1.906471 -1.875000
0.877452 2.118357 -1.875000
0.447321 2.248836 -1.875000
0.000000 2.292893 -1.875000
-0.447321 2.248836 -1.875000
-0.877452 2.118357 -1.875000
-1.273863 1.906471 -1.875000
-1.621320 1.621320 -1.875000
-1.906471 1.273863 -1.875000
-2.118357 0.877452 -1.875000
-2.248836 0.447321 -1.875000
-2.292893 0.000000 -1.875000
-2.248836 -0.447321 -1.875000
-2.118357 -0.877452 -1.875000
-1.906471 -1.273863 -1.875000
-1.621320 -1.621320 -1.875000
-1.273863 -1.906471 -1.875000
-0.877452 -2.118357 -1.875000
-0.447321 -2.248836 -1.875000
-0.000000 -2.292893 -1.875000
0.447321 -2.248836 -1.875000
0.877452 -2.118357 -1.875000
1.273863 -1.906471 -1.875000
1.621320 -1.621320 -1.875000
1.906471 -1.273863 -1.875000
2.118357 -0.877452 -1.875000
2.248836 -0.447321 -1.875000
2.076120 0.000000 -1.562500
2.036228 0.405031 -1.562500
1.918085 0.794497 -1.562500
1.726231 1.153431 -1.562500
1.468039 1.468039 -1.562500
1.153431 1.726231 -1.562500
0.794497 1.918085 -1.562500
0.405031 2.036228 -1.562500
0.000000 2.076120 -1.562500
-0.405031 2.036228 -1.562500
-0.794497 1.918085 -1.562500
-1.153431 1.726231 -1.562500
-1.468039 1.468039 -1.562500
-1.726231 1.153431 -1.562500
-1.918085 0.794497 -1.562500
-2.036228 0.405031 -1.562500
-2.076120 0.000000 -1.562500
-2.036228 -0.405031 -1.562500
-1.918085 -0.794497 -1.562500
-1.726231 -1.153431 -1.562500
-1.468039 -1.468039 -1.562500
-1.153431 -1.726231 -1.562500
-0.794497 -1.918085 -1.562500
-0.405031 -2.036228 -1.562500
-0.000000 -2.076120 -1.562500
0.405031 -2.036228 -1.562500
0.794497 -1.918085 -1.562500
1.153431 -1.726231 -1.562500
1.468039 -1.468039 -1.562500
1.726231 -1.153431 -1.562500
1.918085 -0.794497 -1.562500
2.036228 -0.405031 -1.562500
2.000000 0.000000 -1.250000
1.961571 0.390181 -1.250000
1.847759 0.765367 -1.250000
1.662939 1.111140 -1.250000
1.414214 1.414214 -1.250000
1.111140 1.662939 -1.250000
0.765367 1.847759 -1.250000
0.390181 1.961571 -1.250000
0.000000 2.000000 -1.250000
-0.390181 1.961571 -1.250000
-0.765367 1.847759 -1.250000
-1.111140 1.662939 -1.250000
-1.414214 1.414214 -1.250000
-1.662939 1.111140 -1.250000
-1.847759 0.765367 -1.250000
-1.961571 0.390181 -1.250000
-2.000000 0.000000 -1.250000
-1.961571 -0.390181 -1.250000
-1.847759 -0.765367 -1.250000
-1.662939 -1.111140 -1.250000
-1.414214 -1.414214 -1.250000
-1.111140 -1.662939 -1.250000
-0.765367 -1.847759 -1.250000
-0.390181 -1.961571 -1.250000
-0.000000 -2.000000 -1.250000
0.390181 -1.961571 -1.250000
0.765367 -1.847759 -1.250000
1.111140 -1.662939 -1.250000
1.414214 -1.414214 -1.250000
1.662939 -1.111140 -1.250000
1.847759 -0.765367 -1.250000
1.961571 -0.390181 -1.250000
2.076120 0.000000 -0.937500
2.036228 0.405031 -0.937500
1.918085 0.794497 -0.937500
1.726231 1.153431 -0.937500
1.468039 1.468039 -0.937500
1.153431 1.726231 -0.937500
0.794497 1.918085 -0.937500
0.405031 2.036228 -0.937500
0.000000 2.076120 -0.937500
-0.405031 2.036228 -0.937500
-0.794497 1.918085 -0.937500
-1.153431 1.726231 -0.937500
-1.468039 1.468039 -0.937500
-1.726231 1.153431 -0.937500
-1.918085 0.794497 -0.937500
-2.036228 0.405031 -0.937500
-2.076120 0.000000 -0.937500
-2.036228 -0.405031 -0.937500
-1.918085 -0.794497 -0.937500
-1.726231 -1.153431 -0.937500
-1.468039 -1.468039 -0.937500
-1.153431 -1.726231 -0.937500
-0.794497 -1.918085 -0.937500
-0.405031 -2.036228 -0.937500
-0.000000 -2.076120 -0.937500
0.405031 -2.036228 -0.937500
0.794497 -1.918085 -0.937500
1.153431 -1.726231 -0.937500
1.468039 -1.468039 -0.937500
1.726231 -1.153431 -0.937500
1.918085 -0.794497 -0.937500
2.036228 -0.405031 -0.937500
2.292893 0.000000 -0.625000
2.248836 0.447321 -0.625000
2.118357 0.877452 -0.625000
1.906471 1.273863 -0.625000
1.621320 1.621320 -0.625000
1.273863 1.906471 -0.625000
0.877452 2.118357 -0.625000
0.447321 2.248836 -0.625000
0.000000 2.292893 -0.625000
-0.447321 2.248836 -0.625000
-0.877452 2.118357 -0.625000
-1.273863 1.906471 -0.625000
-1.621320 1.621320 -0.625000
-1.906471 1.273863 -0.625000
-2.118357 0.877452 -0.625000
-2.248836 0.447321 -0.625000
-2.292893 0.000000 -0.625000
-2.248836 -0.447321 -0.625000
-2.118357 -0.877452 -0.625000
-1.906471 -1.273863 -0.625000
-1.621320 -1.621320 -0.625000
-1.273863 -1.906471 -0.625000
-0.877452 -2.118357 -0.625000
-0.447321 -2.248836 -0.625000
-0.000000 -2.292893 -0.625000
0.447321 -2.248836 -0.625000
0.877452 -2.118357 -0.625000
1.273863 -1.906471 -0.625000
1.621320 -1.621320 -0.625000
1.906471 -1.273863 -0.625000
2.118357 -0.877452 -0.625000
2.248836 -0.447321 -0.625000
2.617317 0.000000 -0.312500
2.567026 0.510613 -0.312500
2.418085 1.001604 -0.312500
2.176219 1.454103 -0.312500
1.850722 1.850722 -0.312500
1.454103 2.176219 -0.312500
1.001604 2.418085 -0.312500
0.510613 2.567026 -0.312500
0.000000 2.617317 -0.312500
-0.510613 2.567026 -0.312500
-1.001604 2.418085 -0.312500
-1.454103 2.176219 -0.312500
-1.850722 1.850722 -0.312500
-2.176219 1.454103 -0.312500
-2.418085 1.001604 -0.312500
-2.567026 0.510613 -0.312500
-2.617317 0.000000 -0.312500
-2.567026 -0.510613 -0.312500
-2.418085 -1.001604 -0.312500
-2.176219 -1.454103 -0.312500
-1.850722 -1.850722 -0.312500
-1.454103 -2.176219 -0.312500
-1.001604 -2.418085 -0.312500
-0.510613 -2.567026 -0.312500
-0.000000 -2.617317 -0.312500
0.510613 -2.567026 -0.312500
1.001604 -2.418085 -0.312500
1.454103 -2.176219 -0.312500
1.850722 -1.850722 -0.312500
2.176219 -1.454103 -0.312500
2.418085 -1.001604 -0.312500
2.567026 -0.510613 -0.312500
3.000000 0.000000 0.000000
2.942356 0.585271 0.000000
2.771639 1.148050 0.000000
2.494409 1.666711 0.000000
2.121320 2.121320 0.000000
1.666711 2.494409 0.000000
1.148050 2.771639 0.000000
0.585271 2.942356 0.000000
0.000000 3.000000 0.000000
-0.585271 2.942356 0.000000
-1.148050 2.771639 0.000000
-1.666711 2.494409 0.000000
-2.121320 2.121320 0.000000
-2.494409 1.666711 0.000000
-2.771639 1.148050 0.000000
-2.942356 0.585271 0.000000
-3.000000 0.000000 0.000000
-2.942356 -0.585271 0.000000
-2.771639 -1.148050 0.000000
-2.494409 -1.666711 0.000000
-2.121320 -2.121320 0.000000
-1.666711 -2.494409 0.000000
-1.148050 -2.771639 0.000000
-0.585271 -2.942356 0.000000
-0.000000 -3.000000 0.000000
0.585271 -2.942356 0.000000
1.148050 -2.771639 0.000000
1.666711 -2.494409 0.000000
2.121320 -2.121320 0.000000
2.494409 -1.666711 0.000000
2.771639 -1.148050 0.000000
2.942356 -0.585271 0.000000
3.382683 0.000000 0.312500
3.317686 0.659929 0.312500
3.125192 1.294497 0.312500
2.812598 1.879318 0.312500
2.391918 2.391918 0.312500
1.879318 2.812598 0.312500
1.294497 3.125192 0.312500
0.659929 3.317686 0.312500
0.000000 3.382683 0.312500
-0.659929 3.317686 0.312500
-1.294497 3.125192 0.312500
-1.879318 2.812598 0.312500
-2.391918 2.391918 0.312500
-2.812598 1.879318 0.312500
-3.125192 1.294497 0.312500
-3.317686 0.659929 0.312500
-3.382683 0.000000 0.312500
-3.317686 -0.659929 0.312500
-3.125192 -1.294497 0.312500
-2.812598 -1.879318 0.312500
-2.391918 -2.391918 0.312500
-1.879318 -2.812598 0.312500
-1.294497 -3.125192 0.312500
-0.659929 -3.317686 0.312500
-0.000000 -3.382683 0.312500
0.659929 -3.317686 0.312500
1.294497 -3.125192 0.312500
1.879318 -2.812598 0.312500
2.391918 -2.391918 0.312500
2.812598 -1.879318 0.312500
3.125192 -1.294497 0.312500
3.317686 -0.659929 0.312500
3.707107 0.000000 0.625000
3.635876 0.723221 0.625000
3.424920 1.418648 0.625000
3.082347 2.059558 0.625000
2.621320 2.621320 0.625000
2.059558 3.082347 0.625000
1.418648 3.424920 0.625000
0.723221 3.635876 0.625000
0.000000 3.707107 0.625000
-0.723221 3.635876 0.625000
-1.418648 3.424920 0.625000
-2.059558 3.082347 0.625000
-2.621320 2.621320 0.625000
-3.082347 2.059558 0.625000
-3.424920 1.418648 0.625000
-3.635876 0.723221 0.625000
-3.707107 0.000000 0.625000
-3.635876 -0.723221 0.625000
-3.424920 -1.418648 0.625000
-3.082347 -2.059558 0.625000
-2.621320 -2.621320 0.625000
-2.059558 -3.082347 0.625000
-1.418648 -3.424920 0.625000
-0.723221 -3.635876 0.625000
-0.000000 -3.707107 0.625000
0.723221 -3.635876 0.625000
1.418648 -3.424920 0.625000
2.059558 -3.082347 0.625000
2.621320 -2.621320 0.625000
3.082347 -2.059558 0.625000
3.424920 -1.418648 0.625000
3.635876 -0.723221 0.625000
3.923880 0.000000 0.937500
3.848483 0.765511 0.937500
3.625192 1.501604 0.937500
3.262587 2.179991 0.937500
2.774602 2.774602 0.937500
2.179991 3.262587 0.937500
1.501604 3.625192 0.937500
0.765511 3.848483 0.937500
0.000000 3.923880 0.937500
-0.765511 3.848483 0.937500
-1.501604 3.625192 0.937500
-2.179991 3.262587 0.937500
-2.774602 2.774602 0.937500
-3.262587 2.179991 0.937500
-3.625192 1.501604 0.937500
-3.848483 0.765511 0.937500
-3.923880 0.000000 0.937500
-3.848483 -0.765511 0.937500
-3.625192 -1.501604 0.937500
-3.262587 -2.179991 0.937500
-2.774602 -2.774602 0.937500
-2.179991 -3.262587 0.937500
-1.501604 -3.625192 0.937500
-0.765511 -3.848483 0.937500
-0.000000 -3.923880 0.937500
0.765511 -3.848483 0.937500
1.501604 -3.625192 0.937500
2.179991 -3.262587 0.937500
2.774602 -2.774602 0.937500
3.262587 -2.179991 0.937500
3.625192 -1.501604 0.937500
3.848483 -0.765511 0.937500
4.000000 0.000000 1.250000
3.923141 0.780361 1.250000
3.695518 1.530734 1.250000
3.325878 2.222281 1.250000
2.828427 2.828427 1.250000
2.222281 3.325878 1.250000
1.530734 3.695518 1.250000
0.780361 3.923141 1.250000
0.000000 4.000000 1.250000
-0.780361 3.923141 1.250000
-1.530734 3.695518 1.250000
-2.222281 3.325878 1.250000
-2.828427 2.828427 1.250000
-3.325878 2.222281 1.250000
-3.695518 1.530734 1.250000
-3.923141 0.780361 1.250000
-4.000000 0.000000 1.250000
-3.923141 -0.780361 1.250000
-3.695518 -1.530734 1.250000
-3.325878 -2.222281 1.250000
-2.828427 -2.828427 1.250000
-2.222281 -3.325878 1.250000
-1.530734 -3.695518 1.250000
-0.780361 -3.923141 1.250000
-0.000000 -4.000000 1.250000
0.780361 -3.923141 1.250000
1.530734 -3.695518 1.250000
2.222281 -3.325878 1.250000
2.828427 -2.828427 1.250000
3.325878 -2.222281 1.250000
3.695518 -1.530734 1.250000
3.923141 -0.780361 1.250000
3.923880 0.000000 1.562500
3.848483 0.765511 1.562500
3.625192 1.501604 1.562500
3.262587 2.179991 1.562500
2.774602 2.774602 1.562500
2.179991 3.262587 1.562500
1.501604 3.625192 1.562500
0.765511 3.848483 1.562500
0.000000 3.923880 1.562500
-0.765511 3.848483 1.562500
-1.501604 3.625192 1.562500
-2.179991 3.262587 1.562500
-2.774602 2.774602 1.562500
-3.262587 2.179991 1.562500
-3.625192 1.501604 1.562500
-3.848483 0.765511 1.562500
-3.923880 0.000000 1.562500
-3.848483 -0.765511 1.562500
-3.625192 -1.501604 1.562500
-3.262587 -2.179991 1.562500
-2.774602 -2.774602 1.562500
-2.179991 -3.262587 1.562500
-1.501604 -3.625192 1.562500
-0.765511 -3.848483 1.562500
-0.000000 -3.923880 1.562500
0.765511 -3.848483 1.562500
1.501604 -3.625192 1.562500
2.179991 -3.262587 1.562500
2.774602 -2.774602 1.562500
3.262587 -2.179991 1.562500
3.625192 -1.501604 1.562500
3.848483 -0.765511 1.562500
3.707107 0.000000 1.875000
3.635876 0.723221 1.875000
3.424920 1.418648 1.875000
3.082347 2.059558 1.875000
2.621320 2.621320 1.875000
2.059558 3.082347 1.875000
1.418648 3.424920 1.875000
0.723221 3.635876 1.875000
0.000000 3.707107 1.875000
-0.723221 3.635876 1.875000
-1.418648 3.424920 1.875000
-2.059558 3.082347 1.875000
-2.621320 2.621320 1.875000
-3.082347 2.059558 1.875000
-3.424920 1.418648 1.875000
-3.635876 0.723221 1.875000
-3.707107 0.000000 1.875000
-3.635876 -0.723221 1.875000
-3.424920 -1.418648 1.875000
-3.082347 -2.059558 1.875000
-2.621320 -2.621320 1.875000
-2.059558 -3.082347 1.875000
-1.418648 -3.424920 1.875000
-0.723221 -3.635876 1.875000
-0.000000 -3.707107 1.875000
0.723221 -3.635876 1.875000
1.418648 -3.424920 1.875000
2.059558 -3.082347 1.875000
2.621320 -2.621320 1.875000
3.082347 -2.059558 1.875000
3.424920 -1.418648 1.875000
3.635876 -0.723221 1.875000
3.382683 0.000000 2.187500
3.317686 0.659929 2.187500
3.125192 1.294497 2.187500
2.812598 1.879318 2.187500
2.391918 2.391918 2.187500
1.879318 2.812598 2.187500
1.294497 3.125192 2.187500
0.659929 3.317686 2.187500
0.000000 3.382683 2.187500
-0.659929 3.317686 2.187500
-1.294497 3.125192 2.187500
-1.879318 2.812598 2.187500
-2.391918 2.391918 2.187500
-2.812598 1.879318 2.187500
-3.125192 1.294497 2.187500
-3.317686 0.659929 2.187500
-3.382683 0.000000 2.187500
-3.317686 -0.659929 2.187500
-3.125192 -1.294497 2.187500
-2.812598 -1.879318 2.187500
-2.391918 -2.391918 2.187500
-1.879318 -2.812598 2.187500
-1.294497 -3.125192 2.187500
-0.659929 -3.317686 2.187500
-0.000000 -3.382683 2.187500
0.659929 -3.317686 2.187500
1.294497 -3.125192 2.187500
1.879318 -2.812598 2.187500
2.391918 -2.391918 2.187500
2.812598 -1.879318 2.187500
3.125192 -1.294497 2.187500
3.317686 -0.659929 2.187500
3.000000 0.000000 2.500000
2.942356 0.585271 2.500000
2.771639 1.148050 2.500000
2.494409 1.666711 2.500000
2.121320 2.121320 2.500000
1.666711 2.494409 2.500000
1.148050 2.771639 2.500000
0.585271 2.942356 2.500000
0.000000 3.000000 2.500000
-0.585271 2.942356 2.500000
-1.148050 2.771639 2.500000
-1.666711 2.494409 2.500000
-2.121320 2.121320 2.500000
-2.494409 1.666711 2.500000
-2.771639 1.148050 2.500000
-2.942356 0.585271 2.500000
-3.000000 0.000000 2.500000
-2.942356 -0.585271 2.500000
-2.771639 -1.148050 2.500000
-2.494409 -1.666711 2.500000
-2.121320 -2.121320 2.500000
-1.666711 -2.494409 2.500000
-1.148050 -2.771639 2.500000
-0.585271 -2.942356 2.500000
-0.000000 -3.000000 2.500000
0.585271 -2.942356 2.500000
1.148050 -2.771639 2.500000
1.666711 -2.494409 2.500000
2.121320 -2.121320 2.500000
2.494409 -1.666711 2.500000
2.771639 -1.148050 2.500000
2.942356 -0.585271 2.500000
2.617317 0.000000 2.812500
2.567026 0.510613 2.812500
2.418085 1.001604 2.812500
2.176219 1.454103 2.812500
1.850722 1.850722 2.812500
1.454103 2.176219 2.812500
1.001604 2.418085 2.812500
0.510613 2.567026 2.812500
0.000000 2.617317 2.812500
-0.510613 2.567026 2.812500
-1.001604 2.418085 2.812500
-1.454103 2.176219 2.812500
-1.850722 1.850722 2.812500
-2.176219 1.454103 2.812500
-2.418085 1.001604 2.812500
-2.567026 0.510613 2.812500
-2.617317 0.000000 2.812500
-2.567026 -0.510613 2.812500
-2.418085 -1.001604 2.812500
-2.176219 -1.454103 2.812500
-1.850722 -1.850722 2.812500
-1.454103 -2.176219 2.812500
-1.001604 -2.418085 2.812500
-0.510613 -2.567026 2.812500
-0.000000 -2.617317 2.812500
0.510613 -2.567026 2.812500
1.001604 -2.418085 2.812500
1.454103 -2.176219 2.812500
1.850722 -1.850722 2.812500
2.176219 -1.454103 2.812500
2.418085 -1.001604 2.812500
2.567026 -0.510613 2.812500
2.292893 0.000000 3.125000
2.248836 0.447321 3.125000
2.118357 0.877452 3.125000
1.906471 1.273863 3.125000
1.621320 1.621320 3.125000
1.273863 1.906471 3.125000
0.877452 2.118357 3.125000
0.447321 2.248836 3.125000
0.000000 2.292893 3.125000
-0.447321 2.248836 3.125000
-0.877452 2.118357 3.125000
-1.273863 1.906471 3.125000
-1.621320 1.621320 3.125000
-1.906471 1.273863 3.125000
-2.118357 0.877452 3.125000
-2.248836 0.447321 3.125000
-2.292893 0.000000 3.125000
-2.248836 -0.447321 3.125000
-2.118357 -0.877452 3.125000
-1.906471 -1.273863 3.125000
-1.621320 -1.621320 3.125000
-1.273863 -1.906471 3.125000
-0.877452 -2.118357 3.125000
-0.447321 -2.248836 3.125000
-0.000000 -2.292893 3.125000
0.447321 -2.248836 3.125000
0.877452 -2.118357 3.125000
1.273863 -1.906471 3.125000
1.621320 -1.621320 3.125000
1.906471 -1.273863 3.125000
2.118357 -0.877452 3.125000
2.248836 -0.447321 3.125000
2.076120 0.000000 3.437500
2.036228 0.405031 3.437500
1.918085 0.794497 3.437500
1.726231 1.153431 3.437500
1.468039 1.468039 3.437500
1.153431 1.726231 3.437500
0.794497 1.918085 3.437500
0.405031 2.036228 3.437500
0.000000 2.076120 3.437500
-0.405031 2.036228 3.437500
-0.794497 1.918085 3.437500
-1.153431 1.726231 3.437500
-1.468039 1.468039 3.437500
-1.726231 1.153431 3.437500
-1.918085 0.794497 3.437500
-2.036228 0.405031 3.437500
-2.076120 0.000000 3.437500
-2.036228 -0.405031 3.437500
-1.918085 -0.794497 3.437500
-1.726231 -1.153431 3.437500
-1.468039 -1.468039 3.437500
-1.153431 -1.726231 3.437500
-0.794497 -1.918085 3.437500
-0.405031 -2.036228 3.437500
-0.000000 -2.076120 3.437500
0.405031 -2.036228 3.437500
0.794497 -1.918085 3.437500
1.153431 -1.726231 3.437500
1.468039 -1.468039 3.437500
1.726231 -1.153431 3.437500
1.918085 -0.794497 3.437500
2.036228 -0.405031 3.437500
2.000000 0.000000 3.750000
1.961571 0.390181 3.750000
1.847759 0.765367 3.750000
1.662939 1.111140 3.750000
1.414214 1.414214 3.750000
1.111140 1.662939 3.750000
0.765367 1.847759 3.750000
0.390181 1.961571 3.750000
0.000000 2.000000 3.750000
-0.390181 1.961571 3.750000
-0.765367 1.847759 3.750000
-1.111140 1.662939 3.750000
-1.414214 1.414214 3.750000
-1.662939 1.111140 3.750000
-1.847759 0.765367 3.750000
-1.961571 0.390181 3.750000
-2.000000 0.000000 3.750000
-1.961571 -0.390181 3.750000
-1.847759 -0.765367 3.750000
-1.662939 -1.111140 3.750000
-1.414214 -1.414214 3.750000
-1.111140 -1.662939 3.750000
-0.765367 -1.847759 3.750000
-0.390181 -1.961571 3.750000
-0.000000 -2.000000 3.750000
0.390181 -1.961571 3.750000
0.765367 -1.847759 3.750000
1.111140 -1.662939 3.750000
1.414214 -1.414214 3.750000
1.662939 -1.111140 3.750000
1.847759 -0.765367 3.750000
1.961571 -0.390181 3.750000
2.076120 0.000000 4.062500
2.036228 0.405031 4.062500
1.918085 0.794497 4.062500
1.726231 1.153431 4.062500
1.468039 1.468039 4.062500
1.153431 1.726231 4.062500
0.794497 1.918085 4.062500
0.405031 2.036228 4.062500
0.000000 2.076120 4.062500
-0.405031 2.036228 4.062500
-0.794497 1.918085 4.062500
-1.153431 1.726231 4.062500
-1.468039 1.468039 4.062500
-1.726231 1.153431 4.062500
-1.918085 0.794497 4.062500
-2.036228 0.405031 4.062500
-2.076120 0.000000 4.062500
-2.036228 -0.405031 4.062500
-1.918085 -0.794497 4.062500
-1.726231 -1.153431 4.062500
-1.468039 -1.468039 4.062500
-1.153431 -1.726231 4.062500
-0.794497 -1.918085 4.062500
-0.405031 -2.036228 4.062500
-0.000000 -2.076120 4.062500
0.405031 -2.036228 4.062500
0.794497 -1.918085 4.062500
1.153431 -1.726231 4.062500
1.468039 -1.468039 4.062500
1.726231 -1.153431 4.062500
1.918085 -0.794497 4.062500
2.036228 -0.405031 4.062500
2.292893 0.000000 4.375000
2.248836 0.447321 4.375000
2.118357 0.877452 4.375000
1.906471 1.273863 4.375000
1.621320 1.621320 4.375000
1.273863 1.906471 4.375000
0.877452 2.118357 4.375000
0.447321 2.248836 4.375000
0.000000 2.292893 4.375000
-0.447321 2.248836 4.375000
-0.877452 2.118357 4.375000
-1.273863 1.906471 4.375000
-1.621320 1.621320 4.375000
-1.906471 1.273863 4.375000
-2.118357 0.877452 4.375000
-2.248836 0.447321 4.375000
-2.292893 0.000000 4.375000
-2.248836 -0.447321 4.375000
-2.118357 -0.877452 4.375000
-1.906471 -1.273863 4.375000
-1.621320 -1.621320 4.375000
-1.273863 -1.906471 4.375000
-0.877452 -2.118357 4.375000
-0.447321 -2.248836 4.375000
-0.000000 -2.292893 4.375000
0.447321 -2.248836 4.375000
0.877452 -2.118357 4.375000
1.273863 -1.906471 4.375000
1.621320 -1.621320 4.375000
1.906471 -1.273863 4.375000
2.118357 -0.877452 4.375000
2.248836 -0.447321 4.375000
2.617317 0.000000 4.687500
2.567026 0.510613 4.687500
2.418085 1.001604 4.687500
2.176219 1.454103 4.687500
1.850722 1.850722 4.687500
1.454103 2.176219 4.687500
1.001604 2.418085 4.687500
0.510613 2.567026 4.687500
0.000000 2.617317 4.687500
-0.510613 2.567026 4.687500
-1.001604 2.418085 4.687500
-1.454103 2.176219 4.687500
-1.850722 1.850722 4.687500
-2.176219 1.454103 4.687500
-2.418085 1.001604 4.687500
-2.567026 0.510613 4.687500
-2.617317 0.000000 4.687500
-2.567026 -0.510613 4.687500
-2.418085 -1.001604 4.687500
-2.176219 -1.454103 4.687500
-1.850722 -1.850722 4.687500
-1.454103 -2.176219 4.687500
-1.001604 -2.418085 4.687500
-0.510613 -2.567026 4.687500
-0.000000 -2.617317 4.687500
0.510613 -2.567026 4.687500
1.001604 -2.418085 4.687500
1.454103 -2.176219 4.687500
1.850722 -1.850722 4.687500
2.176219 -1.454103 4.687500
2.418085 -1.001604 4.687500
2.567026 -0.510613 4.687500
3.000000 0.000000 5.000000
2.942356 0.585271 5.000000
2.771639 1.148050 5.000000
2.494409 1.666711 5.000000
2.121320 2.121320 5.000000
1.666711 2.494409 5.000000
1.148050 2.771639 5.000000
0.585271 2.942356 5.000000
0.000000 3.000000 5.000000
-0.585271 2.942356 5.000000
-1.148050 2.771639 5.000000
-1.666711 2.494409 5.000000
-2.121320 2.121320 5.000000
-2.494409 1.666711 5.000000
-2.771639 1.148050 5.000000
-2.942356 0.585271 5.000000
-3.000000 0.000000 5.000000
-2.942356 -0.585271 5.000000
-2.771639 -1.148050 5.000000
-2.494409 -1.666711 5.000000
-2.121320 -2.121320 5.000000
-1.666711 -2.494409 5.000000
-1.148050 -2.771639 5.000000
-0.585271 -2.942356 5.000000
-0.000000 -3.000000 5.000000
0.585271 -2.942356 5.000000
1.148050 -2.771639 5.000000
1.666711 -2.494409 5.000000
2.121320 -2.121320 5.000000
2.494409 -1.666711 5.000000
2.771639 -1.148050 5.000000
2.942356 -0.585271 5.000000
3.382683 0.000000 5.312500
3.317686 0.659929 5.312500
3.125192 1.294497 5.312500
2.812598 1.879318 5.312500
2.391918 2.391918 5.312500
1.879318 2.812598 5.312500
1.294497 3.125192 5.312500
0.659929 3.317686 5.312500
0.000000 3.382683 5.312500
-0.659929 3.317686 5.312500
-1.294497 3.125192 5.312500
-1.879318 2.812598 5.312500
-2.391918 2.391918 5.312500
-2.812598 1.879318 5.312500
-3.125192 1.294497 5.312500
-3.317686 0.659929 5.312500
-3.382683 0.000000 5.312500
-3.317686 -0.659929 5.312500
-3.125192 -1.294497 5.312500
-2.812598 -1.879318 5.312500
-2.391918 -2.391918 5.312500
-1.879318 -2.812598 5.312500
-1.294497 -3.125192 5.312500
-0.659929 -3.317686 5.312500
-0.000000 -3.382683 5.312500
0.659929 -3.317686 5.312500
1.294497 -3.125192 5.312500
1.879318 -2.812598 5.312500
2.391918 -2.391918 5.312500
2.812598 -1.879318 5.312500
3.125192 -1.294497 5.312500
3.317686 -0.659929 5.312500
3.707107 0.000000 5.625000
3.635876 0.723221 5.625000
3.424920 1.418648 5.625000
3.082347 2.059558 5.625000
2.621320 2.621320 5.625000
2.059558 3.082347 5.625000
1.418648 3.424920 5.625000
0.723221 3.635876 5.625000
0.000000 3.707107 5.625000
-0.723221 3.635876 5.625000
-1.418648 3.424920 5.625000
-2.059558 3.082347 5.625000
-2.621320 2.621320 5.625000
-3.082347 2.059558 5.625000
-3.424920 1.418648 5.625000
-3.635876 0.723221 5.625000
-3.707107 0.000000 5.625000
-3.635876 -0.723221 5.625000
-3.424920 -1.418648 5.625000
-3.082347 -2.059558 5.625000
-2.621320 -2.621320 5.625000
-2.059558 -3.082347 5.625000
-1.418648 -3.424920 5.625000
-0.723221 -3.635876 5.625000
-0.000000 -3.707107 5.625000
0.723221 -3.635876 5.625000
1.418648 -3.424920 5.625000
2.059558 -3.082347 5.625000
2.621320 -2.621320 5.625000
3.082347 -2.059558 5.625000
3.424920 -1.418648 5.625000
3.635876 -0.723221 5.625000
3.923880 0.000000 5.937500
3.848483 0.765511 5.937500
3.625192 1.501604 5.937500
3.262587 2.179991 5.937500
2.774602 2.774602 5.937500
2.179991 3.262587 5.937500
1.501604 3.625192 5.937500
0.765511 3.848483 5.937500
0.000000 3.923880 5.937500
-0.765511 3.848483 5.937500
-1.501604 3.625192 5.937500
-2.179991 3.262587 5.937500
-2.774602 2.774602 5.937500
-3.262587 2.179991 5.937500
-3.625192 1.501604 5.937500
-3.848483 0.765511 5.937500
-3.923880 0.000000 5.937500
-3.848483 -0.765511 5.937500
-3.625192 -1.501604 5.937500
-3.262587 -2.179991 5.937500
-2.774602 -2.774602 5.937500
-2.179991 -3.262587 5.937500
-1.501604 -3.625192 5.937500
-0.765511 -3.848483 5.937500
-0.000000 -3.923880 5.937500
0.765511 -3.848483 5.937500
1.501604 -3.625192 5.937500
2.179991 -3.262587 5.937500
2.774602 -2.774602 5.937500
3.262587 -2.179991 5.937500
3.625192 -1.501604 5.937500
3.848483 -0.765511 5.937500
4.000000 0.000000 6.250000
3.923141 0.780361 6.250000
3.695518 1.530734 6.250000
3.325878 2.222281 6.250000
2.828427 2.828427 6.250000
2.222281 3.325878 6.250000
1.530734 3.695518 6.250000
0.780361 3.923141 6.250000
0.000000 4.000000 6.250000
-0.780361 3.923141 6.250000
-1.530734 3.695518 6.250000
-2.222281 3.325878 6.250000
-2.828427 2.828427 6.250000
-3.325878 2.222281 6.250000
-3.695518 1.530734 6.250000
-3.923141 0.780361 6.250000
-4.000000 0.000000 6.250000
-3.923141 -0.780361 6.250000
-3.695518 -1.530734 6.250000
-3.325878 -2.222281 6.250000
-2.828427 -2.828427 6.250000
-2.222281 -3.325878 6.250000
-1.530734 -3.695518 6.250000
-0.780361 -3.923141 6.250000
-0.000000 -4.000000 6.250000
0.780361 -3.923141 6.250000
1.530734 -3.695518 6.250000
2.222281 -3.325878 6.250000
2.828427 -2.828427 6.250000
3.325878 -2.222281 6.250000
3.695518 -1.530734 6.250000
3.923141 -0.780361 6.250000
3.923880 0.000000 6.562500
3.848483 0.765511 6.562500
3.625192 1.501604 6.562500
3.262587 2.179991 6.562500
2.774602 2.774602 6.562500
2.179991 3.262587 6.562500
1.501604 3.625192 6.562500
0.765511 3.848483 6.562500
0.000000 3.923880 6.562500
-0.765511 3.848483 6.562500
-1.501604 3.625192 6.562500
-2.179991 3.262587 6.562500
-2.774602 2.774602 6.562500
-3.262587 2.179991 6.562500
-3.625192 1.501604 6.562500
-3.848483 0.765511 6.562500
-3.923880 0.000000 6.562500
-3.848483 -0.765511 6.562500
-3.625192 -1.501604 6.562500
-3.262587 -2.179991 6.562500
-2.774602 -2.774602 6.562500
-2.179991 -3.262587 6.562500
-1.501604 -3.625192 6.562500
-0.765511 -3.848483 6.562500
-0.000000 -3.923880 6.562500
0.765511 -3.848483 6.562500
1.501604 -3.625192 6.562500
2.179991 -3.262587 6.562500
2.774602 -2.774602 6.562500
3.262587 -2.179991 6.562500
3.625192 -1.501604 6.562500
3.848483 -0.765511 6.562500
3.707107 0.000000 6.875000
3.635876 0.723221 6.875000
3.424920 1.418648 6.875000
3.082347 2.059558 6.875000
2.621320 2.621320 6.875000
2.059558 3.082347 6.875000
1.418648 3.424920 6.875000
0.723221 3.635876 6.875000
0.000000 3.707107 6.875000
-0.723221 3.635876 6.875000
-1.418648 3.424920 6.875000
-2.059558 3.082347 6.875000
-2.621320 2.621320 6.875000
-3.082347 2.059558 6.875000
-3.424920 1.418648 6.875000
-3.635876 0.723221 6.875000
-3.707107 0.000000 6.875000
-3.635876 -0.723221 6.875000
-3.424920 -1.418648 6.875000
-3.082347 -2.059558 6.875000
-2.621320 -2.621320 6.875000
-2.059558 -3.082347 6.875000
-1.418648 -3.424920 6.875000
-0.723221 -3.635876 6.875000
-0.000000 -3.707107 6.875000
0.723221 -3.635876 6.875000
1.418648 -3.424920 6.875000
2.059558 -3.082347 6.875000
2.621320 -2.621320 6.875000
3.082347 -2.059558 6.875000
3.424920 -1.418648 6.875000
3.635876 -0.723221 6.875000
3.382683 0.000000 7.187500
3.317686 0.659929 7.187500
3.125192 1.294497 7.187500
2.812598 1.879318 7.187500
2.391918 2.391918 7.187500
1.879318 2.812598 7.187500
1.294497 3.125192 7.187500
0.659929 3.317686 7.187500
0.000000 3.382683 7.187500
-0.659929 3.317686 7.187500
-1.294497 3.125192 7.187500
-1.879318 2.812598 7.187500
-2.391918 2.391918 7.187500
-2.812598 1.879318 7.187500
-3.125192 1.294497 7.187500
-3.317686 0.659929 7.187500
-3.382683 0.000000 7.187500
-3.317686 -0.659929 7.187500
-3.125192 -1.294497 7.187500
-2.812598 -1.879318 7.187500
-2.391918 -2.391918 7.187500
-1.879318 -2.812598 7.187500
-1.294497 -3.125192 7.187500
-0.659929 -3.317686 7.187500
-0.000000 -3.382683 7.187500
0.659929 -3.317686 7.187500
1.294497 -3.125192 7.187500
1.879318 -2.812598 7.187500
2.391918 -2.391918 7.187500
2.812598 -1.879318 7.187500
3.125192 -1.294497 7.187500
3.317686 -0.659929 7.187500
3.000000 0.000000 7.500000
2.942356 0.585271 7.500000
2.771639 1.148050 7.500000
2.494409 1.666711 7.500000
2.121320 2.121320 7.500000
1.666711 2.494409 7.500000
1.148050 2.771639 7.500000
0.585271 2.942356 7.500000
0.000000 3.000000 7.500000
-0.585271 2.942356 7.500000
-1.148050 2.771639 7.500000
-1.666711 2.494409 7.500000
-2.121320 2.121320 7.500000
-2.494409 1.666711 7.500000
-2.771639 1.148050 7.500000
-2.942356 0.585271 7.500000
-3.000000 0.000000 7.500000
-2.942356 -0.585271 7.500000
-2.771639 -1.148050 7.500000
-2.494409 -1.666711 7.500000
-2.121320 -2.121320 7.500000
-1.666711 -2.494409 7.500000
-1.148050 -2.771639 7.500000
-0.585271 -2.942356 7.500000
-0.000000 -3.000000 7.500000
0.585271 -2.942356 7.500000
1.148050 -2.771639 7.500000
1.666711 -2.494409 7.500000
2.121320 -2.121320 7.500000
2.494409 -1.666711 7.500000
2.771639 -1.148050 7.500000
2.942356 -0.585271 7.500000
2.617317 0.000000 7.812500
2.567026 0.510613 7.812500
2.418085 1.001604 7.812500
2.176219 1.454103 7.812500
1.850722 1.850722 7.812500
1.454103 2.176219 7.812500
1.001604 2.418085 7.812500
0.510613 2.567026 7.812500
0.000000 2.617317 7.812500
-0.510613 2.567026 7.812500
-1.001604 2.418085 7.812500
-1.454103 2.176219 7.812500
-1.850722 1.850722 7.812500
-2.176219 1.454103 7.812500
-2.418085 1.001604 7.812500
-2.567026 0.510613 7.812500
-2.617317 0.000000 7.812500
-2.567026 -0.510613 7.812500
-2.418085 -1.001604 7.812500
-2.176219 -1.454103 7.812500
-1.850722 -1.850722 7.812500
-1.454103 -2.176219 7.812500
-1.001604 -2.418085 7.812500
-0.510613 -2.567026 7.812500
-0.000000 -2.617317 7.812500
0.510613 -2.567026 7.812500
1.001604 -2.418085 7.812500
1.454103 -2.176219 7.812500
1.850722 -1.850722 7.812500
2.176219 -1.454103 7.812500
2.418085 -1.001604 7.812500
2.567026 -0.510613 7.812500
2.292893 0.000000 8.125000
2.248836 0.447321 8.125000
2.118357 0.877452 8.125000
1.906471 1.273863 8.125000
1.621320 1.621320 8.125000
1.273863 1.906471 8.125000
0.877452 2.118357 8.125000
0.447321 2.248836 8.125000
0.000000 2.292893 8.125000
-0.447321 2.248836 8.125000
-0.877452 2.118357 8.125000
-1.273863 1.906471 8.125000
-1.621320 1.621320 8.125000
-1.906471 1.273863 8.125000
-2.118357 0.877452 8.125000
-2.248836 0.447321 8.125000
-2.292893 0.000000 8.125000
-2.248836 -0.447321 8.125000
-2.118357 -0.877452 8.125000
-1.906471 -1.273863 8.125000
-1.621320 -1.621320 8.125000
-1.273863 -1.906471 8.125000
-0.877452 -2.118357 8.125000
-0.447321 -2.248836 8.125000
-0.000000 -2.292893 8.125000
0.447321 -2.248836 8.125000
0.877452 -2.118357 8.125000
1.273863 -1.906471 8.125000
1.621320 -1.621320 8.125000
1.906471 -1.273863 8.125000
2.118357 -0.877452 8.125000
2.248836 -0.447321 8.125000
2.076120 0.000000 8.437500
2.036228 0.405031 8.437500
1.918085 0.794497 8.437500
1.726231 1.153431 8.437500
1.468039 1.468039 8.437500
1.153431 1.726231 8.437500
0.794497 1.918085 8.437500
0.405031 2.036228 8.437500
0.000000 2.076120 8.437500
-0.405031 2.036228 8.437500
-0.794497 1.918085 8.437500
-1.153431 1.726231 8.437500
-1.468039 1.468039 8.437500
-1.726231 1.153431 8.437500
-1.918085 0.794497 8.437500
-2.036228 0.405031 8.437500
-2.076120 0.000000 8.437500
-2.036228 -0.405031 8.437500
-1.918085 -0.794497 8.437500
-1.726231 -1.153431 8.437500
-1.468039 -1.468039 8.437500
-1.153431 -1.726231 8.437500
-0.794497 -1.918085 8.437500
-0.405031 -2.036228 8.437500
-0.000000 -2.076120 8.437500
0.405031 -2.036228 8.437500
0.794497 -1.918085 8.437500
1.153431 -1.726231 8.437500
1.468039 -1.468039 8.437500
1.726231 -1.153431 8.437500
1.918085 -0.794497 8.437500
2.036228 -0.405031 8.437500
2.000000 0.000000 8.750000
1.961571 0.390181 8.750000
1.847759 0.765367 8.750000
1.662939 1.111140 8.750000
1.414214 1.414214 8.750000
1.111140 1.662939 8.750000
0.765367 1.847759 8.750000
0.390181 1.961571 8.750000
0.000000 2.000000 8.750000
-0.390181 1.961571 8.750000
-0.765367 1.847759 8.750000
-1.111140 1.662939 8.750000
-1.414214 1.414214 8.750000
-1.662939 1.111140 8.750000
-1.847759 0.765367 8.750000
-1.961571 0.390181 8.750000
-2.000000 0.000000 8.750000
-1.961571 -0.390181 8.750000
-1.847759 -0.765367 8.750000
-1.662939 -1.111140 8.750000
-1.414214 -1.414214 8.750000
-1.111140 -1.662939 8.750000
-0.765367 -1.847759 8.750000
-0.390181 -1.961571 8.750000
-0.000000 -2.000000 8.750000
0.390181 -1.961571 8.750000
0.765367 -1.847759 8.750000
1.111140 -1.662939 8.750000
1.414214 -1.414214 8.750000
1.662939 -1.111140 8.750000
1.847759 -0.765367 8.750000
1.961571 -0.390181 8.750000
2.076120 0.000000 9.062500
2.036228 0.405031 9.062500
1.918085 0.794497 9.062500
1.726231 1.153431 9.062500
1.468039 1.468039 9.062500
1.153431 1.726231 9.062500
0.794497 1.918085 9.062500
0.405031 2.036228 9.062500
0.000000 2.076120 9.062500
-0.405031 2.036228 9.062500
-0.794497 1.918085 9.062500
-1.153431 1.726231 9.062500
-1.468039 1.468039 9.062500
-1.726231 1.153431 9.062500
-1.918085 0.794497 9.062500
-2.036228 0.405031 9.062500
-2.076120 0.000000 9.062500
-2.036228 -0.405031 9.062500
-1.918085 -0.794497 9.062500
-1.726231 -1.153431 9.062500
-1.468039 -1.468039 9.062500
-1.153431 -1.726231 9.062500
-0.794497 -1.918085 9.062500
-0.405031 -2.036228 9.062500
-0.000000 -2.076120 9.062500
0.405031 -2.036228 9.062500
0.794497 -1.918085 9.062500
1.153431 -1.726231 9.062500
1.468039 -1.468039 9.062500
1.726231 -1.153431 9.062500
1.918085 -0.794497 9.062500
2.036228 -0.405031 9.062500
2.292893 0.000000 9.375000
2.248836 0.447321 9.375000
2.118357 0.877452 9.375000
1.906471 1.273863 9.375000
1.621320 1.621320 9.375000
1.273863 1.906471 9.375000
0.877452 2.118357 9.375000
0.447321 2.248836 9.375000
0.000000 2.292893 9.375000
-0.447321 2.248836 9.375000
-0.877452 2.118357 9.375000
-1.273863 1.906471 9.375000
-1.621320 1.621320 9.375000
-1.906471 1.273863 9.375000
-2.118357 0.877452 9.375000
-2.248836 0.447321 9.375000
-2.292893 0.000000 9.375000
-2.248836 -0.447321 9.375000
-2.118357 -0.877452 9.375000
-1.906471 -1.273863 9.375000
-1.621320 -1.621320 9.375000
-1.273863 -1.906471 9.375000
-0.877452 -2.118357 9.375000
-0.447321 -2.248836 9.375000
-0.000000 -2.292893 9.375000
0.447321 -2.248836 9.375000
0.877452 -2.118357 9.375000
1.273863 -1.906471 9.375000
1.621320 -1.621320 9.375000
1.906471 -1.273863 9.375000
2.118357 -0.877452 9.375000
2.248836 -0.447321 9.375000
2.617317 0.000000 9.687500
2.567026 0.510613 9.687500
2.418085 1.001604 9.687500
2.176219 1.454103 9.687500
1.850722 1.850722 9.687500
1.454103 2.176219 9.687500
1.001604 2.418085 9.687500
0.510613 2.567026 9.687500
0.000000 2.617317 9.687500
-0.510613 2.567026 9.687500
-1.001604 2.418085 9.687500
-1.454103 2.176219 9.687500
-1.850722 1.850722 9.687500
-2.176219 1.454103 9.687500
-2.418085 1.001604 9.687500
-2.567026 0.510613 9.687500
-2.617317 0.000000 9.687500
-2.567026 -0.510613 9.687500
-2.418085 -1.001604 9.687500
-2.176219 -1.454103 9.687500
-1.850722 -1.850722 9.687500
-1.454103 -2.176219 9.687500
-1.001604 -2.418085 9.687500
-0.510613 -2.567026 9.687500
-0.000000 -2.617317 9.687500
0.510613 -2.567026 9.687500
1.001604 -2.418085 9.687500
1.454103 -2.176219 9.687500
1.850722 -1.850722 9.687500
2.176219 -1.454103 9.687500
2.418085 -1.001604 9.687500
2.567026 -0.510613 9.687500
3.000000 0.000000 10.000000
2.942356 0.585271 10.000000
2.771639 1.148050 10.000000
2.494409 1.666711 10.000000
2.121320 2.121320 10.000000
1.666711 2.494409 10.000000
1.148050 2.771639 10.000000
0.585271 2.942356 10.000000
0.000000 3.000000 10.000000
-0.585271 2.942356 10.000000
-1.148050 2.771639 10.000000
-1.666711 2.494409 10.000000
-2.121320 2.121320 10.000000
-2.494409 1.666711 10.000000
-2.771639 1.148050 10.000000
-2.942356 0.585271 10.000000
-3.000000 0.000000 10.000000
-2.942356 -0.585271 10.000000
-2.771639 -1.148050 10.000000
-2.494409 -1.666711 10.000000
-2.121320 -2.121320 10.000000
-1.666711 -2.494409 10.000000
-1.148050 -2.771639 10.000000
-0.585271 -2.942356 10.000000
-0.000000 -3.000000 10.000000
0.585271 -2.942356 10.000000
1.148050 -2.771639 10.000000
1.666711 -2.494409 10.000000
2.121320 -2.121320 10.000000
2.494409 -1.666711 10.000000
2.771639 -1.148050 10.000000
2.942356 -0.585271 10.000000
3 1 3 2
3 0 2050 2051
3 1 4 3
3 0 2051 2052
3 1 5 4
3 0 2052 2053
3 1 6 5
3 0 2053 2054
3 1 7 6
3 0 2054 2055
3 1 8 7
3 0 2055 2056
3 1 9 8
3 0 2056 2057
3 1 10 9
3 0 2057 2058
3 1 11 10
3 0 2058 2059
3 1 12 11
3 0 2059 2060
3 1 13 12
3 0 2060 2061
3 1 14 13
3 0 2061 2062
3 1 15 14
3 0 2062 2063
3 1 16 15
3 0 2063 2064
3 1 17 16
3 0 2064 2065
3 1 18 17
3 0 2065 2066
3 1 19 18
3 0 2066 2067
3 1 20 19
3 0 2067 2068
3 1 21 20
3 0 2068 2069
3 1 22 21
3 0 2069 2070
3 1 23 22
3 0 2070 2071
3 1 24 23
3 0 2071 2072
3 1 25 24
3 0 2072 2073
3 1 26 25
3 0 2073 2074
3 1 27 26
3 0 2074 2075
3 1 28 27
3 0 2075 2076
3 1 29 28
3 0 2076 2077
3 1 30 29
3 0 2077 2078
3 1 31 30
3 0 2078 2079
3 1 32 31
3 0 2079 2080
3 1 33 32
3 0 2080 2081
3 1 2 33
3 0 2081 2050
3 2 3 34
3 3 35 34
3 3 4 35
3 4 36 35
3 4 5 36
3 5 37 36
3 5 6 37
3 6 38 37
3 6 7 38
3 7 39 38
3 7 8 39
3 8 40 39
3 8 9 40
3 9 41 40
3 9 10 41
3 10 42 41
3 10 11 42
3 11 43 42
3 11 12 43
3 12 44 43
3 12 13 44
3 13 45 44
3 13 14 45
3 14 46 45
3 14 15 46
3 15 47 46
3 15 16 47
3 16 48 47
3 16 17 48
3 17 49 48
3 17 18 49
3 18 50 49
3 18 19 50
3 19 51 50
3 19 20 51
3 20 52 51
3 20 21 52
3 21 53 52
3 21 22 53
3 22 54 53
3 22 23 54
3 23 55 54
3 23 24 55
3 24 56 55
3 24 25 56
3 25 57 56
3 25 26 57
3 26 58 57
3 26 27 58
3 27 59 58
3 27 28 59
3 28 60 59
3 28 29 60
3 29 61 60
3 29 30 61
3 30 62 61
3 30 31 62
3 31 63 62
3 31 32 63
3 32 64 63
3 32 33 64
3 33 65 64
3 33 2 65
3 2 34 65
3 34 35 66
3 35 67 66
3 35 36 67
3 36 68 67
3 36 37 68
3 37 69 68
3 37 38 69
3 38 70 69
3 38 39 70
3 39 71 70
3 39 40 71
3 40 72 71
3 40 41 72
3 41 73 72
3 41 42 73
3 42 74 73
3 42 43 74
3 43 75 74
3 43 44 75
3 44 76 75
3 44 45 76
3 45 77 76
3 45 46 77
3 46 78 77
3 46 47 78
3 47 79 78
3 47 48 79
3 48 80 79
3 48 49 80
3 49 81 80
3 49 50 81
3 50 82 81
3 50 51 82
3 51 83 82
3 51 52 83
3 52 84 83
3 52 53 84
3 53 85 84
3 53 54 85
3 54 86 85
3 54 55 86
3 55 87 86
3 55 56 87
3 56 88 87
3 56 57 88
3 57 89 88
3 57 58 89
3 58 90 89
3 58 59 90
3 59 91 90
3 59 60 91
3 60 92 91
3 60 61 92
3 61 93 92
3 61 62 93
3 62 94 93
3 62 63 94
3 63 95 94
3 63 64 95
3 64 96 95
3 64 65 96
3 65 97 96
3 65 34 97
3 34 66 97
3 66 67 98
3 67 99 98
3 67 68 99
3 68 100 99
3 68 69 100
3 69 101 100
3 69 70 101
3 70 102 101
3 70 71 102
3 71 103 102
3 71 72 103
3 72 104 103
3 72 73 104
3 73 105 104
3 73 74 105
3 74 106 105
3 74 75 106
3 75 107 106
3 75 76 107
3 76 108 107
3 76 77 108
3 77 109 108
3 77 78 109
3 78 110 109
3 78 79 110
3 79 111 110
3 79 80 111
3 80 112 111
3 80 81 112
3 81 113 112
3 81 82 113
3 82 114 113
3 82 83 114
3 83 115 114
3 83 84 115
3 84 116 115
3 84 85 116
3 85 117 116
3 85 86 117
3 86 118 117
3 86 87 118
3 87 119 118
3 87 88 119
3 88 120 119
3 88 89 120
3 89 121 120
3 89 90 121
3 90 122 121
3 90 91 122
3 91 123 122
3 91 92 123
3 92 124 123
3 92 93 124
3 93 125 124
3 93 94 125
3 94 126 125
3 94 95 126
3 95 127 126
3 95 96 127
3 96 128 127
3 96 97 128
3 97 129 128
3 97 66 129
3 66 98 129
3 98 99 130
3 99 131 130
3 99 100 131
3 100 132 131
3 100 101 132
3 101 133 132
3 101 102 133
3 102 134 133
3 102 103 134
3 103 135 134
3 103 104 135
3 104 136 135
3 104 105 136
3 105 137 136
3 105 106 137
3 106 138 137
3 106 107 138
3 107 139 138
3 107 108 139
3 108 140 139
3 108 109 140
3 109 141 140
3 109 110 141
3 110 142 141
3 110 111 142
3 111 143 142
3 111 112 143
3 112 144 143
3 112 113 144
3 113 145 144
3 113 114 145
3 114 146 145
3 114 115 146
3 115 147 146
3 115 116 147
3 116 148 147
3 116 117 148
3 117 149 148
3 117 118 149
3 118 150 149
3 118 119 150
3 119 151 150
3 119 120 151
3 120 152 151
3 120 121 152
3 121 153 152
3 121 122 153
3 122 154 153
3 122 123 154
3 123 155 154
3 123 124 155
3 124 156 155
3 124 125 156
3 125 157 156
3 125 126 157
3 126 158 157
3 126 127 158
3 127 159 158
3 127 128 159
3 128 160 159
3 128 129 160
3 129 161 160
3 129 98 161
3 98 130 161
3 130 131 162
3 131 163 162
3 131 132 163
3 132 164 163
3 132 133 164
3 133 165 164
3 133 134 165
3 134 166 165
3 134 135 166
3 135 167 166
3 135 136 167
3 136 168 167
3 136 137 168
3 137 169 168
3 137 138 169
3 138 170 169
3 138 139 170
3 139 171 170
3 139 140 171
3 140 172 171
3 140 141 172
3 141 173 172
3 141 142 173
3 142 174 173
3 142 143 174
3 143 175 174
3 143 144 175
3 144 176 175
3 144 145 176
3 145 177 176
3 145 146 177
3 146 178 177
3 146 147 178
3 147 179 178
3 147 148 179
3 148 180 179
3 148 149 180
3 149 181 180
3 149 150 181
3 150 182 181
3 150 151 182
3 151 183 182
3 151 152 183
3 152 184 183
3 152 153 184
3 153 185 184
3 153 154 185
3 154 186 185
3 154 155 186
3 155 187 186
3 155 156 187
3 156 188 187
3 156 157 188
3 157 189 188
3 157 158 189
3 158 190 189
3 158 159 190
3 159 191 190
3 159 160 191
3 160 192 191
3 160 161 192
3 161 193 192
3 161 130 193
3 130 162 193
3 162 163 194
3 163 195 194
3 163 164 195
3 164 196 195
3 164 165 196
3 165 197 196
3 165 166 197
3 166 198 197
3 166 167 198
3 167 199 198
3 167 168 199
3 168 200 199
3 168 169 200
3 169 201 200
3 169 170 201
3 170 202 201
3 170 171 202
3 171 203 202
3 171 172 203
3 172 204 203
3 172 173 204
3 173 205 204
3 173 174 205
3 174 206 205
3 174 175 206
3 175 207 206
3 175 176 207
3 176 208 207
3 176 177 208
3 177 209 208
3 177 178 209
3 178 210 209
3 178 179 210
3 179 211 210
3 179 180 211
3 180 212 211
3 180 181 212
3 181 213 212
3 181 182 213
3 182 214 213
3 182 183 214
3 183 215 214
3 183 184 215
3 184 216 215
3 184 185 216
3 185 217 216
3 185 186 217
3 186 218 217
3 186 187 218
3 187 219 218
3 187 188 219
3 188 220 219
3 188 189 220
3 189 221 220
3 189 190 221
3 190 222 221
3 190 191 222
3 191 223 222
3 191 192 223
3 192 224 223
3 192 193 224
3 193 225 224
3 193 162 225
3 162 194 225
3 194 195 226
3 195 227 226
3 195 196 227
3 196 228 227
3 196 197 228
3 197 229 228
3 197 198 229
3 198 230 229
3 198 199 230
3 199 231 230
3 199 200 231
3 200 232 231
3 200 201 232
3 201 233 232
3 201 202 233
3 202 234 233
3 202 203 234
3 203 235 234
3 203 204 235
3 204 236 235
3 204 205 236
3 205 237 236
3 205 206 237
3 206 238 237
3 206 207 238
3 207 239 238
3 207 208 239
3 208 240 239
3 208 209 240
3 209 241 240
3 209 210 241
3 210 242 241
3 210 211 242
3 211 243 242
3 211 212 243
3 212 244 243
3 212 213 244
3 213 245 244
3 213 214 245
3 214 246 245
3 214 215 246
3 215 247 246
3 215 216 247
3 216 248 247
3 216 217 248
3 217 249 248
3 217 218 249
3 218 250 249
3 218 219 250
3 219 251 250
3 219 220 251
3 220 252 251
3 220 221 252
3 221 253 252
3 221 222 253
3 222 254 253
3 222 223 254
3 223 255 254
3 223 224 255
3 224 256 255
3 224 225 256
3 225 257 256
3 225 194 257
3 194 226 257
3 226 227 258
3 227 259 258
3 227 228 259
3 228 260 259
3 228 229 260
3 229 261 260
3 229 230 261
3 230 262 261
3 230 231 262
3 231 263 262
3 231 232 263
3 232 264 263
3 232 233 264
3 233 265 264
3 233 234 265
3 234 266 265
3 234 235 266
3 235 267 266
3 235 236 267
3 236 268 267
3 236 237 268
3 237 269 268
3 237 238 269
3 238 270 269
3 238 239 270
3 239 271 270
3 239 240 271
3 240 272 271
3 240 241 272
3 241 273 272
3 241 242 273
3 242 274 273
3 242 243 274
3 243 275 274
3 243 244 275
3 244 276 275
3 244 245 276
3 245 277 276
3 245 246 277
3 246 278 277
3 246 247 278
3 247 279 278
3 247 248 279
3 248 280 279
3 248 249 280
3 249 281 280
3 249 250 281
3 250 282 281
3 250 251 282
3 251 283 282
3 251 252 283
3 252 284 283
3 252 253 284
3 253 285 284
3 253 254 285
3 254 286 285
3 254 255 286
3 255 287 286
3 255 256 287
3 256 288 287
3 256 257 288
3 257 289 288
3 257 226 289
3 226 258 289
3 258 259 290
3 259 291 290
3 259 260 291
3 260 292 291
3 260 261 292
3 261 293 292
3 261 262 293
3 262 294 293
3 262 263 294
3 263 295 294
3 263 264 295
3 264 296 295
3 264 265 296
3 265 297 296
3 265 266 297
3 266 298 297
3 266 267 298
3 267 299 298
3 267 268 299
3 268 300 299
3 268 269 300
3 269 301 300
3 269 270 301
3 270 302 301
3 270 271 302
3 271 303 302
3 271 272 303
3 272 304 303
3 272 273 304
3 273 305 304
3 273 274 305
3 274 306 305
3 274 275 306
3 275 307 306
3 275 276 307
3 276 308 307
3 276 277 308
3 277 309 308
3 277 278 309
3 278 310 309
3 278 279 310
3 279 311 310
3 279 280 311
3 280 312 311
3 280 281 312
3 281 313 312
3 281 282 313
3 282 314 313
3 282 283 314
3 283 315 314
3 283 284 315
3 284 316 315
3 284 285 316
3 285 317 316
3 285 286 317
3 286 318 317
3 286 287 318
3 287 319 318
3 287 288 319
3 288 320 319
3 288 289 320
3 289 321 320
3 289 258 321
3 258 290 321
3 290 291 322
3 291 323 322
3 291 292 323
3 292 324 323
3 292 293 324
3 293 325 324
3 293 294 325
3 294 326 325
3 294 295 326
3 295 327 326
3 295 296 327
3 296 328 327
3 296 297 328
3 297 329 328
3 297 298 329
3 298 330 329
3 298 299 330
3 299 331 330
3 299 300 331
3 300 332 331
3 300 301 332
3 301 333 332
3 301 302 333
3 302 334 333
3 302 303 334
3 303 335 334
3 303 304 335
3 304 336 335
3 304 305 336
3 305 337 336
3 305 306 337
3 306 338 337
3 306 307 338
3 307 339 338
3 307 308 339
3 308 340 339
3 308 309 340
3 309 341 340
3 309 310 341
3 310 342 341
3 310 311 342
3 311 343 342
3 311 312 343
3 312 344 343
3 312 313 344
3 313 345 344
3 313 314 345
3 314 346 345
3 314 315 346
3 315 347 346
3 315 316 347
3 316 348 347
3 316 317 348
3 317 349 348
3 317 318 349
3 318 350 349
3 318 319 350
3 319 351 350
3 319 320 351
3 320 352 351
3 320 321 352
3 321 353 352
3 321 290 353
3 290 322 353
3 322 323 354
3 323 355 354
3 323 324 355
3 324 356 355
3 324 325 356
3 325 357 356
3 325 326 357
3 326 358 357
3 326 327 358
3 327 359 358
3 327 328 359
3 328 360 359
3 328 329 360
3 329 361 360
3 329 330 361
3 330 362 361
3 330 331 362
3 331 363 362
3 331 332 363
3 332 364 363
3 332 333 364
3 333 365 364
3 333 334 365
3 334 366 365
3 334 335 366
3 335 367 366
3 335 336 367
3 336 368 367
3 336 337 368
3 337 369 368
3 337 338 369
3 338 370 369
3 338 339 370
3 339 371 370
3 339 340 371
3 340 372 371
3 340 341 372
3 341 373 372
3 341 342 373
3 342 374 373
3 342 343 374
3 343 375 374
3 343 344 375
3 344 376 375
3 344 345 376
3 345 377 376
3 345 346 377
3 346 378 377
3 346 347 378
3 347 379 378
3 347 348 379
3 348 380 379
3 348 349 380
3 349 381 380
3 349 350 381
3 350 382 381
3 350 351 382
3 351 383 382
3 351 352 383
3 352 384 383
3 352 353 384
3 353 385 384
3 353 322 385
3 322 354 385
3 354 355 386
3 355 387 386
3 355 356 387
3 356 388 387
3 356 357 388
3 357 389 388
3 357 358 389
3 358 390 389
3 358 359 390
3 359 391 390
3 359 360 391
3 360 392 391
3 360 361 392
3 361 393 392
3 361 362 393
3 362 394 393
3 362 363 394
3 363 395 394
3 363 364 395
3 364 396 395
3 364 365 396
3 365 397 396
3 365 366 397
3 366 398 397
3 366 367 398
3 367 399 398
3 367 368 399
3 368 400 399
3 368 369 400
3 369 401 400
3 369 370 401
3 370 402 401
3 370 371 402
3 371 403 402
3 371 372 403
3 372 404 403
3 372 373 404
3 373 405 404
3 373 374 405
3 374 406 405
3 374 375 406
3 375 407 406
3 375 376 407
3 376 408 407
3 376 377 408
3 377 409 408
3 377 378 409
3 378 410 409
3 378 379 410
3 379 411 410
3 379 380 411
3 380 412 411
3 380 381 412
3 381 413 412
3 381 382 413
3 382 414 413
3 382 383 414
3 383 415 414
3 383 384 415
3 384 416 415
3 384 385 416
3 385 417 416
3 385 354 417
3 354 386 417
3 386 387 418
3 387 419 418
3 387 388 419
3 388 420 419
3 388 389 420
3 389 421 420
3 389 390 421
3 390 422 421
3 390 391 422
3 391 423 422
3 391 392 423
3 392 424 423
3 392 393 424
3 393 425 424
3 393 394 425
3 394 426 425
3 394 395 426
3 395 427 426
3 395 396 427
3 396 428 427
3 396 397 428
3 397 429 428
3 397 398 429
3 398 430 429
3 398 399 430
3 399 431 430
3 399 400 431
3 400 432 431
3 400 401 432
3 401 433 432
3 401 402 433
3 402 434 433
3 402 403 434
3 403 435 434
3 403 404 435
3 404 436 435
3 404 405 436
3 405 437 436
3 405 406 437
3 406 438 437
3 406 407 438
3 407 439 438
3 407 408 439
3 408 440 439
3 408 409 440
3 409 441 440
3 409 410 441
3 410 442 441
3 410 411 442
3 411 443 442
3 411 412 443
3 412 444 443
3 412 413 444
3 413 445 444
3 413 414 445
3 414 446 445
3 414 415 446
3 415 447 446
3 415 416 447
3 416 448 447
3 416 417 448
3 417 449 448
3 417 386 449
3 386 418 449
3 418 419 450
3 419 451 450
3 419 420 451
3 420 452 451
3 420 421 452
3 421 453 452
3 421 422 453
3 422 454 453
3 422 423 454
3 423 455 454
3 423 424 455
3 424 456 455
3 424 425 456
3 425 457 456
3 425 426 457
3 426 458 457
3 426 427 458
3 427 459 458
3 427 428 459
3 428 460 459
3 428 429 460
3 429 461 460
3 429 430 461
3 430 462 461
3 430 431 462
3 431 463 462
3 431 432 463
3 432 464 463
3 432 433 464
3 433 465 464
3 433 434 465
3 434 466 465
3 434 435 466
3 435 467 466
3 435 436 467
3 436 468 467
3 436 437 468
3 437 469 468
3 437 438 469
3 438 470 469
3 438 439 470
3 439 471 470
3 439 440 471
3 440 472 471
3 440 441 472
3 441 473 472
3 441 442 473
3 442 474 473
3 442 443 474
3 443 475 474
3 443 444 475
3 444 476 475
3 444 445 476
3 445 477 476
3 445 446 477
3 446 478 477
3 446 447 478
3 447 479 478
3 447 448 479
3 448 480 479
3 448 449 480
3 449 481 480
3 449 418 481
3 418 450 481
3 450 451 482
3 451 483 482
3 451 452 483
3 452 484 483
3 452 453 484
3 453 485 484
3 453 454 485
3 454 486 485
3 454 455 486
3 455 487 486
3 455 456 487
3 456 488 487
3 456 457 488
3 457 489 488
3 457 458 489
3 458 490 489
3 458 459 490
3 459 491 490
3 459 460 491
3 460 492 491
3 460 461 492
3 461 493 492
3 461 462 493
3 462 494 493
3 462 463 494
3 463 495 494
3 463 464 495
3 464 496 495
3 464 465 496
3 465 497 496
3 465 466 497
3 466 498 497
3 466 467 498
3 467 499 498
3 467 468 499
3 468 500 499
3 468 469 500
3 469 501 500
3 469 470 501
3 470 502 501
3 470 471 502
3 471 503 502
3 471 472 503
3 472 504 503
3 472 473 504
3 473 505 504
3 473 474 505
3 474 506 505
3 474 475 506
3 475 507 506
3 475 476 507
3 476 508 507
3 476 477 508
3 477 509 508
3 477 478 509
3 478 510 509
3 478 479 510
3 479 511 510
3 479 480 511
3 480 512 511
3 480 481 512
3 481 513 512
3 481 450 513
3 450 482 513
3 482 483 514
3 483 515 514
3 483 484 515
3 484 516 515
3 484 485 516
3 485 517 516
3 485 486 517
3 486 518 517
3 486 487 518
3 487 519 518
3 487 488 519
3 488 520 519
3 488 489 520
3 489 521 520
3 489 490 521
3 490 522 521
3 490 491 522
3 491 523 522
3 491 492 523
3 492 524 523
3 492 493 524
3 493 525 524
3 493 494 525
3 494 526 525
3 494 495 526
3 495 527 526
3 495 496 527
3 496 528 527
3 496 497 528
3 497 529 528
3 497 498 529
3 498 530 529
3 498 499 530
3 499 531 530
3 499 500 531
3 500 532 531
3 500 501 532
3 501 533 532
3 501 502 533
3 502 534 533
3 502 503 534
3 503 535 534
3 503 504 535
3 504 536 535
3 504 505 536
3 505 537 536
3 505 506 537
3 506 538 537
3 506 507 538
3 507 539 538
3 507 508 539
3 508 540 539
3 508 509 540
3 509 541 540
3 509 510 541
3 510 542 541
3 510 511 542
3 511 543 542
3 511 512 543
3 512 544 543
3 512 513 544
3 513 545 544
3 513 482 545
3 482 514 545
3 514 515 546
3 515 547 546
3 515 516 547
3 516 548 547
3 516 517 548
3 517 549 548
3 517 518 549
3 518 550 549
3 518 519 550
3 519 551 550
3 519 520 551
3 520 552 551
3 520 521 552
3 521 553 552
3 521 522 553
3 522 554 553
3 522 523 554
3 523 555 554
3 523 524 555
3 524 556 555
3 524 525 556
3 525 557 556
3 525 526 557
3 526 558 557
3 526 527 558
3 527 559 558
3 527 528 559
3 528 560 559
3 528 529 560
3 529 561 560
3 529 530 561
3 530 562 561
3 530 531 562
3 531 563 562
3 531 532 563
3 532 564 563
3 532 533 564
3 533 565 564
3 533 534 565
3 534 566 565
3 534 535 566
3 535 567 566
3 535 536 567
3 536 568 567
3 536 537 568
3 537 569 568
3 537 538 569
3 538 570 569
3 538 539 570
3 539 571 570
3 539 540 571
3 540 572 571
3 540 541 572
3 541 573 572
3 541 542 573
3 542 574 573
3 542 543 574
3 543 575 574
3 543 544 575
3 544 576 575
3 544 545 576
3 545 577 576
3 545 514 577
3 514 546 577
3 546 547 578
3 547 579 578
3 547 548 579
3 548 580 579
3 548 549 580
3 549 581 580
3 549 550 581
3 550 582 581
3 550 551 582
3 551 583 582
3 551 552 583
3 552 584 583
3 552 553 584
3 553 585 584
3 553 554 585
3 554 586 585
3 554 555 586
3 555 587 586
3 555 556 587
3 556 588 587
3 556 557 588
3 557 589 588
3 557 558 589
3 558 590 589
3 558 559 590
3 559 591 590
3 559 560 591
3 560 592 591
3 560 561 592
3 561 593 592
3 561 562 593
3 562 594 593
3 562 563 594
3 563 595 594
3 563 564 595
3 564 596 595
3 564 565 596
3 565 597 596
3 565 566 597
3 566 598 597
3 566 567 598
3 567 599 598
3 567 568 599
3 568 600 599
3 568 569 600
3 569 601 600
3 569 570 601
3 570 602 601
3 570 571 602
3 571 603 602
3 571 572 603
3 572 604 603
3 572 573 604
3 573 605 604
3 573 574 605
3 574 606 605
3 574 575 606
3 575 607 606
3 575 576 607
3 576 608 607
3 576 577 608
3 577 609 608
3 577 546 609
3 546 578 609
3 578 579 610
3 579 611 610
3 579 580 611
3 580 612 611
3 580 581 612
3 581 613 612
3 581 582 613
3 582 614 613
3 582 583 614
3 583 615 614
3 583 584 615
3 584 616 615
3 584 585 616
3 585 617 616
3 585 586 617
3 586 618 617
3 586 587 618
3 587 619 618
3 587 588 619
3 588 620 619
3 588 589 620
3 589 621 620
3 589 590 621
3 590 622 621
3 590 591 622
3 591 623 622
3 591 592 623
3 592 624 623
3 592 593 624
3 593 625 624
3 593 594 625
3 594 626 625
3 594 595 626
3 595 627 626
3 595 596 627
3 596 628 627
3 596 597 628
3 597 629 628
3 597 598 629
3 598 630 629
3 598 599 630
3 599 631 630
3 599 600 631
3 600 632 631
3 600 601 632
3 601 633 632
3 601 602 633
3 602 634 633
3 602 603 634
3 603 635 634
3 603 604 635
3 604 636 635
3 604 605 636
3 605 637 636
3 605 606 637
3 606 638 637
3 606 607 638
3 607 639 638
3 607 608 639
3 608 640 639
3 608 609 640
3 609 641 640
3 609 578 641
3 578 610 641
3 610 611 642
3 611 643 642
3 611 612 643
3 612 644 643
3 612 613 644
3 613 645 644
3 613 614 645
3 614 646 645
3 614 615 646
3 615 647 646
3 615 616 647
3 616 648 647
3 616 617 648
3 617 649 648
3 617 618 649
3 618 650 649
3 618 619 650
3 619 651 650
3 619 620 651
3 620 652 651
3 620 621 652
3 621 653 652
3 621 622 653
3 622 654 653
3 622 623 654
3 623 655 654
3 623 624 655
3 624 656 655
3 624 625 656
3 625 657 656
3 625 626 657
3 626 658 657
3 626 627 658
3 627 659 658
3 627 628 659
3 628 660 659
3 628 629 660
3 629 661 660
3 629 630 661
3 630 662 661
3 630 631 662
3 631 663 662
3 631 632 663
3 632 664 663
3 632 633 664
3 633 665 664
3 633 634 665
3 634 666 665
3 634 635 666
3 635 667 666
3 635 636 667
3 636 668 667
3 636 637 668
3 637 669 668
3 637 638 669
3 638 670 669
3 638 639 670
3 639 671 670
3 639 640 671
3 640 672 671
3 640 641 672
3 641 673 672
3 641 610 673
3 610 642 673
3 642 643 674
3 643 675 674
3 643 644 675
3 644 676 675
3 644 645 676
3 645 677 676
3 645 646 677
3 646 678 677
3 646 647 678
3 647 679 678
3 647 648 679
3 648 680 679
3 648 649 680
3 649 681 680
3 649 650 681
3 650 682 681
3 650 651 682
3 651 683 682
3 651 652 683
3 652 684 683
3 652 653 684
3 653 685 684
3 653 654 685
3 654 686 685
3 654 655 686
3 655 687 686
3 655 656 687
3 656 688 687
3 656 657 688
3 657 689 688
3 657 658 689
3 658 690 689
3 658 659 690
3 659 691 690
3 659 660 691
3 660 692 691
3 660 661 692
3 661 693 692
3 661 662 693
3 662 694 693
3 662 663 694
3 663 695 694
3 663 664 695
3 664 696 695
3 664 665 696
3 665 697 696
3 665 666 697
3 666 698 697
3 666 667 698
3 667 699 698
3 667 668 699
3 668 700 699
3 668 669 700
3 669 701 700
3 669 670 701
3 670 702 701
3 670 671 702
3 671 703 702
3 671 672 703
3 672 704 703
3 672 673 704
3 673 705 704
3 673 642 705
3 642 674 705
3 674 675 706
3 675 707 706
3 675 676 707
3 676 708 707
3 676 677 708
3 677 709 708
3 677 678 709
3 678 710 709
3 678 679 710
3 679 711 710
3 679 680 711
3 680 712 711
3 680 681 712
3 681 713 712
3 681 682 713
3 682 714 713
3 682 683 714
3 683 715 714
3 683 684 715
3 684 716 715
3 684 685 716
3 685 717 716
3 685 686 717
3 686 718 717
3 686 687 718
3 687 719 718
3 687 688 719
3 688 720 719
3 688 689 720
3 689 721 720
3 689 690 721
3 690 722 721
3 690 691 722
3 691 723 722
3 691 692 723
3 692 724 723
3 692 693 724
3 693 725 724
3 693 694 725
3 694 726 725
3 694 695 726
3 695 727 726
3 695 696 727
3 696 728 727
3 696 697 728
3 697 729 728
3 697 698 729
3 698 730 729
3 698 699 730
3 699 731 730
3 699 700 731
3 700 732 731
3 700 701 732
3 701 733 732
3 701 702 733
3 702 734 733
3 702 703 734
3 703 735 734
3 703 704 735
3 704 736 735
3 704 705 736
3 705 737 736
3 705 674 737
3 674 706 737
3 706 707 738
3 707 739 738
3 707 708 739
3 708 740 739
3 708 709 740
3 709 741 740
3 709 710 741
3 710 742 741
3 710 711 742
3 711 743 742
3 711 712 743
3 712 744 743
3 712 713 744
3 713 745 744
3 713 714 745
3 714 746 745
3 714 715 746
3 715 747 746
3 715 716 747
3 716 748 747
3 716 717 748
3 717 749 748
3 717 718 749
3 718 750 749
3 718 719 750
3 719 751 750
3 719 720 751
3 720 752 751
3 720 721 752
3 721 753 752
3 721 722 753
3 722 754 753
3 722 723 754
3 723 755 754
3 723 724 755
3 724 756 755
3 724 725 756
3 725 757 756
3 725 726 757
3 726 758 757
3 726 727 758
3 727 759 758
3 727 728 759
3 728 760 759
3 728 729 760
3 729 761 760
3 729 730 761
3 730 762 761
3 730 731 762
3 731 763 762
3 731 732 763
3 732 764 763
3 732 733 764
3 733 765 764
3 733 734 765
3 734 766 765
3 734 735 766
3 735 767 766
3 735 736 767
3 736 768 767
3 736 737 768
3 737 769 768
3 737 706 769
3 706 738 769
3 738 739 770
3 739 771 770
3 739 740 771
3 740 772 771
3 740 741 772
3 741 773 772
3 741 742 773
3 742 774 773
3 742 743 774
3 743 775 774
3 743 744 775
3 744 776 775
3 744 745 776
3 745 777 776
3 745 746 777
3 746 778 777
3 746 747 778
3 747 779 778
3 747 748 779
3 748 780 779
3 748 749 780
3 749 781 780
3 749 750 781
3 750 782 781
3 750 751 782
3 751 783 782
3 751 752 783
3 752 784 783
3 752 753 784
3 753 785 784
3 753 754 785
3 754 786 785
3 754 755 786
3 755 787 786
3 755 756 787
3 756 788 787
3 756 757 788
3 757 789 788
3 757 758 789
3 758 790 789
3 758 759 790
3 759 791 790
3 759 760 791
3 760 792 791
3 760 761 792
3 761 793 792
3 761 762 793
3 762 794 793
3 762 763 794
3 763 795 794
3 763 764 795
3 764 796 795
3 764 765 796
3 765 797 796
3 765 766 797
3 766 798 797
3 766 767 798
3 767 799 798
3 767 768 799
3 768 800 799
3 768 769 800
3 769 801 800
3 769 738 801
3 738 770 801
3 770 771 802
3 771 803 802
3 771 772 803
3 772 804 803
3 772 773 804
3 773 805 804
3 773 774 805
3 774 806 805
3 774 775 806
3 775 807 806
3 775 776 807
3 776 808 807
3 776 777 808
3 777 809 808
3 777 778 809
3 778 810 809
3 778 779 810
3 779 811 810
3 779 780 811
3 780 812 811
3 780 781 812
3 781 813 812
3 781 782 813
3 782 814 813
3 782 783 814
3 783 815 814
3 783 784 815
3 784 816 815
3 784 785 816
3 785 817 816
3 785 786 817
3 786 818 817
3 786 787 818
3 787 819 818
3 787 788 819
3 788 820 819
3 788 789 820
3 789 821 820
3 789 790 821
3 790 822 821
3 790 791 822
3 791 823 822
3 791 792 823
3 792 824 823
3 792 793 824
3 793 825 824
3 793 794 825
3 794 826 825
3 794 795 826
3 795 827 826
3 795 796 827
3 796 828 827
3 796 797 828
3 797 829 828
3 797 798 829
3 798 830 829
3 798 799 830
3 799 831 830
3 799 800 831
3 800 832 831
3 800 801 832
3 801 833 832
3 801 770 833
3 770 802 833
3 802 803 834
3 803 835 834
3 803 804 835
3 804 836 835
3 804 805 836
3 805 837 836
3 805 806 837
3 806 838 837
3 806 807 838
3 807 839 838
3 807 808 839
3 808 840 839
3 808 809 840
3 809 841 840
3 809 810 841
3 810 842 841
3 810 811 842
3 811 843 842
3 811 812 843
3 812 844 843
3 812 813 844
3 813 845 844
3 813 814 845
3 814 846 845
3 814 815 846
3 815 847 846
3 815 816 847
3 816 848 847
3 816 817 848
3 817 849 848
3 817 818 849
3 818 850 849
3 818 819 850
3 819 851 850
3 819 820 851
3 820 852 851
3 820 821 852
3 821 853 852
3 821 822 853
3 822 854 853
3 822 823 854
3 823 855 854
3 823 824 855
3 824 856 855
3 824 825 856
3 825 857 856
3 825 826 857
3 826 858 857
3 826 827 858
3 827 859 858
3 827 828 859
3 828 860 859
3 828 829 860
3 829 861 860
3 829 830 861
3 830 862 861
3 830 831 862
3 831 863 862
3 831 832 863
3 832 864 863
3 832 833 864
3 833 865 864
3 833 802 865
3 802 834 865
3 834 835 866
3 835 867 866
3 835 836 867
3 836 868 867
3 836 837 868
3 837 869 868
3 837 838 869
3 838 870 869
3 838 839 870
3 839 871 870
3 839 840 871
3 840 872 871
3 840 841 872
3 841 873 872
3 841 842 873
3 842 874 873
3 842 843 874
3 843 875 874
3 843 844 875
3 844 876 875
3 844 845 876
3 845 877 876
3 845 846 877
3 846 878 877
3 846 847 878
3 847 879 878
3 847 848 879
3 848 880 879
3 848 849 880
3 849 881 880
3 849 850 881
3 850 882 881
3 850 851 882
3 851 883 882
3 851 852 883
3 852 884 883
3 852 853 884
3 853 885 884
3 853 854 885
3 854 886 885
3 854 855 886
3 855 887 886
3 855 856 887
3 856 888 887
3 856 857 888
3 857 889 888
3 857 858 889
3 858 890 889
3 858 859 890
3 859 891 890
3 859 860 891
3 860 892 891
3 860 861 892
3 861 893 892
3 861 862 893
3 862 894 893
3 862 863 894
3 863 895 894
3 863 864 895
3 864 896 895
3 864 865 896
3 865 897 896
3 865 834 897
3 834 866 897
3 866 867 898
3 867 899 898
3 867 868 899
3 868 900 899
3 868 869 900
3 869 901 900
3 869 870 901
3 870 902 901
3 870 871 902
3 871 903 902
3 871 872 903
3 872 904 903
3 872 873 904
3 873 905 904
3 873 874 905
3 874 906 905
3 874 875 906
3 875 907 906
3 875 876 907
3 876 908 907
3 876 877 908
3 877 909 908
3 877 878 909
3 878 910 909
3 878 879 910
3 879 911 910
3 879 880 911
3 880 912 911
3 880 881 912
3 881 913 912
3 881 882 913
3 882 914 913
3 882 883 914
3 883 915 914
3 883 884 915
3 884 916 915
3 884 885 916
3 885 917 916
3 885 886 917
3 886 918 917
3 886 887 918
3 887 919 918
3 887 888 919
3 888 920 919
3 888 889 920
3 889 921 920
3 889 890 921
3 890 922 921
3 890 891 922
3 891 923 922
3 891 892 923
3 892 924 923
3 892 893 924
3 893 925 924
3 893 894 925
3 894 926 925
3 894 895 926
3 895 927 926
3 895 896 927
3 896 928 927
3 896 897 928
3 897 929 928
3 897 866 929
3 866 898 929
3 898 899 930
3 899 931 930
3 899 900 931
3 900 932 931
3 900 901 932
3 901 933 932
3 901 902 933
3 902 934 933
3 902 903 934
3 903 935 934
3 903 904 935
3 904 936 935
3 904 905 936
3 905 937 936
3 905 906 937
3 906 938 937
3 906 907 938
3 907 939 938
3 907 908 939
3 908 940 939
3 908 909 940
3 909 941 940
3 909 910 941
3 910 942 941
3 910 911 942
3 911 943 942
3 911 912 943
3 912 944 943
3 912 913 944
3 913 945 944
3 913 914 945
3 914 946 945
3 914 915 946
3 915 947 946
3 915 916 947
3 916 948 947
3 916 917 948
3 917 949 948
3 917 918 949
3 918 950 949
3 918 919 950
3 919 951 950
3 919 920 951
3 920 952 951
3 920 921 952
3 921 953 952
3 921 922 953
3 922 954 953
3 922 923 954
3 923 955 954
3 923 924 955
3 924 956 955
3 924 925 956
3 925 957 956
3 925 926 957
3 926 958 957
3 926 927 958
3 927 959 958
3 927 928 959
3 928 960 959
3 928 929 960
3 929 961 960
3 929 898 961
3 898 930 961
3 930 931 962
3 931 963 962
3 931 932 963
3 932 964 963
3 932 933 964
3 933 965 964
3 933 934 965
3 934 966 965
3 934 935 966
3 935 967 966
3 935 936 967
3 936 968 967
3 936 937 968
3 937 969 968
3 937 938 969
3 938 970 969
3 938 939 970
3 939 971 970
3 939 940 971
3 940 972 971
3 940 941 972
3 941 973 972
3 941 942 973
3 942 974 973
3 942 943 974
3 943 975 974
3 943 944 975
3 944 976 975
3 944 945 976
3 945 977 976
3 945 946 977
3 946 978 977
3 946 947 978
3 947 979 978
3 947 948 979
3 948 980 979
3 948 949 980
3 949 981 980
3 949 950 981
3 950 982 981
3 950 951 982
3 951 983 982
3 951 952 983
3 952 984 983
3 952 953 984
3 953 985 984
3 953 954 985
3 954 986 985
3 954 955 986
3 955 987 986
3 955 956 987
3 956 988 987
3 956 957 988
3 957 989 988
3 957 958 989
3 958 990 989
3 958 959 990
3 959 991 990
3 959 960 991
3 960 992 991
3 960 961 992
3 961 993 992
3 961 930 993
3 930 962 993
3 962 963 994
3 963 995 994
3 963 964 995
3 964 996 995
3 964 965 996
3 965 997 996
3 965 966 997
3 966 998 997
3 966 967 998
3 967 999 998
3 967 968 999
3 968 1000 999
3 968 969 1000
3 969 1001 1000
3 969 970 1001
3 970 1002 1001
3 970 971 1002
3 971 1003 1002
3 971 972 1003
3 972 1004 1003
3 972 973 1004
3 973 1005 1004
3 973 974 1005
3 974 1006 1005
3 974 975 1006
3 975 1007 1006
3 975 976 1007
3 976 1008 1007
3 976 977 1008
3 977 1009 1008
3 977 978 1009
3 978 1010 1009
3 978 979 1010
3 979 1011 1010
3 979 980 1011
3 980 1012 1011
3 980 981 1012
3 981 1013 1012
3 981 982 1013
3 982 1014 1013
3 982 983 1014
3 983 1015 1014
3 983 984 1015
3 984 1016 1015
3 984 985 1016
3 985 1017 1016
3 985 986 1017
3 986 1018 1017
3 986 987 1018
3 987 1019 1018
3 987 988 1019
3 988 1020 1019
3 988 989 1020
3 989 1021 1020
3 989 990 1021
3 990 1022 1021
3 990 991 1022
3 991 1023 1022
3 991 992 1023
3 992 1024 1023
3 992 993 1024
3 993 1025 1024
3 993 962 1025
3 962 994 1025
3 994 995 1026
3 995 1027 1026
3 995 996 1027
3 996 1028 1027
3 996 997 1028
3 997 1029 1028
3 997 998 1029
3 998 1030 1029
3 998 999 1030
3 999 1031 1030
3 999 1000 1031
3 1000 1032 1031
3 1000 1001 1032
3 1001 1033 1032
3 1001 1002 1033
3 1002 1034 1033
3 1002 1003 1034
3 1003 1035 1034
3 1003 1004 1035
3 1004 1036 1035
3 1004 1005 1036
3 1005 1037 1036
3 1005 1006 1037
3 1006 1038 1037
3 1006 1007 1038
3 1007 1039 1038
3 1007 1008 1039
3 1008 1040 1039
3 1008 1009 1040
3 1009 1041 1040
3 1009 1010 1041
3 1010 1042 1041
3 1010 1011 1042
3 1011 1043 1042
3 1011 1012 1043
3 1012 1044 1043
3 1012 1013 1044
3 1013 1045 1044
3 1013 1014 1045
3 1014 1046 1045
3 1014 1015 1046
3 1015 1047 1046
3 1015 1016 1047
3 1016 1048 1047
3 1016 1017 1048
3 1017 1049 1048
3 1017 1018 1049
3 1018 1050 1049
3 1018 1019 1050
3 1019 1051 1050
3 1019 1020 1051
3 1020 1052 1051
3 1020 1021 1052
3 1021 1053 1052
3 1021 1022 1053
3 1022 1054 1053
3 1022 1023 1054
3 1023 1055 1054
3 1023 1024 1055
3 1024 1056 1055
3 1024 1025 1056
3 1025 1057 1056
3 1025 994 1057
3 994 1026 1057
3 1026 1027 1058
3 1027 1059 1058
3 1027 1028 1059
3 1028 1060 1059
3 1028 1029 1060
3 1029 1061 1060
3 1029 1030 1061
3 1030 1062 1061
3 1030 1031 1062
3 1031 1063 1062
3 1031 1032 1063
3 1032 1064 1063
3 1032 1033 1064
3 1033 1065 1064
3 1033 1034 1065
3 1034 1066 1065
3 1034 1035 1066
3 1035 1067 1066
3 1035 1036 1067
3 1036 1068 1067
3 1036 1037 1068
3 1037 1069 1068
3 1037 1038 1069
3 1038 1070 1069
3 1038 1039 1070
3 1039 1071 1070
3 1039 1040 1071
3 1040 1072 1071
3 1040 1041 1072
3 1041 1073 1072
3 1041 1042 1073
3 1042 1074 1073
3 1042 1043 1074
3 1043 1075 1074
3 1043 1044 1075
3 1044 1076 1075
3 1044 1045 1076
3 1045 1077 1076
3 1045 1046 1077
3 1046 1078 1077
3 1046 1047 1078
3 1047 1079 1078
3 1047 1048 1079
3 1048 1080 1079
3 1048 1049 1080
3 1049 1081 1080
3 1049 1050 1081
3 1050 1082 1081
3 1050 1051 1082
3 1051 1083 1082
3 1051 1052 1083
3 1052 1084 1083
3 1052 1053 1084
3 1053 1085 1084
3 1053 1054 1085
3 1054 1086 1085
3 1054 1055 1086
3 1055 1087 1086
3 1055 1056 1087
3 1056 1088 1087
3 1056 1057 1088
3 1057 1089 1088
3 1057 1026 1089
3 1026 1058 1089
3 1058 1059 1090
3 1059 1091 1090
3 1059 1060 1091
3 1060 1092 1091
3 1060 1061 1092
3 1061 1093 1092
3 1061 1062 1093
3 1062 1094 1093
3 1062 1063 1094
3 1063 1095 1094
3 1063 1064 1095
3 1064 1096 1095
3 1064 1065 1096
3 1065 1097 1096
3 1065 1066 1097
3 1066 1098 1097
3 1066 1067 1098
3 1067 1099 1098
3 1067 1068 1099
3 1068 1100 1099
3 1068 1069 1100
3 1069 1101 1100
3 1069 1070 1101
3 1070 1102 1101
3 1070 1071 1102
3 1071 1103 1102
3 1071 1072 1103
3 1072 1104 1103
3 1072 1073 1104
3 1073 1105 1104
3 1073 1074 1105
3 1074 1106 1105
3 1074 1075 1106
3 1075 1107 1106
3 1075 1076 1107
3 1076 1108 1107
3 1076 1077 1108
3 1077 1109 1108
3 1077 1078 1109
3 1078 1110 1109
3 1078 1079 1110
3 1079 1111 1110
3 1079 1080 1111
3 1080 1112 1111
3 1080 1081 1112
3 1081 1113 1112
3 1081 1082 1113
3 1082 1114 1113
3 1082 1083 1114
3 1083 1115 1114
3 1083 1084 1115
3 1084 1116 1115
3 1084 1085 1116
3 1085 1117 1116
3 1085 1086 1117
3 1086 1118 1117
3 1086 1087 1118
3 1087 1119 1118
3 1087 1088 1119
3 1088 1120 1119
3 1088 1089 1120
3 1089 1121 1120
3 1089 1058 1121
3 1058 1090 1121
3 1090 1091 1122
3 1091 1123 1122
3 1091 1092 1123
3 1092 1124 1123
3 1092 1093 1124
3 1093 1125 1124
3 1093 1094 1125
3 1094 1126 1125
3 1094 1095 1126
3 1095 1127 1126
3 1095 1096 1127
3 1096 1128 1127
3 1096 1097 1128
3 1097 1129 1128
3 1097 1098 1129
3 1098 1130 1129
3 1098 1099 1130
3 1099 1131 1130
3 1099 1100 1131
3 1100 1132 1131
3 1100 1101 1132
3 1101 1133 1132
3 1101 1102 1133
3 1102 1134 1133
3 1102 1103 1134
3 1103 1135 1134
3 1103 1104 1135
3 1104 1136 1135
3 1104 1105 1136
3 1105 1137 1136
3 1105 1106 1137
3 1106 1138 1137
3 1106 1107 1138
3 1107 1139 1138
3 1107 1108 1139
3 1108 1140 1139
3 1108 1109 1140
3 1109 1141 1140
3 1109 1110 1141
3 1110 1142 1141
3 1110 1111 1142
3 1111 1143 1142
3 1111 1112 1143
3 1112 1144 1143
3 1112 1113 1144
3 1113 1145 1144
3 1113 1114 1145
3 1114 1146 1145
3 1114 1115 1146
3 1115 1147 1146
3 1115 1116 1147
3 1116 1148 1147
3 1116 1117 1148
3 1117 1149 1148
3 1117 1118 1149
3 1118 1150 1149
3 1118 1119 1150
3 1119 1151 1150
3 1119 1120 1151
3 1120 1152 1151
3 1120 1121 1152
3 1121 1153 1152
3 1121 1090 1153
3 1090 1122 1153
3 1122 1123 1154
3 1123 1155 1154
3 1123 1124 1155
3 1124 1156 1155
3 1124 1125 1156
3 1125 1157 1156
3 1125 1126 1157
3 1126 1158 1157
3 1126 1127 1158
3 1127 1159 1158
3 1127 1128 1159
3 1128 1160 1159
3 1128 1129 1160
3 1129 1161 1160
3 1129 1130 1161
3 1130 1162 1161
3 1130 1131 1162
3 1131 1163 1162
3 1131 1132 1163
3 1132 1164 1163
3 1132 1133 1164
3 1133 1165 1164
3 1133 1134 1165
3 1134 1166 1165
3 1134 1135 1166
3 1135 1167 1166
3 1135 1136 1167
3 1136 1168 1167
3 1136 1137 1168
3 1137 1169 1168
3 1137 1138 1169
3 1138 1170 1169
3 1138 1139 1170
3 1139 1171 1170
3 1139 1140 1171
3 1140 1172 1171
3 1140 1141 1172
3 1141 1173 1172
3 1141 1142 1173
3 1142 1174 1173
3 1142 1143 1174
3 1143 1175 1174
3 1143 1144 1175
3 1144 1176 1175
3 1144 1145 1176
3 1145 1177 1176
3 1145 1146 1177
3 1146 1178 1177
3 1146 1147 1178
3 1147 1179 1178
3 1147 1148 1179
3 1148 1180 1179
3 1148 1149 1180
3 1149 1181 1180
3 1149 1150 1181
3 1150 1182 1181
3 1150 1151 1182
3 1151 1183 1182
3 1151 1152 1183
3 1152 1184 1183
3 1152 1153 1184
3 1153 1185 1184
3 1153 1122 1185
3 1122 1154 1185
3 1154 1155 1186
3 1155 1187 1186
3 1155 1156 1187
3 1156 1188 1187
3 1156 1157 1188
3 1157 1189 1188
3 1157 1158 1189
3 1158 1190 1189
3 1158 1159 1190
3 1159 1191 1190
3 1159 1160 1191
3 1160 1192 1191
3 1160 1161 1192
3 1161 1193 1192
3 1161 1162 1193
3 1162 1194 1193
3 1162 1163 1194
3 1163 1195 1194
3 1163 1164 1195
3 1164 1196 1195
3 1164 1165 1196
3 1165 1197 1196
3 1165 1166 1197
3 1166 1198 1197
3 1166 1167 1198
3 1167 1199 1198
3 1167 1168 1199
3 1168 1200 1199
3 1168 1169 1200
3 1169 1201 1200
3 1169 1170 1201
3 1170 1202 1201
3 1170 1171 1202
3 1171 1203 1202
3 1171 1172 1203
3 1172 1204 1203
3 1172 1173 1204
3 1173 1205 1204
3 1173 1174 1205
3 1174 1206 1205
3 1174 1175 1206
3 1175 1207 1206
3 1175 1176 1207
3 1176 1208 1207
3 1176 1177 1208
3 1177 1209 1208
3 1177 1178 1209
3 1178 1210 1209
3 1178 1179 1210
3 1179 1211 1210
3 1179 1180 1211
3 1180 1212 1211
3 1180 1181 1212
3 1181 1213 1212
3 1181 1182 1213
3 1182 1214 1213
3 1182 1183 1214
3 1183 1215 1214
3 1183 1184 1215
3 1184 1216 1215
3 1184 1185 1216
3 1185 1217 1216
3 1185 1154 1217
3 1154 1186 1217
3 1186 1187 1218
3 1187 1219 1218
3 1187 1188 1219
3 1188 1220 1219
3 1188 1189 1220
3 1189 1221 1220
3 1189 1190 1221
3 1190 1222 1221
3 1190 1191 1222
3 1191 1223 1222
3 1191 1192 1223
3 1192 1224 1223
3 1192 1193 1224
3 1193 1225 1224
3 1193 1194 1225
3 1194 1226 1225
3 1194 1195 1226
3 1195 1227 1226
3 1195 1196 1227
3 1196 1228 1227
3 1196 1197 1228
3 1197 1229 1228
3 1197 1198 1229
3 1198 1230 1229
3 1198 1199 1230
3 1199 1231 1230
3 1199 1200 1231
3 1200 1232 1231
3 1200 1201 1232
3 1201 1233 1232
3 1201 1202 1233
3 1202 1234 1233
3 1202 1203 1234
3 1203 1235 1234
3 1203 1204 1235
3 1204 1236 1235
3 1204 1205 1236
3 1205 1237 1236
3 1205 1206 1237
3 1206 1238 1237
3 1206 1207 1238
3 1207 1239 1238
3 1207 1208 1239
3 1208 1240 1239
3 1208 1209 1240
3 1209 1241 1240
3 1209 1210 1241
3 1210 1242 1241
3 1210 1211 1242
3 1211 1243 1242
3 1211 1212 1243
3 1212 1244 1243
3 1212 1213 1244
3 1213 1245 1244
3 1213 1214 1245
3 1214 1246 1245
3 1214 1215 1246
3 1215 1247 1246
3 1215 1216 1247
3 1216 1248 1247
3 1216 1217 1248
3 1217 1249 1248
3 1217 1186 1249
3 1186 1218 1249
3 1218 1219 1250
3 1219 1251 1250
3 1219 1220 1251
3 1220 1252 1251
3 1220 1221 1252
3 1221 1253 1252
3 1221 1222 1253
3 1222 1254 1253
3 1222 1223 1254
3 1223 1255 1254
3 1223 1224 1255
3 1224 1256 1255
3 1224 1225 1256
3 1225 1257 1256
3 1225 1226 1257
3 1226 1258 1257
3 1226 1227 1258
3 1227 1259 1258
3 1227 1228 1259
3 1228 1260 1259
3 1228 1229 1260
3 1229 1261 1260
3 1229 1230 1261
3 1230 1262 1261
3 1230 1231 1262
3 1231 1263 1262
3 1231 1232 1263
3 1232 1264 1263
3 1232 1233 1264
3 1233 1265 1264
3 1233 1234 1265
3 1234 1266 1265
3 1234 1235 1266
3 1235 1267 1266
3 1235 1236 1267
3 1236 1268 1267
3 1236 1237 1268
3 1237 1269 1268
3 1237 1238 1269
3 1238 1270 1269
3 1238 1239 1270
3 1239 1271 1270
3 1239 1240 1271
3 1240 1272 1271
3 1240 1241 1272
3 1241 1273 1272
3 1241 1242 1273
3 1242 1274 1273
3 1242 1243 1274
3 1243 1275 1274
3 1243 1244 1275
3 1244 1276 1275
3 1244 1245 1276
3 1245 1277 1276
3 1245 1246 1277
3 1246 1278 1277
3 1246 1247 1278
3 1247 1279 1278
3 1247 1248 1279
3 1248 1280 1279
3 1248 1249 1280
3 1249 1281 1280
3 1249 1218 1281
3 1218 1250 1281
3 1250 1251 1282
3 1251 1283 1282
3 1251 1252 1283
3 1252 1284 1283
3 1252 1253 1284
3 1253 1285 1284
3 1253 1254 1285
3 1254 1286 1285
3 1254 1255 1286
3 1255 1287 1286
3 1255 1256 1287
3 1256 1288 1287
3 1256 1257 1288
3 1257 1289 1288
3 1257 1258 1289
3 1258 1290 1289
3 1258 1259 1290
3 1259 1291 1290
3 1259 1260 1291
3 1260 1292 1291
3 1260 1261 1292
3 1261 1293 1292
3 1261 1262 1293
3 1262 1294 1293
3 1262 1263 1294
3 1263 1295 1294
3 1263 1264 1295
3 1264 1296 1295
3 1264 1265 1296
3 1265 1297 1296
3 1265 1266 1297
3 1266 1298 1297
3 1266 1267 1298
3 1267 1299 1298
3 1267 1268 1299
3 1268 1300 1299
3 1268 1269 1300
3 1269 1301 1300
3 1269 1270 1301
3 1270 1302 1301
3 1270 1271 1302
3 1271 1303 1302
3 1271 1272 1303
3 1272 1304 1303
3 1272 1273 1304
3 1273 1305 1304
3 1273 1274 1305
3 1274 1306 1305
3 1274 1275 1306
3 1275 1307 1306
3 1275 1276 1307
3 1276 1308 1307
3 1276 1277 1308
3 1277 1309 1308
3 1277 1278 1309
3 1278 1310 1309
3 1278 1279 1310
3 1279 1311 1310
3 1279 1280 1311
3 1280 1312 1311
3 1280 1281 1312
3 1281 1313 1312
3 1281 1250 1313
3 1250 1282 1313
3 1282 1283 1314
3 1283 1315 1314
3 1283 1284 1315
3 1284 1316 1315
3 1284 1285 1316
3 1285 1317 1316
3 1285 1286 1317
3 1286 1318 1317
3 1286 1287 1318
3 1287 1319 1318
3 1287 1288 1319
3 1288 1320 1319
3 1288 1289 1320
3 1289 1321 1320
3 1289 1290 1321
3 1290 1322 1321
3 1290 1291 1322
3 1291 1323 1322
3 1291 1292 1323
3 1292 1324 1323
3 1292 1293 1324
3 1293 1325 1324
3 1293 1294 1325
3 1294 1326 1325
3 1294 1295 1326
3 1295 1327 1326
3 1295 1296 1327
3 1296 1328 1327
3 1296 1297 1328
3 1297 1329 1328
3 1297 1298 1329
3 1298 1330 1329
3 1298 1299 1330
3 1299 1331 1330
3 1299 1300 1331
3 1300 1332 1331
3 1300 1301 1332
3 1301 1333 1332
3 1301 1302 1333
3 1302 1334 1333
3 1302 1303 1334
3 1303 1335 1334
3 1303 1304 1335
3 1304 1336 1335
3 1304 1305 1336
3 1305 1337 1336
3 1305 1306 1337
3 1306 1338 1337
3 1306 1307 1338
3 1307 1339 1338
3 1307 1308 1339
3 1308 1340 1339
3 1308 1309 1340
3 1309 1341 1340
3 1309 1310 1341
3 1310 1342 1341
3 1310 1311 1342
3 1311 1343 1342
3 1311 1312 1343
3 1312 1344 1343
3 1312 1313 1344
3 1313 1345 1344
3 1313 1282 1345
3 1282 1314 1345
3 1314 1315 1346
3 1315 1347 1346
3 1315 1316 1347
3 1316 1348 1347
3 1316 1317 1348
3 1317 1349 1348
3 1317 1318 1349
3 1318 1350 1349
3 1318 1319 1350
3 1319 1351 1350
3 1319 1320 1351
3 1320 1352 1351
3 1320 1321 1352
3 1321 1353 1352
3 1321 1322 1353
3 1322 1354 1353
3 1322 1323 1354
3 1323 1355 1354
3 1323 1324 1355
3 1324 1356 1355
3 1324 1325 1356
3 1325 1357 1356
3 1325 1326 1357
3 1326 1358 1357
3 1326 1327 1358
3 1327 1359 1358
3 1327 1328 1359
3 1328 1360 1359
3 1328 1329 1360
3 1329 1361 1360
3 1329 1330 1361
3 1330 1362 1361
3 1330 1331 1362
3 1331 1363 1362
3 1331 1332 1363
3 1332 1364 1363
3 1332 1333 1364
3 1333 1365 1364
3 1333 1334 1365
3 1334 1366 1365
3 1334 1335 1366
3 1335 1367 1366
3 1335 1336 1367
3 1336 1368 1367
3 1336 1337 1368
3 1337 1369 1368
3 1337 1338 1369
3 1338 1370 1369
3 1338 1339 1370
3 1339 1371 1370
3 1339 1340 1371
3 1340 1372 1371
3 1340 1341 1372
3 1341 1373 1372
3 1341 1342 1373
3 1342 1374 1373
3 1342 1343 1374
3 1343 1375 1374
3 1343 1344 1375
3 1344 1376 1375
3 1344 1345 1376
3 1345 1377 1376
3 1345 1314 1377
3 1314 1346 1377
3 1346 1347 1378
3 1347 1379 1378
3 1347 1348 1379
3 1348 1380 1379
3 1348 1349 1380
3 1349 1381 1380
3 1349 1350 1381
3 1350 1382 1381
3 1350 1351 1382
3 1351 1383 1382
3 1351 1352 1383
3 1352 1384 1383
3 1352 1353 1384
3 1353 1385 1384
3 1353 1354 1385
3 1354 1386 1385
3 1354 1355 1386
3 1355 1387 1386
3 1355 1356 1387
3 1356 1388 1387
3 1356 1357 1388
3 1357 1389 1388
3 1357 1358 1389
3 1358 1390 1389
3 1358 1359 1390
3 1359 1391 1390
3 1359 1360 1391
3 1360 1392 1391
3 1360 1361 1392
3 1361 1393 1392
3 1361 1362 1393
3 1362 1394 1393
3 1362 1363 1394
3 1363 1395 1394
3 1363 1364 1395
3 1364 1396 1395
3 1364 1365 1396
3 1365 1397 1396
3 1365 1366 1397
3 1366 1398 1397
3 1366 1367 1398
3 1367 1399 1398
3 1367 1368 1399
3 1368 1400 1399
3 1368 1369 1400
3 1369 1401 1400
3 1369 1370 1401
3 1370 1402 1401
3 1370 1371 1402
3 1371 1403 1402
3 1371 1372 1403
3 1372 1404 1403
3 1372 1373 1404
3 1373 1405 1404
3 1373 1374 1405
3 1374 1406 1405
3 1374 1375 1406
3 1375 1407 1406
3 1375 1376 1407
3 1376 1408 1407
3 1376 1377 1408
3 1377 1409 1408
3 1377 1346 1409
3 1346 1378 1409
3 1378 1379 1410
3 1379 1411 1410
3 1379 1380 1411
3 1380 1412 1411
3 1380 1381 1412
3 1381 1413 1412
3 1381 1382 1413
3 1382 1414 1413
3 1382 1383 1414
3 1383 1415 1414
3 1383 1384 1415
3 1384 1416 1415
3 1384 1385 1416
3 1385 1417 1416
3 1385 1386 1417
3 1386 1418 1417
3 1386 1387 1418
3 1387 1419 1418
3 1387 1388 1419
3 1388 1420 1419
3 1388 1389 1420
3 1389 1421 1420
3 1389 1390 1421
3 1390 1422 1421
3 1390 1391 1422
3 1391 1423 1422
3 1391 1392 1423
3 1392 1424 1423
3 1392 1393 1424
3 1393 1425 1424
3 1393 1394 1425
3 1394 1426 1425
3 1394 1395 1426
3 1395 1427 1426
3 1395 1396 1427
3 1396 1428 1427
3 1396 1397 1428
3 1397 1429 1428
3 1397 1398 1429
3 1398 1430 1429
3 1398 1399 1430
3 1399 1431 1430
3 1399 1400 1431
3 1400 1432 1431
3 1400 1401 1432
3 1401 1433 1432
3 1401 1402 1433
3 1402 1434 1433
3 1402 1403 1434
3 1403 1435 1434
3 1403 1404 1435
3 1404 1436 1435
3 1404 1405 1436
3 1405 1437 1436
3 1405 1406 1437
3 1406 1438 1437
3 1406 1407 1438
3 1407 1439 1438
3 1407 1408 1439
3 1408 1440 1439
3 1408 1409 1440
3 1409 1441 1440
3 1409 1378 1441
3 1378 1410 1441
3 1410 1411 1442
3 1411 1443 1442
3 1411 1412 1443
3 1412 1444 1443
3 1412 1413 1444
3 1413 1445 1444
3 1413 1414 1445
3 1414 1446 1445
3 1414 1415 1446
3 1415 1447 1446
3 1415 1416 1447
3 1416 1448 1447
3 1416 1417 1448
3 1417 1449 1448
3 1417 1418 1449
3 1418 1450 1449
3 1418 1419 1450
3 1419 1451 1450
3 1419 1420 1451
3 1420 1452 1451
3 1420 1421 1452
3 1421 1453 1452
3 1421 1422 1453
3 1422 1454 1453
3 1422 1423 1454
3 1423 1455 1454
3 1423 1424 1455
3 1424 1456 1455
3 1424 1425 1456
3 1425 1457 1456
3 1425 1426 1457
3 1426 1458 1457
3 1426 1427 1458
3 1427 1459 1458
3 1427 1428 1459
3 1428 1460 1459
3 1428 1429 1460
3 1429 1461 1460
3 1429 1430 1461
3 1430 1462 1461
3 1430 1431 1462
3 1431 1463 1462
3 1431 1432 1463
3 1432 1464 1463
3 1432 1433 1464
3 1433 1465 1464
3 1433 1434 1465
3 1434 1466 1465
3 1434 1435 1466
3 1435 1467 1466
3 1435 1436 1467
3 1436 1468 1467
3 1436 1437 1468
3 1437 1469 1468
3 1437 1438 1469
3 1438 1470 1469
3 1438 1439 1470
3 1439 1471 1470
3 1439 1440 1471
3 1440 1472 1471
3 1440 1441 1472
3 1441 1473 1472
3 1441 1410 1473
3 1410 1442 1473
3 1442 1443 1474
3 1443 1475 1474
3 1443 1444 1475
3 1444 1476 1475
3 1444 1445 1476
3 1445 1477 1476
3 1445 1446 1477
3 1446 1478 1477
3 1446 1447 1478
3 1447 1479 1478
3 1447 1448 1479
3 1448 1480 1479
3 1448 1449 1480
3 1449 1481 1480
3 1449 1450 1481
3 1450 1482 1481
3 1450 1451 1482
3 1451 1483 1482
3 1451 1452 1483
3 1452 1484 1483
3 1452 1453 1484
3 1453 1485 1484
3 1453 1454 1485
3 1454 1486 1485
3 1454 1455 1486
3 1455 1487 1486
3 1455 1456 1487
3 1456 1488 1487
3 1456 1457 1488
3 1457 1489 1488
3 1457 1458 1489
3 1458 1490 1489
3 1458 1459 1490
3 1459 1491 1490
3 1459 1460 1491
3 1460 1492 1491
3 1460 1461 1492
3 1461 1493 1492
3 1461 1462 1493
3 1462 1494 1493
3 1462 1463 1494
3 1463 1495 1494
3 1463 1464 1495
3 1464 1496 1495
3 1464 1465 1496
3 1465 1497 1496
3 1465 1466 1497
3 1466 1498 1497
3 1466 1467 1498
3 1467 1499 1498
3 1467 1468 1499
3 1468 1500 1499
3 1468 1469 1500
3 1469 1501 1500
3 1469 1470 1501
3 1470 1502 1501
3 1470 1471 1502
3 1471 1503 1502
3 1471 1472 1503
3 1472 1504 1503
3 1472 1473 1504
3 1473 1505 1504
3 1473 1442 1505
3 1442 1474 1505
3 1474 1475 1506
3 1475 1507 1506
3 1475 1476 1507
3 1476 1508 1507
3 1476 1477 1508
3 1477 1509 1508
3 1477 1478 1509
3 1478 1510 1509
3 1478 1479 1510
3 1479 1511 1510
3 1479 1480 1511
3 1480 1512 1511
3 1480 1481 1512
3 1481 1513 1512
3 1481 1482 1513
3 1482 1514 1513
3 1482 1483 1514
3 1483 1515 1514
3 1483 1484 1515
3 1484 1516 1515
3 1484 1485 1516
3 1485 1517 1516
3 1485 1486 1517
3 1486 1518 1517
3 1486 1487 1518
3 1487 1519 1518
3 1487 1488 1519
3 1488 1520 1519
3 1488 1489 1520
3 1489 1521 1520
3 1489 1490 1521
3 1490 1522 1521
3 1490 1491 1522
3 1491 1523 1522
3 1491 1492 1523
3 1492 1524 1523
3 1492 1493 1524
3 1493 1525 1524
3 1493 1494 1525
3 1494 1526 1525
3 1494 1495 1526
3 1495 1527 1526
3 1495 1496 1527
3 1496 1528 1527
3 1496 1497 1528
3 1497 1529 1528
3 1497 1498 1529
3 1498 1530 1529
3 1498 1499 1530
3 1499 1531 1530
3 1499 1500 1531
3 1500 1532 1531
3 1500 1501 1532
3 1501 1533 1532
3 1501 1502 1533
3 1502 1534 1533
3 1502 1503 1534
3 1503 1535 1534
3 1503 1504 1535
3 1504 1536 1535
3 1504 1505 1536
3 1505 1537 1536
3 1505 1474 1537
3 1474 1506 1537
3 1506 1507 1538
3 1507 1539 1538
3 1507 1508 1539
3 1508 1540 1539
3 1508 1509 1540
3 1509 1541 1540
3 1509 1510 1541
3 1510 1542 1541
3 1510 1511 1542
3 1511 1543 1542
3 1511 1512 1543
3 1512 1544 1543
3 1512 1513 1544
3 1513 1545 1544
3 1513 1514 1545
3 1514 1546 1545
3 1514 1515 1546
3 1515 1547 1546
3 1515 1516 1547
3 1516 1548 1547
3 1516 1517 1548
3 1517 1549 1548
3 1517 1518 1549
3 1518 1550 1549
3 1518 1519 1550
3 1519 1551 1550
3 1519 1520 1551
3 1520 1552 1551
3 1520 1521 1552
3 1521 1553 1552
3 1521 1522 1553
3 1522 1554 1553
3 1522 1523 1554
3 1523 1555 1554
3 1523 1524 1555
3 1524 1556 1555
3 1524 1525 1556
3 1525 1557 1556
3 1525 1526 1557
3 1526 1558 1557
3 1526 1527 1558
3 1527 1559 1558
3 1527 1528 1559
3 1528 1560 1559
3 1528 1529 1560
3 1529 1561 1560
3 1529 1530 1561
3 1530 1562 1561
3 1530 1531 1562
3 1531 1563 1562
3 1531 1532 1563
3 1532 1564 1563
3 1532 1533 1564
3 1533 1565 1564
3 1533 1534 1565
3 1534 1566 1565
3 1534 1535 1566
3 1535 1567 1566
3 1535 1536 1567
3 1536 1568 1567
3 1536 1537 1568
3 1537 1569 1568
3 1537 1506 1569
3 1506 1538 1569
3 1538 1539 1570
3 1539 1571 1570
3 1539 1540 1571
3 1540 1572 1571
3 1540 1541 1572
3 1541 1573 1572
3 1541 1542 1573
3 1542 1574 1573
3 1542 1543 1574
3 1543 1575 1574
3 1543 1544 1575
3 1544 1576 1575
3 1544 1545 1576
3 1545 1577 1576
3 1545 1546 1577
3 1546 1578 1577
3 1546 1547 1578
3 1547 1579 1578
3 1547 1548 1579
3 1548 1580 1579
3 1548 1549 1580
3 1549 1581 1580
3 1549 1550 1581
3 1550 1582 1581
3 1550 1551 1582
3 1551 1583 1582
3 1551 1552 1583
3 1552 1584 1583
3 1552 1553 1584
3 1553 1585 1584
3 1553 1554 1585
3 1554 1586 1585
3 1554 1555 1586
3 1555 1587 1586
3 1555 1556 1587
3 1556 1588 1587
3 1556 1557 1588
3 1557 1589 1588
3 1557 1558 1589
3 1558 1590 1589
3 1558 1559 1590
3 1559 1591 1590
3 1559 1560 1591
3 1560 1592 1591
3 1560 1561 1592
3 1561 1593 1592
3 1561 1562 1593
3 1562 1594 1593
3 1562 1563 1594
3 1563 1595 1594
3 1563 1564 1595
3 1564 1596 1595
3 1564 1565 1596
3 1565 1597 1596
3 1565 1566 1597
3 1566 1598 1597
3 1566 1567 1598
3 1567 1599 1598
3 1567 1568 1599
3 1568 1600 1599
3 1568 1569 1600
3 1569 1601 1600
3 1569 1538 1601
3 1538 1570 1601
3 1570 1571 1602
3 1571 1603 1602
3 1571 1572 1603
3 1572 1604 1603
3 1572 1573 1604
3 1573 1605 1604
3 1573 1574 1605
3 1574 1606 1605
3 1574 1575 1606
3 1575 1607 1606
3 1575 1576 1607
3 1576 1608 1607
3 1576 1577 1608
3 1577 1609 1608
3 1577 1578 1609
3 1578 1610 1609
3 1578 1579 1610
3 1579 1611 1610
3 1579 1580 1611
3 1580 1612 1611
3 1580 1581 1612
3 1581 1613 1612
3 1581 1582 1613
3 1582 1614 1613
3 1582 1583 1614
3 1583 1615 1614
3 1583 1584 1615
3 1584 1616 1615
3 1584 1585 1616
3 1585 1617 1616
3 1585 1586 1617
3 1586 1618 1617
3 1586 1587 1618
3 1587 1619 1618
3 1587 1588 1619
3 1588 1620 1619
3 1588 1589 1620
3 1589 1621 1620
3 1589 1590 1621
3 1590 1622 1621
3 1590 1591 1622
3 1591 1623 1622
3 1591 1592 1623
3 1592 1624 1623
3 1592 1593 1624
3 1593 1625 1624
3 1593 1594 1625
3 1594 1626 1625
3 1594 1595 1626
3 1595 1627 1626
3 1595 1596 1627
3 1596 1628 1627
3 1596 1597 1628
3 1597 1629 1628
3 1597 1598 1629
3 1598 1630 1629
3 1598 1599 1630
3 1599 1631 1630
3 1599 1600 1631
3 1600 1632 1631
3 1600 1601 1632
3 1601 1633 1632
3 1601 1570 1633
3 1570 1602 1633
3 1602 1603 1634
3 1603 1635 1634
3 1603 1604 1635
3 1604 1636 1635
3 1604 1605 1636
3 1605 1637 1636
3 1605 1606 1637
3 1606 1638 1637
3 1606 1607 1638
3 1607 1639 1638
3 1607 1608 1639
3 1608 1640 1639
3 1608 1609 1640
3 1609 1641 1640
3 1609 1610 1641
3 1610 1642 1641
3 1610 1611 1642
3 1611 1643 1642
3 1611 1612 1643
3 1612 1644 1643
3 1612 1613 1644
3 1613 1645 1644
3 1613 1614 1645
3 1614 1646 1645
3 1614 1615 1646
3 1615 1647 1646
3 1615 1616 1647
3 1616 1648 1647
3 1616 1617 1648
3 1617 1649 1648
3 1617 1618 1649
3 1618 1650 1649
3 1618 1619 1650
3 1619 1651 1650
3 1619 1620 1651
3 1620 1652 1651
3 1620 1621 1652
3 1621 1653 1652
3 1621 1622 1653
3 1622 1654 1653
3 1622 1623 1654
3 1623 1655 1654
3 1623 1624 1655
3 1624 1656 1655
3 1624 1625 1656
3 1625 1657 1656
3 1625 1626 1657
3 1626 1658 1657
3 1626 1627 1658
3 1627 1659 1658
3 1627 1628 1659
3 1628 1660 1659
3 1628 1629 1660
3 1629 1661 1660
3 1629 1630 1661
3 1630 1662 1661
3 1630 1631 1662
3 1631 1663 1662
3 1631 1632 1663
3 1632 1664 1663
3 1632 1633 1664
3 1633 1665 1664
3 1633 1602 1665
3 1602 1634 1665
3 1634 1635 1666
3 1635 1667 1666
3 1635 1636 1667
3 1636 1668 1667
3 1636 1637 1668
3 1637 1669 1668
3 1637 1638 1669
3 1638 1670 1669
3 1638 1639 1670
3 1639 1671 1670
3 1639 1640 1671
3 1640 1672 1671
3 1640 1641 1672
3 1641 1673 1672
3 1641 1642 1673
3 1642 1674 1673
3 1642 1643 1674
3 1643 1675 1674
3 1643 1644 1675
3 1644 1676 1675
3 1644 1645 1676
3 1645 1677 1676
3 1645 1646 1677
3 1646 1678 1677
3 1646 1647 1678
3 1647 1679 1678
3 1647 1648 1679
3 1648 1680 1679
3 1648 1649 1680
3 1649 1681 1680
3 1649 1650 1681
3 1650 1682 1681
3 1650 1651 1682
3 1651 1683 1682
3 1651 1652 1683
3 1652 1684 1683
3 1652 1653 1684
3 1653 1685 1684
3 1653 1654 1685
3 1654 1686 1685
3 1654 1655 1686
3 1655 1687 1686
3 1655 1656 1687
3 1656 1688 1687
3 1656 1657 1688
3 1657 1689 1688
3 1657 1658 1689
3 1658 1690 1689
3 1658 1659 1690
3 1659 1691 1690
3 1659 1660 1691
3 1660 1692 1691
3 1660 1661 1692
3 1661 1693 1692
3 1661 1662 1693
3 1662 1694 1693
3 1662 1663 1694
3 1663 1695 1694
3 1663 1664 1695
3 1664 1696 1695
3 1664 1665 1696
3 1665 1697 1696
3 1665 1634 1697
3 1634 1666 1697
3 1666 1667 1698
3 1667 1699 1698
3 1667 1668 1699
3 1668 1700 1699
3 1668 1669 1700
3 1669 1701 1700
3 1669 1670 1701
3 1670 1702 1701
3 1670 1671 1702
3 1671 1703 1702
3 1671 1672 1703
3 1672 1704 1703
3 1672 1673 1704
3 1673 1705 1704
3 1673 1674 1705
3 1674 1706 1705
3 1674 1675 1706
3 1675 1707 1706
3 1675 1676 1707
3 1676 1708 1707
3 1676 1677 1708
3 1677 1709 1708
3 1677 1678 1709
3 1678 1710 1709
3 1678 1679 1710
3 1679 1711 1710
3 1679 1680 1711
3 1680 1712 1711
3 1680 1681 1712
3 1681 1713 1712
3 1681 1682 1713
3 1682 1714 1713
3 1682 1683 1714
3 1683 1715 1714
3 1683 1684 1715
3 1684 1716 1715
3 1684 1685 1716
3 1685 1717 1716
3 1685 1686 1717
3 1686 1718 1717
3 1686 1687 1718
3 1687 1719 1718
3 1687 1688 1719
3 1688 1720 1719
3 1688 1689 1720
3 1689 1721 1720
3 1689 1690 1721
3 1690 1722 1721
3 1690 1691 1722
3 1691 1723 1722
3 1691 1692 1723
3 1692 1724 1723
3 1692 1693 1724
3 1693 1725 1724
3 1693 1694 1725
3 1694 1726 1725
3 1694 1695 1726
3 1695 1727 1726
3 1695 1696 1727
3 1696 1728 1727
3 1696 1697 1728
3 1697 1729 1728
3 1697 1666 1729
3 1666 1698 1729
3 1698 1699 1730
3 1699 1731 1730
3 1699 1700 1731
3 1700 1732 1731
3 1700 1701 1732
3 1701 1733 1732
3 1701 1702 1733
3 1702 1734 1733
3 1702 1703 1734
3 1703 1735 1734
3 1703 1704 1735
3 1704 1736 1735
3 1704 1705 1736
3 1705 1737 1736
3 1705 1706 1737
3 1706 1738 1737
3 1706 1707 1738
3 1707 1739 1738
3 1707 1708 1739
3 1708 1740 1739
3 1708 1709 1740
3 1709 1741 1740
3 1709 1710 1741
3 1710 1742 1741
3 1710 1711 1742
3 1711 1743 1742
3 1711 1712 1743
3 1712 1744 1743
3 1712 1713 1744
3 1713 1745 1744
3 1713 1714 1745
3 1714 1746 1745
3 1714 1715 1746
3 1715 1747 1746
3 1715 1716 1747
3 1716 1748 1747
3 1716 1717 1748
3 1717 1749 1748
3 1717 1718 1749
3 1718 1750 1749
3 1718 1719 1750
3 1719 1751 1750
3 1719 1720 1751
3 1720 1752 1751
3 1720 1721 1752
3 1721 1753 1752
3 1721 1722 1753
3 1722 1754 1753
3 1722 1723 1754
3 1723 1755 1754
3 1723 1724 1755
3 1724 1756 1755
3 1724 1725 1756
3 1725 1757 1756
3 1725 1726 1757
3 1726 1758 1757
3 1726 1727 1758
3 1727 1759 1758
3 1727 1728 1759
3 1728 1760 1759
3 1728 1729 1760
3 1729 1761 1760
3 1729 1698 1761
3 1698 1730 1761
3 1730 1731 1762
3 1731 1763 1762
3 1731 1732 1763
3 1732 1764 1763
3 1732 1733 1764
3 1733 1765 1764
3 1733 1734 1765
3 1734 1766 1765
3 1734 1735 1766
3 1735 1767 1766
3 1735 1736 1767
3 1736 1768 1767
3 1736 1737 1768
3 1737 1769 1768
3 1737 1738 1769
3 1738 1770 1769
3 1738 1739 1770
3 1739 1771 1770
3 1739 1740 1771
3 1740 1772 1771
3 1740 1741 1772
3 1741 1773 1772
3 1741 1742 1773
3 1742 1774 1773
3 1742 1743 1774
3 1743 1775 1774
3 1743 1744 1775
3 1744 1776 1775
3 1744 1745 1776
3 1745 1777 1776
3 1745 1746 1777
3 1746 1778 1777
3 1746 1747 1778
3 1747 1779 1778
3 1747 1748 1779
3 1748 1780 1779
3 1748 1749 1780
3 1749 1781 1780
3 1749 1750 1781
3 1750 1782 1781
3 1750 1751 1782
3 1751 1783 1782
3 1751 1752 1783
3 1752 1784 1783
3 1752 1753 1784
3 1753 1785 1784
3 1753 1754 1785
3 1754 1786 1785
3 1754 1755 1786
3 1755 1787 1786
3 1755 1756 1787
3 1756 1788 1787
3 1756 1757 1788
3 1757 1789 1788
3 1757 1758 1789
3 1758 1790 1789
3 1758 1759 1790
3 1759 1791 1790
3 1759 1760 1791
3 1760 1792 1791
3 1760 1761 1792
3 1761 1793 1792
3 1761 1730 1793
3 1730 1762 1793
3 1762 1763 1794
3 1763 1795 1794
3 1763 1764 1795
3 1764 1796 1795
3 1764 1765 1796
3 1765 1797 1796
3 1765 1766 1797
3 1766 1798 1797
3 1766 1767 1798
3 1767 1799 1798
3 1767 1768 1799
3 1768 1800 1799
3 1768 1769 1800
3 1769 1801 1800
3 1769 1770 1801
3 1770 1802 1801
3 1770 1771 1802
3 1771 1803 1802
3 1771 1772 1803
3 1772 1804 1803
3 1772 1773 1804
3 1773 1805 1804
3 1773 1774 1805
3 1774 1806 1805
3 1774 1775 1806
3 1775 1807 1806
3 1775 1776 1807
3 1776 1808 1807
3 1776 1777 1808
3 1777 1809 1808
3 1777 1778 1809
3 1778 1810 1809
3 1778 1779 1810
3 1779 1811 1810
3 1779 1780 1811
3 1780 1812 1811
3 1780 1781 1812
3 1781 1813 1812
3 1781 1782 1813
3 1782 1814 1813
3 1782 1783 1814
3 1783 1815 1814
3 1783 1784 1815
3 1784 1816 1815
3 1784 1785 1816
3 1785 1817 1816
3 1785 1786 1817
3 1786 1818 1817
3 1786 1787 1818
3 1787 1819 1818
3 1787 1788 1819
3 1788 1820 1819
3 1788 1789 1820
3 1789 1821 1820
3 1789 1790 1821
3 1790 1822 1821
3 1790 1791 1822
3 1791 1823 1822
3 1791 1792 1823
3 1792 1824 1823
3 1792 1793 1824
3 1793 1825 1824
3 1793 1762 1825
3 1762 1794 1825
3 1794 1795 1826
3 1795 1827 1826
3 1795 1796 1827
3 1796 1828 1827
3 1796 1797 1828
3 1797 1829 1828
3 1797 1798 1829
3 1798 1830 1829
3 1798 1799 1830
3 1799 1831 1830
3 1799 1800 1831
3 1800 1832 1831
3 1800 1801 1832
3 1801 1833 1832
3 1801 1802 1833
3 1802 1834 1833
3 1802 1803 1834
3 1803 1835 1834
3 1803 1804 1835
3 1804 1836 1835
3 1804 1805 1836
3 1805 1837 1836
3 1805 1806 1837
3 1806 1838 1837
3 1806 1807 1838
3 1807 1839 1838
3 1807 1808 1839
3 1808 1840 1839
3 1808 1809 1840
3 1809 1841 1840
3 1809 1810 1841
3 1810 1842 1841
3 1810 1811 1842
3 1811 1843 1842
3 1811 1812 1843
3 1812 1844 1843
3 1812 1813 1844
3 1813 1845 1844
3 1813 1814 1845
3 1814 1846 1845
3 1814 1815 1846
3 1815 1847 1846
3 1815 1816 1847
3 1816 1848 1847
3 1816 1817 1848
3 1817 1849 1848
3 1817 1818 1849
3 1818 1850 1849
3 1818 1819 1850
3 1819 1851 1850
3 1819 1820 1851
3 1820 1852 1851
3 1820 1821 1852
3 1821 1853 1852
3 1821 1822 1853
3 1822 1854 1853
3 1822 1823 1854
3 1823 1855 1854
3 1823 1824 1855
3 1824 1856 1855
3 1824 1825 1856
3 1825 1857 1856
3 1825 1794 1857
3 1794 1826 1857
3 1826 1827 1858
3 1827 1859 1858
3 1827 1828 1859
3 1828 1860 1859
3 1828 1829 1860
3 1829 1861 1860
3 1829 1830 1861
3 1830 1862 1861
3 1830 1831 1862
3 1831 1863 1862
3 1831 1832 1863
3 1832 1864 1863
3 1832 1833 1864
3 1833 1865 1864
3 1833 1834 1865
3 1834 1866 1865
3 1834 1835 1866
3 1835 1867 1866
3 1835 1836 1867
3 1836 1868 1867
3 1836 1837 1868
3 1837 1869 1868
3 1837 1838 1869
3 1838 1870 1869
3 1838 1839 1870
3 1839 1871 1870
3 1839 1840 1871
3 1840 1872 1871
3 1840 1841 1872
3 1841 1873 1872
3 1841 1842 1873
3 1842 1874 1873
3 1842 1843 1874
3 1843 1875 1874
3 1843 1844 1875
3 1844 1876 1875
3 1844 1845 1876
3 1845 1877 1876
3 1845 1846 1877
3 1846 1878 1877
3 1846 1847 1878
3 1847 1879 1878
3 1847 1848 1879
3 1848 1880 1879
3 1848 1849 1880
3 1849 1881 1880
3 1849 1850 1881
3 1850 1882 1881
3 1850 1851 1882
3 1851 1883 1882
3 1851 1852 1883
3 1852 1884 1883
3 1852 1853 1884
3 1853 1885 1884
3 1853 1854 1885
3 1854 1886 1885
3 1854 1855 1886
3 1855 1887 1886
3 1855 1856 1887
3 1856 1888 1887
3 1856 1857 1888
3 1857 1889 1888
3 1857 1826 1889
3 1826 1858 1889
3 1858 1859 1890
3 1859 1891 1890
3 1859 1860 1891
3 1860 1892 1891
3 1860 1861 1892
3 1861 1893 1892
3 1861 1862 1893
3 1862 1894 1893
3 1862 1863 1894
3 1863 1895 1894
3 1863 1864 1895
3 1864 1896 1895
3 1864 1865 1896
3 1865 1897 1896
3 1865 1866 1897
3 1866 1898 1897
3 1866 1867 1898
3 1867 1899 1898
3 1867 1868 1899
3 1868 1900 1899
3 1868 1869 1900
3 1869 1901 1900
3 1869 1870 1901
3 1870 1902 1901
3 1870 1871 1902
3 1871 1903 1902
3 1871 1872 1903
3 1872 1904 1903
3 1872 1873 1904
3 1873 1905 1904
3 1873 1874 1905
3 1874 1906 1905
3 1874 1875 1906
3 1875 1907 1906
3 1875 1876 1907
3 1876 1908 1907
3 1876 1877 1908
3 1877 1909 1908
3 1877 1878 1909
3 1878 1910 1909
3 1878 1879 1910
3 1879 1911 1910
3 1879 1880 1911
3 1880 1912 1911
3 1880 1881 1912
3 1881 1913 1912
3 1881 1882 1913
3 1882 1914 1913
3 1882 1883 1914
3 1883 1915 1914
3 1883 1884 1915
3 1884 1916 1915
3 1884 1885 1916
3 1885 1917 1916
3 1885 1886 1917
3 1886 1918 1917
3 1886 1887 1918
3 1887 1919 1918
3 1887 1888 1919
3 1888 1920 1919
3 1888 1889 1920
3 1889 1921 1920
3 1889 1858 1921
3 1858 1890 1921
3 1890 1891 1922
3 1891 1923 1922
3 1891 1892 1923
3 1892 1924 1923
3 1892 1893 1924
3 1893 1925 1924
3 1893 1894 1925
3 1894 1926 1925
3 1894 1895 1926
3 1895 1927 1926
3 1895 1896 1927
3 1896 1928 1927
3 1896 1897 1928
3 1897 1929 1928
3 1897 1898 1929
3 1898 1930 1929
3 1898 1899 1930
3 1899 1931 1930
3 1899 1900 1931
3 1900 1932 1931
3 1900 1901 1932
3 1901 1933 1932
3 1901 1902 1933
3 1902 1934 1933
3 1902 1903 1934
3 1903 1935 1934
3 1903 1904 1935
3 1904 1936 1935
3 1904 1905 1936
3 1905 1937 1936
3 1905 1906 1937
3 1906 1938 1937
3 1906 1907 1938
3 1907 1939 1938
3 1907 1908 1939
3 1908 1940 1939
3 1908 1909 1940
3 1909 1941 1940
3 1909 1910 1941
3 1910 1942 1941
3 1910 1911 1942
3 1911 1943 1942
3 1911 1912 1943
3 1912 1944 1943
3 1912 1913 1944
3 1913 1945 1944
3 1913 1914 1945
3 1914 1946 1945
3 1914 1915 1946
3 1915 1947 1946
3 1915 1916 1947
3 1916 1948 1947
3 1916 1917 1948
3 1917 1949 1948
3 1917 1918 1949
3 1918 1950 1949
3 1918 1919 1950
3 1919 1951 1950
3 1919 1920 1951
3 1920 1952 1951
3 1920 1921 1952
3 1921 1953 1952
3 1921 1890 1953
3 1890 1922 1953
3 1922 1923 1954
3 1923 1955 1954
3 1923 1924 1955
3 1924 1956 1955
3 1924 1925 1956
3 1925 1957 1956
3 1925 1926 1957
3 1926 1958 1957
3 1926 1927 1958
3 1927 1959 1958
3 1927 1928 1959
3 1928 1960 1959
3 1928 1929 1960
3 1929 1961 1960
3 1929 1930 1961
3 1930 1962 1961
3 1930 1931 1962
3 1931 1963 1962
3 1931 1932 1963
3 1932 1964 1963
3 1932 1933 1964
3 1933 1965 1964
3 1933 1934 1965
3 1934 1966 1965
3 1934 1935 1966
3 1935 1967 1966
3 1935 1936 1967
3 1936 1968 1967
3 1936 1937 1968
3 1937 1969 1968
3 1937 1938 1969
3 1938 1970 1969
3 1938 1939 1970
3 1939 1971 1970
3 1939 1940 1971
3 1940 1972 1971
3 1940 1941 1972
3 1941 1973 1972
3 1941 1942 1973
3 1942 1974 1973
3 1942 1943 1974
3 1943 1975 1974
3 1943 1944 1975
3 1944 1976 1975
3 1944 1945 1976
3 1945 1977 1976
3 1945 1946 1977
3 1946 1978 1977
3 1946 1947 1978
3 1947 1979 1978
3 1947 1948 1979
3 1948 1980 1979
3 1948 1949 1980
3 1949 1981 1980
3 1949 1950 1981
3 1950 1982 1981
3 1950 1951 1982
3 1951 1983 1982
3 1951 1952 1983
3 1952 1984 1983
3 1952 1953 1984
3 1953 1985 1984
3 1953 1922 1985
3 1922 1954 1985
3 1954 1955 1986
3 1955 1987 1986
3 1955 1956 1987
3 1956 1988 1987
3 1956 1957 1988
3 1957 1989 1988
3 1957 1958 1989
3 1958 1990 1989
3 1958 1959 1990
3 1959 1991 1990
3 1959 1960 1991
3 1960 1992 1991
3 1960 1961 1992
3 1961 1993 1992
3 1961 1962 1993
3 1962 1994 1993
3 1962 1963 1994
3 1963 1995 1994
3 1963 1964 1995
3 1964 1996 1995
3 1964 1965 1996
3 1965 1997 1996
3 1965 1966 1997
3 1966 1998 1997
3 1966 1967 1998
3 1967 1999 1998
3 1967 1968 1999
3 1968 2000 1999
3 1968 1969 2000
3 1969 2001 2000
3 1969 1970 2001
3 1970 2002 2001
3 1970 1971 2002
3 1971 2003 2002
3 1971 1972 2003
3 1972 2004 2003
3 1972 1973 2004
3 1973 2005 2004
3 1973 1974 2005
3 1974 2006 2005
3 1974 1975 2006
3 1975 2007 2006
3 1975 1976 2007
3 1976 2008 2007
3 1976 1977 2008
3 1977 2009 2008
3 1977 1978 2009
3 1978 2010 2009
3 1978 1979 2010
3 1979 2011 2010
3 1979 1980 2011
3 1980 2012 2011
3 1980 1981 2012
3 1981 2013 2012
3 1981 1982 2013
3 1982 2014 2013
3 1982 1983 2014
3 1983 2015 2014
3 1983 1984 2015
3 1984 2016 2015
3 1984 1985 2016
3 1985 2017 2016
3 1985 1954 2017
3 1954 1986 2017
3 1986 1987 2018
3 1987 2019 2018
3 1987 1988 2019
3 1988 2020 2019
3 1988 1989 2020
3 1989 2021 2020
3 1989 1990 2021
3 1990 2022 2021
3 1990 1991 2022
3 1991 2023 2022
3 1991 1992 2023
3 1992 2024 2023
3 1992 1993 2024
3 1993 2025 2024
3 1993 1994 2025
3 1994 2026 2025
3 1994 1995 2026
3 1995 2027 2026
3 1995 1996 2027
3 1996 2028 2027
3 1996 1997 2028
3 1997 2029 2028
3 1997 1998 2029
3 1998 2030 2029
3 1998 1999 2030
3 1999 2031 2030
3 1999 2000 2031
3 2000 2032 2031
3 2000 2001 2032
3 2001 2033 2032
3 2001 2002 2033
3 2002 2034 2033
3 2002 2003 2034
3 2003 2035 2034
3 2003 2004 2035
3 2004 2036 2035
3 2004 2005 2036
3 2005 2037 2036
3 2005 2006 2037
3 2006 2038 2037
3 2006 2007 2038
3 2007 2039 2038
3 2007 2008 2039
3 2008 2040 2039
3 2008 2009 2040
3 2009 2041 2040
3 2009 2010 2041
3 2010 2042 2041
3 2010 2011 2042
3 2011 2043 2042
3 2011 2012 2043
3 2012 2044 2043
3 2012 2013 2044
3 2013 2045 2044
3 2013 2014 2045
3 2014 2046 2045
3 2014 2015 2046
3 2015 2047 2046
3 2015 2016 2047
3 2016 2048 2047
3 2016 2017 2048
3 2017 2049 2048
3 2017 1986 2049
3 1986 2018 2049
3 2018 2019 2050
3 2019 2051 2050
3 2019 2020 2051
3 2020 2052 2051
3 2020 2021 2052
3 2021 2053 2052
3 2021 2022 2053
3 2022 2054 2053
3 2022 2023 2054
3 2023 2055 2054
3 2023 2024 2055
3 2024 2056 2055
3 2024 2025 2056
3 2025 2057 2056
3 2025 2026 2057
3 2026 2058 2057
3 2026 2027 2058
3 2027 2059 2058
3 2027 2028 2059
3 2028 2060 2059
3 2028 2029 2060
3 2029 2061 2060
3 2029 2030 2061
3 2030 2062 2061
3 2030 2031 2062
3 2031 2063 2062
3 2031 2032 2063
3 2032 2064 2063
3 2032 2033 2064
3 2033 2065 2064
3 2033 2034 2065
3 2034 2066 2065
3 2034 2035 2066
3 2035 2067 2066
3 2035 2036 2067
3 2036 2068 2067
3 2036 2037 2068
3 2037 2069 2068
3 2037 2038 2069
3 2038 2070 2069
3 2038 2039 2070
3 2039 2071 2070
3 2039 2040 2071
3 2040 2072 2071
3 2040 2041 2072
3 2041 2073 2072
3 2041 2042 2073
3 2042 2074 2073
3 2042 2043 2074
3 2043 2075 2074
3 2043 2044 2075
3 2044 2076 2075
3 2044 2045 2076
3 2045 2077 2076
3 2045 2046 2077
3 2046 2078 2077
3 2046 2047 2078
3 2047 2079 2078
3 2047 2048 2079
3 2048 2080 2079
3 2048 2049 2080
3 2049 2081 2080
3 2049 2018 2081
3 2018 2050 2081
