OFF
8258 16512 0
0.000000 0.000000 8.000000
0.000000 0.000000 -8.000000
1.500000 0.000000 -8.000000
1.492778 0.147026 -8.000000
1.471178 0.292636 -8.000000
1.435411 0.435427 -8.000000
1.385820 0.574025 -8.000000
1.322882 0.707095 -8.000000
1.247205 0.833356 -8.000000
1.159516 0.951590 -8.000000
1.060660 1.060660 -8.000000
0.951590 1.159516 -8.000000
0.833356 1.247205 -8.000000
0.707095 1.322882 -8.000000
0.574025 1.385820 -8.000000
0.435427 1.435411 -8.000000
0.292636 1.471178 -8.000000
0.147026 1.492778 -8.000000
0.000000 1.500000 -8.000000
-0.147026 1.492778 -8.000000
-0.292636 1.471178 -8.000000
-0.435427 1.435411 -8.000000
-0.574025 1.385820 -8.000000
-0.707095 1.322882 -8.000000
-0.833356 1.247205 -8.000000
-0.951590 1.159516 -8.000000
-1.060660 1.060660 -8.000000
-1.159516 0.951590 -8.000000
-1.247205 0.833356 -8.000000
-1.322882 0.707095 -8.000000
-1.385820 0.574025 -8.000000
-1.435411 0.435427 -8.000000
-1.471178 0.292636 -8.000000
-1.492778 0.147026 -8.000000
-1.500000 0.000000 -8.000000
-1.492778 -0.147026 -8.000000
-1.471178 -0.292636 -8.000000
-1.435411 -0.435427 -8.000000
-1.385820 -0.574025 -8.000000
-1.322882 -0.707095 -8.000000
-1.247205 -0.833356 -8.000000
-1.159516 -0.951590 -8.000000
-1.060660 -1.060660 -8.000000
-0.951590 -1.159516 -8.000000
-0.833356 -1.247205 -8.000000
-0.707095 -1.322882 -8.000000
-0.574025 -1.385820 -8.000000
-0.435427 -1.435411 -8.000000
-0.292636 -1.471178 -8.000000
-0.147026 -1.492778 -8.000000
-0.000000 -1.500000 -8.000000
0.147026 -1.492778 -8.000000
0.292636 -1.471178 -8.000000
0.435427 -1.435411 -8.000000
0.574025 -1.385820 -8.000000
0.707095 -1.322882 -8.000000
0.833356 -1.247205 -8.000000
0.951590 -1.159516 -8.000000
1.060660 -1.060660 -8.000000
1.159516 -0.951590 -8.000000
1.247205 -0.833356 -8.000000
1.322882 -0.707095 -8.000000
1.385820 -0.574025 -8.000000
1.435411 -0.435427 -8.000000
1.471178 -0.292636 -8.000000
1.492778 -0.147026 -8.000000
1.500001 0.000000 -7.875000
1.492778 0.147026 -7.875000
1.471179 0.292636 -7.875000
1.435411 0.435427 -7.875000
1.385820 0.574025 -7.875000
1.322883 0.707095 -7.875000
1.247205 0.833356 -7.875000
1.159516 0.951590 -7.875000
1.060661 1.060661 -7.875000
0.951590 1.159516 -7.875000
0.833356 1.247205 -7.875000
0.707095 1.322883 -7.875000
0.574025 1.385820 -7.875000
0.435427 1.435411 -7.875000
0.292636 1.471179 -7.875000
0.147026 1.492778 -7.875000
0.000000 1.500001 -7.875000
-0.147026 1.492778 -7.875000
-0.292636 1.471179 -7.875000
-0.435427 1.435411 -7.875000
-0.574025 1.385820 -7.875000
-0.707095 1.322883 -7.875000
-0.833356 1.247205 -7.875000
-0.951590 1.159516 -7.875000
-1.060661 1.060661 -7.875000
-1.159516 0.951590 -7.875000
-1.247205 0.833356 -7.875000
-1.322883 0.707095 -7.875000
-1.385820 0.574025 -7.875000
-1.435411 0.435427 -7.875000
-1.471179 0.292636 -7.875000
-1.492778 0.147026 -7.875000
-1.500001 0.000000 -7.875000
-1.492778 -0.147026 -7.875000
-1.471179 -0.292636 -7.875000
-1.435411 -0.435427 -7.875000
-1.385820 -0.574025 -7.875000
-1.322883 -0.707095 -7.875000
-1.247205 -0.833356 -7.875000
-1.159516 -0.951590 -7.875000
-1.060661 -1.060661 -7.875000
-0.951590 -1.159516 -7.875000
-0.833356 -1.247205 -7.875000
-0.707095 -1.322883 -7.875000
-0.574025 -1.385820 -7.875000
-0.435427 -1.435411 -7.875000
-0.292636 -1.471179 -7.875000
-0.147026 -1.492778 -7.875000
-0.000000 -1.500001 -7.875000
0.147026 -1.492778 -7.875000
0.292636 -1.471179 -7.875000
0.435427 -1.435411 -7.875000
0.574025 -1.385820 -7.875000
0.707095 -1.322883 -7.875000
0.833356 -1.247205 -7.875000
0.951590 -1.159516 -7.875000
1.060661 -1.060661 -7.875000
1.159516 -0.951590 -7.875000
1.247205 -0.833356 -7.875000
1.322883 -0.707095 -7.875000
1.385820 -0.574025 -7.875000
1.435411 -0.435427 -7.875000
1.471179 -0.292636 -7.875000
1.492778 -0.147026 -7.875000
1.500001 0.000000 -7.750000
1.492778 0.147026 -7.750000
1.471179 0.292636 -7.750000
1.435412 0.435427 -7.750000
1.385820 0.574026 -7.750000
1.322883 0.707096 -7.750000
1.247205 0.833356 -7.750000
1.159517 0.951591 -7.750000
1.060661 1.060661 -7.750000
0.951591 1.159517 -7.750000
0.833356 1.247205 -7.750000
0.707096 1.322883 -7.750000
0.574026 1.385820 -7.750000
0.435427 1.435412 -7.750000
0.292636 1.471179 -7.750000
0.147026 1.492778 -7.750000
0.000000 1.500001 -7.750000
-0.147026 1.492778 -7.750000
-0.292636 1.471179 -7.750000
-0.435427 1.435412 -7.750000
-0.574026 1.385820 -7.750000
-0.707096 1.322883 -7.750000
-0.833356 1.247205 -7.750000
-0.951591 1.159517 -7.750000
-1.060661 1.060661 -7.750000
-1.159517 0.951591 -7.750000
-1.247205 0.833356 -7.750000
-1.322883 0.707096 -7.750000
-1.385820 0.574026 -7.750000
-1.435412 0.435427 -7.750000
-1.471179 0.292636 -7.750000
-1.492778 0.147026 -7.750000
-1.500001 0.000000 -7.750000
-1.492778 -0.147026 -7.750000
-1.471179 -0.292636 -7.750000
-1.435412 -0.435427 -7.750000
-1.385820 -0.574026 -7.750000
-1.322883 -0.707096 -7.750000
-1.247205 -0.833356 -7.750000
-1.159517 -0.951591 -7.750000
-1.060661 -1.060661 -7.750000
-0.951591 -1.159517 -7.750000
-0.833356 -1.247205 -7.750000
-0.707096 -1.322883 -7.750000
-0.574026 -1.385820 -7.750000
-0.435427 -1.435412 -7.750000
-0.292636 -1.471179 -7.750000
-0.147026 -1.492778 -7.750000
-0.000000 -1.500001 -7.750000
0.147026 -1.492778 -7.750000
0.292636 -1.471179 -7.750000
0.435427 -1.435412 -7.750000
0.574026 -1.385820 -7.750000
0.707096 -1.322883 -7.750000
0.833356 -1.247205 -7.750000
0.951591 -1.159517 -7.750000
1.060661 -1.060661 -7.750000
1.159517 -0.951591 -7.750000
1.247205 -0.833356 -7.750000
1.322883 -0.707096 -7.750000
1.385820 -0.574026 -7.750000
1.435412 -0.435427 -7.750000
1.471179 -0.292636 -7.750000
1.492778 -0.147026 -7.750000
1.500002 0.000000 -7.625000
1.492779 0.147026 -7.625000
1.471180 0.292636 -7.625000
1.435412 0.435428 -7.625000
1.385821 0.574026 -7.625000
1.322884 0.707096 -7.625000
1.247206 0.833356 -7.625000
1.159517 0.951591 -7.625000
1.060662 1.060662 -7.625000
0.951591 1.159517 -7.625000
0.833356 1.247206 -7.625000
0.707096 1.322884 -7.625000
0.574026 1.385821 -7.625000
0.435428 1.435412 -7.625000
0.292636 1.471180 -7.625000
0.147026 1.492779 -7.625000
0.000000 1.500002 -7.625000
-0.147026 1.492779 -7.625000
-0.292636 1.471180 -7.625000
-0.435428 1.435412 -7.625000
-0.574026 1.385821 -7.625000
-0.707096 1.322884 -7.625000
-0.833356 1.247206 -7.625000
-0.951591 1.159517 -7.625000
-1.060662 1.060662 -7.625000
-1.159517 0.951591 -7.625000
-1.247206 0.833356 -7.625000
-1.322884 0.707096 -7.625000
-1.385821 0.574026 -7.625000
-1.435412 0.435428 -7.625000
-1.471180 0.292636 -7.625000
-1.492779 0.147026 -7.625000
-1.500002 0.000000 -7.625000
-1.492779 -0.147026 -7.625000
-1.471180 -0.292636 -7.625000
-1.435412 -0.435428 -7.625000
-1.385821 -0.574026 -7.625000
-1.322884 -0.707096 -7.625000
-1.247206 -0.833356 -7.625000
-1.159517 -0.951591 -7.625000
-1.060662 -1.060662 -7.625000
-0.951591 -1.159517 -7.625000
-0.833356 -1.247206 -7.625000
-0.707096 -1.322884 -7.625000
-0.574026 -1.385821 -7.625000
-0.435428 -1.435412 -7.625000
-0.292636 -1.471180 -7.625000
-0.147026 -1.492779 -7.625000
-0.000000 -1.500002 -7.625000
0.147026 -1.492779 -7.625000
0.292636 -1.471180 -7.625000
0.435428 -1.435412 -7.625000
0.574026 -1.385821 -7.625000
0.707096 -1.322884 -7.625000
0.833356 -1.247206 -7.625000
0.951591 -1.159517 -7.625000
1.060662 -1.060662 -7.625000
1.159517 -0.951591 -7.625000
1.247206 -0.833356 -7.625000
1.322884 -0.707096 -7.625000
1.385821 -0.574026 -7.625000
1.435412 -0.435428 -7.625000
1.471180 -0.292636 -7.625000
1.492779 -0.147026 -7.625000
1.500003 0.000000 -7.500000
1.492780 0.147026 -7.500000
1.471181 0.292636 -7.500000
1.435413 0.435428 -7.500000
1.385822 0.574026 -7.500000
1.322885 0.707097 -7.500000
1.247207 0.833357 -7.500000
1.159518 0.951592 -7.500000
1.060662 1.060662 -7.500000
0.951592 1.159518 -7.500000
0.833357 1.247207 -7.500000
0.707097 1.322885 -7.500000
0.574026 1.385822 -7.500000
0.435428 1.435413 -7.500000
0.292636 1.471181 -7.500000
0.147026 1.492780 -7.500000
0.000000 1.500003 -7.500000
-0.147026 1.492780 -7.500000
-0.292636 1.471181 -7.500000
-0.435428 1.435413 -7.500000
-0.574026 1.385822 -7.500000
-0.707097 1.322885 -7.500000
-0.833357 1.247207 -7.500000
-0.951592 1.159518 -7.500000
-1.060662 1.060662 -7.500000
-1.159518 0.951592 -7.500000
-1.247207 0.833357 -7.500000
-1.322885 0.707097 -7.500000
-1.385822 0.574026 -7.500000
-1.435413 0.435428 -7.500000
-1.471181 0.292636 -7.500000
-1.492780 0.147026 -7.500000
-1.500003 0.000000 -7.500000
-1.492780 -0.147026 -7.500000
-1.471181 -0.292636 -7.500000
-1.435413 -0.435428 -7.500000
-1.385822 -0.574026 -7.500000
-1.322885 -0.707097 -7.500000
-1.247207 -0.833357 -7.500000
-1.159518 -0.951592 -7.500000
-1.060662 -1.060662 -7.500000
-0.951592 -1.159518 -7.500000
-0.833357 -1.247207 -7.500000
-0.707097 -1.322885 -7.500000
-0.574026 -1.385822 -7.500000
-0.435428 -1.435413 -7.500000
-0.292636 -1.471181 -7.500000
-0.147026 -1.492780 -7.500000
-0.000000 -1.500003 -7.500000
0.147026 -1.492780 -7.500000
0.292636 -1.471181 -7.500000
0.435428 -1.435413 -7.500000
0.574026 -1.385822 -7.500000
0.707097 -1.322885 -7.500000
0.833357 -1.247207 -7.500000
0.951592 -1.159518 -7.500000
1.060662 -1.060662 -7.500000
1.159518 -0.951592 -7.500000
1.247207 -0.833357 -7.500000
1.322885 -0.707097 -7.500000
1.385822 -0.574026 -7.500000
1.435413 -0.435428 -7.500000
1.471181 -0.292636 -7.500000
1.492780 -0.147026 -7.500000
1.500005 0.000000 -7.375000
1.492782 0.147026 -7.375000
1.471183 0.292636 -7.375000
1.435415 0.435428 -7.375000
1.385824 0.574027 -7.375000
1.322886 0.707097 -7.375000
1.247209 0.833358 -7.375000
1.159520 0.951593 -7.375000
1.060664 1.060664 -7.375000
0.951593 1.159520 -7.375000
0.833358 1.247209 -7.375000
0.707097 1.322886 -7.375000
0.574027 1.385824 -7.375000
0.435428 1.435415 -7.375000
0.292636 1.471183 -7.375000
0.147026 1.492782 -7.375000
0.000000 1.500005 -7.375000
-0.147026 1.492782 -7.375000
-0.292636 1.471183 -7.375000
-0.435428 1.435415 -7.375000
-0.574027 1.385824 -7.375000
-0.707097 1.322886 -7.375000
-0.833358 1.247209 -7.375000
-0.951593 1.159520 -7.375000
-1.060664 1.060664 -7.375000
-1.159520 0.951593 -7.375000
-1.247209 0.833358 -7.375000
-1.322886 0.707097 -7.375000
-1.385824 0.574027 -7.375000
-1.435415 0.435428 -7.375000
-1.471183 0.292636 -7.375000
-1.492782 0.147026 -7.375000
-1.500005 0.000000 -7.375000
-1.492782 -0.147026 -7.375000
-1.471183 -0.292636 -7.375000
-1.435415 -0.435428 -7.375000
-1.385824 -0.574027 -7.375000
-1.322886 -0.707097 -7.375000
-1.247209 -0.833358 -7.375000
-1.159520 -0.951593 -7.375000
-1.060664 -1.060664 -7.375000
-0.951593 -1.159520 -7.375000
-0.833358 -1.247209 -7.375000
-0.707097 -1.322886 -7.375000
-0.574027 -1.385824 -7.375000
-0.435428 -1.435415 -7.375000
-0.292636 -1.471183 -7.375000
-0.147026 -1.492782 -7.375000
-0.000000 -1.500005 -7.375000
0.147026 -1.492782 -7.375000
0.292636 -1.471183 -7.375000
0.435428 -1.435415 -7.375000
0.574027 -1.385824 -7.375000
0.707097 -1.322886 -7.375000
0.833358 -1.247209 -7.375000
0.951593 -1.159520 -7.375000
1.060664 -1.060664 -7.375000
1.159520 -0.951593 -7.375000
1.247209 -0.833358 -7.375000
1.322886 -0.707097 -7.375000
1.385824 -0.574027 -7.375000
1.435415 -0.435428 -7.375000
1.471183 -0.292636 -7.375000
1.492782 -0.147026 -7.375000
1.500008 0.000000 -7.250000
1.492785 0.147026 -7.250000
1.471186 0.292637 -7.250000
1.435418 0.435429 -7.250000
1.385827 0.574028 -7.250000
1.322889 0.707099 -7.250000
1.247211 0.833360 -7.250000
1.159522 0.951595 -7.250000
1.060666 1.060666 -7.250000
0.951595 1.159522 -7.250000
0.833360 1.247211 -7.250000
0.707099 1.322889 -7.250000
0.574028 1.385827 -7.250000
0.435429 1.435418 -7.250000
0.292637 1.471186 -7.250000
0.147026 1.492785 -7.250000
0.000000 1.500008 -7.250000
-0.147026 1.492785 -7.250000
-0.292637 1.471186 -7.250000
-0.435429 1.435418 -7.250000
-0.574028 1.385827 -7.250000
-0.707099 1.322889 -7.250000
-0.833360 1.247211 -7.250000
-0.951595 1.159522 -7.250000
-1.060666 1.060666 -7.250000
-1.159522 0.951595 -7.250000
-1.247211 0.833360 -7.250000
-1.322889 0.707099 -7.250000
-1.385827 0.574028 -7.250000
-1.435418 0.435429 -7.250000
-1.471186 0.292637 -7.250000
-1.492785 0.147026 -7.250000
-1.500008 0.000000 -7.250000
-1.492785 -0.147026 -7.250000
-1.471186 -0.292637 -7.250000
-1.435418 -0.435429 -7.250000
-1.385827 -0.574028 -7.250000
-1.322889 -0.707099 -7.250000
-1.247211 -0.833360 -7.250000
-1.159522 -0.951595 -7.250000
-1.060666 -1.060666 -7.250000
-0.951595 -1.159522 -7.250000
-0.833360 -1.247211 -7.250000
-0.707099 -1.322889 -7.250000
-0.574028 -1.385827 -7.250000
-0.435429 -1.435418 -7.250000
-0.292637 -1.471186 -7.250000
-0.147026 -1.492785 -7.250000
-0.000000 -1.500008 -7.250000
0.147026 -1.492785 -7.250000
0.292637 -1.471186 -7.250000
0.435429 -1.435418 -7.250000
0.574028 -1.385827 -7.250000
0.707099 -1.322889 -7.250000
0.833360 -1.247211 -7.250000
0.951595 -1.159522 -7.250000
1.060666 -1.060666 -7.250000
1.159522 -0.951595 -7.250000
1.247211 -0.833360 -7.250000
1.322889 -0.707099 -7.250000
1.385827 -0.574028 -7.250000
1.435418 -0.435429 -7.250000
1.471186 -0.292637 -7.250000
1.492785 -0.147026 -7.250000
1.500012 0.000000 -7.125000
1.492789 0.147027 -7.125000
1.471190 0.292638 -7.125000
1.435422 0.435431 -7.125000
1.385831 0.574030 -7.125000
1.322893 0.707101 -7.125000
1.247215 0.833362 -7.125000
1.159525 0.951598 -7.125000
1.060669 1.060669 -7.125000
0.951598 1.159525 -7.125000
0.833362 1.247215 -7.125000
0.707101 1.322893 -7.125000
0.574030 1.385831 -7.125000
0.435431 1.435422 -7.125000
0.292638 1.471190 -7.125000
0.147027 1.492789 -7.125000
0.000000 1.500012 -7.125000
-0.147027 1.492789 -7.125000
-0.292638 1.471190 -7.125000
-0.435431 1.435422 -7.125000
-0.574030 1.385831 -7.125000
-0.707101 1.322893 -7.125000
-0.833362 1.247215 -7.125000
-0.951598 1.159525 -7.125000
-1.060669 1.060669 -7.125000
-1.159525 0.951598 -7.125000
-1.247215 0.833362 -7.125000
-1.322893 0.707101 -7.125000
-1.385831 0.574030 -7.125000
-1.435422 0.435431 -7.125000
-1.471190 0.292638 -7.125000
-1.492789 0.147027 -7.125000
-1.500012 0.000000 -7.125000
-1.492789 -0.147027 -7.125000
-1.471190 -0.292638 -7.125000
-1.435422 -0.435431 -7.125000
-1.385831 -0.574030 -7.125000
-1.322893 -0.707101 -7.125000
-1.247215 -0.833362 -7.125000
-1.159525 -0.951598 -7.125000
-1.060669 -1.060669 -7.125000
-0.951598 -1.159525 -7.125000
-0.833362 -1.247215 -7.125000
-0.707101 -1.322893 -7.125000
-0.574030 -1.385831 -7.125000
-0.435431 -1.435422 -7.125000
-0.292638 -1.471190 -7.125000
-0.147027 -1.492789 -7.125000
-0.000000 -1.500012 -7.125000
0.147027 -1.492789 -7.125000
0.292638 -1.471190 -7.125000
0.435431 -1.435422 -7.125000
0.574030 -1.385831 -7.125000
0.707101 -1.322893 -7.125000
0.833362 -1.247215 -7.125000
0.951598 -1.159525 -7.125000
1.060669 -1.060669 -7.125000
1.159525 -0.951598 -7.125000
1.247215 -0.833362 -7.125000
1.322893 -0.707101 -7.125000
1.385831 -0.574030 -7.125000
1.435422 -0.435431 -7.125000
1.471190 -0.292638 -7.125000
1.492789 -0.147027 -7.125000
1.500019 0.000000 -7.000000
1.492796 0.147028 -7.000000
1.471197 0.292639 -7.000000
1.435429 0.435433 -7.000000
1.385837 0.574032 -7.000000
1.322899 0.707104 -7.000000
1.247220 0.833366 -7.000000
1.159530 0.951602 -7.000000
1.060674 1.060674 -7.000000
0.951602 1.159530 -7.000000
0.833366 1.247220 -7.000000
0.707104 1.322899 -7.000000
0.574032 1.385837 -7.000000
0.435433 1.435429 -7.000000
0.292639 1.471197 -7.000000
0.147028 1.492796 -7.000000
0.000000 1.500019 -7.000000
-0.147028 1.492796 -7.000000
-0.292639 1.471197 -7.000000
-0.435433 1.435429 -7.000000
-0.574032 1.385837 -7.000000
-0.707104 1.322899 -7.000000
-0.833366 1.247220 -7.000000
-0.951602 1.159530 -7.000000
-1.060674 1.060674 -7.000000
-1.159530 0.951602 -7.000000
-1.247220 0.833366 -7.000000
-1.322899 0.707104 -7.000000
-1.385837 0.574032 -7.000000
-1.435429 0.435433 -7.000000
-1.471197 0.292639 -7.000000
-1.492796 0.147028 -7.000000
-1.500019 0.000000 -7.000000
-1.492796 -0.147028 -7.000000
-1.471197 -0.292639 -7.000000
-1.435429 -0.435433 -7.000000
-1.385837 -0.574032 -7.000000
-1.322899 -0.707104 -7.000000
-1.247220 -0.833366 -7.000000
-1.159530 -0.951602 -7.000000
-1.060674 -1.060674 -7.000000
-0.951602 -1.159530 -7.000000
-0.833366 -1.247220 -7.000000
-0.707104 -1.322899 -7.000000
-0.574032 -1.385837 -7.000000
-0.435433 -1.435429 -7.000000
-0.292639 -1.471197 -7.000000
-0.147028 -1.492796 -7.000000
-0.000000 -1.500019 -7.000000
0.147028 -1.492796 -7.000000
0.292639 -1.471197 -7.000000
0.435433 -1.435429 -7.000000
0.574032 -1.385837 -7.000000
0.707104 -1.322899 -7.000000
0.833366 -1.247220 -7.000000
0.951602 -1.159530 -7.000000
1.060674 -1.060674 -7.000000
1.159530 -0.951602 -7.000000
1.247220 -0.833366 -7.000000
1.322899 -0.707104 -7.000000
1.385837 -0.574032 -7.000000
1.435429 -0.435433 -7.000000
1.471197 -0.292639 -7.000000
1.492796 -0.147028 -7.000000
1.500030 0.000000 -6.875000
1.492806 0.147029 -6.875000
1.471207 0.292641 -6.875000
1.435439 0.435436 -6.875000
1.385847 0.574036 -6.875000
1.322908 0.707109 -6.875000
1.247229 0.833372 -6.875000
1.159539 0.951609 -6.875000
1.060681 1.060681 -6.875000
0.951609 1.159539 -6.875000
0.833372 1.247229 -6.875000
0.707109 1.322908 -6.875000
0.574036 1.385847 -6.875000
0.435436 1.435439 -6.875000
0.292641 1.471207 -6.875000
0.147029 1.492806 -6.875000
0.000000 1.500030 -6.875000
-0.147029 1.492806 -6.875000
-0.292641 1.471207 -6.875000
-0.435436 1.435439 -6.875000
-0.574036 1.385847 -6.875000
-0.707109 1.322908 -6.875000
-0.833372 1.247229 -6.875000
-0.951609 1.159539 -6.875000
-1.060681 1.060681 -6.875000
-1.159539 0.951609 -6.875000
-1.247229 0.833372 -6.875000
-1.322908 0.707109 -6.875000
-1.385847 0.574036 -6.875000
-1.435439 0.435436 -6.875000
-1.471207 0.292641 -6.875000
-1.492806 0.147029 -6.875000
-1.500030 0.000000 -6.875000
-1.492806 -0.147029 -6.875000
-1.471207 -0.292641 -6.875000
-1.435439 -0.435436 -6.875000
-1.385847 -0.574036 -6.875000
-1.322908 -0.707109 -6.875000
-1.247229 -0.833372 -6.875000
-1.159539 -0.951609 -6.875000
-1.060681 -1.060681 -6.875000
-0.951609 -1.159539 -6.875000
-0.833372 -1.247229 -6.875000
-0.707109 -1.322908 -6.875000
-0.574036 -1.385847 -6.875000
-0.435436 -1.435439 -6.875000
-0.292641 -1.471207 -6.875000
-0.147029 -1.492806 -6.875000
-0.000000 -1.500030 -6.875000
0.147029 -1.492806 -6.875000
0.292641 -1.471207 -6.875000
0.435436 -1.435439 -6.875000
0.574036 -1.385847 -6.875000
0.707109 -1.322908 -6.875000
0.833372 -1.247229 -6.875000
0.951609 -1.159539 -6.875000
1.060681 -1.060681 -6.875000
1.159539 -0.951609 -6.875000
1.247229 -0.833372 -6.875000
1.322908 -0.707109 -6.875000
1.385847 -0.574036 -6.875000
1.435439 -0.435436 -6.875000
1.471207 -0.292641 -6.875000
1.492806 -0.147029 -6.875000
1.500045 0.000000 -6.750000
1.492822 0.147030 -6.750000
1.471222 0.292644 -6.750000
1.435454 0.435440 -6.750000
1.385861 0.574042 -6.750000
1.322922 0.707116 -6.750000
1.247242 0.833380 -6.750000
1.159551 0.951619 -6.750000
1.060692 1.060692 -6.750000
0.951619 1.159551 -6.750000
0.833380 1.247242 -6.750000
0.707116 1.322922 -6.750000
0.574042 1.385861 -6.750000
0.435440 1.435454 -6.750000
0.292644 1.471222 -6.750000
0.147030 1.492822 -6.750000
0.000000 1.500045 -6.750000
-0.147030 1.492822 -6.750000
-0.292644 1.471222 -6.750000
-0.435440 1.435454 -6.750000
-0.574042 1.385861 -6.750000
-0.707116 1.322922 -6.750000
-0.833380 1.247242 -6.750000
-0.951619 1.159551 -6.750000
-1.060692 1.060692 -6.750000
-1.159551 0.951619 -6.750000
-1.247242 0.833380 -6.750000
-1.322922 0.707116 -6.750000
-1.385861 0.574042 -6.750000
-1.435454 0.435440 -6.750000
-1.471222 0.292644 -6.750000
-1.492822 0.147030 -6.750000
-1.500045 0.000000 -6.750000
-1.492822 -0.147030 -6.750000
-1.471222 -0.292644 -6.750000
-1.435454 -0.435440 -6.750000
-1.385861 -0.574042 -6.750000
-1.322922 -0.707116 -6.750000
-1.247242 -0.833380 -6.750000
-1.159551 -0.951619 -6.750000
-1.060692 -1.060692 -6.750000
-0.951619 -1.159551 -6.750000
-0.833380 -1.247242 -6.750000
-0.707116 -1.322922 -6.750000
-0.574042 -1.385861 -6.750000
-0.435440 -1.435454 -6.750000
-0.292644 -1.471222 -6.750000
-0.147030 -1.492822 -6.750000
-0.000000 -1.500045 -6.750000
0.147030 -1.492822 -6.750000
0.292644 -1.471222 -6.750000
0.435440 -1.435454 -6.750000
0.574042 -1.385861 -6.750000
0.707116 -1.322922 -6.750000
0.833380 -1.247242 -6.750000
0.951619 -1.159551 -6.750000
1.060692 -1.060692 -6.750000
1.159551 -0.951619 -6.750000
1.247242 -0.833380 -6.750000
1.322922 -0.707116 -6.750000
1.385861 -0.574042 -6.750000
1.435454 -0.435440 -6.750000
1.471222 -0.292644 -6.750000
1.492822 -0.147030 -6.750000
1.500069 0.000000 -6.625000
1.492845 0.147032 -6.625000
1.471245 0.292649 -6.625000
1.435476 0.435447 -6.625000
1.385883 0.574051 -6.625000
1.322942 0.707127 -6.625000
1.247262 0.833393 -6.625000
1.159569 0.951633 -6.625000
1.060709 1.060709 -6.625000
0.951633 1.159569 -6.625000
0.833393 1.247262 -6.625000
0.707127 1.322942 -6.625000
0.574051 1.385883 -6.625000
0.435447 1.435476 -6.625000
0.292649 1.471245 -6.625000
0.147032 1.492845 -6.625000
0.000000 1.500069 -6.625000
-0.147032 1.492845 -6.625000
-0.292649 1.471245 -6.625000
-0.435447 1.435476 -6.625000
-0.574051 1.385883 -6.625000
-0.707127 1.322942 -6.625000
-0.833393 1.247262 -6.625000
-0.951633 1.159569 -6.625000
-1.060709 1.060709 -6.625000
-1.159569 0.951633 -6.625000
-1.247262 0.833393 -6.625000
-1.322942 0.707127 -6.625000
-1.385883 0.574051 -6.625000
-1.435476 0.435447 -6.625000
-1.471245 0.292649 -6.625000
-1.492845 0.147032 -6.625000
-1.500069 0.000000 -6.625000
-1.492845 -0.147032 -6.625000
-1.471245 -0.292649 -6.625000
-1.435476 -0.435447 -6.625000
-1.385883 -0.574051 -6.625000
-1.322942 -0.707127 -6.625000
-1.247262 -0.833393 -6.625000
-1.159569 -0.951633 -6.625000
-1.060709 -1.060709 -6.625000
-0.951633 -1.159569 -6.625000
-0.833393 -1.247262 -6.625000
-0.707127 -1.322942 -6.625000
-0.574051 -1.385883 -6.625000
-0.435447 -1.435476 -6.625000
-0.292649 -1.471245 -6.625000
-0.147032 -1.492845 -6.625000
-0.000000 -1.500069 -6.625000
0.147032 -1.492845 -6.625000
0.292649 -1.471245 -6.625000
0.435447 -1.435476 -6.625000
0.574051 -1.385883 -6.625000
0.707127 -1.322942 -6.625000
0.833393 -1.247262 -6.625000
0.951633 -1.159569 -6.625000
1.060709 -1.060709 -6.625000
1.159569 -0.951633 -6.625000
1.247262 -0.833393 -6.625000
1.322942 -0.707127 -6.625000
1.385883 -0.574051 -6.625000
1.435476 -0.435447 -6.625000
1.471245 -0.292649 -6.625000
1.492845 -0.147032 -6.625000
1.500103 0.000000 -6.500000
1.492880 0.147036 -6.500000
1.471279 0.292656 -6.500000
1.435510 0.435457 -6.500000
1.385915 0.574065 -6.500000
1.322973 0.707144 -6.500000
1.247290 0.833413 -6.500000
1.159596 0.951656 -6.500000
1.060733 1.060733 -6.500000
0.951656 1.159596 -6.500000
0.833413 1.247290 -6.500000
0.707144 1.322973 -6.500000
0.574065 1.385915 -6.500000
0.435457 1.435510 -6.500000
0.292656 1.471279 -6.500000
0.147036 1.492880 -6.500000
0.000000 1.500103 -6.500000
-0.147036 1.492880 -6.500000
-0.292656 1.471279 -6.500000
-0.435457 1.435510 -6.500000
-0.574065 1.385915 -6.500000
-0.707144 1.322973 -6.500000
-0.833413 1.247290 -6.500000
-0.951656 1.159596 -6.500000
-1.060733 1.060733 -6.500000
-1.159596 0.951656 -6.500000
-1.247290 0.833413 -6.500000
-1.322973 0.707144 -6.500000
-1.385915 0.574065 -6.500000
-1.435510 0.435457 -6.500000
-1.471279 0.292656 -6.500000
-1.492880 0.147036 -6.500000
-1.500103 0.000000 -6.500000
-1.492880 -0.147036 -6.500000
-1.471279 -0.292656 -6.500000
-1.435510 -0.435457 -6.500000
-1.385915 -0.574065 -6.500000
-1.322973 -0.707144 -6.500000
-1.247290 -0.833413 -6.500000
-1.159596 -0.951656 -6.500000
-1.060733 -1.060733 -6.500000
-0.951656 -1.159596 -6.500000
-0.833413 -1.247290 -6.500000
-0.707144 -1.322973 -6.500000
-0.574065 -1.385915 -6.500000
-0.435457 -1.435510 -6.500000
-0.292656 -1.471279 -6.500000
-0.147036 -1.492880 -6.500000
-0.000000 -1.500103 -6.500000
0.147036 -1.492880 -6.500000
0.292656 -1.471279 -6.500000
0.435457 -1.435510 -6.500000
0.574065 -1.385915 -6.500000
0.707144 -1.322973 -6.500000
0.833413 -1.247290 -6.500000
0.951656 -1.159596 -6.500000
1.060733 -1.060733 -6.500000
1.159596 -0.951656 -6.500000
1.247290 -0.833413 -6.500000
1.322973 -0.707144 -6.500000
1.385915 -0.574065 -6.500000
1.435510 -0.435457 -6.500000
1.471279 -0.292656 -6.500000
1.492880 -0.147036 -6.500000
1.500155 0.000000 -6.375000
1.492931 0.147041 -6.375000
1.471330 0.292666 -6.375000
1.435559 0.435472 -6.375000
1.385962 0.574084 -6.375000
1.323018 0.707168 -6.375000
1.247333 0.833441 -6.375000
1.159635 0.951688 -6.375000
1.060770 1.060770 -6.375000
0.951688 1.159635 -6.375000
0.833441 1.247333 -6.375000
0.707168 1.323018 -6.375000
0.574084 1.385962 -6.375000
0.435472 1.435559 -6.375000
0.292666 1.471330 -6.375000
0.147041 1.492931 -6.375000
0.000000 1.500155 -6.375000
-0.147041 1.492931 -6.375000
-0.292666 1.471330 -6.375000
-0.435472 1.435559 -6.375000
-0.574084 1.385962 -6.375000
-0.707168 1.323018 -6.375000
-0.833441 1.247333 -6.375000
-0.951688 1.159635 -6.375000
-1.060770 1.060770 -6.375000
-1.159635 0.951688 -6.375000
-1.247333 0.833441 -6.375000
-1.323018 0.707168 -6.375000
-1.385962 0.574084 -6.375000
-1.435559 0.435472 -6.375000
-1.471330 0.292666 -6.375000
-1.492931 0.147041 -6.375000
-1.500155 0.000000 -6.375000
-1.492931 -0.147041 -6.375000
-1.471330 -0.292666 -6.375000
-1.435559 -0.435472 -6.375000
-1.385962 -0.574084 -6.375000
-1.323018 -0.707168 -6.375000
-1.247333 -0.833441 -6.375000
-1.159635 -0.951688 -6.375000
-1.060770 -1.060770 -6.375000
-0.951688 -1.159635 -6.375000
-0.833441 -1.247333 -6.375000
-0.707168 -1.323018 -6.375000
-0.574084 -1.385962 -6.375000
-0.435472 -1.435559 -6.375000
-0.292666 -1.471330 -6.375000
-0.147041 -1.492931 -6.375000
-0.000000 -1.500155 -6.375000
0.147041 -1.492931 -6.375000
0.292666 -1.471330 -6.375000
0.435472 -1.435559 -6.375000
0.574084 -1.385962 -6.375000
0.707168 -1.323018 -6.375000
0.833441 -1.247333 -6.375000
0.951688 -1.159635 -6.375000
1.060770 -1.060770 -6.375000
1.159635 -0.951688 -6.375000
1.247333 -0.833441 -6.375000
1.323018 -0.707168 -6.375000
1.385962 -0.574084 -6.375000
1.435559 -0.435472 -6.375000
1.471330 -0.292666 -6.375000
1.492931 -0.147041 -6.375000
1.500230 0.000000 -6.250000
1.493006 0.147048 -6.250000
1.471403 0.292680 -6.250000
1.435630 0.435494 -6.250000
1.386031 0.574113 -6.250000
1.323084 0.707203 -6.250000
1.247395 0.833483 -6.250000
1.159693 0.951736 -6.250000
1.060822 1.060822 -6.250000
0.951736 1.159693 -6.250000
0.833483 1.247395 -6.250000
0.707203 1.323084 -6.250000
0.574113 1.386031 -6.250000
0.435494 1.435630 -6.250000
0.292680 1.471403 -6.250000
0.147048 1.493006 -6.250000
0.000000 1.500230 -6.250000
-0.147048 1.493006 -6.250000
-0.292680 1.471403 -6.250000
-0.435494 1.435630 -6.250000
-0.574113 1.386031 -6.250000
-0.707203 1.323084 -6.250000
-0.833483 1.247395 -6.250000
-0.951736 1.159693 -6.250000
-1.060822 1.060822 -6.250000
-1.159693 0.951736 -6.250000
-1.247395 0.833483 -6.250000
-1.323084 0.707203 -6.250000
-1.386031 0.574113 -6.250000
-1.435630 0.435494 -6.250000
-1.471403 0.292680 -6.250000
-1.493006 0.147048 -6.250000
-1.500230 0.000000 -6.250000
-1.493006 -0.147048 -6.250000
-1.471403 -0.292680 -6.250000
-1.435630 -0.435494 -6.250000
-1.386031 -0.574113 -6.250000
-1.323084 -0.707203 -6.250000
-1.247395 -0.833483 -6.250000
-1.159693 -0.951736 -6.250000
-1.060822 -1.060822 -6.250000
-0.951736 -1.159693 -6.250000
-0.833483 -1.247395 -6.250000
-0.707203 -1.323084 -6.250000
-0.574113 -1.386031 -6.250000
-0.435494 -1.435630 -6.250000
-0.292680 -1.471403 -6.250000
-0.147048 -1.493006 -6.250000
-0.000000 -1.500230 -6.250000
0.147048 -1.493006 -6.250000
0.292680 -1.471403 -6.250000
0.435494 -1.435630 -6.250000
0.574113 -1.386031 -6.250000
0.707203 -1.323084 -6.250000
0.833483 -1.247395 -6.250000
0.951736 -1.159693 -6.250000
1.060822 -1.060822 -6.250000
1.159693 -0.951736 -6.250000
1.247395 -0.833483 -6.250000
1.323084 -0.707203 -6.250000
1.386031 -0.574113 -6.250000
1.435630 -0.435494 -6.250000
1.471403 -0.292680 -6.250000
1.493006 -0.147048 -6.250000
1.500338 0.000000 -6.125000
1.493113 0.147059 -6.125000
1.471509 0.292701 -6.125000
1.435734 0.435525 -6.125000
1.386132 0.574154 -6.125000
1.323180 0.707254 -6.125000
1.247485 0.833543 -6.125000
1.159777 0.951804 -6.125000
1.060899 1.060899 -6.125000
0.951804 1.159777 -6.125000
0.833543 1.247485 -6.125000
0.707254 1.323180 -6.125000
0.574154 1.386132 -6.125000
0.435525 1.435734 -6.125000
0.292701 1.471509 -6.125000
0.147059 1.493113 -6.125000
0.000000 1.500338 -6.125000
-0.147059 1.493113 -6.125000
-0.292701 1.471509 -6.125000
-0.435525 1.435734 -6.125000
-0.574154 1.386132 -6.125000
-0.707254 1.323180 -6.125000
-0.833543 1.247485 -6.125000
-0.951804 1.159777 -6.125000
-1.060899 1.060899 -6.125000
-1.159777 0.951804 -6.125000
-1.247485 0.833543 -6.125000
-1.323180 0.707254 -6.125000
-1.386132 0.574154 -6.125000
-1.435734 0.435525 -6.125000
-1.471509 0.292701 -6.125000
-1.493113 0.147059 -6.125000
-1.500338 0.000000 -6.125000
-1.493113 -0.147059 -6.125000
-1.471509 -0.292701 -6.125000
-1.435734 -0.435525 -6.125000
-1.386132 -0.574154 -6.125000
-1.323180 -0.707254 -6.125000
-1.247485 -0.833543 -6.125000
-1.159777 -0.951804 -6.125000
-1.060899 -1.060899 -6.125000
-0.951804 -1.159777 -6.125000
-0.833543 -1.247485 -6.125000
-0.707254 -1.323180 -6.125000
-0.574154 -1.386132 -6.125000
-0.435525 -1.435734 -6.125000
-0.292701 -1.471509 -6.125000
-0.147059 -1.493113 -6.125000
-0.000000 -1.500338 -6.125000
0.147059 -1.493113 -6.125000
0.292701 -1.471509 -6.125000
0.435525 -1.435734 -6.125000
0.574154 -1.386132 -6.125000
0.707254 -1.323180 -6.125000
0.833543 -1.247485 -6.125000
0.951804 -1.159777 -6.125000
1.060899 -1.060899 -6.125000
1.159777 -0.951804 -6.125000
1.247485 -0.833543 -6.125000
1.323180 -0.707254 -6.125000
1.386132 -0.574154 -6.125000
1.435734 -0.435525 -6.125000
1.471509 -0.292701 -6.125000
1.493113 -0.147059 -6.125000
1.500494 0.000000 -6.000000
1.493268 0.147074 -6.000000
1.471662 0.292732 -6.000000
1.435883 0.435570 -6.000000
1.386275 0.574214 -6.000000
1.323317 0.707328 -6.000000
1.247615 0.833630 -6.000000
1.159897 0.951903 -6.000000
1.061009 1.061009 -6.000000
0.951903 1.159897 -6.000000
0.833630 1.247615 -6.000000
0.707328 1.323317 -6.000000
0.574214 1.386275 -6.000000
0.435570 1.435883 -6.000000
0.292732 1.471662 -6.000000
0.147074 1.493268 -6.000000
0.000000 1.500494 -6.000000
-0.147074 1.493268 -6.000000
-0.292732 1.471662 -6.000000
-0.435570 1.435883 -6.000000
-0.574214 1.386275 -6.000000
-0.707328 1.323317 -6.000000
-0.833630 1.247615 -6.000000
-0.951903 1.159897 -6.000000
-1.061009 1.061009 -6.000000
-1.159897 0.951903 -6.000000
-1.247615 0.833630 -6.000000
-1.323317 0.707328 -6.000000
-1.386275 0.574214 -6.000000
-1.435883 0.435570 -6.000000
-1.471662 0.292732 -6.000000
-1.493268 0.147074 -6.000000
-1.500494 0.000000 -6.000000
-1.493268 -0.147074 -6.000000
-1.471662 -0.292732 -6.000000
-1.435883 -0.435570 -6.000000
-1.386275 -0.574214 -6.000000
-1.323317 -0.707328 -6.000000
-1.247615 -0.833630 -6.000000
-1.159897 -0.951903 -6.000000
-1.061009 -1.061009 -6.000000
-0.951903 -1.159897 -6.000000
-0.833630 -1.247615 -6.000000
-0.707328 -1.323317 -6.000000
-0.574214 -1.386275 -6.000000
-0.435570 -1.435883 -6.000000
-0.292732 -1.471662 -6.000000
-0.147074 -1.493268 -6.000000
-0.000000 -1.500494 -6.000000
0.147074 -1.493268 -6.000000
0.292732 -1.471662 -6.000000
0.435570 -1.435883 -6.000000
0.574214 -1.386275 -6.000000
0.707328 -1.323317 -6.000000
0.833630 -1.247615 -6.000000
0.951903 -1.159897 -6.000000
1.061009 -1.061009 -6.000000
1.159897 -0.951903 -6.000000
1.247615 -0.833630 -6.000000
1.323317 -0.707328 -6.000000
1.386275 -0.574214 -6.000000
1.435883 -0.435570 -6.000000
1.471662 -0.292732 -6.000000
1.493268 -0.147074 -6.000000
1.500715 0.000000 -5.875000
1.493489 0.147096 -5.875000
1.471880 0.292775 -5.875000
1.436095 0.435635 -5.875000
1.386480 0.574299 -5.875000
1.323513 0.707432 -5.875000
1.247799 0.833753 -5.875000
1.160069 0.952044 -5.875000
1.061166 1.061166 -5.875000
0.952044 1.160069 -5.875000
0.833753 1.247799 -5.875000
0.707432 1.323513 -5.875000
0.574299 1.386480 -5.875000
0.435635 1.436095 -5.875000
0.292775 1.471880 -5.875000
0.147096 1.493489 -5.875000
0.000000 1.500715 -5.875000
-0.147096 1.493489 -5.875000
-0.292775 1.471880 -5.875000
-0.435635 1.436095 -5.875000
-0.574299 1.386480 -5.875000
-0.707432 1.323513 -5.875000
-0.833753 1.247799 -5.875000
-0.952044 1.160069 -5.875000
-1.061166 1.061166 -5.875000
-1.160069 0.952044 -5.875000
-1.247799 0.833753 -5.875000
-1.323513 0.707432 -5.875000
-1.386480 0.574299 -5.875000
-1.436095 0.435635 -5.875000
-1.471880 0.292775 -5.875000
-1.493489 0.147096 -5.875000
-1.500715 0.000000 -5.875000
-1.493489 -0.147096 -5.875000
-1.471880 -0.292775 -5.875000
-1.436095 -0.435635 -5.875000
-1.386480 -0.574299 -5.875000
-1.323513 -0.707432 -5.875000
-1.247799 -0.833753 -5.875000
-1.160069 -0.952044 -5.875000
-1.061166 -1.061166 -5.875000
-0.952044 -1.160069 -5.875000
-0.833753 -1.247799 -5.875000
-0.707432 -1.323513 -5.875000
-0.574299 -1.386480 -5.875000
-0.435635 -1.436095 -5.875000
-0.292775 -1.471880 -5.875000
-0.147096 -1.493489 -5.875000
-0.000000 -1.500715 -5.875000
0.147096 -1.493489 -5.875000
0.292775 -1.471880 -5.875000
0.435635 -1.436095 -5.875000
0.574299 -1.386480 -5.875000
0.707432 -1.323513 -5.875000
0.833753 -1.247799 -5.875000
0.952044 -1.160069 -5.875000
1.061166 -1.061166 -5.875000
1.160069 -0.952044 -5.875000
1.247799 -0.833753 -5.875000
1.323513 -0.707432 -5.875000
1.386480 -0.574299 -5.875000
1.436095 -0.435635 -5.875000
1.471880 -0.292775 -5.875000
1.493489 -0.147096 -5.875000
1.501029 0.000000 -5.750000
1.493801 0.147127 -5.750000
1.472187 0.292836 -5.750000
1.436395 0.435726 -5.750000
1.386770 0.574419 -5.750000
1.323789 0.707580 -5.750000
1.248060 0.833927 -5.750000
1.160311 0.952243 -5.750000
1.061388 1.061388 -5.750000
0.952243 1.160311 -5.750000
0.833927 1.248060 -5.750000
0.707580 1.323789 -5.750000
0.574419 1.386770 -5.750000
0.435726 1.436395 -5.750000
0.292836 1.472187 -5.750000
0.147127 1.493801 -5.750000
0.000000 1.501029 -5.750000
-0.147127 1.493801 -5.750000
-0.292836 1.472187 -5.750000
-0.435726 1.436395 -5.750000
-0.574419 1.386770 -5.750000
-0.707580 1.323789 -5.750000
-0.833927 1.248060 -5.750000
-0.952243 1.160311 -5.750000
-1.061388 1.061388 -5.750000
-1.160311 0.952243 -5.750000
-1.248060 0.833927 -5.750000
-1.323789 0.707580 -5.750000
-1.386770 0.574419 -5.750000
-1.436395 0.435726 -5.750000
-1.472187 0.292836 -5.750000
-1.493801 0.147127 -5.750000
-1.501029 0.000000 -5.750000
-1.493801 -0.147127 -5.750000
-1.472187 -0.292836 -5.750000
-1.436395 -0.435726 -5.750000
-1.386770 -0.574419 -5.750000
-1.323789 -0.707580 -5.750000
-1.248060 -0.833927 -5.750000
-1.160311 -0.952243 -5.750000
-1.061388 -1.061388 -5.750000
-0.952243 -1.160311 -5.750000
-0.833927 -1.248060 -5.750000
-0.707580 -1.323789 -5.750000
-0.574419 -1.386770 -5.750000
-0.435726 -1.436395 -5.750000
-0.292836 -1.472187 -5.750000
-0.147127 -1.493801 -5.750000
-0.000000 -1.501029 -5.750000
0.147127 -1.493801 -5.750000
0.292836 -1.472187 -5.750000
0.435726 -1.436395 -5.750000
0.574419 -1.386770 -5.750000
0.707580 -1.323789 -5.750000
0.833927 -1.248060 -5.750000
0.952243 -1.160311 -5.750000
1.061388 -1.061388 -5.750000
1.160311 -0.952243 -5.750000
1.248060 -0.833927 -5.750000
1.323789 -0.707580 -5.750000
1.386770 -0.574419 -5.750000
1.436395 -0.435726 -5.750000
1.472187 -0.292836 -5.750000
1.493801 -0.147127 -5.750000
1.501468 0.000000 -5.625000
1.494238 0.147170 -5.625000
1.472618 0.292922 -5.625000
1.436815 0.435853 -5.625000
1.387176 0.574587 -5.625000
1.324177 0.707787 -5.625000
1.248425 0.834171 -5.625000
1.160650 0.952521 -5.625000
1.061698 1.061698 -5.625000
0.952521 1.160650 -5.625000
0.834171 1.248425 -5.625000
0.707787 1.324177 -5.625000
0.574587 1.387176 -5.625000
0.435853 1.436815 -5.625000
0.292922 1.472618 -5.625000
0.147170 1.494238 -5.625000
0.000000 1.501468 -5.625000
-0.147170 1.494238 -5.625000
-0.292922 1.472618 -5.625000
-0.435853 1.436815 -5.625000
-0.574587 1.387176 -5.625000
-0.707787 1.324177 -5.625000
-0.834171 1.248425 -5.625000
-0.952521 1.160650 -5.625000
-1.061698 1.061698 -5.625000
-1.160650 0.952521 -5.625000
-1.248425 0.834171 -5.625000
-1.324177 0.707787 -5.625000
-1.387176 0.574587 -5.625000
-1.436815 0.435853 -5.625000
-1.472618 0.292922 -5.625000
-1.494238 0.147170 -5.625000
-1.501468 0.000000 -5.625000
-1.494238 -0.147170 -5.625000
-1.472618 -0.292922 -5.625000
-1.436815 -0.435853 -5.625000
-1.387176 -0.574587 -5.625000
-1.324177 -0.707787 -5.625000
-1.248425 -0.834171 -5.625000
-1.160650 -0.952521 -5.625000
-1.061698 -1.061698 -5.625000
-0.952521 -1.160650 -5.625000
-0.834171 -1.248425 -5.625000
-0.707787 -1.324177 -5.625000
-0.574587 -1.387176 -5.625000
-0.435853 -1.436815 -5.625000
-0.292922 -1.472618 -5.625000
-0.147170 -1.494238 -5.625000
-0.000000 -1.501468 -5.625000
0.147170 -1.494238 -5.625000
0.292922 -1.472618 -5.625000
0.435853 -1.436815 -5.625000
0.574587 -1.387176 -5.625000
0.707787 -1.324177 -5.625000
0.834171 -1.248425 -5.625000
0.952521 -1.160650 -5.625000
1.061698 -1.061698 -5.625000
1.160650 -0.952521 -5.625000
1.248425 -0.834171 -5.625000
1.324177 -0.707787 -5.625000
1.387176 -0.574587 -5.625000
1.436815 -0.435853 -5.625000
1.472618 -0.292922 -5.625000
1.494238 -0.147170 -5.625000
1.502078 0.000000 -5.500000
1.494845 0.147229 -5.500000
1.473216 0.293041 -5.500000
1.437399 0.436030 -5.500000
1.387739 0.574820 -5.500000
1.324715 0.708075 -5.500000
1.248932 0.834510 -5.500000
1.161122 0.952908 -5.500000
1.062130 1.062130 -5.500000
0.952908 1.161122 -5.500000
0.834510 1.248932 -5.500000
0.708075 1.324715 -5.500000
0.574820 1.387739 -5.500000
0.436030 1.437399 -5.500000
0.293041 1.473216 -5.500000
0.147229 1.494845 -5.500000
0.000000 1.502078 -5.500000
-0.147229 1.494845 -5.500000
-0.293041 1.473216 -5.500000
-0.436030 1.437399 -5.500000
-0.574820 1.387739 -5.500000
-0.708075 1.324715 -5.500000
-0.834510 1.248932 -5.500000
-0.952908 1.161122 -5.500000
-1.062130 1.062130 -5.500000
-1.161122 0.952908 -5.500000
-1.248932 0.834510 -5.500000
-1.324715 0.708075 -5.500000
-1.387739 0.574820 -5.500000
-1.437399 0.436030 -5.500000
-1.473216 0.293041 -5.500000
-1.494845 0.147229 -5.500000
-1.502078 0.000000 -5.500000
-1.494845 -0.147229 -5.500000
-1.473216 -0.293041 -5.500000
-1.437399 -0.436030 -5.500000
-1.387739 -0.574820 -5.500000
-1.324715 -0.708075 -5.500000
-1.248932 -0.834510 -5.500000
-1.161122 -0.952908 -5.500000
-1.062130 -1.062130 -5.500000
-0.952908 -1.161122 -5.500000
-0.834510 -1.248932 -5.500000
-0.708075 -1.324715 -5.500000
-0.574820 -1.387739 -5.500000
-0.436030 -1.437399 -5.500000
-0.293041 -1.473216 -5.500000
-0.147229 -1.494845 -5.500000
-0.000000 -1.502078 -5.500000
0.147229 -1.494845 -5.500000
0.293041 -1.473216 -5.500000
0.436030 -1.437399 -5.500000
0.574820 -1.387739 -5.500000
0.708075 -1.324715 -5.500000
0.834510 -1.248932 -5.500000
0.952908 -1.161122 -5.500000
1.062130 -1.062130 -5.500000
1.161122 -0.952908 -5.500000
1.248932 -0.834510 -5.500000
1.324715 -0.708075 -5.500000
1.387739 -0.574820 -5.500000
1.437399 -0.436030 -5.500000
1.473216 -0.293041 -5.500000
1.494845 -0.147229 -5.500000
1.502919 0.000000 -5.375000
1.495682 0.147312 -5.375000
1.474041 0.293205 -5.375000
1.438204 0.436274 -5.375000
1.388517 0.575142 -5.375000
1.325457 0.708471 -5.375000
1.249632 0.834977 -5.375000
1.161772 0.953442 -5.375000
1.062725 1.062725 -5.375000
0.953442 1.161772 -5.375000
0.834977 1.249632 -5.375000
0.708471 1.325457 -5.375000
0.575142 1.388517 -5.375000
0.436274 1.438204 -5.375000
0.293205 1.474041 -5.375000
0.147312 1.495682 -5.375000
0.000000 1.502919 -5.375000
-0.147312 1.495682 -5.375000
-0.293205 1.474041 -5.375000
-0.436274 1.438204 -5.375000
-0.575142 1.388517 -5.375000
-0.708471 1.325457 -5.375000
-0.834977 1.249632 -5.375000
-0.953442 1.161772 -5.375000
-1.062725 1.062725 -5.375000
-1.161772 0.953442 -5.375000
-1.249632 0.834977 -5.375000
-1.325457 0.708471 -5.375000
-1.388517 0.575142 -5.375000
-1.438204 0.436274 -5.375000
-1.474041 0.293205 -5.375000
-1.495682 0.147312 -5.375000
-1.502919 0.000000 -5.375000
-1.495682 -0.147312 -5.375000
-1.474041 -0.293205 -5.375000
-1.438204 -0.436274 -5.375000
-1.388517 -0.575142 -5.375000
-1.325457 -0.708471 -5.375000
-1.249632 -0.834977 -5.375000
-1.161772 -0.953442 -5.375000
-1.062725 -1.062725 -5.375000
-0.953442 -1.161772 -5.375000
-0.834977 -1.249632 -5.375000
-0.708471 -1.325457 -5.375000
-0.575142 -1.388517 -5.375000
-0.436274 -1.438204 -5.375000
-0.293205 -1.474041 -5.375000
-0.147312 -1.495682 -5.375000
-0.000000 -1.502919 -5.375000
0.147312 -1.495682 -5.375000
0.293205 -1.474041 -5.375000
0.436274 -1.438204 -5.375000
0.575142 -1.388517 -5.375000
0.708471 -1.325457 -5.375000
0.834977 -1.249632 -5.375000
0.953442 -1.161772 -5.375000
1.062725 -1.062725 -5.375000
1.161772 -0.953442 -5.375000
1.249632 -0.834977 -5.375000
1.325457 -0.708471 -5.375000
1.388517 -0.575142 -5.375000
1.438204 -0.436274 -5.375000
1.474041 -0.293205 -5.375000
1.495682 -0.147312 -5.375000
1.504069 0.000000 -5.250000
1.496827 0.147425 -5.250000
1.475169 0.293429 -5.250000
1.439304 0.436608 -5.250000
1.389579 0.575582 -5.250000
1.326471 0.709013 -5.250000
1.250588 0.835616 -5.250000
1.162661 0.954171 -5.250000
1.063537 1.063537 -5.250000
0.954171 1.162661 -5.250000
0.835616 1.250588 -5.250000
0.709013 1.326471 -5.250000
0.575582 1.389579 -5.250000
0.436608 1.439304 -5.250000
0.293429 1.475169 -5.250000
0.147425 1.496827 -5.250000
0.000000 1.504069 -5.250000
-0.147425 1.496827 -5.250000
-0.293429 1.475169 -5.250000
-0.436608 1.439304 -5.250000
-0.575582 1.389579 -5.250000
-0.709013 1.326471 -5.250000
-0.835616 1.250588 -5.250000
-0.954171 1.162661 -5.250000
-1.063537 1.063537 -5.250000
-1.162661 0.954171 -5.250000
-1.250588 0.835616 -5.250000
-1.326471 0.709013 -5.250000
-1.389579 0.575582 -5.250000
-1.439304 0.436608 -5.250000
-1.475169 0.293429 -5.250000
-1.496827 0.147425 -5.250000
-1.504069 0.000000 -5.250000
-1.496827 -0.147425 -5.250000
-1.475169 -0.293429 -5.250000
-1.439304 -0.436608 -5.250000
-1.389579 -0.575582 -5.250000
-1.326471 -0.709013 -5.250000
-1.250588 -0.835616 -5.250000
-1.162661 -0.954171 -5.250000
-1.063537 -1.063537 -5.250000
-0.954171 -1.162661 -5.250000
-0.835616 -1.250588 -5.250000
-0.709013 -1.326471 -5.250000
-0.575582 -1.389579 -5.250000
-0.436608 -1.439304 -5.250000
-0.293429 -1.475169 -5.250000
-0.147425 -1.496827 -5.250000
-0.000000 -1.504069 -5.250000
0.147425 -1.496827 -5.250000
0.293429 -1.475169 -5.250000
0.436608 -1.439304 -5.250000
0.575582 -1.389579 -5.250000
0.709013 -1.326471 -5.250000
0.835616 -1.250588 -5.250000
0.954171 -1.162661 -5.250000
1.063537 -1.063537 -5.250000
1.162661 -0.954171 -5.250000
1.250588 -0.835616 -5.250000
1.326471 -0.709013 -5.250000
1.389579 -0.575582 -5.250000
1.439304 -0.436608 -5.250000
1.475169 -0.293429 -5.250000
1.496827 -0.147425 -5.250000
1.505627 0.000000 -5.125000
1.498377 0.147577 -5.125000
1.476697 0.293733 -5.125000
1.440796 0.437061 -5.125000
1.391018 0.576179 -5.125000
1.327845 0.709748 -5.125000
1.251883 0.836482 -5.125000
1.163866 0.955160 -5.125000
1.064639 1.064639 -5.125000
0.955160 1.163866 -5.125000
0.836482 1.251883 -5.125000
0.709748 1.327845 -5.125000
0.576179 1.391018 -5.125000
0.437061 1.440796 -5.125000
0.293733 1.476697 -5.125000
0.147577 1.498377 -5.125000
0.000000 1.505627 -5.125000
-0.147577 1.498377 -5.125000
-0.293733 1.476697 -5.125000
-0.437061 1.440796 -5.125000
-0.576179 1.391018 -5.125000
-0.709748 1.327845 -5.125000
-0.836482 1.251883 -5.125000
-0.955160 1.163866 -5.125000
-1.064639 1.064639 -5.125000
-1.163866 0.955160 -5.125000
-1.251883 0.836482 -5.125000
-1.327845 0.709748 -5.125000
-1.391018 0.576179 -5.125000
-1.440796 0.437061 -5.125000
-1.476697 0.293733 -5.125000
-1.498377 0.147577 -5.125000
-1.505627 0.000000 -5.125000
-1.498377 -0.147577 -5.125000
-1.476697 -0.293733 -5.125000
-1.440796 -0.437061 -5.125000
-1.391018 -0.576179 -5.125000
-1.327845 -0.709748 -5.125000
-1.251883 -0.836482 -5.125000
-1.163866 -0.955160 -5.125000
-1.064639 -1.064639 -5.125000
-0.955160 -1.163866 -5.125000
-0.836482 -1.251883 -5.125000
-0.709748 -1.327845 -5.125000
-0.576179 -1.391018 -5.125000
-0.437061 -1.440796 -5.125000
-0.293733 -1.476697 -5.125000
-0.147577 -1.498377 -5.125000
-0.000000 -1.505627 -5.125000
0.147577 -1.498377 -5.125000
0.293733 -1.476697 -5.125000
0.437061 -1.440796 -5.125000
0.576179 -1.391018 -5.125000
0.709748 -1.327845 -5.125000
0.836482 -1.251883 -5.125000
0.955160 -1.163866 -5.125000
1.064639 -1.064639 -5.125000
1.163866 -0.955160 -5.125000
1.251883 -0.836482 -5.125000
1.327845 -0.709748 -5.125000
1.391018 -0.576179 -5.125000
1.440796 -0.437061 -5.125000
1.476697 -0.293733 -5.125000
1.498377 -0.147577 -5.125000
1.507722 0.000000 -5.000000
1.500462 0.147783 -5.000000
1.478751 0.294142 -5.000000
1.442800 0.437669 -5.000000
1.392953 0.576980 -5.000000
1.329692 0.710735 -5.000000
1.253625 0.837645 -5.000000
1.165485 0.956489 -5.000000
1.066120 1.066120 -5.000000
0.956489 1.165485 -5.000000
0.837645 1.253625 -5.000000
0.710735 1.329692 -5.000000
0.576980 1.392953 -5.000000
0.437669 1.442800 -5.000000
0.294142 1.478751 -5.000000
0.147783 1.500462 -5.000000
0.000000 1.507722 -5.000000
-0.147783 1.500462 -5.000000
-0.294142 1.478751 -5.000000
-0.437669 1.442800 -5.000000
-0.576980 1.392953 -5.000000
-0.710735 1.329692 -5.000000
-0.837645 1.253625 -5.000000
-0.956489 1.165485 -5.000000
-1.066120 1.066120 -5.000000
-1.165485 0.956489 -5.000000
-1.253625 0.837645 -5.000000
-1.329692 0.710735 -5.000000
-1.392953 0.576980 -5.000000
-1.442800 0.437669 -5.000000
-1.478751 0.294142 -5.000000
-1.500462 0.147783 -5.000000
-1.507722 0.000000 -5.000000
-1.500462 -0.147783 -5.000000
-1.478751 -0.294142 -5.000000
-1.442800 -0.437669 -5.000000
-1.392953 -0.576980 -5.000000
-1.329692 -0.710735 -5.000000
-1.253625 -0.837645 -5.000000
-1.165485 -0.956489 -5.000000
-1.066120 -1.066120 -5.000000
-0.956489 -1.165485 -5.000000
-0.837645 -1.253625 -5.000000
-0.710735 -1.329692 -5.000000
-0.576980 -1.392953 -5.000000
-0.437669 -1.442800 -5.000000
-0.294142 -1.478751 -5.000000
-0.147783 -1.500462 -5.000000
-0.000000 -1.507722 -5.000000
0.147783 -1.500462 -5.000000
0.294142 -1.478751 -5.000000
0.437669 -1.442800 -5.000000
0.576980 -1.392953 -5.000000
0.710735 -1.329692 -5.000000
0.837645 -1.253625 -5.000000
0.956489 -1.165485 -5.000000
1.066120 -1.066120 -5.000000
1.165485 -0.956489 -5.000000
1.253625 -0.837645 -5.000000
1.329692 -0.710735 -5.000000
1.392953 -0.576980 -5.000000
1.442800 -0.437669 -5.000000
1.478751 -0.294142 -5.000000
1.500462 -0.147783 -5.000000
1.510513 0.000000 -4.875000
1.503240 0.148056 -4.875000
1.481489 0.294687 -4.875000
1.445471 0.438479 -4.875000
1.395532 0.578048 -4.875000
1.332154 0.712051 -4.875000
1.255946 0.839196 -4.875000
1.167643 0.958260 -4.875000
1.068094 1.068094 -4.875000
0.958260 1.167643 -4.875000
0.839196 1.255946 -4.875000
0.712051 1.332154 -4.875000
0.578048 1.395532 -4.875000
0.438479 1.445471 -4.875000
0.294687 1.481489 -4.875000
0.148056 1.503240 -4.875000
0.000000 1.510513 -4.875000
-0.148056 1.503240 -4.875000
-0.294687 1.481489 -4.875000
-0.438479 1.445471 -4.875000
-0.578048 1.395532 -4.875000
-0.712051 1.332154 -4.875000
-0.839196 1.255946 -4.875000
-0.958260 1.167643 -4.875000
-1.068094 1.068094 -4.875000
-1.167643 0.958260 -4.875000
-1.255946 0.839196 -4.875000
-1.332154 0.712051 -4.875000
-1.395532 0.578048 -4.875000
-1.445471 0.438479 -4.875000
-1.481489 0.294687 -4.875000
-1.503240 0.148056 -4.875000
-1.510513 0.000000 -4.875000
-1.503240 -0.148056 -4.875000
-1.481489 -0.294687 -4.875000
-1.445471 -0.438479 -4.875000
-1.395532 -0.578048 -4.875000
-1.332154 -0.712051 -4.875000
-1.255946 -0.839196 -4.875000
-1.167643 -0.958260 -4.875000
-1.068094 -1.068094 -4.875000
-0.958260 -1.167643 -4.875000
-0.839196 -1.255946 -4.875000
-0.712051 -1.332154 -4.875000
-0.578048 -1.395532 -4.875000
-0.438479 -1.445471 -4.875000
-0.294687 -1.481489 -4.875000
-0.148056 -1.503240 -4.875000
-0.000000 -1.510513 -4.875000
0.148056 -1.503240 -4.875000
0.294687 -1.481489 -4.875000
0.438479 -1.445471 -4.875000
0.578048 -1.395532 -4.875000
0.712051 -1.332154 -4.875000
0.839196 -1.255946 -4.875000
0.958260 -1.167643 -4.875000
1.068094 -1.068094 -4.875000
1.167643 -0.958260 -4.875000
1.255946 -0.839196 -4.875000
1.332154 -0.712051 -4.875000
1.395532 -0.578048 -4.875000
1.445471 -0.438479 -4.875000
1.481489 -0.294687 -4.875000
1.503240 -0.148056 -4.875000
1.514203 0.000000 -4.750000
1.506911 0.148418 -4.750000
1.485108 0.295406 -4.750000
1.449002 0.439550 -4.750000
1.398941 0.579460 -4.750000
1.335407 0.713790 -4.750000
1.259013 0.841246 -4.750000
1.170494 0.960600 -4.750000
1.070703 1.070703 -4.750000
0.960600 1.170494 -4.750000
0.841246 1.259013 -4.750000
0.713790 1.335407 -4.750000
0.579460 1.398941 -4.750000
0.439550 1.449002 -4.750000
0.295406 1.485108 -4.750000
0.148418 1.506911 -4.750000
0.000000 1.514203 -4.750000
-0.148418 1.506911 -4.750000
-0.295406 1.485108 -4.750000
-0.439550 1.449002 -4.750000
-0.579460 1.398941 -4.750000
-0.713790 1.335407 -4.750000
-0.841246 1.259013 -4.750000
-0.960600 1.170494 -4.750000
-1.070703 1.070703 -4.750000
-1.170494 0.960600 -4.750000
-1.259013 0.841246 -4.750000
-1.335407 0.713790 -4.750000
-1.398941 0.579460 -4.750000
-1.449002 0.439550 -4.750000
-1.485108 0.295406 -4.750000
-1.506911 0.148418 -4.750000
-1.514203 0.000000 -4.750000
-1.506911 -0.148418 -4.750000
-1.485108 -0.295406 -4.750000
-1.449002 -0.439550 -4.750000
-1.398941 -0.579460 -4.750000
-1.335407 -0.713790 -4.750000
-1.259013 -0.841246 -4.750000
-1.170494 -0.960600 -4.750000
-1.070703 -1.070703 -4.750000
-0.960600 -1.170494 -4.750000
-0.841246 -1.259013 -4.750000
-0.713790 -1.335407 -4.750000
-0.579460 -1.398941 -4.750000
-0.439550 -1.449002 -4.750000
-0.295406 -1.485108 -4.750000
-0.148418 -1.506911 -4.750000
-0.000000 -1.514203 -4.750000
0.148418 -1.506911 -4.750000
0.295406 -1.485108 -4.750000
0.439550 -1.449002 -4.750000
0.579460 -1.398941 -4.750000
0.713790 -1.335407 -4.750000
0.841246 -1.259013 -4.750000
0.960600 -1.170494 -4.750000
1.070703 -1.070703 -4.750000
1.170494 -0.960600 -4.750000
1.259013 -0.841246 -4.750000
1.335407 -0.713790 -4.750000
1.398941 -0.579460 -4.750000
1.449002 -0.439550 -4.750000
1.485108 -0.295406 -4.750000
1.506911 -0.148418 -4.750000
1.519037 0.000000 -4.625000
1.511723 0.148892 -4.625000
1.489849 0.296349 -4.625000
1.453628 0.440953 -4.625000
1.403407 0.581310 -4.625000
1.339671 0.716069 -4.625000
1.263033 0.843932 -4.625000
1.174232 0.963667 -4.625000
1.074121 1.074121 -4.625000
0.963667 1.174232 -4.625000
0.843932 1.263033 -4.625000
0.716069 1.339671 -4.625000
0.581310 1.403407 -4.625000
0.440953 1.453628 -4.625000
0.296349 1.489849 -4.625000
0.148892 1.511723 -4.625000
0.000000 1.519037 -4.625000
-0.148892 1.511723 -4.625000
-0.296349 1.489849 -4.625000
-0.440953 1.453628 -4.625000
-0.581310 1.403407 -4.625000
-0.716069 1.339671 -4.625000
-0.843932 1.263033 -4.625000
-0.963667 1.174232 -4.625000
-1.074121 1.074121 -4.625000
-1.174232 0.963667 -4.625000
-1.263033 0.843932 -4.625000
-1.339671 0.716069 -4.625000
-1.403407 0.581310 -4.625000
-1.453628 0.440953 -4.625000
-1.489849 0.296349 -4.625000
-1.511723 0.148892 -4.625000
-1.519037 0.000000 -4.625000
-1.511723 -0.148892 -4.625000
-1.489849 -0.296349 -4.625000
-1.453628 -0.440953 -4.625000
-1.403407 -0.581310 -4.625000
-1.339671 -0.716069 -4.625000
-1.263033 -0.843932 -4.625000
-1.174232 -0.963667 -4.625000
-1.074121 -1.074121 -4.625000
-0.963667 -1.174232 -4.625000
-0.843932 -1.263033 -4.625000
-0.716069 -1.339671 -4.625000
-0.581310 -1.403407 -4.625000
-0.440953 -1.453628 -4.625000
-0.296349 -1.489849 -4.625000
-0.148892 -1.511723 -4.625000
-0.000000 -1.519037 -4.625000
0.148892 -1.511723 -4.625000
0.296349 -1.489849 -4.625000
0.440953 -1.453628 -4.625000
0.581310 -1.403407 -4.625000
0.716069 -1.339671 -4.625000
0.843932 -1.263033 -4.625000
0.963667 -1.174232 -4.625000
1.074121 -1.074121 -4.625000
1.174232 -0.963667 -4.625000
1.263033 -0.843932 -4.625000
1.339671 -0.716069 -4.625000
1.403407 -0.581310 -4.625000
1.453628 -0.440953 -4.625000
1.489849 -0.296349 -4.625000
1.511723 -0.148892 -4.625000
1.525319 0.000000 -4.500000
1.517974 0.149507 -4.500000
1.496010 0.297575 -4.500000
1.459639 0.442777 -4.500000
1.409211 0.583714 -4.500000
1.345211 0.719030 -4.500000
1.268256 0.847422 -4.500000
1.179087 0.967652 -4.500000
1.078563 1.078563 -4.500000
0.967652 1.179087 -4.500000
0.847422 1.268256 -4.500000
0.719030 1.345211 -4.500000
0.583714 1.409211 -4.500000
0.442777 1.459639 -4.500000
0.297575 1.496010 -4.500000
0.149507 1.517974 -4.500000
0.000000 1.525319 -4.500000
-0.149507 1.517974 -4.500000
-0.297575 1.496010 -4.500000
-0.442777 1.459639 -4.500000
-0.583714 1.409211 -4.500000
-0.719030 1.345211 -4.500000
-0.847422 1.268256 -4.500000
-0.967652 1.179087 -4.500000
-1.078563 1.078563 -4.500000
-1.179087 0.967652 -4.500000
-1.268256 0.847422 -4.500000
-1.345211 0.719030 -4.500000
-1.409211 0.583714 -4.500000
-1.459639 0.442777 -4.500000
-1.496010 0.297575 -4.500000
-1.517974 0.149507 -4.500000
-1.525319 0.000000 -4.500000
-1.517974 -0.149507 -4.500000
-1.496010 -0.297575 -4.500000
-1.459639 -0.442777 -4.500000
-1.409211 -0.583714 -4.500000
-1.345211 -0.719030 -4.500000
-1.268256 -0.847422 -4.500000
-1.179087 -0.967652 -4.500000
-1.078563 -1.078563 -4.500000
-0.967652 -1.179087 -4.500000
-0.847422 -1.268256 -4.500000
-0.719030 -1.345211 -4.500000
-0.583714 -1.409211 -4.500000
-0.442777 -1.459639 -4.500000
-0.297575 -1.496010 -4.500000
-0.149507 -1.517974 -4.500000
-0.000000 -1.525319 -4.500000
0.149507 -1.517974 -4.500000
0.297575 -1.496010 -4.500000
0.442777 -1.459639 -4.500000
0.583714 -1.409211 -4.500000
0.719030 -1.345211 -4.500000
0.847422 -1.268256 -4.500000
0.967652 -1.179087 -4.500000
1.078563 -1.078563 -4.500000
1.179087 -0.967652 -4.500000
1.268256 -0.847422 -4.500000
1.345211 -0.719030 -4.500000
1.409211 -0.583714 -4.500000
1.459639 -0.442777 -4.500000
1.496010 -0.297575 -4.500000
1.517974 -0.149507 -4.500000
1.533411 0.000000 -4.375000
1.526027 0.150301 -4.375000
1.503947 0.299154 -4.375000
1.467383 0.445126 -4.375000
1.416687 0.586811 -4.375000
1.352348 0.722845 -4.375000
1.274985 0.851918 -4.375000
1.185343 0.972786 -4.375000
1.084286 1.084286 -4.375000
0.972786 1.185343 -4.375000
0.851918 1.274985 -4.375000
0.722845 1.352348 -4.375000
0.586811 1.416687 -4.375000
0.445126 1.467383 -4.375000
0.299154 1.503947 -4.375000
0.150301 1.526027 -4.375000
0.000000 1.533411 -4.375000
-0.150301 1.526027 -4.375000
-0.299154 1.503947 -4.375000
-0.445126 1.467383 -4.375000
-0.586811 1.416687 -4.375000
-0.722845 1.352348 -4.375000
-0.851918 1.274985 -4.375000
-0.972786 1.185343 -4.375000
-1.084286 1.084286 -4.375000
-1.185343 0.972786 -4.375000
-1.274985 0.851918 -4.375000
-1.352348 0.722845 -4.375000
-1.416687 0.586811 -4.375000
-1.467383 0.445126 -4.375000
-1.503947 0.299154 -4.375000
-1.526027 0.150301 -4.375000
-1.533411 0.000000 -4.375000
-1.526027 -0.150301 -4.375000
-1.503947 -0.299154 -4.375000
-1.467383 -0.445126 -4.375000
-1.416687 -0.586811 -4.375000
-1.352348 -0.722845 -4.375000
-1.274985 -0.851918 -4.375000
-1.185343 -0.972786 -4.375000
-1.084286 -1.084286 -4.375000
-0.972786 -1.185343 -4.375000
-0.851918 -1.274985 -4.375000
-0.722845 -1.352348 -4.375000
-0.586811 -1.416687 -4.375000
-0.445126 -1.467383 -4.375000
-0.299154 -1.503947 -4.375000
-0.150301 -1.526027 -4.375000
-0.000000 -1.533411 -4.375000
0.150301 -1.526027 -4.375000
0.299154 -1.503947 -4.375000
0.445126 -1.467383 -4.375000
0.586811 -1.416687 -4.375000
0.722845 -1.352348 -4.375000
0.851918 -1.274985 -4.375000
0.972786 -1.185343 -4.375000
1.084286 -1.084286 -4.375000
1.185343 -0.972786 -4.375000
1.274985 -0.851918 -4.375000
1.352348 -0.722845 -4.375000
1.416687 -0.586811 -4.375000
1.467383 -0.445126 -4.375000
1.503947 -0.299154 -4.375000
1.526027 -0.150301 -4.375000
1.543747 0.000000 -4.250000
1.536314 0.151314 -4.250000
1.514084 0.301170 -4.250000
1.477274 0.448126 -4.250000
1.426236 0.590766 -4.250000
1.361463 0.727717 -4.250000
1.283579 0.857660 -4.250000
1.193333 0.979343 -4.250000
1.091594 1.091594 -4.250000
0.979343 1.193333 -4.250000
0.857660 1.283579 -4.250000
0.727717 1.361463 -4.250000
0.590766 1.426236 -4.250000
0.448126 1.477274 -4.250000
0.301170 1.514084 -4.250000
0.151314 1.536314 -4.250000
0.000000 1.543747 -4.250000
-0.151314 1.536314 -4.250000
-0.301170 1.514084 -4.250000
-0.448126 1.477274 -4.250000
-0.590766 1.426236 -4.250000
-0.727717 1.361463 -4.250000
-0.857660 1.283579 -4.250000
-0.979343 1.193333 -4.250000
-1.091594 1.091594 -4.250000
-1.193333 0.979343 -4.250000
-1.283579 0.857660 -4.250000
-1.361463 0.727717 -4.250000
-1.426236 0.590766 -4.250000
-1.477274 0.448126 -4.250000
-1.514084 0.301170 -4.250000
-1.536314 0.151314 -4.250000
-1.543747 0.000000 -4.250000
-1.536314 -0.151314 -4.250000
-1.514084 -0.301170 -4.250000
-1.477274 -0.448126 -4.250000
-1.426236 -0.590766 -4.250000
-1.361463 -0.727717 -4.250000
-1.283579 -0.857660 -4.250000
-1.193333 -0.979343 -4.250000
-1.091594 -1.091594 -4.250000
-0.979343 -1.193333 -4.250000
-0.857660 -1.283579 -4.250000
-0.727717 -1.361463 -4.250000
-0.590766 -1.426236 -4.250000
-0.448126 -1.477274 -4.250000
-0.301170 -1.514084 -4.250000
-0.151314 -1.536314 -4.250000
-0.000000 -1.543747 -4.250000
0.151314 -1.536314 -4.250000
0.301170 -1.514084 -4.250000
0.448126 -1.477274 -4.250000
0.590766 -1.426236 -4.250000
0.727717 -1.361463 -4.250000
0.857660 -1.283579 -4.250000
0.979343 -1.193333 -4.250000
1.091594 -1.091594 -4.250000
1.193333 -0.979343 -4.250000
1.283579 -0.857660 -4.250000
1.361463 -0.727717 -4.250000
1.426236 -0.590766 -4.250000
1.477274 -0.448126 -4.250000
1.514084 -0.301170 -4.250000
1.536314 -0.151314 -4.250000
1.556834 0.000000 -4.125000
1.549338 0.152596 -4.125000
1.526920 0.303723 -4.125000
1.489798 0.451925 -4.125000
1.438328 0.595775 -4.125000
1.373005 0.733887 -4.125000
1.294461 0.864931 -4.125000
1.203449 0.987645 -4.125000
1.100848 1.100848 -4.125000
0.987645 1.203449 -4.125000
0.864931 1.294461 -4.125000
0.733887 1.373005 -4.125000
0.595775 1.438328 -4.125000
0.451925 1.489798 -4.125000
0.303723 1.526920 -4.125000
0.152596 1.549338 -4.125000
0.000000 1.556834 -4.125000
-0.152596 1.549338 -4.125000
-0.303723 1.526920 -4.125000
-0.451925 1.489798 -4.125000
-0.595775 1.438328 -4.125000
-0.733887 1.373005 -4.125000
-0.864931 1.294461 -4.125000
-0.987645 1.203449 -4.125000
-1.100848 1.100848 -4.125000
-1.203449 0.987645 -4.125000
-1.294461 0.864931 -4.125000
-1.373005 0.733887 -4.125000
-1.438328 0.595775 -4.125000
-1.489798 0.451925 -4.125000
-1.526920 0.303723 -4.125000
-1.549338 0.152596 -4.125000
-1.556834 0.000000 -4.125000
-1.549338 -0.152596 -4.125000
-1.526920 -0.303723 -4.125000
-1.489798 -0.451925 -4.125000
-1.438328 -0.595775 -4.125000
-1.373005 -0.733887 -4.125000
-1.294461 -0.864931 -4.125000
-1.203449 -0.987645 -4.125000
-1.100848 -1.100848 -4.125000
-0.987645 -1.203449 -4.125000
-0.864931 -1.294461 -4.125000
-0.733887 -1.373005 -4.125000
-0.595775 -1.438328 -4.125000
-0.451925 -1.489798 -4.125000
-0.303723 -1.526920 -4.125000
-0.152596 -1.549338 -4.125000
-0.000000 -1.556834 -4.125000
0.152596 -1.549338 -4.125000
0.303723 -1.526920 -4.125000
0.451925 -1.489798 -4.125000
0.595775 -1.438328 -4.125000
0.733887 -1.373005 -4.125000
0.864931 -1.294461 -4.125000
0.987645 -1.203449 -4.125000
1.100848 -1.100848 -4.125000
1.203449 -0.987645 -4.125000
1.294461 -0.864931 -4.125000
1.373005 -0.733887 -4.125000
1.438328 -0.595775 -4.125000
1.489798 -0.451925 -4.125000
1.526920 -0.303723 -4.125000
1.549338 -0.152596 -4.125000
1.573263 0.000000 -4.000000
1.565687 0.154207 -4.000000
1.543033 0.306928 -4.000000
1.505518 0.456694 -4.000000
1.453505 0.602062 -4.000000
1.387494 0.741631 -4.000000
1.308120 0.874058 -4.000000
1.216148 0.998067 -4.000000
1.112465 1.112465 -4.000000
0.998067 1.216148 -4.000000
0.874058 1.308120 -4.000000
0.741631 1.387494 -4.000000
0.602062 1.453505 -4.000000
0.456694 1.505518 -4.000000
0.306928 1.543033 -4.000000
0.154207 1.565687 -4.000000
0.000000 1.573263 -4.000000
-0.154207 1.565687 -4.000000
-0.306928 1.543033 -4.000000
-0.456694 1.505518 -4.000000
-0.602062 1.453505 -4.000000
-0.741631 1.387494 -4.000000
-0.874058 1.308120 -4.000000
-0.998067 1.216148 -4.000000
-1.112465 1.112465 -4.000000
-1.216148 0.998067 -4.000000
-1.308120 0.874058 -4.000000
-1.387494 0.741631 -4.000000
-1.453505 0.602062 -4.000000
-1.505518 0.456694 -4.000000
-1.543033 0.306928 -4.000000
-1.565687 0.154207 -4.000000
-1.573263 0.000000 -4.000000
-1.565687 -0.154207 -4.000000
-1.543033 -0.306928 -4.000000
-1.505518 -0.456694 -4.000000
-1.453505 -0.602062 -4.000000
-1.387494 -0.741631 -4.000000
-1.308120 -0.874058 -4.000000
-1.216148 -0.998067 -4.000000
-1.112465 -1.112465 -4.000000
-0.998067 -1.216148 -4.000000
-0.874058 -1.308120 -4.000000
-0.741631 -1.387494 -4.000000
-0.602062 -1.453505 -4.000000
-0.456694 -1.505518 -4.000000
-0.306928 -1.543033 -4.000000
-0.154207 -1.565687 -4.000000
-0.000000 -1.573263 -4.000000
0.154207 -1.565687 -4.000000
0.306928 -1.543033 -4.000000
0.456694 -1.505518 -4.000000
0.602062 -1.453505 -4.000000
0.741631 -1.387494 -4.000000
0.874058 -1.308120 -4.000000
0.998067 -1.216148 -4.000000
1.112465 -1.112465 -4.000000
1.216148 -0.998067 -4.000000
1.308120 -0.874058 -4.000000
1.387494 -0.741631 -4.000000
1.453505 -0.602062 -4.000000
1.505518 -0.456694 -4.000000
1.543033 -0.306928 -4.000000
1.565687 -0.154207 -4.000000
1.593704 0.000000 -3.875000
1.586030 0.156210 -3.875000
1.563082 0.310916 -3.875000
1.525080 0.462628 -3.875000
1.472391 0.609884 -3.875000
1.405522 0.751267 -3.875000
1.325117 0.885415 -3.875000
1.231950 1.011035 -3.875000
1.126919 1.126919 -3.875000
1.011035 1.231950 -3.875000
0.885415 1.325117 -3.875000
0.751267 1.405522 -3.875000
0.609884 1.472391 -3.875000
0.462628 1.525080 -3.875000
0.310916 1.563082 -3.875000
0.156210 1.586030 -3.875000
0.000000 1.593704 -3.875000
-0.156210 1.586030 -3.875000
-0.310916 1.563082 -3.875000
-0.462628 1.525080 -3.875000
-0.609884 1.472391 -3.875000
-0.751267 1.405522 -3.875000
-0.885415 1.325117 -3.875000
-1.011035 1.231950 -3.875000
-1.126919 1.126919 -3.875000
-1.231950 1.011035 -3.875000
-1.325117 0.885415 -3.875000
-1.405522 0.751267 -3.875000
-1.472391 0.609884 -3.875000
-1.525080 0.462628 -3.875000
-1.563082 0.310916 -3.875000
-1.586030 0.156210 -3.875000
-1.593704 0.000000 -3.875000
-1.586030 -0.156210 -3.875000
-1.563082 -0.310916 -3.875000
-1.525080 -0.462628 -3.875000
-1.472391 -0.609884 -3.875000
-1.405522 -0.751267 -3.875000
-1.325117 -0.885415 -3.875000
-1.231950 -1.011035 -3.875000
-1.126919 -1.126919 -3.875000
-1.011035 -1.231950 -3.875000
-0.885415 -1.325117 -3.875000
-0.751267 -1.405522 -3.875000
-0.609884 -1.472391 -3.875000
-0.462628 -1.525080 -3.875000
-0.310916 -1.563082 -3.875000
-0.156210 -1.586030 -3.875000
-0.000000 -1.593704 -3.875000
0.156210 -1.586030 -3.875000
0.310916 -1.563082 -3.875000
0.462628 -1.525080 -3.875000
0.609884 -1.472391 -3.875000
0.751267 -1.405522 -3.875000
0.885415 -1.325117 -3.875000
1.011035 -1.231950 -3.875000
1.126919 -1.126919 -3.875000
1.231950 -1.011035 -3.875000
1.325117 -0.885415 -3.875000
1.405522 -0.751267 -3.875000
1.472391 -0.609884 -3.875000
1.525080 -0.462628 -3.875000
1.563082 -0.310916 -3.875000
1.586030 -0.156210 -3.875000
1.618917 0.000000 -3.750000
1.611121 0.158682 -3.750000
1.587810 0.315835 -3.750000
1.549207 0.469947 -3.750000
1.495684 0.619533 -3.750000
1.427757 0.763152 -3.750000
1.346080 0.899422 -3.750000
1.251440 1.027030 -3.750000
1.144747 1.144747 -3.750000
1.027030 1.251440 -3.750000
0.899422 1.346080 -3.750000
0.763152 1.427757 -3.750000
0.619533 1.495684 -3.750000
0.469947 1.549207 -3.750000
0.315835 1.587810 -3.750000
0.158682 1.611121 -3.750000
0.000000 1.618917 -3.750000
-0.158682 1.611121 -3.750000
-0.315835 1.587810 -3.750000
-0.469947 1.549207 -3.750000
-0.619533 1.495684 -3.750000
-0.763152 1.427757 -3.750000
-0.899422 1.346080 -3.750000
-1.027030 1.251440 -3.750000
-1.144747 1.144747 -3.750000
-1.251440 1.027030 -3.750000
-1.346080 0.899422 -3.750000
-1.427757 0.763152 -3.750000
-1.495684 0.619533 -3.750000
-1.549207 0.469947 -3.750000
-1.587810 0.315835 -3.750000
-1.611121 0.158682 -3.750000
-1.618917 0.000000 -3.750000
-1.611121 -0.158682 -3.750000
-1.587810 -0.315835 -3.750000
-1.549207 -0.469947 -3.750000
-1.495684 -0.619533 -3.750000
-1.427757 -0.763152 -3.750000
-1.346080 -0.899422 -3.750000
-1.251440 -1.027030 -3.750000
-1.144747 -1.144747 -3.750000
-1.027030 -1.251440 -3.750000
-0.899422 -1.346080 -3.750000
-0.763152 -1.427757 -3.750000
-0.619533 -1.495684 -3.750000
-0.469947 -1.549207 -3.750000
-0.315835 -1.587810 -3.750000
-0.158682 -1.611121 -3.750000
-0.000000 -1.618917 -3.750000
0.158682 -1.611121 -3.750000
0.315835 -1.587810 -3.750000
0.469947 -1.549207 -3.750000
0.619533 -1.495684 -3.750000
0.763152 -1.427757 -3.750000
0.899422 -1.346080 -3.750000
1.027030 -1.251440 -3.750000
1.144747 -1.144747 -3.750000
1.251440 -1.027030 -3.750000
1.346080 -0.899422 -3.750000
1.427757 -0.763152 -3.750000
1.495684 -0.619533 -3.750000
1.549207 -0.469947 -3.750000
1.587810 -0.315835 -3.750000
1.611121 -0.158682 -3.750000
1.649739 0.000000 -3.625000
1.641795 0.161703 -3.625000
1.618040 0.321848 -3.625000
1.578702 0.478894 -3.625000
1.524160 0.631328 -3.625000
1.454940 0.777682 -3.625000
1.371708 0.916546 -3.625000
1.275265 1.046583 -3.625000
1.166542 1.166542 -3.625000
1.046583 1.275265 -3.625000
0.916546 1.371708 -3.625000
0.777682 1.454940 -3.625000
0.631328 1.524160 -3.625000
0.478894 1.578702 -3.625000
0.321848 1.618040 -3.625000
0.161703 1.641795 -3.625000
0.000000 1.649739 -3.625000
-0.161703 1.641795 -3.625000
-0.321848 1.618040 -3.625000
-0.478894 1.578702 -3.625000
-0.631328 1.524160 -3.625000
-0.777682 1.454940 -3.625000
-0.916546 1.371708 -3.625000
-1.046583 1.275265 -3.625000
-1.166542 1.166542 -3.625000
-1.275265 1.046583 -3.625000
-1.371708 0.916546 -3.625000
-1.454940 0.777682 -3.625000
-1.524160 0.631328 -3.625000
-1.578702 0.478894 -3.625000
-1.618040 0.321848 -3.625000
-1.641795 0.161703 -3.625000
-1.649739 0.000000 -3.625000
-1.641795 -0.161703 -3.625000
-1.618040 -0.321848 -3.625000
-1.578702 -0.478894 -3.625000
-1.524160 -0.631328 -3.625000
-1.454940 -0.777682 -3.625000
-1.371708 -0.916546 -3.625000
-1.275265 -1.046583 -3.625000
-1.166542 -1.166542 -3.625000
-1.046583 -1.275265 -3.625000
-0.916546 -1.371708 -3.625000
-0.777682 -1.454940 -3.625000
-0.631328 -1.524160 -3.625000
-0.478894 -1.578702 -3.625000
-0.321848 -1.618040 -3.625000
-0.161703 -1.641795 -3.625000
-0.000000 -1.649739 -3.625000
0.161703 -1.641795 -3.625000
0.321848 -1.618040 -3.625000
0.478894 -1.578702 -3.625000
0.631328 -1.524160 -3.625000
0.777682 -1.454940 -3.625000
0.916546 -1.371708 -3.625000
1.046583 -1.275265 -3.625000
1.166542 -1.166542 -3.625000
1.275265 -1.046583 -3.625000
1.371708 -0.916546 -3.625000
1.454940 -0.777682 -3.625000
1.524160 -0.631328 -3.625000
1.578702 -0.478894 -3.625000
1.618040 -0.321848 -3.625000
1.641795 -0.161703 -3.625000
1.687082 0.000000 -3.500000
1.678959 0.165363 -3.500000
1.654666 0.329133 -3.500000
1.614437 0.489734 -3.500000
1.558661 0.645619 -3.500000
1.487874 0.795285 -3.500000
1.402758 0.937293 -3.500000
1.304132 1.070274 -3.500000
1.192947 1.192947 -3.500000
1.070274 1.304132 -3.500000
0.937293 1.402758 -3.500000
0.795285 1.487874 -3.500000
0.645619 1.558661 -3.500000
0.489734 1.614437 -3.500000
0.329133 1.654666 -3.500000
0.165363 1.678959 -3.500000
0.000000 1.687082 -3.500000
-0.165363 1.678959 -3.500000
-0.329133 1.654666 -3.500000
-0.489734 1.614437 -3.500000
-0.645619 1.558661 -3.500000
-0.795285 1.487874 -3.500000
-0.937293 1.402758 -3.500000
-1.070274 1.304132 -3.500000
-1.192947 1.192947 -3.500000
-1.304132 1.070274 -3.500000
-1.402758 0.937293 -3.500000
-1.487874 0.795285 -3.500000
-1.558661 0.645619 -3.500000
-1.614437 0.489734 -3.500000
-1.654666 0.329133 -3.500000
-1.678959 0.165363 -3.500000
-1.687082 0.000000 -3.500000
-1.678959 -0.165363 -3.500000
-1.654666 -0.329133 -3.500000
-1.614437 -0.489734 -3.500000
-1.558661 -0.645619 -3.500000
-1.487874 -0.795285 -3.500000
-1.402758 -0.937293 -3.500000
-1.304132 -1.070274 -3.500000
-1.192947 -1.192947 -3.500000
-1.070274 -1.304132 -3.500000
-0.937293 -1.402758 -3.500000
-0.795285 -1.487874 -3.500000
-0.645619 -1.558661 -3.500000
-0.489734 -1.614437 -3.500000
-0.329133 -1.654666 -3.500000
-0.165363 -1.678959 -3.500000
-0.000000 -1.687082 -3.500000
0.165363 -1.678959 -3.500000
0.329133 -1.654666 -3.500000
0.489734 -1.614437 -3.500000
0.645619 -1.558661 -3.500000
0.795285 -1.487874 -3.500000
0.937293 -1.402758 -3.500000
1.070274 -1.304132 -3.500000
1.192947 -1.192947 -3.500000
1.304132 -1.070274 -3.500000
1.402758 -0.937293 -3.500000
1.487874 -0.795285 -3.500000
1.558661 -0.645619 -3.500000
1.614437 -0.489734 -3.500000
1.654666 -0.329133 -3.500000
1.678959 -0.165363 -3.500000
1.731920 0.000000 -3.375000
1.723581 0.169758 -3.375000
1.698642 0.337881 -3.375000
1.657344 0.502750 -3.375000
1.600086 0.662777 -3.375000
1.527417 0.816422 -3.375000
1.440039 0.962203 -3.375000
1.338792 1.098719 -3.375000
1.224653 1.224653 -3.375000
1.098719 1.338792 -3.375000
0.962203 1.440039 -3.375000
0.816422 1.527417 -3.375000
0.662777 1.600086 -3.375000
0.502750 1.657344 -3.375000
0.337881 1.698642 -3.375000
0.169758 1.723581 -3.375000
0.000000 1.731920 -3.375000
-0.169758 1.723581 -3.375000
-0.337881 1.698642 -3.375000
-0.502750 1.657344 -3.375000
-0.662777 1.600086 -3.375000
-0.816422 1.527417 -3.375000
-0.962203 1.440039 -3.375000
-1.098719 1.338792 -3.375000
-1.224653 1.224653 -3.375000
-1.338792 1.098719 -3.375000
-1.440039 0.962203 -3.375000
-1.527417 0.816422 -3.375000
-1.600086 0.662777 -3.375000
-1.657344 0.502750 -3.375000
-1.698642 0.337881 -3.375000
-1.723581 0.169758 -3.375000
-1.731920 0.000000 -3.375000
-1.723581 -0.169758 -3.375000
-1.698642 -0.337881 -3.375000
-1.657344 -0.502750 -3.375000
-1.600086 -0.662777 -3.375000
-1.527417 -0.816422 -3.375000
-1.440039 -0.962203 -3.375000
-1.338792 -1.098719 -3.375000
-1.224653 -1.224653 -3.375000
-1.098719 -1.338792 -3.375000
-0.962203 -1.440039 -3.375000
-0.816422 -1.527417 -3.375000
-0.662777 -1.600086 -3.375000
-0.502750 -1.657344 -3.375000
-0.337881 -1.698642 -3.375000
-0.169758 -1.723581 -3.375000
-0.000000 -1.731920 -3.375000
0.169758 -1.723581 -3.375000
0.337881 -1.698642 -3.375000
0.502750 -1.657344 -3.375000
0.662777 -1.600086 -3.375000
0.816422 -1.527417 -3.375000
0.962203 -1.440039 -3.375000
1.098719 -1.338792 -3.375000
1.224653 -1.224653 -3.375000
1.338792 -1.098719 -3.375000
1.440039 -0.962203 -3.375000
1.527417 -0.816422 -3.375000
1.600086 -0.662777 -3.375000
1.657344 -0.502750 -3.375000
1.698642 -0.337881 -3.375000
1.723581 -0.169758 -3.375000
1.785267 0.000000 -3.250000
1.776670 0.174987 -3.250000
1.750963 0.348288 -3.250000
1.708394 0.518236 -3.250000
1.649371 0.683192 -3.250000
1.574465 0.841569 -3.250000
1.484395 0.991841 -3.250000
1.380030 1.132561 -3.250000
1.262374 1.262374 -3.250000
1.132561 1.380030 -3.250000
0.991841 1.484395 -3.250000
0.841569 1.574465 -3.250000
0.683192 1.649371 -3.250000
0.518236 1.708394 -3.250000
0.348288 1.750963 -3.250000
0.174987 1.776670 -3.250000
0.000000 1.785267 -3.250000
-0.174987 1.776670 -3.250000
-0.348288 1.750963 -3.250000
-0.518236 1.708394 -3.250000
-0.683192 1.649371 -3.250000
-0.841569 1.574465 -3.250000
-0.991841 1.484395 -3.250000
-1.132561 1.380030 -3.250000
-1.262374 1.262374 -3.250000
-1.380030 1.132561 -3.250000
-1.484395 0.991841 -3.250000
-1.574465 0.841569 -3.250000
-1.649371 0.683192 -3.250000
-1.708394 0.518236 -3.250000
-1.750963 0.348288 -3.250000
-1.776670 0.174987 -3.250000
-1.785267 0.000000 -3.250000
-1.776670 -0.174987 -3.250000
-1.750963 -0.348288 -3.250000
-1.708394 -0.518236 -3.250000
-1.649371 -0.683192 -3.250000
-1.574465 -0.841569 -3.250000
-1.484395 -0.991841 -3.250000
-1.380030 -1.132561 -3.250000
-1.262374 -1.262374 -3.250000
-1.132561 -1.380030 -3.250000
-0.991841 -1.484395 -3.250000
-0.841569 -1.574465 -3.250000
-0.683192 -1.649371 -3.250000
-0.518236 -1.708394 -3.250000
-0.348288 -1.750963 -3.250000
-0.174987 -1.776670 -3.250000
-0.000000 -1.785267 -3.250000
0.174987 -1.776670 -3.250000
0.348288 -1.750963 -3.250000
0.518236 -1.708394 -3.250000
0.683192 -1.649371 -3.250000
0.841569 -1.574465 -3.250000
0.991841 -1.484395 -3.250000
1.132561 -1.380030 -3.250000
1.262374 -1.262374 -3.250000
1.380030 -1.132561 -3.250000
1.484395 -0.991841 -3.250000
1.574465 -0.841569 -3.250000
1.649371 -0.683192 -3.250000
1.708394 -0.518236 -3.250000
1.750963 -0.348288 -3.250000
1.776670 -0.174987 -3.250000
1.848153 0.000000 -3.125000
1.839254 0.181151 -3.125000
1.812642 0.360557 -3.125000
1.768573 0.536491 -3.125000
1.707471 0.707258 -3.125000
1.629926 0.871214 -3.125000
1.536683 1.026779 -3.125000
1.428642 1.172456 -3.125000
1.306842 1.306842 -3.125000
1.172456 1.428642 -3.125000
1.026779 1.536683 -3.125000
0.871214 1.629926 -3.125000
0.707258 1.707471 -3.125000
0.536491 1.768573 -3.125000
0.360557 1.812642 -3.125000
0.181151 1.839254 -3.125000
0.000000 1.848153 -3.125000
-0.181151 1.839254 -3.125000
-0.360557 1.812642 -3.125000
-0.536491 1.768573 -3.125000
-0.707258 1.707471 -3.125000
-0.871214 1.629926 -3.125000
-1.026779 1.536683 -3.125000
-1.172456 1.428642 -3.125000
-1.306842 1.306842 -3.125000
-1.428642 1.172456 -3.125000
-1.536683 1.026779 -3.125000
-1.629926 0.871214 -3.125000
-1.707471 0.707258 -3.125000
-1.768573 0.536491 -3.125000
-1.812642 0.360557 -3.125000
-1.839254 0.181151 -3.125000
-1.848153 0.000000 -3.125000
-1.839254 -0.181151 -3.125000
-1.812642 -0.360557 -3.125000
-1.768573 -0.536491 -3.125000
-1.707471 -0.707258 -3.125000
-1.629926 -0.871214 -3.125000
-1.536683 -1.026779 -3.125000
-1.428642 -1.172456 -3.125000
-1.306842 -1.306842 -3.125000
-1.172456 -1.428642 -3.125000
-1.026779 -1.536683 -3.125000
-0.871214 -1.629926 -3.125000
-0.707258 -1.707471 -3.125000
-0.536491 -1.768573 -3.125000
-0.360557 -1.812642 -3.125000
-0.181151 -1.839254 -3.125000
-0.000000 -1.848153 -3.125000
0.181151 -1.839254 -3.125000
0.360557 -1.812642 -3.125000
0.536491 -1.768573 -3.125000
0.707258 -1.707471 -3.125000
0.871214 -1.629926 -3.125000
1.026779 -1.536683 -3.125000
1.172456 -1.428642 -3.125000
1.306842 -1.306842 -3.125000
1.428642 -1.172456 -3.125000
1.536683 -1.026779 -3.125000
1.629926 -0.871214 -3.125000
1.707471 -0.707258 -3.125000
1.768573 -0.536491 -3.125000
1.812642 -0.360557 -3.125000
1.839254 -0.181151 -3.125000
1.921597 0.000000 -3.000000
1.912344 0.188349 -3.000000
1.884674 0.374885 -3.000000
1.838854 0.557810 -3.000000
1.775324 0.735363 -3.000000
1.694697 0.905835 -3.000000
1.597749 1.067582 -3.000000
1.485414 1.219048 -3.000000
1.358774 1.358774 -3.000000
1.219048 1.485414 -3.000000
1.067582 1.597749 -3.000000
0.905835 1.694697 -3.000000
0.735363 1.775324 -3.000000
0.557810 1.838854 -3.000000
0.374885 1.884674 -3.000000
0.188349 1.912344 -3.000000
0.000000 1.921597 -3.000000
-0.188349 1.912344 -3.000000
-0.374885 1.884674 -3.000000
-0.557810 1.838854 -3.000000
-0.735363 1.775324 -3.000000
-0.905835 1.694697 -3.000000
-1.067582 1.597749 -3.000000
-1.219048 1.485414 -3.000000
-1.358774 1.358774 -3.000000
-1.485414 1.219048 -3.000000
-1.597749 1.067582 -3.000000
-1.694697 0.905835 -3.000000
-1.775324 0.735363 -3.000000
-1.838854 0.557810 -3.000000
-1.884674 0.374885 -3.000000
-1.912344 0.188349 -3.000000
-1.921597 0.000000 -3.000000
-1.912344 -0.188349 -3.000000
-1.884674 -0.374885 -3.000000
-1.838854 -0.557810 -3.000000
-1.775324 -0.735363 -3.000000
-1.694697 -0.905835 -3.000000
-1.597749 -1.067582 -3.000000
-1.485414 -1.219048 -3.000000
-1.358774 -1.358774 -3.000000
-1.219048 -1.485414 -3.000000
-1.067582 -1.597749 -3.000000
-0.905835 -1.694697 -3.000000
-0.735363 -1.775324 -3.000000
-0.557810 -1.838854 -3.000000
-0.374885 -1.884674 -3.000000
-0.188349 -1.912344 -3.000000
-0.000000 -1.921597 -3.000000
0.188349 -1.912344 -3.000000
0.374885 -1.884674 -3.000000
0.557810 -1.838854 -3.000000
0.735363 -1.775324 -3.000000
0.905835 -1.694697 -3.000000
1.067582 -1.597749 -3.000000
1.219048 -1.485414 -3.000000
1.358774 -1.358774 -3.000000
1.485414 -1.219048 -3.000000
1.597749 -1.067582 -3.000000
1.694697 -0.905835 -3.000000
1.775324 -0.735363 -3.000000
1.838854 -0.557810 -3.000000
1.884674 -0.374885 -3.000000
1.912344 -0.188349 -3.000000
2.006560 0.000000 -2.875000
1.996898 0.196677 -2.875000
1.968005 0.391460 -2.875000
1.920158 0.582474 -2.875000
1.853820 0.767877 -2.875000
1.769628 0.945886 -2.875000
1.668394 1.114785 -2.875000
1.551092 1.272948 -2.875000
1.418852 1.418852 -2.875000
1.272948 1.551092 -2.875000
1.114785 1.668394 -2.875000
0.945886 1.769628 -2.875000
0.767877 1.853820 -2.875000
0.582474 1.920158 -2.875000
0.391460 1.968005 -2.875000
0.196677 1.996898 -2.875000
0.000000 2.006560 -2.875000
-0.196677 1.996898 -2.875000
-0.391460 1.968005 -2.875000
-0.582474 1.920158 -2.875000
-0.767877 1.853820 -2.875000
-0.945886 1.769628 -2.875000
-1.114785 1.668394 -2.875000
-1.272948 1.551092 -2.875000
-1.418852 1.418852 -2.875000
-1.551092 1.272948 -2.875000
-1.668394 1.114785 -2.875000
-1.769628 0.945886 -2.875000
-1.853820 0.767877 -2.875000
-1.920158 0.582474 -2.875000
-1.968005 0.391460 -2.875000
-1.996898 0.196677 -2.875000
-2.006560 0.000000 -2.875000
-1.996898 -0.196677 -2.875000
-1.968005 -0.391460 -2.875000
-1.920158 -0.582474 -2.875000
-1.853820 -0.767877 -2.875000
-1.769628 -0.945886 -2.875000
-1.668394 -1.114785 -2.875000
-1.551092 -1.272948 -2.875000
-1.418852 -1.418852 -2.875000
-1.272948 -1.551092 -2.875000
-1.114785 -1.668394 -2.875000
-0.945886 -1.769628 -2.875000
-0.767877 -1.853820 -2.875000
-0.582474 -1.920158 -2.875000
-0.391460 -1.968005 -2.875000
-0.196677 -1.996898 -2.875000
-0.000000 -2.006560 -2.875000
0.196677 -1.996898 -2.875000
0.391460 -1.968005 -2.875000
0.582474 -1.920158 -2.875000
0.767877 -1.853820 -2.875000
0.945886 -1.769628 -2.875000
1.114785 -1.668394 -2.875000
1.272948 -1.551092 -2.875000
1.418852 -1.418852 -2.875000
1.551092 -1.272948 -2.875000
1.668394 -1.114785 -2.875000
1.769628 -0.945886 -2.875000
1.853820 -0.767877 -2.875000
1.920158 -0.582474 -2.875000
1.968005 -0.391460 -2.875000
1.996898 -0.196677 -2.875000
2.103910 0.000000 -2.750000
2.093779 0.206219 -2.750000
2.063484 0.410452 -2.750000
2.013316 0.610733 -2.750000
1.943759 0.805131 -2.750000
1.855483 0.991776 -2.750000
1.749337 1.168870 -2.750000
1.626344 1.334706 -2.750000
1.487689 1.487689 -2.750000
1.334706 1.626344 -2.750000
1.168870 1.749337 -2.750000
0.991776 1.855483 -2.750000
0.805131 1.943759 -2.750000
0.610733 2.013316 -2.750000
0.410452 2.063484 -2.750000
0.206219 2.093779 -2.750000
0.000000 2.103910 -2.750000
-0.206219 2.093779 -2.750000
-0.410452 2.063484 -2.750000
-0.610733 2.013316 -2.750000
-0.805131 1.943759 -2.750000
-0.991776 1.855483 -2.750000
-1.168870 1.749337 -2.750000
-1.334706 1.626344 -2.750000
-1.487689 1.487689 -2.750000
-1.626344 1.334706 -2.750000
-1.749337 1.168870 -2.750000
-1.855483 0.991776 -2.750000
-1.943759 0.805131 -2.750000
-2.013316 0.610733 -2.750000
-2.063484 0.410452 -2.750000
-2.093779 0.206219 -2.750000
-2.103910 0.000000 -2.750000
-2.093779 -0.206219 -2.750000
-2.063484 -0.410452 -2.750000
-2.013316 -0.610733 -2.750000
-1.943759 -0.805131 -2.750000
-1.855483 -0.991776 -2.750000
-1.749337 -1.168870 -2.750000
-1.626344 -1.334706 -2.750000
-1.487689 -1.487689 -2.750000
-1.334706 -1.626344 -2.750000
-1.168870 -1.749337 -2.750000
-0.991776 -1.855483 -2.750000
-0.805131 -1.943759 -2.750000
-0.610733 -2.013316 -2.750000
-0.410452 -2.063484 -2.750000
-0.206219 -2.093779 -2.750000
-0.000000 -2.103910 -2.750000
0.206219 -2.093779 -2.750000
0.410452 -2.063484 -2.750000
0.610733 -2.013316 -2.750000
0.805131 -1.943759 -2.750000
0.991776 -1.855483 -2.750000
1.168870 -1.749337 -2.750000
1.334706 -1.626344 -2.750000
1.487689 -1.487689 -2.750000
1.626344 -1.334706 -2.750000
1.749337 -1.168870 -2.750000
1.855483 -0.991776 -2.750000
1.943759 -0.805131 -2.750000
2.013316 -0.610733 -2.750000
2.063484 -0.410452 -2.750000
2.093779 -0.206219 -2.750000
2.214365 0.000000 -2.625000
2.203702 0.217046 -2.625000
2.171816 0.432001 -2.625000
2.119015 0.642796 -2.625000
2.045806 0.847401 -2.625000
1.952895 1.043844 -2.625000
1.841177 1.230235 -2.625000
1.711727 1.404778 -2.625000
1.565792 1.565792 -2.625000
1.404778 1.711727 -2.625000
1.230235 1.841177 -2.625000
1.043844 1.952895 -2.625000
0.847401 2.045806 -2.625000
0.642796 2.119015 -2.625000
0.432001 2.171816 -2.625000
0.217046 2.203702 -2.625000
0.000000 2.214365 -2.625000
-0.217046 2.203702 -2.625000
-0.432001 2.171816 -2.625000
-0.642796 2.119015 -2.625000
-0.847401 2.045806 -2.625000
-1.043844 1.952895 -2.625000
-1.230235 1.841177 -2.625000
-1.404778 1.711727 -2.625000
-1.565792 1.565792 -2.625000
-1.711727 1.404778 -2.625000
-1.841177 1.230235 -2.625000
-1.952895 1.043844 -2.625000
-2.045806 0.847401 -2.625000
-2.119015 0.642796 -2.625000
-2.171816 0.432001 -2.625000
-2.203702 0.217046 -2.625000
-2.214365 0.000000 -2.625000
-2.203702 -0.217046 -2.625000
-2.171816 -0.432001 -2.625000
-2.119015 -0.642796 -2.625000
-2.045806 -0.847401 -2.625000
-1.952895 -1.043844 -2.625000
-1.841177 -1.230235 -2.625000
-1.711727 -1.404778 -2.625000
-1.565792 -1.565792 -2.625000
-1.404778 -1.711727 -2.625000
-1.230235 -1.841177 -2.625000
-1.043844 -1.952895 -2.625000
-0.847401 -2.045806 -2.625000
-0.642796 -2.119015 -2.625000
-0.432001 -2.171816 -2.625000
-0.217046 -2.203702 -2.625000
-0.000000 -2.214365 -2.625000
0.217046 -2.203702 -2.625000
0.432001 -2.171816 -2.625000
0.642796 -2.119015 -2.625000
0.847401 -2.045806 -2.625000
1.043844 -1.952895 -2.625000
1.230235 -1.841177 -2.625000
1.404778 -1.711727 -2.625000
1.565792 -1.565792 -2.625000
1.711727 -1.404778 -2.625000
1.841177 -1.230235 -2.625000
1.952895 -1.043844 -2.625000
2.045806 -0.847401 -2.625000
2.119015 -0.642796 -2.625000
2.171816 -0.432001 -2.625000
2.203702 -0.217046 -2.625000
2.338446 0.000000 -2.500000
2.327185 0.229208 -2.500000
2.293513 0.456208 -2.500000
2.237753 0.678815 -2.500000
2.160442 0.894884 -2.500000
2.062325 1.102336 -2.500000
1.944346 1.299171 -2.500000
1.807643 1.483494 -2.500000
1.653531 1.653531 -2.500000
1.483494 1.807643 -2.500000
1.299171 1.944346 -2.500000
1.102336 2.062325 -2.500000
0.894884 2.160442 -2.500000
0.678815 2.237753 -2.500000
0.456208 2.293513 -2.500000
0.229208 2.327185 -2.500000
0.000000 2.338446 -2.500000
-0.229208 2.327185 -2.500000
-0.456208 2.293513 -2.500000
-0.678815 2.237753 -2.500000
-0.894884 2.160442 -2.500000
-1.102336 2.062325 -2.500000
-1.299171 1.944346 -2.500000
-1.483494 1.807643 -2.500000
-1.653531 1.653531 -2.500000
-1.807643 1.483494 -2.500000
-1.944346 1.299171 -2.500000
-2.062325 1.102336 -2.500000
-2.160442 0.894884 -2.500000
-2.237753 0.678815 -2.500000
-2.293513 0.456208 -2.500000
-2.327185 0.229208 -2.500000
-2.338446 0.000000 -2.500000
-2.327185 -0.229208 -2.500000
-2.293513 -0.456208 -2.500000
-2.237753 -0.678815 -2.500000
-2.160442 -0.894884 -2.500000
-2.062325 -1.102336 -2.500000
-1.944346 -1.299171 -2.500000
-1.807643 -1.483494 -2.500000
-1.653531 -1.653531 -2.500000
-1.483494 -1.807643 -2.500000
-1.299171 -1.944346 -2.500000
-1.102336 -2.062325 -2.500000
-0.894884 -2.160442 -2.500000
-0.678815 -2.237753 -2.500000
-0.456208 -2.293513 -2.500000
-0.229208 -2.327185 -2.500000
-0.000000 -2.338446 -2.500000
0.229208 -2.327185 -2.500000
0.456208 -2.293513 -2.500000
0.678815 -2.237753 -2.500000
0.894884 -2.160442 -2.500000
1.102336 -2.062325 -2.500000
1.299171 -1.944346 -2.500000
1.483494 -1.807643 -2.500000
1.653531 -1.653531 -2.500000
1.807643 -1.483494 -2.500000
1.944346 -1.299171 -2.500000
2.062325 -1.102336 -2.500000
2.160442 -0.894884 -2.500000
2.237753 -0.678815 -2.500000
2.293513 -0.456208 -2.500000
2.327185 -0.229208 -2.500000
2.476421 0.000000 -2.375000
2.464496 0.242732 -2.375000
2.428837 0.483126 -2.375000
2.369787 0.718867 -2.375000
2.287914 0.947685 -2.375000
2.184008 1.167377 -2.375000
2.059068 1.375826 -2.375000
1.914299 1.571025 -2.375000
1.751094 1.751094 -2.375000
1.571025 1.914299 -2.375000
1.375826 2.059068 -2.375000
1.167377 2.184008 -2.375000
0.947685 2.287914 -2.375000
0.718867 2.369787 -2.375000
0.483126 2.428837 -2.375000
0.242732 2.464496 -2.375000
0.000000 2.476421 -2.375000
-0.242732 2.464496 -2.375000
-0.483126 2.428837 -2.375000
-0.718867 2.369787 -2.375000
-0.947685 2.287914 -2.375000
-1.167377 2.184008 -2.375000
-1.375826 2.059068 -2.375000
-1.571025 1.914299 -2.375000
-1.751094 1.751094 -2.375000
-1.914299 1.571025 -2.375000
-2.059068 1.375826 -2.375000
-2.184008 1.167377 -2.375000
-2.287914 0.947685 -2.375000
-2.369787 0.718867 -2.375000
-2.428837 0.483126 -2.375000
-2.464496 0.242732 -2.375000
-2.476421 0.000000 -2.375000
-2.464496 -0.242732 -2.375000
-2.428837 -0.483126 -2.375000
-2.369787 -0.718867 -2.375000
-2.287914 -0.947685 -2.375000
-2.184008 -1.167377 -2.375000
-2.059068 -1.375826 -2.375000
-1.914299 -1.571025 -2.375000
-1.751094 -1.751094 -2.375000
-1.571025 -1.914299 -2.375000
-1.375826 -2.059068 -2.375000
-1.167377 -2.184008 -2.375000
-0.947685 -2.287914 -2.375000
-0.718867 -2.369787 -2.375000
-0.483126 -2.428837 -2.375000
-0.242732 -2.464496 -2.375000
-0.000000 -2.476421 -2.375000
0.242732 -2.464496 -2.375000
0.483126 -2.428837 -2.375000
0.718867 -2.369787 -2.375000
0.947685 -2.287914 -2.375000
1.167377 -2.184008 -2.375000
1.375826 -2.059068 -2.375000
1.571025 -1.914299 -2.375000
1.751094 -1.751094 -2.375000
1.914299 -1.571025 -2.375000
2.059068 -1.375826 -2.375000
2.184008 -1.167377 -2.375000
2.287914 -0.947685 -2.375000
2.369787 -0.718867 -2.375000
2.428837 -0.483126 -2.375000
2.464496 -0.242732 -2.375000
2.628252 0.000000 -2.250000
2.615596 0.257614 -2.250000
2.577751 0.512746 -2.250000
2.515080 0.762941 -2.250000
2.428188 1.005788 -2.250000
2.317911 1.238949 -2.250000
2.185312 1.460178 -2.250000
2.031666 1.667345 -2.250000
1.858455 1.858455 -2.250000
1.667345 2.031666 -2.250000
1.460178 2.185312 -2.250000
1.238949 2.317911 -2.250000
1.005788 2.428188 -2.250000
0.762941 2.515080 -2.250000
0.512746 2.577751 -2.250000
0.257614 2.615596 -2.250000
0.000000 2.628252 -2.250000
-0.257614 2.615596 -2.250000
-0.512746 2.577751 -2.250000
-0.762941 2.515080 -2.250000
-1.005788 2.428188 -2.250000
-1.238949 2.317911 -2.250000
-1.460178 2.185312 -2.250000
-1.667345 2.031666 -2.250000
-1.858455 1.858455 -2.250000
-2.031666 1.667345 -2.250000
-2.185312 1.460178 -2.250000
-2.317911 1.238949 -2.250000
-2.428188 1.005788 -2.250000
-2.515080 0.762941 -2.250000
-2.577751 0.512746 -2.250000
-2.615596 0.257614 -2.250000
-2.628252 0.000000 -2.250000
-2.615596 -0.257614 -2.250000
-2.577751 -0.512746 -2.250000
-2.515080 -0.762941 -2.250000
-2.428188 -1.005788 -2.250000
-2.317911 -1.238949 -2.250000
-2.185312 -1.460178 -2.250000
-2.031666 -1.667345 -2.250000
-1.858455 -1.858455 -2.250000
-1.667345 -2.031666 -2.250000
-1.460178 -2.185312 -2.250000
-1.238949 -2.317911 -2.250000
-1.005788 -2.428188 -2.250000
-0.762941 -2.515080 -2.250000
-0.512746 -2.577751 -2.250000
-0.257614 -2.615596 -2.250000
-0.000000 -2.628252 -2.250000
0.257614 -2.615596 -2.250000
0.512746 -2.577751 -2.250000
0.762941 -2.515080 -2.250000
1.005788 -2.428188 -2.250000
1.238949 -2.317911 -2.250000
1.460178 -2.185312 -2.250000
1.667345 -2.031666 -2.250000
1.858455 -1.858455 -2.250000
2.031666 -1.667345 -2.250000
2.185312 -1.460178 -2.250000
2.317911 -1.238949 -2.250000
2.428188 -1.005788 -2.250000
2.515080 -0.762941 -2.250000
2.577751 -0.512746 -2.250000
2.615596 -0.257614 -2.250000
2.793547 0.000000 -2.125000
2.780095 0.273815 -2.125000
2.739870 0.544994 -2.125000
2.673258 0.810924 -2.125000
2.580901 1.069044 -2.125000
2.463689 1.316869 -2.125000
2.322749 1.552012 -2.125000
2.159441 1.772207 -2.125000
1.975336 1.975336 -2.125000
1.772207 2.159441 -2.125000
1.552012 2.322749 -2.125000
1.316869 2.463689 -2.125000
1.069044 2.580901 -2.125000
0.810924 2.673258 -2.125000
0.544994 2.739870 -2.125000
0.273815 2.780095 -2.125000
0.000000 2.793547 -2.125000
-0.273815 2.780095 -2.125000
-0.544994 2.739870 -2.125000
-0.810924 2.673258 -2.125000
-1.069044 2.580901 -2.125000
-1.316869 2.463689 -2.125000
-1.552012 2.322749 -2.125000
-1.772207 2.159441 -2.125000
-1.975336 1.975336 -2.125000
-2.159441 1.772207 -2.125000
-2.322749 1.552012 -2.125000
-2.463689 1.316869 -2.125000
-2.580901 1.069044 -2.125000
-2.673258 0.810924 -2.125000
-2.739870 0.544994 -2.125000
-2.780095 0.273815 -2.125000
-2.793547 0.000000 -2.125000
-2.780095 -0.273815 -2.125000
-2.739870 -0.544994 -2.125000
-2.673258 -0.810924 -2.125000
-2.580901 -1.069044 -2.125000
-2.463689 -1.316869 -2.125000
-2.322749 -1.552012 -2.125000
-2.159441 -1.772207 -2.125000
-1.975336 -1.975336 -2.125000
-1.772207 -2.159441 -2.125000
-1.552012 -2.322749 -2.125000
-1.316869 -2.463689 -2.125000
-1.069044 -2.580901 -2.125000
-0.810924 -2.673258 -2.125000
-0.544994 -2.739870 -2.125000
-0.273815 -2.780095 -2.125000
-0.000000 -2.793547 -2.125000
0.273815 -2.780095 -2.125000
0.544994 -2.739870 -2.125000
0.810924 -2.673258 -2.125000
1.069044 -2.580901 -2.125000
1.316869 -2.463689 -2.125000
1.552012 -2.322749 -2.125000
1.772207 -2.159441 -2.125000
1.975336 -1.975336 -2.125000
2.159441 -1.772207 -2.125000
2.322749 -1.552012 -2.125000
2.463689 -1.316869 -2.125000
2.580901 -1.069044 -2.125000
2.673258 -0.810924 -2.125000
2.739870 -0.544994 -2.125000
2.780095 -0.273815 -2.125000
2.971518 0.000000 -2.000000
2.957209 0.291260 -2.000000
2.914421 0.579714 -2.000000
2.843565 0.862586 -2.000000
2.745324 1.137151 -2.000000
2.620645 1.400764 -2.000000
2.470727 1.650887 -2.000000
2.297014 1.885111 -2.000000
2.101180 2.101180 -2.000000
1.885111 2.297014 -2.000000
1.650887 2.470727 -2.000000
1.400764 2.620645 -2.000000
1.137151 2.745324 -2.000000
0.862586 2.843565 -2.000000
0.579714 2.914421 -2.000000
0.291260 2.957209 -2.000000
0.000000 2.971518 -2.000000
-0.291260 2.957209 -2.000000
-0.579714 2.914421 -2.000000
-0.862586 2.843565 -2.000000
-1.137151 2.745324 -2.000000
-1.400764 2.620645 -2.000000
-1.650887 2.470727 -2.000000
-1.885111 2.297014 -2.000000
-2.101180 2.101180 -2.000000
-2.297014 1.885111 -2.000000
-2.470727 1.650887 -2.000000
-2.620645 1.400764 -2.000000
-2.745324 1.137151 -2.000000
-2.843565 0.862586 -2.000000
-2.914421 0.579714 -2.000000
-2.957209 0.291260 -2.000000
-2.971518 0.000000 -2.000000
-2.957209 -0.291260 -2.000000
-2.914421 -0.579714 -2.000000
-2.843565 -0.862586 -2.000000
-2.745324 -1.137151 -2.000000
-2.620645 -1.400764 -2.000000
-2.470727 -1.650887 -2.000000
-2.297014 -1.885111 -2.000000
-2.101180 -2.101180 -2.000000
-1.885111 -2.297014 -2.000000
-1.650887 -2.470727 -2.000000
-1.400764 -2.620645 -2.000000
-1.137151 -2.745324 -2.000000
-0.862586 -2.843565 -2.000000
-0.579714 -2.914421 -2.000000
-0.291260 -2.957209 -2.000000
-0.000000 -2.971518 -2.000000
0.291260 -2.957209 -2.000000
0.579714 -2.914421 -2.000000
0.862586 -2.843565 -2.000000
1.137151 -2.745324 -2.000000
1.400764 -2.620645 -2.000000
1.650887 -2.470727 -2.000000
1.885111 -2.297014 -2.000000
2.101180 -2.101180 -2.000000
2.297014 -1.885111 -2.000000
2.470727 -1.650887 -2.000000
2.620645 -1.400764 -2.000000
2.745324 -1.137151 -2.000000
2.843565 -0.862586 -2.000000
2.914421 -0.579714 -2.000000
2.957209 -0.291260 -2.000000
3.160947 0.000000 -1.875000
3.145726 0.309827 -1.875000
3.100211 0.616670 -1.875000
3.024838 0.917575 -1.875000
2.920335 1.209642 -1.875000
2.787707 1.490060 -1.875000
2.628232 1.756128 -1.875000
2.443445 2.005284 -1.875000
2.235127 2.235127 -1.875000
2.005284 2.443445 -1.875000
1.756128 2.628232 -1.875000
1.490060 2.787707 -1.875000
1.209642 2.920335 -1.875000
0.917575 3.024838 -1.875000
0.616670 3.100211 -1.875000
0.309827 3.145726 -1.875000
0.000000 3.160947 -1.875000
-0.309827 3.145726 -1.875000
-0.616670 3.100211 -1.875000
-0.917575 3.024838 -1.875000
-1.209642 2.920335 -1.875000
-1.490060 2.787707 -1.875000
-1.756128 2.628232 -1.875000
-2.005284 2.443445 -1.875000
-2.235127 2.235127 -1.875000
-2.443445 2.005284 -1.875000
-2.628232 1.756128 -1.875000
-2.787707 1.490060 -1.875000
-2.920335 1.209642 -1.875000
-3.024838 0.917575 -1.875000
-3.100211 0.616670 -1.875000
-3.145726 0.309827 -1.875000
-3.160947 0.000000 -1.875000
-3.145726 -0.309827 -1.875000
-3.100211 -0.616670 -1.875000
-3.024838 -0.917575 -1.875000
-2.920335 -1.209642 -1.875000
-2.787707 -1.490060 -1.875000
-2.628232 -1.756128 -1.875000
-2.443445 -2.005284 -1.875000
-2.235127 -2.235127 -1.875000
-2.005284 -2.443445 -1.875000
-1.756128 -2.628232 -1.875000
-1.490060 -2.787707 -1.875000
-1.209642 -2.920335 -1.875000
-0.917575 -3.024838 -1.875000
-0.616670 -3.100211 -1.875000
-0.309827 -3.145726 -1.875000
-0.000000 -3.160947 -1.875000
0.309827 -3.145726 -1.875000
0.616670 -3.100211 -1.875000
0.917575 -3.024838 -1.875000
1.209642 -2.920335 -1.875000
1.490060 -2.787707 -1.875000
1.756128 -2.628232 -1.875000
2.005284 -2.443445 -1.875000
2.235127 -2.235127 -1.875000
2.443445 -2.005284 -1.875000
2.628232 -1.756128 -1.875000
2.787707 -1.490060 -1.875000
2.920335 -1.209642 -1.875000
3.024838 -0.917575 -1.875000
3.100211 -0.616670 -1.875000
3.145726 -0.309827 -1.875000
3.360173 0.000000 -1.750000
3.343993 0.329355 -1.750000
3.295608 0.655537 -1.750000
3.215485 0.975407 -1.750000
3.104395 1.285882 -1.750000
2.963408 1.583974 -1.750000
2.793882 1.866812 -1.750000
2.597449 2.131671 -1.750000
2.376001 2.376001 -1.750000
2.131671 2.597449 -1.750000
1.866812 2.793882 -1.750000
1.583974 2.963408 -1.750000
1.285882 3.104395 -1.750000
0.975407 3.215485 -1.750000
0.655537 3.295608 -1.750000
0.329355 3.343993 -1.750000
0.000000 3.360173 -1.750000
-0.329355 3.343993 -1.750000
-0.655537 3.295608 -1.750000
-0.975407 3.215485 -1.750000
-1.285882 3.104395 -1.750000
-1.583974 2.963408 -1.750000
-1.866812 2.793882 -1.750000
-2.131671 2.597449 -1.750000
-2.376001 2.376001 -1.750000
-2.597449 2.131671 -1.750000
-2.793882 1.866812 -1.750000
-2.963408 1.583974 -1.750000
-3.104395 1.285882 -1.750000
-3.215485 0.975407 -1.750000
-3.295608 0.655537 -1.750000
-3.343993 0.329355 -1.750000
-3.360173 0.000000 -1.750000
-3.343993 -0.329355 -1.750000
-3.295608 -0.655537 -1.750000
-3.215485 -0.975407 -1.750000
-3.104395 -1.285882 -1.750000
-2.963408 -1.583974 -1.750000
-2.793882 -1.866812 -1.750000
-2.597449 -2.131671 -1.750000
-2.376001 -2.376001 -1.750000
-2.131671 -2.597449 -1.750000
-1.866812 -2.793882 -1.750000
-1.583974 -2.963408 -1.750000
-1.285882 -3.104395 -1.750000
-0.975407 -3.215485 -1.750000
-0.655537 -3.295608 -1.750000
-0.329355 -3.343993 -1.750000
-0.000000 -3.360173 -1.750000
0.329355 -3.343993 -1.750000
0.655537 -3.295608 -1.750000
0.975407 -3.215485 -1.750000
1.285882 -3.104395 -1.750000
1.583974 -2.963408 -1.750000
1.866812 -2.793882 -1.750000
2.131671 -2.597449 -1.750000
2.376001 -2.376001 -1.750000
2.597449 -2.131671 -1.750000
2.793882 -1.866812 -1.750000
2.963408 -1.583974 -1.750000
3.104395 -1.285882 -1.750000
3.215485 -0.975407 -1.750000
3.295608 -0.655537 -1.750000
3.343993 -0.329355 -1.750000
3.567082 0.000000 -1.625000
3.549906 0.349635 -1.625000
3.498542 0.695903 -1.625000
3.413485 1.035469 -1.625000
3.295554 1.365063 -1.625000
3.145886 1.681511 -1.625000
2.965921 1.981765 -1.625000
2.757392 2.262933 -1.625000
2.522308 2.522308 -1.625000
2.262933 2.757392 -1.625000
1.981765 2.965921 -1.625000
1.681511 3.145886 -1.625000
1.365063 3.295554 -1.625000
1.035469 3.413485 -1.625000
0.695903 3.498542 -1.625000
0.349635 3.549906 -1.625000
0.000000 3.567082 -1.625000
-0.349635 3.549906 -1.625000
-0.695903 3.498542 -1.625000
-1.035469 3.413485 -1.625000
-1.365063 3.295554 -1.625000
-1.681511 3.145886 -1.625000
-1.981765 2.965921 -1.625000
-2.262933 2.757392 -1.625000
-2.522308 2.522308 -1.625000
-2.757392 2.262933 -1.625000
-2.965921 1.981765 -1.625000
-3.145886 1.681511 -1.625000
-3.295554 1.365063 -1.625000
-3.413485 1.035469 -1.625000
-3.498542 0.695903 -1.625000
-3.549906 0.349635 -1.625000
-3.567082 0.000000 -1.625000
-3.549906 -0.349635 -1.625000
-3.498542 -0.695903 -1.625000
-3.413485 -1.035469 -1.625000
-3.295554 -1.365063 -1.625000
-3.145886 -1.681511 -1.625000
-2.965921 -1.981765 -1.625000
-2.757392 -2.262933 -1.625000
-2.522308 -2.522308 -1.625000
-2.262933 -2.757392 -1.625000
-1.981765 -2.965921 -1.625000
-1.681511 -3.145886 -1.625000
-1.365063 -3.295554 -1.625000
-1.035469 -3.413485 -1.625000
-0.695903 -3.498542 -1.625000
-0.349635 -3.549906 -1.625000
-0.000000 -3.567082 -1.625000
0.349635 -3.549906 -1.625000
0.695903 -3.498542 -1.625000
1.035469 -3.413485 -1.625000
1.365063 -3.295554 -1.625000
1.681511 -3.145886 -1.625000
1.981765 -2.965921 -1.625000
2.262933 -2.757392 -1.625000
2.522308 -2.522308 -1.625000
2.757392 -2.262933 -1.625000
2.965921 -1.981765 -1.625000
3.145886 -1.681511 -1.625000
3.295554 -1.365063 -1.625000
3.413485 -1.035469 -1.625000
3.498542 -0.695903 -1.625000
3.549906 -0.349635 -1.625000
3.779131 0.000000 -1.500000
3.760934 0.370420 -1.500000
3.706516 0.737272 -1.500000
3.616403 1.097024 -1.500000
3.491462 1.446211 -1.500000
3.332896 1.781470 -1.500000
3.142233 2.099573 -1.500000
2.921308 2.397456 -1.500000
2.672249 2.672249 -1.500000
2.397456 2.921308 -1.500000
2.099573 3.142233 -1.500000
1.781470 3.332896 -1.500000
1.446211 3.491462 -1.500000
1.097024 3.616403 -1.500000
0.737272 3.706516 -1.500000
0.370420 3.760934 -1.500000
0.000000 3.779131 -1.500000
-0.370420 3.760934 -1.500000
-0.737272 3.706516 -1.500000
-1.097024 3.616403 -1.500000
-1.446211 3.491462 -1.500000
-1.781470 3.332896 -1.500000
-2.099573 3.142233 -1.500000
-2.397456 2.921308 -1.500000
-2.672249 2.672249 -1.500000
-2.921308 2.397456 -1.500000
-3.142233 2.099573 -1.500000
-3.332896 1.781470 -1.500000
-3.491462 1.446211 -1.500000
-3.616403 1.097024 -1.500000
-3.706516 0.737272 -1.500000
-3.760934 0.370420 -1.500000
-3.779131 0.000000 -1.500000
-3.760934 -0.370420 -1.500000
-3.706516 -0.737272 -1.500000
-3.616403 -1.097024 -1.500000
-3.491462 -1.446211 -1.500000
-3.332896 -1.781470 -1.500000
-3.142233 -2.099573 -1.500000
-2.921308 -2.397456 -1.500000
-2.672249 -2.672249 -1.500000
-2.397456 -2.921308 -1.500000
-2.099573 -3.142233 -1.500000
-1.781470 -3.332896 -1.500000
-1.446211 -3.491462 -1.500000
-1.097024 -3.616403 -1.500000
-0.737272 -3.706516 -1.500000
-0.370420 -3.760934 -1.500000
-0.000000 -3.779131 -1.500000
0.370420 -3.760934 -1.500000
0.737272 -3.706516 -1.500000
1.097024 -3.616403 -1.500000
1.446211 -3.491462 -1.500000
1.781470 -3.332896 -1.500000
2.099573 -3.142233 -1.500000
2.397456 -2.921308 -1.500000
2.672249 -2.672249 -1.500000
2.921308 -2.397456 -1.500000
3.142233 -2.099573 -1.500000
3.332896 -1.781470 -1.500000
3.491462 -1.446211 -1.500000
3.616403 -1.097024 -1.500000
3.706516 -0.737272 -1.500000
3.760934 -0.370420 -1.500000
3.993377 0.000000 -1.375000
3.974148 0.391419 -1.375000
3.916646 0.779069 -1.375000
3.821424 1.159216 -1.375000
3.689399 1.528199 -1.375000
3.521844 1.882465 -1.375000
3.320372 2.218602 -1.375000
3.086922 2.533372 -1.375000
2.823744 2.823744 -1.375000
2.533372 3.086922 -1.375000
2.218602 3.320372 -1.375000
1.882465 3.521844 -1.375000
1.528199 3.689399 -1.375000
1.159216 3.821424 -1.375000
0.779069 3.916646 -1.375000
0.391419 3.974148 -1.375000
0.000000 3.993377 -1.375000
-0.391419 3.974148 -1.375000
-0.779069 3.916646 -1.375000
-1.159216 3.821424 -1.375000
-1.528199 3.689399 -1.375000
-1.882465 3.521844 -1.375000
-2.218602 3.320372 -1.375000
-2.533372 3.086922 -1.375000
-2.823744 2.823744 -1.375000
-3.086922 2.533372 -1.375000
-3.320372 2.218602 -1.375000
-3.521844 1.882465 -1.375000
-3.689399 1.528199 -1.375000
-3.821424 1.159216 -1.375000
-3.916646 0.779069 -1.375000
-3.974148 0.391419 -1.375000
-3.993377 0.000000 -1.375000
-3.974148 -0.391419 -1.375000
-3.916646 -0.779069 -1.375000
-3.821424 -1.159216 -1.375000
-3.689399 -1.528199 -1.375000
-3.521844 -1.882465 -1.375000
-3.320372 -2.218602 -1.375000
-3.086922 -2.533372 -1.375000
-2.823744 -2.823744 -1.375000
-2.533372 -3.086922 -1.375000
-2.218602 -3.320372 -1.375000
-1.882465 -3.521844 -1.375000
-1.528199 -3.689399 -1.375000
-1.159216 -3.821424 -1.375000
-0.779069 -3.916646 -1.375000
-0.391419 -3.974148 -1.375000
-0.000000 -3.993377 -1.375000
0.391419 -3.974148 -1.375000
0.779069 -3.916646 -1.375000
1.159216 -3.821424 -1.375000
1.528199 -3.689399 -1.375000
1.882465 -3.521844 -1.375000
2.218602 -3.320372 -1.375000
2.533372 -3.086922 -1.375000
2.823744 -2.823744 -1.375000
3.086922 -2.533372 -1.375000
3.320372 -2.218602 -1.375000
3.521844 -1.882465 -1.375000
3.689399 -1.528199 -1.375000
3.821424 -1.159216 -1.375000
3.916646 -0.779069 -1.375000
3.974148 -0.391419 -1.375000
4.206535 0.000000 -1.250000
4.186280 0.412313 -1.250000
4.125708 0.820654 -1.250000
4.025403 1.221093 -1.250000
3.886332 1.609771 -1.250000
3.709833 1.982947 -1.250000
3.497606 2.337026 -1.250000
3.251696 2.668598 -1.250000
2.974470 2.974470 -1.250000
2.668598 3.251696 -1.250000
2.337026 3.497606 -1.250000
1.982947 3.709833 -1.250000
1.609771 3.886332 -1.250000
1.221093 4.025403 -1.250000
0.820654 4.125708 -1.250000
0.412313 4.186280 -1.250000
0.000000 4.206535 -1.250000
-0.412313 4.186280 -1.250000
-0.820654 4.125708 -1.250000
-1.221093 4.025403 -1.250000
-1.609771 3.886332 -1.250000
-1.982947 3.709833 -1.250000
-2.337026 3.497606 -1.250000
-2.668598 3.251696 -1.250000
-2.974470 2.974470 -1.250000
-3.251696 2.668598 -1.250000
-3.497606 2.337026 -1.250000
-3.709833 1.982947 -1.250000
-3.886332 1.609771 -1.250000
-4.025403 1.221093 -1.250000
-4.125708 0.820654 -1.250000
-4.186280 0.412313 -1.250000
-4.206535 0.000000 -1.250000
-4.186280 -0.412313 -1.250000
-4.125708 -0.820654 -1.250000
-4.025403 -1.221093 -1.250000
-3.886332 -1.609771 -1.250000
-3.709833 -1.982947 -1.250000
-3.497606 -2.337026 -1.250000
-3.251696 -2.668598 -1.250000
-2.974470 -2.974470 -1.250000
-2.668598 -3.251696 -1.250000
-2.337026 -3.497606 -1.250000
-1.982947 -3.709833 -1.250000
-1.609771 -3.886332 -1.250000
-1.221093 -4.025403 -1.250000
-0.820654 -4.125708 -1.250000
-0.412313 -4.186280 -1.250000
-0.000000 -4.206535 -1.250000
0.412313 -4.186280 -1.250000
0.820654 -4.125708 -1.250000
1.221093 -4.025403 -1.250000
1.609771 -3.886332 -1.250000
1.982947 -3.709833 -1.250000
2.337026 -3.497606 -1.250000
2.668598 -3.251696 -1.250000
2.974470 -2.974470 -1.250000
3.251696 -2.668598 -1.250000
3.497606 -2.337026 -1.250000
3.709833 -1.982947 -1.250000
3.886332 -1.609771 -1.250000
4.025403 -1.221093 -1.250000
4.125708 -0.820654 -1.250000
4.186280 -0.412313 -1.250000
4.415053 0.000000 -1.125000
4.393794 0.432751 -1.125000
4.330219 0.861334 -1.125000
4.224943 1.281622 -1.125000
4.078977 1.689568 -1.125000
3.893729 2.081242 -1.125000
3.670983 2.452872 -1.125000
3.412882 2.800880 -1.125000
3.121914 3.121914 -1.125000
2.800880 3.412882 -1.125000
2.452872 3.670983 -1.125000
2.081242 3.893729 -1.125000
1.689568 4.078977 -1.125000
1.281622 4.224943 -1.125000
0.861334 4.330219 -1.125000
0.432751 4.393794 -1.125000
0.000000 4.415053 -1.125000
-0.432751 4.393794 -1.125000
-0.861334 4.330219 -1.125000
-1.281622 4.224943 -1.125000
-1.689568 4.078977 -1.125000
-2.081242 3.893729 -1.125000
-2.452872 3.670983 -1.125000
-2.800880 3.412882 -1.125000
-3.121914 3.121914 -1.125000
-3.412882 2.800880 -1.125000
-3.670983 2.452872 -1.125000
-3.893729 2.081242 -1.125000
-4.078977 1.689568 -1.125000
-4.224943 1.281622 -1.125000
-4.330219 0.861334 -1.125000
-4.393794 0.432751 -1.125000
-4.415053 0.000000 -1.125000
-4.393794 -0.432751 -1.125000
-4.330219 -0.861334 -1.125000
-4.224943 -1.281622 -1.125000
-4.078977 -1.689568 -1.125000
-3.893729 -2.081242 -1.125000
-3.670983 -2.452872 -1.125000
-3.412882 -2.800880 -1.125000
-3.121914 -3.121914 -1.125000
-2.800880 -3.412882 -1.125000
-2.452872 -3.670983 -1.125000
-2.081242 -3.893729 -1.125000
-1.689568 -4.078977 -1.125000
-1.281622 -4.224943 -1.125000
-0.861334 -4.330219 -1.125000
-0.432751 -4.393794 -1.125000
-0.000000 -4.415053 -1.125000
0.432751 -4.393794 -1.125000
0.861334 -4.330219 -1.125000
1.281622 -4.224943 -1.125000
1.689568 -4.078977 -1.125000
2.081242 -3.893729 -1.125000
2.452872 -3.670983 -1.125000
2.800880 -3.412882 -1.125000
3.121914 -3.121914 -1.125000
3.412882 -2.800880 -1.125000
3.670983 -2.452872 -1.125000
3.893729 -2.081242 -1.125000
4.078977 -1.689568 -1.125000
4.224943 -1.281622 -1.125000
4.330219 -0.861334 -1.125000
4.393794 -0.432751 -1.125000
4.615203 0.000000 -1.000000
4.592980 0.452369 -1.000000
4.526523 0.900381 -1.000000
4.416474 1.339723 -1.000000
4.263892 1.766162 -1.000000
4.070246 2.175592 -1.000000
3.837401 2.564069 -1.000000
3.567600 2.927854 -1.000000
3.263441 3.263441 -1.000000
2.927854 3.567600 -1.000000
2.564069 3.837401 -1.000000
2.175592 4.070246 -1.000000
1.766162 4.263892 -1.000000
1.339723 4.416474 -1.000000
0.900381 4.526523 -1.000000
0.452369 4.592980 -1.000000
0.000000 4.615203 -1.000000
-0.452369 4.592980 -1.000000
-0.900381 4.526523 -1.000000
-1.339723 4.416474 -1.000000
-1.766162 4.263892 -1.000000
-2.175592 4.070246 -1.000000
-2.564069 3.837401 -1.000000
-2.927854 3.567600 -1.000000
-3.263441 3.263441 -1.000000
-3.567600 2.927854 -1.000000
-3.837401 2.564069 -1.000000
-4.070246 2.175592 -1.000000
-4.263892 1.766162 -1.000000
-4.416474 1.339723 -1.000000
-4.526523 0.900381 -1.000000
-4.592980 0.452369 -1.000000
-4.615203 0.000000 -1.000000
-4.592980 -0.452369 -1.000000
-4.526523 -0.900381 -1.000000
-4.416474 -1.339723 -1.000000
-4.263892 -1.766162 -1.000000
-4.070246 -2.175592 -1.000000
-3.837401 -2.564069 -1.000000
-3.567600 -2.927854 -1.000000
-3.263441 -3.263441 -1.000000
-2.927854 -3.567600 -1.000000
-2.564069 -3.837401 -1.000000
-2.175592 -4.070246 -1.000000
-1.766162 -4.263892 -1.000000
-1.339723 -4.416474 -1.000000
-0.900381 -4.526523 -1.000000
-0.452369 -4.592980 -1.000000
-0.000000 -4.615203 -1.000000
0.452369 -4.592980 -1.000000
0.900381 -4.526523 -1.000000
1.339723 -4.416474 -1.000000
1.766162 -4.263892 -1.000000
2.175592 -4.070246 -1.000000
2.564069 -3.837401 -1.000000
2.927854 -3.567600 -1.000000
3.263441 -3.263441 -1.000000
3.567600 -2.927854 -1.000000
3.837401 -2.564069 -1.000000
4.070246 -2.175592 -1.000000
4.263892 -1.766162 -1.000000
4.416474 -1.339723 -1.000000
4.526523 -0.900381 -1.000000
4.592980 -0.452369 -1.000000
4.803188 0.000000 -0.875000
4.780059 0.470795 -0.875000
4.710896 0.937056 -0.875000
4.596364 1.394292 -0.875000
4.437567 1.838101 -0.875000
4.236034 2.264207 -0.875000
3.993705 2.668508 -0.875000
3.712915 3.047110 -0.875000
3.396367 3.396367 -0.875000
3.047110 3.712915 -0.875000
2.668508 3.993705 -0.875000
2.264207 4.236034 -0.875000
1.838101 4.437567 -0.875000
1.394292 4.596364 -0.875000
0.937056 4.710896 -0.875000
0.470795 4.780059 -0.875000
0.000000 4.803188 -0.875000
-0.470795 4.780059 -0.875000
-0.937056 4.710896 -0.875000
-1.394292 4.596364 -0.875000
-1.838101 4.437567 -0.875000
-2.264207 4.236034 -0.875000
-2.668508 3.993705 -0.875000
-3.047110 3.712915 -0.875000
-3.396367 3.396367 -0.875000
-3.712915 3.047110 -0.875000
-3.993705 2.668508 -0.875000
-4.236034 2.264207 -0.875000
-4.437567 1.838101 -0.875000
-4.596364 1.394292 -0.875000
-4.710896 0.937056 -0.875000
-4.780059 0.470795 -0.875000
-4.803188 0.000000 -0.875000
-4.780059 -0.470795 -0.875000
-4.710896 -0.937056 -0.875000
-4.596364 -1.394292 -0.875000
-4.437567 -1.838101 -0.875000
-4.236034 -2.264207 -0.875000
-3.993705 -2.668508 -0.875000
-3.712915 -3.047110 -0.875000
-3.396367 -3.396367 -0.875000
-3.047110 -3.712915 -0.875000
-2.668508 -3.993705 -0.875000
-2.264207 -4.236034 -0.875000
-1.838101 -4.437567 -0.875000
-1.394292 -4.596364 -0.875000
-0.937056 -4.710896 -0.875000
-0.470795 -4.780059 -0.875000
-0.000000 -4.803188 -0.875000
0.470795 -4.780059 -0.875000
0.937056 -4.710896 -0.875000
1.394292 -4.596364 -0.875000
1.838101 -4.437567 -0.875000
2.264207 -4.236034 -0.875000
2.668508 -3.993705 -0.875000
3.047110 -3.712915 -0.875000
3.396367 -3.396367 -0.875000
3.712915 -3.047110 -0.875000
3.993705 -2.668508 -0.875000
4.236034 -2.264207 -0.875000
4.437567 -1.838101 -0.875000
4.596364 -1.394292 -0.875000
4.710896 -0.937056 -0.875000
4.780059 -0.470795 -0.875000
4.975260 0.000000 -0.750000
4.951303 0.487661 -0.750000
4.879662 0.970625 -0.750000
4.761027 1.444242 -0.750000
4.596541 1.903950 -0.750000
4.387788 2.345321 -0.750000
4.136778 2.764106 -0.750000
3.845928 3.156272 -0.750000
3.518040 3.518040 -0.750000
3.156272 3.845928 -0.750000
2.764106 4.136778 -0.750000
2.345321 4.387788 -0.750000
1.903950 4.596541 -0.750000
1.444242 4.761027 -0.750000
0.970625 4.879662 -0.750000
0.487661 4.951303 -0.750000
0.000000 4.975260 -0.750000
-0.487661 4.951303 -0.750000
-0.970625 4.879662 -0.750000
-1.444242 4.761027 -0.750000
-1.903950 4.596541 -0.750000
-2.345321 4.387788 -0.750000
-2.764106 4.136778 -0.750000
-3.156272 3.845928 -0.750000
-3.518040 3.518040 -0.750000
-3.845928 3.156272 -0.750000
-4.136778 2.764106 -0.750000
-4.387788 2.345321 -0.750000
-4.596541 1.903950 -0.750000
-4.761027 1.444242 -0.750000
-4.879662 0.970625 -0.750000
-4.951303 0.487661 -0.750000
-4.975260 0.000000 -0.750000
-4.951303 -0.487661 -0.750000
-4.879662 -0.970625 -0.750000
-4.761027 -1.444242 -0.750000
-4.596541 -1.903950 -0.750000
-4.387788 -2.345321 -0.750000
-4.136778 -2.764106 -0.750000
-3.845928 -3.156272 -0.750000
-3.518040 -3.518040 -0.750000
-3.156272 -3.845928 -0.750000
-2.764106 -4.136778 -0.750000
-2.345321 -4.387788 -0.750000
-1.903950 -4.596541 -0.750000
-1.444242 -4.761027 -0.750000
-0.970625 -4.879662 -0.750000
-0.487661 -4.951303 -0.750000
-0.000000 -4.975260 -0.750000
0.487661 -4.951303 -0.750000
0.970625 -4.879662 -0.750000
1.444242 -4.761027 -0.750000
1.903950 -4.596541 -0.750000
2.345321 -4.387788 -0.750000
2.764106 -4.136778 -0.750000
3.156272 -3.845928 -0.750000
3.518040 -3.518040 -0.750000
3.845928 -3.156272 -0.750000
4.136778 -2.764106 -0.750000
4.387788 -2.345321 -0.750000
4.596541 -1.903950 -0.750000
4.761027 -1.444242 -0.750000
4.879662 -0.970625 -0.750000
4.951303 -0.487661 -0.750000
5.127842 0.000000 -0.625000
5.103151 0.502616 -0.625000
5.029312 1.000392 -0.625000
4.907039 1.488534 -0.625000
4.737509 1.962340 -0.625000
4.522353 2.417248 -0.625000
4.263645 2.848877 -0.625000
3.963876 3.253069 -0.625000
3.625932 3.625932 -0.625000
3.253069 3.963876 -0.625000
2.848877 4.263645 -0.625000
2.417248 4.522353 -0.625000
1.962340 4.737509 -0.625000
1.488534 4.907039 -0.625000
1.000392 5.029312 -0.625000
0.502616 5.103151 -0.625000
0.000000 5.127842 -0.625000
-0.502616 5.103151 -0.625000
-1.000392 5.029312 -0.625000
-1.488534 4.907039 -0.625000
-1.962340 4.737509 -0.625000
-2.417248 4.522353 -0.625000
-2.848877 4.263645 -0.625000
-3.253069 3.963876 -0.625000
-3.625932 3.625932 -0.625000
-3.963876 3.253069 -0.625000
-4.263645 2.848877 -0.625000
-4.522353 2.417248 -0.625000
-4.737509 1.962340 -0.625000
-4.907039 1.488534 -0.625000
-5.029312 1.000392 -0.625000
-5.103151 0.502616 -0.625000
-5.127842 0.000000 -0.625000
-5.103151 -0.502616 -0.625000
-5.029312 -1.000392 -0.625000
-4.907039 -1.488534 -0.625000
-4.737509 -1.962340 -0.625000
-4.522353 -2.417248 -0.625000
-4.263645 -2.848877 -0.625000
-3.963876 -3.253069 -0.625000
-3.625932 -3.625932 -0.625000
-3.253069 -3.963876 -0.625000
-2.848877 -4.263645 -0.625000
-2.417248 -4.522353 -0.625000
-1.962340 -4.737509 -0.625000
-1.488534 -4.907039 -0.625000
-1.000392 -5.029312 -0.625000
-0.502616 -5.103151 -0.625000
-0.000000 -5.127842 -0.625000
0.502616 -5.103151 -0.625000
1.000392 -5.029312 -0.625000
1.488534 -4.907039 -0.625000
1.962340 -4.737509 -0.625000
2.417248 -4.522353 -0.625000
2.848877 -4.263645 -0.625000
3.253069 -3.963876 -0.625000
3.625932 -3.625932 -0.625000
3.963876 -3.253069 -0.625000
4.263645 -2.848877 -0.625000
4.522353 -2.417248 -0.625000
4.737509 -1.962340 -0.625000
4.907039 -1.488534 -0.625000
5.029312 -1.000392 -0.625000
5.103151 -0.502616 -0.625000
5.257652 0.000000 -0.500000
5.232335 0.515340 -0.500000
5.156628 1.025717 -0.500000
5.031260 1.526216 -0.500000
4.857437 2.012016 -0.500000
4.636835 2.478440 -0.500000
4.371578 2.920995 -0.500000
4.064220 3.335419 -0.500000
3.717722 3.717722 -0.500000
3.335419 4.064220 -0.500000
2.920995 4.371578 -0.500000
2.478440 4.636835 -0.500000
2.012016 4.857437 -0.500000
1.526216 5.031260 -0.500000
1.025717 5.156628 -0.500000
0.515340 5.232335 -0.500000
0.000000 5.257652 -0.500000
-0.515340 5.232335 -0.500000
-1.025717 5.156628 -0.500000
-1.526216 5.031260 -0.500000
-2.012016 4.857437 -0.500000
-2.478440 4.636835 -0.500000
-2.920995 4.371578 -0.500000
-3.335419 4.064220 -0.500000
-3.717722 3.717722 -0.500000
-4.064220 3.335419 -0.500000
-4.371578 2.920995 -0.500000
-4.636835 2.478440 -0.500000
-4.857437 2.012016 -0.500000
-5.031260 1.526216 -0.500000
-5.156628 1.025717 -0.500000
-5.232335 0.515340 -0.500000
-5.257652 0.000000 -0.500000
-5.232335 -0.515340 -0.500000
-5.156628 -1.025717 -0.500000
-5.031260 -1.526216 -0.500000
-4.857437 -2.012016 -0.500000
-4.636835 -2.478440 -0.500000
-4.371578 -2.920995 -0.500000
-4.064220 -3.335419 -0.500000
-3.717722 -3.717722 -0.500000
-3.335419 -4.064220 -0.500000
-2.920995 -4.371578 -0.500000
-2.478440 -4.636835 -0.500000
-2.012016 -4.857437 -0.500000
-1.526216 -5.031260 -0.500000
-1.025717 -5.156628 -0.500000
-0.515340 -5.232335 -0.500000
-0.000000 -5.257652 -0.500000
0.515340 -5.232335 -0.500000
1.025717 -5.156628 -0.500000
1.526216 -5.031260 -0.500000
2.012016 -4.857437 -0.500000
2.478440 -4.636835 -0.500000
2.920995 -4.371578 -0.500000
3.335419 -4.064220 -0.500000
3.717722 -3.717722 -0.500000
4.064220 -3.335419 -0.500000
4.371578 -2.920995 -0.500000
4.636835 -2.478440 -0.500000
4.857437 -2.012016 -0.500000
5.031260 -1.526216 -0.500000
5.156628 -1.025717 -0.500000
5.232335 -0.515340 -0.500000
5.361818 0.000000 -0.375000
5.336000 0.525550 -0.375000
5.258792 1.046039 -0.375000
5.130940 1.556454 -0.375000
4.953674 2.051879 -0.375000
4.728701 2.527544 -0.375000
4.458189 2.978867 -0.375000
4.144742 3.401501 -0.375000
3.791378 3.791378 -0.375000
3.401501 4.144742 -0.375000
2.978867 4.458189 -0.375000
2.527544 4.728701 -0.375000
2.051879 4.953674 -0.375000
1.556454 5.130940 -0.375000
1.046039 5.258792 -0.375000
0.525550 5.336000 -0.375000
0.000000 5.361818 -0.375000
-0.525550 5.336000 -0.375000
-1.046039 5.258792 -0.375000
-1.556454 5.130940 -0.375000
-2.051879 4.953674 -0.375000
-2.527544 4.728701 -0.375000
-2.978867 4.458189 -0.375000
-3.401501 4.144742 -0.375000
-3.791378 3.791378 -0.375000
-4.144742 3.401501 -0.375000
-4.458189 2.978867 -0.375000
-4.728701 2.527544 -0.375000
-4.953674 2.051879 -0.375000
-5.130940 1.556454 -0.375000
-5.258792 1.046039 -0.375000
-5.336000 0.525550 -0.375000
-5.361818 0.000000 -0.375000
-5.336000 -0.525550 -0.375000
-5.258792 -1.046039 -0.375000
-5.130940 -1.556454 -0.375000
-4.953674 -2.051879 -0.375000
-4.728701 -2.527544 -0.375000
-4.458189 -2.978867 -0.375000
-4.144742 -3.401501 -0.375000
-3.791378 -3.791378 -0.375000
-3.401501 -4.144742 -0.375000
-2.978867 -4.458189 -0.375000
-2.527544 -4.728701 -0.375000
-2.051879 -4.953674 -0.375000
-1.556454 -5.130940 -0.375000
-1.046039 -5.258792 -0.375000
-0.525550 -5.336000 -0.375000
-0.000000 -5.361818 -0.375000
0.525550 -5.336000 -0.375000
1.046039 -5.258792 -0.375000
1.556454 -5.130940 -0.375000
2.051879 -4.953674 -0.375000
2.527544 -4.728701 -0.375000
2.978867 -4.458189 -0.375000
3.401501 -4.144742 -0.375000
3.791378 -3.791378 -0.375000
4.144742 -3.401501 -0.375000
4.458189 -2.978867 -0.375000
4.728701 -2.527544 -0.375000
4.953674 -2.051879 -0.375000
5.130940 -1.556454 -0.375000
5.258792 -1.046039 -0.375000
5.336000 -0.525550 -0.375000
5.437986 0.000000 -0.250000
5.411800 0.533016 -0.250000
5.333496 1.060898 -0.250000
5.203828 1.578564 -0.250000
5.024044 2.081027 -0.250000
4.795875 2.563449 -0.250000
4.521520 3.021183 -0.250000
4.203620 3.449822 -0.250000
3.845237 3.845237 -0.250000
3.449822 4.203620 -0.250000
3.021183 4.521520 -0.250000
2.563449 4.795875 -0.250000
2.081027 5.024044 -0.250000
1.578564 5.203828 -0.250000
1.060898 5.333496 -0.250000
0.533016 5.411800 -0.250000
0.000000 5.437986 -0.250000
-0.533016 5.411800 -0.250000
-1.060898 5.333496 -0.250000
-1.578564 5.203828 -0.250000
-2.081027 5.024044 -0.250000
-2.563449 4.795875 -0.250000
-3.021183 4.521520 -0.250000
-3.449822 4.203620 -0.250000
-3.845237 3.845237 -0.250000
-4.203620 3.449822 -0.250000
-4.521520 3.021183 -0.250000
-4.795875 2.563449 -0.250000
-5.024044 2.081027 -0.250000
-5.203828 1.578564 -0.250000
-5.333496 1.060898 -0.250000
-5.411800 0.533016 -0.250000
-5.437986 0.000000 -0.250000
-5.411800 -0.533016 -0.250000
-5.333496 -1.060898 -0.250000
-5.203828 -1.578564 -0.250000
-5.024044 -2.081027 -0.250000
-4.795875 -2.563449 -0.250000
-4.521520 -3.021183 -0.250000
-4.203620 -3.449822 -0.250000
-3.845237 -3.845237 -0.250000
-3.449822 -4.203620 -0.250000
-3.021183 -4.521520 -0.250000
-2.563449 -4.795875 -0.250000
-2.081027 -5.024044 -0.250000
-1.578564 -5.203828 -0.250000
-1.060898 -5.333496 -0.250000
-0.533016 -5.411800 -0.250000
-0.000000 -5.437986 -0.250000
0.533016 -5.411800 -0.250000
1.060898 -5.333496 -0.250000
1.578564 -5.203828 -0.250000
2.081027 -5.024044 -0.250000
2.563449 -4.795875 -0.250000
3.021183 -4.521520 -0.250000
3.449822 -4.203620 -0.250000
3.845237 -3.845237 -0.250000
4.203620 -3.449822 -0.250000
4.521520 -3.021183 -0.250000
4.795875 -2.563449 -0.250000
5.024044 -2.081027 -0.250000
5.203828 -1.578564 -0.250000
5.333496 -1.060898 -0.250000
5.411800 -0.533016 -0.250000
5.484405 0.000000 -0.125000
5.457997 0.537566 -0.125000
5.379024 1.069954 -0.125000
5.248249 1.592039 -0.125000
5.066930 2.098791 -0.125000
4.836814 2.585331 -0.125000
4.560116 3.046972 -0.125000
4.239503 3.479270 -0.125000
3.878060 3.878060 -0.125000
3.479270 4.239503 -0.125000
3.046972 4.560116 -0.125000
2.585331 4.836814 -0.125000
2.098791 5.066930 -0.125000
1.592039 5.248249 -0.125000
1.069954 5.379024 -0.125000
0.537566 5.457997 -0.125000
0.000000 5.484405 -0.125000
-0.537566 5.457997 -0.125000
-1.069954 5.379024 -0.125000
-1.592039 5.248249 -0.125000
-2.098791 5.066930 -0.125000
-2.585331 4.836814 -0.125000
-3.046972 4.560116 -0.125000
-3.479270 4.239503 -0.125000
-3.878060 3.878060 -0.125000
-4.239503 3.479270 -0.125000
-4.560116 3.046972 -0.125000
-4.836814 2.585331 -0.125000
-5.066930 2.098791 -0.125000
-5.248249 1.592039 -0.125000
-5.379024 1.069954 -0.125000
-5.457997 0.537566 -0.125000
-5.484405 0.000000 -0.125000
-5.457997 -0.537566 -0.125000
-5.379024 -1.069954 -0.125000
-5.248249 -1.592039 -0.125000
-5.066930 -2.098791 -0.125000
-4.836814 -2.585331 -0.125000
-4.560116 -3.046972 -0.125000
-4.239503 -3.479270 -0.125000
-3.878060 -3.878060 -0.125000
-3.479270 -4.239503 -0.125000
-3.046972 -4.560116 -0.125000
-2.585331 -4.836814 -0.125000
-2.098791 -5.066930 -0.125000
-1.592039 -5.248249 -0.125000
-1.069954 -5.379024 -0.125000
-0.537566 -5.457997 -0.125000
-0.000000 -5.484405 -0.125000
0.537566 -5.457997 -0.125000
1.069954 -5.379024 -0.125000
1.592039 -5.248249 -0.125000
2.098791 -5.066930 -0.125000
2.585331 -4.836814 -0.125000
3.046972 -4.560116 -0.125000
3.479270 -4.239503 -0.125000
3.878060 -3.878060 -0.125000
4.239503 -3.479270 -0.125000
4.560116 -3.046972 -0.125000
4.836814 -2.585331 -0.125000
5.066930 -2.098791 -0.125000
5.248249 -1.592039 -0.125000
5.379024 -1.069954 -0.125000
5.457997 -0.537566 -0.125000
5.500000 0.000000 0.000000
5.473516 0.539094 0.000000
5.394319 1.072997 0.000000
5.263172 1.596566 0.000000
5.081337 2.104759 0.000000
4.850567 2.592682 0.000000
4.573083 3.055636 0.000000
4.251557 3.489163 0.000000
3.889087 3.889087 0.000000
3.489163 4.251557 0.000000
3.055636 4.573083 0.000000
2.592682 4.850567 0.000000
2.104759 5.081337 0.000000
1.596566 5.263172 0.000000
1.072997 5.394319 0.000000
0.539094 5.473516 0.000000
0.000000 5.500000 0.000000
-0.539094 5.473516 0.000000
-1.072997 5.394319 0.000000
-1.596566 5.263172 0.000000
-2.104759 5.081337 0.000000
-2.592682 4.850567 0.000000
-3.055636 4.573083 0.000000
-3.489163 4.251557 0.000000
-3.889087 3.889087 0.000000
-4.251557 3.489163 0.000000
-4.573083 3.055636 0.000000
-4.850567 2.592682 0.000000
-5.081337 2.104759 0.000000
-5.263172 1.596566 0.000000
-5.394319 1.072997 0.000000
-5.473516 0.539094 0.000000
-5.500000 0.000000 0.000000
-5.473516 -0.539094 0.000000
-5.394319 -1.072997 0.000000
-5.263172 -1.596566 0.000000
-5.081337 -2.104759 0.000000
-4.850567 -2.592682 0.000000
-4.573083 -3.055636 0.000000
-4.251557 -3.489163 0.000000
-3.889087 -3.889087 0.000000
-3.489163 -4.251557 0.000000
-3.055636 -4.573083 0.000000
-2.592682 -4.850567 0.000000
-2.104759 -5.081337 0.000000
-1.596566 -5.263172 0.000000
-1.072997 -5.394319 0.000000
-0.539094 -5.473516 0.000000
-0.000000 -5.500000 0.000000
0.539094 -5.473516 0.000000
1.072997 -5.394319 0.000000
1.596566 -5.263172 0.000000
2.104759 -5.081337 0.000000
2.592682 -4.850567 0.000000
3.055636 -4.573083 0.000000
3.489163 -4.251557 0.000000
3.889087 -3.889087 0.000000
4.251557 -3.489163 0.000000
4.573083 -3.055636 0.000000
4.850567 -2.592682 0.000000
5.081337 -2.104759 0.000000
5.263172 -1.596566 0.000000
5.394319 -1.072997 0.000000
5.473516 -0.539094 0.000000
5.484405 0.000000 0.125000
5.457997 0.537566 0.125000
5.379024 1.069954 0.125000
5.248249 1.592039 0.125000
5.066930 2.098791 0.125000
4.836814 2.585331 0.125000
4.560116 3.046972 0.125000
4.239503 3.479270 0.125000
3.878060 3.878060 0.125000
3.479270 4.239503 0.125000
3.046972 4.560116 0.125000
2.585331 4.836814 0.125000
2.098791 5.066930 0.125000
1.592039 5.248249 0.125000
1.069954 5.379024 0.125000
0.537566 5.457997 0.125000
0.000000 5.484405 0.125000
-0.537566 5.457997 0.125000
-1.069954 5.379024 0.125000
-1.592039 5.248249 0.125000
-2.098791 5.066930 0.125000
-2.585331 4.836814 0.125000
-3.046972 4.560116 0.125000
-3.479270 4.239503 0.125000
-3.878060 3.878060 0.125000
-4.239503 3.479270 0.125000
-4.560116 3.046972 0.125000
-4.836814 2.585331 0.125000
-5.066930 2.098791 0.125000
-5.248249 1.592039 0.125000
-5.379024 1.069954 0.125000
-5.457997 0.537566 0.125000
-5.484405 0.000000 0.125000
-5.457997 -0.537566 0.125000
-5.379024 -1.069954 0.125000
-5.248249 -1.592039 0.125000
-5.066930 -2.098791 0.125000
-4.836814 -2.585331 0.125000
-4.560116 -3.046972 0.125000
-4.239503 -3.479270 0.125000
-3.878060 -3.878060 0.125000
-3.479270 -4.239503 0.125000
-3.046972 -4.560116 0.125000
-2.585331 -4.836814 0.125000
-2.098791 -5.066930 0.125000
-1.592039 -5.248249 0.125000
-1.069954 -5.379024 0.125000
-0.537566 -5.457997 0.125000
-0.000000 -5.484405 0.125000
0.537566 -5.457997 0.125000
1.069954 -5.379024 0.125000
1.592039 -5.248249 0.125000
2.098791 -5.066930 0.125000
2.585331 -4.836814 0.125000
3.046972 -4.560116 0.125000
3.479270 -4.239503 0.125000
3.878060 -3.878060 0.125000
4.239503 -3.479270 0.125000
4.560116 -3.046972 0.125000
4.836814 -2.585331 0.125000
5.066930 -2.098791 0.125000
5.248249 -1.592039 0.125000
5.379024 -1.069954 0.125000
5.457997 -0.537566 0.125000
5.437986 0.000000 0.250000
5.411800 0.533016 0.250000
5.333496 1.060898 0.250000
5.203828 1.578564 0.250000
5.024044 2.081027 0.250000
4.795875 2.563449 0.250000
4.521520 3.021183 0.250000
4.203620 3.449822 0.250000
3.845237 3.845237 0.250000
3.449822 4.203620 0.250000
3.021183 4.521520 0.250000
2.563449 4.795875 0.250000
2.081027 5.024044 0.250000
1.578564 5.203828 0.250000
1.060898 5.333496 0.250000
0.533016 5.411800 0.250000
0.000000 5.437986 0.250000
-0.533016 5.411800 0.250000
-1.060898 5.333496 0.250000
-1.578564 5.203828 0.250000
-2.081027 5.024044 0.250000
-2.563449 4.795875 0.250000
-3.021183 4.521520 0.250000
-3.449822 4.203620 0.250000
-3.845237 3.845237 0.250000
-4.203620 3.449822 0.250000
-4.521520 3.021183 0.250000
-4.795875 2.563449 0.250000
-5.024044 2.081027 0.250000
-5.203828 1.578564 0.250000
-5.333496 1.060898 0.250000
-5.411800 0.533016 0.250000
-5.437986 0.000000 0.250000
-5.411800 -0.533016 0.250000
-5.333496 -1.060898 0.250000
-5.203828 -1.578564 0.250000
-5.024044 -2.081027 0.250000
-4.795875 -2.563449 0.250000
-4.521520 -3.021183 0.250000
-4.203620 -3.449822 0.250000
-3.845237 -3.845237 0.250000
-3.449822 -4.203620 0.250000
-3.021183 -4.521520 0.250000
-2.563449 -4.795875 0.250000
-2.081027 -5.024044 0.250000
-1.578564 -5.203828 0.250000
-1.060898 -5.333496 0.250000
-0.533016 -5.411800 0.250000
-0.000000 -5.437986 0.250000
0.533016 -5.411800 0.250000
1.060898 -5.333496 0.250000
1.578564 -5.203828 0.250000
2.081027 -5.024044 0.250000
2.563449 -4.795875 0.250000
3.021183 -4.521520 0.250000
3.449822 -4.203620 0.250000
3.845237 -3.845237 0.250000
4.203620 -3.449822 0.250000
4.521520 -3.021183 0.250000
4.795875 -2.563449 0.250000
5.024044 -2.081027 0.250000
5.203828 -1.578564 0.250000
5.333496 -1.060898 0.250000
5.411800 -0.533016 0.250000
5.361818 0.000000 0.375000
5.336000 0.525550 0.375000
5.258792 1.046039 0.375000
5.130940 1.556454 0.375000
4.953674 2.051879 0.375000
4.728701 2.527544 0.375000
4.458189 2.978867 0.375000
4.144742 3.401501 0.375000
3.791378 3.791378 0.375000
3.401501 4.144742 0.375000
2.978867 4.458189 0.375000
2.527544 4.728701 0.375000
2.051879 4.953674 0.375000
1.556454 5.130940 0.375000
1.046039 5.258792 0.375000
0.525550 5.336000 0.375000
0.000000 5.361818 0.375000
-0.525550 5.336000 0.375000
-1.046039 5.258792 0.375000
-1.556454 5.130940 0.375000
-2.051879 4.953674 0.375000
-2.527544 4.728701 0.375000
-2.978867 4.458189 0.375000
-3.401501 4.144742 0.375000
-3.791378 3.791378 0.375000
-4.144742 3.401501 0.375000
-4.458189 2.978867 0.375000
-4.728701 2.527544 0.375000
-4.953674 2.051879 0.375000
-5.130940 1.556454 0.375000
-5.258792 1.046039 0.375000
-5.336000 0.525550 0.375000
-5.361818 0.000000 0.375000
-5.336000 -0.525550 0.375000
-5.258792 -1.046039 0.375000
-5.130940 -1.556454 0.375000
-4.953674 -2.051879 0.375000
-4.728701 -2.527544 0.375000
-4.458189 -2.978867 0.375000
-4.144742 -3.401501 0.375000
-3.791378 -3.791378 0.375000
-3.401501 -4.144742 0.375000
-2.978867 -4.458189 0.375000
-2.527544 -4.728701 0.375000
-2.051879 -4.953674 0.375000
-1.556454 -5.130940 0.375000
-1.046039 -5.258792 0.375000
-0.525550 -5.336000 0.375000
-0.000000 -5.361818 0.375000
0.525550 -5.336000 0.375000
1.046039 -5.258792 0.375000
1.556454 -5.130940 0.375000
2.051879 -4.953674 0.375000
2.527544 -4.728701 0.375000
2.978867 -4.458189 0.375000
3.401501 -4.144742 0.375000
3.791378 -3.791378 0.375000
4.144742 -3.401501 0.375000
4.458189 -2.978867 0.375000
4.728701 -2.527544 0.375000
4.953674 -2.051879 0.375000
5.130940 -1.556454 0.375000
5.258792 -1.046039 0.375000
5.336000 -0.525550 0.375000
5.257652 0.000000 0.500000
5.232335 0.515340 0.500000
5.156628 1.025717 0.500000
5.031260 1.526216 0.500000
4.857437 2.012016 0.500000
4.636835 2.478440 0.500000
4.371578 2.920995 0.500000
4.064220 3.335419 0.500000
3.717722 3.717722 0.500000
3.335419 4.064220 0.500000
2.920995 4.371578 0.500000
2.478440 4.636835 0.500000
2.012016 4.857437 0.500000
1.526216 5.031260 0.500000
1.025717 5.156628 0.500000
0.515340 5.232335 0.500000
0.000000 5.257652 0.500000
-0.515340 5.232335 0.500000
-1.025717 5.156628 0.500000
-1.526216 5.031260 0.500000
-2.012016 4.857437 0.500000
-2.478440 4.636835 0.500000
-2.920995 4.371578 0.500000
-3.335419 4.064220 0.500000
-3.717722 3.717722 0.500000
-4.064220 3.335419 0.500000
-4.371578 2.920995 0.500000
-4.636835 2.478440 0.500000
-4.857437 2.012016 0.500000
-5.031260 1.526216 0.500000
-5.156628 1.025717 0.500000
-5.232335 0.515340 0.500000
-5.257652 0.000000 0.500000
-5.232335 -0.515340 0.500000
-5.156628 -1.025717 0.500000
-5.031260 -1.526216 0.500000
-4.857437 -2.012016 0.500000
-4.636835 -2.478440 0.500000
-4.371578 -2.920995 0.500000
-4.064220 -3.335419 0.500000
-3.717722 -3.717722 0.500000
-3.335419 -4.064220 0.500000
-2.920995 -4.371578 0.500000
-2.478440 -4.636835 0.500000
-2.012016 -4.857437 0.500000
-1.526216 -5.031260 0.500000
-1.025717 -5.156628 0.500000
-0.515340 -5.232335 0.500000
-0.000000 -5.257652 0.500000
0.515340 -5.232335 0.500000
1.025717 -5.156628 0.500000
1.526216 -5.031260 0.500000
2.012016 -4.857437 0.500000
2.478440 -4.636835 0.500000
2.920995 -4.371578 0.500000
3.335419 -4.064220 0.500000
3.717722 -3.717722 0.500000
4.064220 -3.335419 0.500000
4.371578 -2.920995 0.500000
4.636835 -2.478440 0.500000
4.857437 -2.012016 0.500000
5.031260 -1.526216 0.500000
5.156628 -1.025717 0.500000
5.232335 -0.515340 0.500000
5.127842 0.000000 0.625000
5.103151 0.502616 0.625000
5.029312 1.000392 0.625000
4.907039 1.488534 0.625000
4.737509 1.962340 0.625000
4.522353 2.417248 0.625000
4.263645 2.848877 0.625000
3.963876 3.253069 0.625000
3.625932 3.625932 0.625000
3.253069 3.963876 0.625000
2.848877 4.263645 0.625000
2.417248 4.522353 0.625000
1.962340 4.737509 0.625000
1.488534 4.907039 0.625000
1.000392 5.029312 0.625000
0.502616 5.103151 0.625000
0.000000 5.127842 0.625000
-0.502616 5.103151 0.625000
-1.000392 5.029312 0.625000
-1.488534 4.907039 0.625000
-1.962340 4.737509 0.625000
-2.417248 4.522353 0.625000
-2.848877 4.263645 0.625000
-3.253069 3.963876 0.625000
-3.625932 3.625932 0.625000
-3.963876 3.253069 0.625000
-4.263645 2.848877 0.625000
-4.522353 2.417248 0.625000
-4.737509 1.962340 0.625000
-4.907039 1.488534 0.625000
-5.029312 1.000392 0.625000
-5.103151 0.502616 0.625000
-5.127842 0.000000 0.625000
-5.103151 -0.502616 0.625000
-5.029312 -1.000392 0.625000
-4.907039 -1.488534 0.625000
-4.737509 -1.962340 0.625000
-4.522353 -2.417248 0.625000
-4.263645 -2.848877 0.625000
-3.963876 -3.253069 0.625000
-3.625932 -3.625932 0.625000
-3.253069 -3.963876 0.625000
-2.848877 -4.263645 0.625000
-2.417248 -4.522353 0.625000
-1.962340 -4.737509 0.625000
-1.488534 -4.907039 0.625000
-1.000392 -5.029312 0.625000
-0.502616 -5.103151 0.625000
-0.000000 -5.127842 0.625000
0.502616 -5.103151 0.625000
1.000392 -5.029312 0.625000
1.488534 -4.907039 0.625000
1.962340 -4.737509 0.625000
2.417248 -4.522353 0.625000
2.848877 -4.263645 0.625000
3.253069 -3.963876 0.625000
3.625932 -3.625932 0.625000
3.963876 -3.253069 0.625000
4.263645 -2.848877 0.625000
4.522353 -2.417248 0.625000
4.737509 -1.962340 0.625000
4.907039 -1.488534 0.625000
5.029312 -1.000392 0.625000
5.103151 -0.502616 0.625000
4.975260 0.000000 0.750000
4.951303 0.487661 0.750000
4.879662 0.970625 0.750000
4.761027 1.444242 0.750000
4.596541 1.903950 0.750000
4.387788 2.345321 0.750000
4.136778 2.764106 0.750000
3.845928 3.156272 0.750000
3.518040 3.518040 0.750000
3.156272 3.845928 0.750000
2.764106 4.136778 0.750000
2.345321 4.387788 0.750000
1.903950 4.596541 0.750000
1.444242 4.761027 0.750000
0.970625 4.879662 0.750000
0.487661 4.951303 0.750000
0.000000 4.975260 0.750000
-0.487661 4.951303 0.750000
-0.970625 4.879662 0.750000
-1.444242 4.761027 0.750000
-1.903950 4.596541 0.750000
-2.345321 4.387788 0.750000
-2.764106 4.136778 0.750000
-3.156272 3.845928 0.750000
-3.518040 3.518040 0.750000
-3.845928 3.156272 0.750000
-4.136778 2.764106 0.750000
-4.387788 2.345321 0.750000
-4.596541 1.903950 0.750000
-4.761027 1.444242 0.750000
-4.879662 0.970625 0.750000
-4.951303 0.487661 0.750000
-4.975260 0.000000 0.750000
-4.951303 -0.487661 0.750000
-4.879662 -0.970625 0.750000
-4.761027 -1.444242 0.750000
-4.596541 -1.903950 0.750000
-4.387788 -2.345321 0.750000
-4.136778 -2.764106 0.750000
-3.845928 -3.156272 0.750000
-3.518040 -3.518040 0.750000
-3.156272 -3.845928 0.750000
-2.764106 -4.136778 0.750000
-2.345321 -4.387788 0.750000
-1.903950 -4.596541 0.750000
-1.444242 -4.761027 0.750000
-0.970625 -4.879662 0.750000
-0.487661 -4.951303 0.750000
-0.000000 -4.975260 0.750000
0.487661 -4.951303 0.750000
0.970625 -4.879662 0.750000
1.444242 -4.761027 0.750000
1.903950 -4.596541 0.750000
2.345321 -4.387788 0.750000
2.764106 -4.136778 0.750000
3.156272 -3.845928 0.750000
3.518040 -3.518040 0.750000
3.845928 -3.156272 0.750000
4.136778 -2.764106 0.750000
4.387788 -2.345321 0.750000
4.596541 -1.903950 0.750000
4.761027 -1.444242 0.750000
4.879662 -0.970625 0.750000
4.951303 -0.487661 0.750000
4.803188 0.000000 0.875000
4.780059 0.470795 0.875000
4.710896 0.937056 0.875000
4.596364 1.394292 0.875000
4.437567 1.838101 0.875000
4.236034 2.264207 0.875000
3.993705 2.668508 0.875000
3.712915 3.047110 0.875000
3.396367 3.396367 0.875000
3.047110 3.712915 0.875000
2.668508 3.993705 0.875000
2.264207 4.236034 0.875000
1.838101 4.437567 0.875000
1.394292 4.596364 0.875000
0.937056 4.710896 0.875000
0.470795 4.780059 0.875000
0.000000 4.803188 0.875000
-0.470795 4.780059 0.875000
-0.937056 4.710896 0.875000
-1.394292 4.596364 0.875000
-1.838101 4.437567 0.875000
-2.264207 4.236034 0.875000
-2.668508 3.993705 0.875000
-3.047110 3.712915 0.875000
-3.396367 3.396367 0.875000
-3.712915 3.047110 0.875000
-3.993705 2.668508 0.875000
-4.236034 2.264207 0.875000
-4.437567 1.838101 0.875000
-4.596364 1.394292 0.875000
-4.710896 0.937056 0.875000
-4.780059 0.470795 0.875000
-4.803188 0.000000 0.875000
-4.780059 -0.470795 0.875000
-4.710896 -0.937056 0.875000
-4.596364 -1.394292 0.875000
-4.437567 -1.838101 0.875000
-4.236034 -2.264207 0.875000
-3.993705 -2.668508 0.875000
-3.712915 -3.047110 0.875000
-3.396367 -3.396367 0.875000
-3.047110 -3.712915 0.875000
-2.668508 -3.993705 0.875000
-2.264207 -4.236034 0.875000
-1.838101 -4.437567 0.875000
-1.394292 -4.596364 0.875000
-0.937056 -4.710896 0.875000
-0.470795 -4.780059 0.875000
-0.000000 -4.803188 0.875000
0.470795 -4.780059 0.875000
0.937056 -4.710896 0.875000
1.394292 -4.596364 0.875000
1.838101 -4.437567 0.875000
2.264207 -4.236034 0.875000
2.668508 -3.993705 0.875000
3.047110 -3.712915 0.875000
3.396367 -3.396367 0.875000
3.712915 -3.047110 0.875000
3.993705 -2.668508 0.875000
4.236034 -2.264207 0.875000
4.437567 -1.838101 0.875000
4.596364 -1.394292 0.875000
4.710896 -0.937056 0.875000
4.780059 -0.470795 0.875000
4.615203 0.000000 1.000000
4.592980 0.452369 1.000000
4.526523 0.900381 1.000000
4.416474 1.339723 1.000000
4.263892 1.766162 1.000000
4.070246 2.175592 1.000000
3.837401 2.564069 1.000000
3.567600 2.927854 1.000000
3.263441 3.263441 1.000000
2.927854 3.567600 1.000000
2.564069 3.837401 1.000000
2.175592 4.070246 1.000000
1.766162 4.263892 1.000000
1.339723 4.416474 1.000000
0.900381 4.526523 1.000000
0.452369 4.592980 1.000000
0.000000 4.615203 1.000000
-0.452369 4.592980 1.000000
-0.900381 4.526523 1.000000
-1.339723 4.416474 1.000000
-1.766162 4.263892 1.000000
-2.175592 4.070246 1.000000
-2.564069 3.837401 1.000000
-2.927854 3.567600 1.000000
-3.263441 3.263441 1.000000
-3.567600 2.927854 1.000000
-3.837401 2.564069 1.000000
-4.070246 2.175592 1.000000
-4.263892 1.766162 1.000000
-4.416474 1.339723 1.000000
-4.526523 0.900381 1.000000
-4.592980 0.452369 1.000000
-4.615203 0.000000 1.000000
-4.592980 -0.452369 1.000000
-4.526523 -0.900381 1.000000
-4.416474 -1.339723 1.000000
-4.263892 -1.766162 1.000000
-4.070246 -2.175592 1.000000
-3.837401 -2.564069 1.000000
-3.567600 -2.927854 1.000000
-3.263441 -3.263441 1.000000
-2.927854 -3.567600 1.000000
-2.564069 -3.837401 1.000000
-2.175592 -4.070246 1.000000
-1.766162 -4.263892 1.000000
-1.339723 -4.416474 1.000000
-0.900381 -4.526523 1.000000
-0.452369 -4.592980 1.000000
-0.000000 -4.615203 1.000000
0.452369 -4.592980 1.000000
0.900381 -4.526523 1.000000
1.339723 -4.416474 1.000000
1.766162 -4.263892 1.000000
2.175592 -4.070246 1.000000
2.564069 -3.837401 1.000000
2.927854 -3.567600 1.000000
3.263441 -3.263441 1.000000
3.567600 -2.927854 1.000000
3.837401 -2.564069 1.000000
4.070246 -2.175592 1.000000
4.263892 -1.766162 1.000000
4.416474 -1.339723 1.000000
4.526523 -0.900381 1.000000
4.592980 -0.452369 1.000000
4.415053 0.000000 1.125000
4.393794 0.432751 1.125000
4.330219 0.861334 1.125000
4.224943 1.281622 1.125000
4.078977 1.689568 1.125000
3.893729 2.081242 1.125000
3.670983 2.452872 1.125000
3.412882 2.800880 1.125000
3.121914 3.121914 1.125000
2.800880 3.412882 1.125000
2.452872 3.670983 1.125000
2.081242 3.893729 1.125000
1.689568 4.078977 1.125000
1.281622 4.224943 1.125000
0.861334 4.330219 1.125000
0.432751 4.393794 1.125000
0.000000 4.415053 1.125000
-0.432751 4.393794 1.125000
-0.861334 4.330219 1.125000
-1.281622 4.224943 1.125000
-1.689568 4.078977 1.125000
-2.081242 3.893729 1.125000
-2.452872 3.670983 1.125000
-2.800880 3.412882 1.125000
-3.121914 3.121914 1.125000
-3.412882 2.800880 1.125000
-3.670983 2.452872 1.125000
-3.893729 2.081242 1.125000
-4.078977 1.689568 1.125000
-4.224943 1.281622 1.125000
-4.330219 0.861334 1.125000
-4.393794 0.432751 1.125000
-4.415053 0.000000 1.125000
-4.393794 -0.432751 1.125000
-4.330219 -0.861334 1.125000
-4.224943 -1.281622 1.125000
-4.078977 -1.689568 1.125000
-3.893729 -2.081242 1.125000
-3.670983 -2.452872 1.125000
-3.412882 -2.800880 1.125000
-3.121914 -3.121914 1.125000
-2.800880 -3.412882 1.125000
-2.452872 -3.670983 1.125000
-2.081242 -3.893729 1.125000
-1.689568 -4.078977 1.125000
-1.281622 -4.224943 1.125000
-0.861334 -4.330219 1.125000
-0.432751 -4.393794 1.125000
-0.000000 -4.415053 1.125000
0.432751 -4.393794 1.125000
0.861334 -4.330219 1.125000
1.281622 -4.224943 1.125000
1.689568 -4.078977 1.125000
2.081242 -3.893729 1.125000
2.452872 -3.670983 1.125000
2.800880 -3.412882 1.125000
3.121914 -3.121914 1.125000
3.412882 -2.800880 1.125000
3.670983 -2.452872 1.125000
3.893729 -2.081242 1.125000
4.078977 -1.689568 1.125000
4.224943 -1.281622 1.125000
4.330219 -0.861334 1.125000
4.393794 -0.432751 1.125000
4.206535 0.000000 1.250000
4.186280 0.412313 1.250000
4.125708 0.820654 1.250000
4.025403 1.221093 1.250000
3.886332 1.609771 1.250000
3.709833 1.982947 1.250000
3.497606 2.337026 1.250000
3.251696 2.668598 1.250000
2.974470 2.974470 1.250000
2.668598 3.251696 1.250000
2.337026 3.497606 1.250000
1.982947 3.709833 1.250000
1.609771 3.886332 1.250000
1.221093 4.025403 1.250000
0.820654 4.125708 1.250000
0.412313 4.186280 1.250000
0.000000 4.206535 1.250000
-0.412313 4.186280 1.250000
-0.820654 4.125708 1.250000
-1.221093 4.025403 1.250000
-1.609771 3.886332 1.250000
-1.982947 3.709833 1.250000
-2.337026 3.497606 1.250000
-2.668598 3.251696 1.250000
-2.974470 2.974470 1.250000
-3.251696 2.668598 1.250000
-3.497606 2.337026 1.250000
-3.709833 1.982947 1.250000
-3.886332 1.609771 1.250000
-4.025403 1.221093 1.250000
-4.125708 0.820654 1.250000
-4.186280 0.412313 1.250000
-4.206535 0.000000 1.250000
-4.186280 -0.412313 1.250000
-4.125708 -0.820654 1.250000
-4.025403 -1.221093 1.250000
-3.886332 -1.609771 1.250000
-3.709833 -1.982947 1.250000
-3.497606 -2.337026 1.250000
-3.251696 -2.668598 1.250000
-2.974470 -2.974470 1.250000
-2.668598 -3.251696 1.250000
-2.337026 -3.497606 1.250000
-1.982947 -3.709833 1.250000
-1.609771 -3.886332 1.250000
-1.221093 -4.025403 1.250000
-0.820654 -4.125708 1.250000
-0.412313 -4.186280 1.250000
-0.000000 -4.206535 1.250000
0.412313 -4.186280 1.250000
0.820654 -4.125708 1.250000
1.221093 -4.025403 1.250000
1.609771 -3.886332 1.250000
1.982947 -3.709833 1.250000
2.337026 -3.497606 1.250000
2.668598 -3.251696 1.250000
2.974470 -2.974470 1.250000
3.251696 -2.668598 1.250000
3.497606 -2.337026 1.250000
3.709833 -1.982947 1.250000
3.886332 -1.609771 1.250000
4.025403 -1.221093 1.250000
4.125708 -0.820654 1.250000
4.186280 -0.412313 1.250000
3.993377 0.000000 1.375000
3.974148 0.391419 1.375000
3.916646 0.779069 1.375000
3.821424 1.159216 1.375000
3.689399 1.528199 1.375000
3.521844 1.882465 1.375000
3.320372 2.218602 1.375000
3.086922 2.533372 1.375000
2.823744 2.823744 1.375000
2.533372 3.086922 1.375000
2.218602 3.320372 1.375000
1.882465 3.521844 1.375000
1.528199 3.689399 1.375000
1.159216 3.821424 1.375000
0.779069 3.916646 1.375000
0.391419 3.974148 1.375000
0.000000 3.993377 1.375000
-0.391419 3.974148 1.375000
-0.779069 3.916646 1.375000
-1.159216 3.821424 1.375000
-1.528199 3.689399 1.375000
-1.882465 3.521844 1.375000
-2.218602 3.320372 1.375000
-2.533372 3.086922 1.375000
-2.823744 2.823744 1.375000
-3.086922 2.533372 1.375000
-3.320372 2.218602 1.375000
-3.521844 1.882465 1.375000
-3.689399 1.528199 1.375000
-3.821424 1.159216 1.375000
-3.916646 0.779069 1.375000
-3.974148 0.391419 1.375000
-3.993377 0.000000 1.375000
-3.974148 -0.391419 1.375000
-3.916646 -0.779069 1.375000
-3.821424 -1.159216 1.375000
-3.689399 -1.528199 1.375000
-3.521844 -1.882465 1.375000
-3.320372 -2.218602 1.375000
-3.086922 -2.533372 1.375000
-2.823744 -2.823744 1.375000
-2.533372 -3.086922 1.375000
-2.218602 -3.320372 1.375000
-1.882465 -3.521844 1.375000
-1.528199 -3.689399 1.375000
-1.159216 -3.821424 1.375000
-0.779069 -3.916646 1.375000
-0.391419 -3.974148 1.375000
-0.000000 -3.993377 1.375000
0.391419 -3.974148 1.375000
0.779069 -3.916646 1.375000
1.159216 -3.821424 1.375000
1.528199 -3.689399 1.375000
1.882465 -3.521844 1.375000
2.218602 -3.320372 1.375000
2.533372 -3.086922 1.375000
2.823744 -2.823744 1.375000
3.086922 -2.533372 1.375000
3.320372 -2.218602 1.375000
3.521844 -1.882465 1.375000
3.689399 -1.528199 1.375000
3.821424 -1.159216 1.375000
3.916646 -0.779069 1.375000
3.974148 -0.391419 1.375000
3.779131 0.000000 1.500000
3.760934 0.370420 1.500000
3.706516 0.737272 1.500000
3.616403 1.097024 1.500000
3.491462 1.446211 1.500000
3.332896 1.781470 1.500000
3.142233 2.099573 1.500000
2.921308 2.397456 1.500000
2.672249 2.672249 1.500000
2.397456 2.921308 1.500000
2.099573 3.142233 1.500000
1.781470 3.332896 1.500000
1.446211 3.491462 1.500000
1.097024 3.616403 1.500000
0.737272 3.706516 1.500000
0.370420 3.760934 1.500000
0.000000 3.779131 1.500000
-0.370420 3.760934 1.500000
-0.737272 3.706516 1.500000
-1.097024 3.616403 1.500000
-1.446211 3.491462 1.500000
-1.781470 3.332896 1.500000
-2.099573 3.142233 1.500000
-2.397456 2.921308 1.500000
-2.672249 2.672249 1.500000
-2.921308 2.397456 1.500000
-3.142233 2.099573 1.500000
-3.332896 1.781470 1.500000
-3.491462 1.446211 1.500000
-3.616403 1.097024 1.500000
-3.706516 0.737272 1.500000
-3.760934 0.370420 1.500000
-3.779131 0.000000 1.500000
-3.760934 -0.370420 1.500000
-3.706516 -0.737272 1.500000
-3.616403 -1.097024 1.500000
-3.491462 -1.446211 1.500000
-3.332896 -1.781470 1.500000
-3.142233 -2.099573 1.500000
-2.921308 -2.397456 1.500000
-2.672249 -2.672249 1.500000
-2.397456 -2.921308 1.500000
-2.099573 -3.142233 1.500000
-1.781470 -3.332896 1.500000
-1.446211 -3.491462 1.500000
-1.097024 -3.616403 1.500000
-0.737272 -3.706516 1.500000
-0.370420 -3.760934 1.500000
-0.000000 -3.779131 1.500000
0.370420 -3.760934 1.500000
0.737272 -3.706516 1.500000
1.097024 -3.616403 1.500000
1.446211 -3.491462 1.500000
1.781470 -3.332896 1.500000
2.099573 -3.142233 1.500000
2.397456 -2.921308 1.500000
2.672249 -2.672249 1.500000
2.921308 -2.397456 1.500000
3.142233 -2.099573 1.500000
3.332896 -1.781470 1.500000
3.491462 -1.446211 1.500000
3.616403 -1.097024 1.500000
3.706516 -0.737272 1.500000
3.760934 -0.370420 1.500000
3.567082 0.000000 1.625000
3.549906 0.349635 1.625000
3.498542 0.695903 1.625000
3.413485 1.035469 1.625000
3.295554 1.365063 1.625000
3.145886 1.681511 1.625000
2.965921 1.981765 1.625000
2.757392 2.262933 1.625000
2.522308 2.522308 1.625000
2.262933 2.757392 1.625000
1.981765 2.965921 1.625000
1.681511 3.145886 1.625000
1.365063 3.295554 1.625000
1.035469 3.413485 1.625000
0.695903 3.498542 1.625000
0.349635 3.549906 1.625000
0.000000 3.567082 1.625000
-0.349635 3.549906 1.625000
-0.695903 3.498542 1.625000
-1.035469 3.413485 1.625000
-1.365063 3.295554 1.625000
-1.681511 3.145886 1.625000
-1.981765 2.965921 1.625000
-2.262933 2.757392 1.625000
-2.522308 2.522308 1.625000
-2.757392 2.262933 1.625000
-2.965921 1.981765 1.625000
-3.145886 1.681511 1.625000
-3.295554 1.365063 1.625000
-3.413485 1.035469 1.625000
-3.498542 0.695903 1.625000
-3.549906 0.349635 1.625000
-3.567082 0.000000 1.625000
-3.549906 -0.349635 1.625000
-3.498542 -0.695903 1.625000
-3.413485 -1.035469 1.625000
-3.295554 -1.365063 1.625000
-3.145886 -1.681511 1.625000
-2.965921 -1.981765 1.625000
-2.757392 -2.262933 1.625000
-2.522308 -2.522308 1.625000
-2.262933 -2.757392 1.625000
-1.981765 -2.965921 1.625000
-1.681511 -3.145886 1.625000
-1.365063 -3.295554 1.625000
-1.035469 -3.413485 1.625000
-0.695903 -3.498542 1.625000
-0.349635 -3.549906 1.625000
-0.000000 -3.567082 1.625000
0.349635 -3.549906 1.625000
0.695903 -3.498542 1.625000
1.035469 -3.413485 1.625000
1.365063 -3.295554 1.625000
1.681511 -3.145886 1.625000
1.981765 -2.965921 1.625000
2.262933 -2.757392 1.625000
2.522308 -2.522308 1.625000
2.757392 -2.262933 1.625000
2.965921 -1.981765 1.625000
3.145886 -1.681511 1.625000
3.295554 -1.365063 1.625000
3.413485 -1.035469 1.625000
3.498542 -0.695903 1.625000
3.549906 -0.349635 1.625000
3.360173 0.000000 1.750000
3.343993 0.329355 1.750000
3.295608 0.655537 1.750000
3.215485 0.975407 1.750000
3.104395 1.285882 1.750000
2.963408 1.583974 1.750000
2.793882 1.866812 1.750000
2.597449 2.131671 1.750000
2.376001 2.376001 1.750000
2.131671 2.597449 1.750000
1.866812 2.793882 1.750000
1.583974 2.963408 1.750000
1.285882 3.104395 1.750000
0.975407 3.215485 1.750000
0.655537 3.295608 1.750000
0.329355 3.343993 1.750000
0.000000 3.360173 1.750000
-0.329355 3.343993 1.750000
-0.655537 3.295608 1.750000
-0.975407 3.215485 1.750000
-1.285882 3.104395 1.750000
-1.583974 2.963408 1.750000
-1.866812 2.793882 1.750000
-2.131671 2.597449 1.750000
-2.376001 2.376001 1.750000
-2.597449 2.131671 1.750000
-2.793882 1.866812 1.750000
-2.963408 1.583974 1.750000
-3.104395 1.285882 1.750000
-3.215485 0.975407 1.750000
-3.295608 0.655537 1.750000
-3.343993 0.329355 1.750000
-3.360173 0.000000 1.750000
-3.343993 -0.329355 1.750000
-3.295608 -0.655537 1.750000
-3.215485 -0.975407 1.750000
-3.104395 -1.285882 1.750000
-2.963408 -1.583974 1.750000
-2.793882 -1.866812 1.750000
-2.597449 -2.131671 1.750000
-2.376001 -2.376001 1.750000
-2.131671 -2.597449 1.750000
-1.866812 -2.793882 1.750000
-1.583974 -2.963408 1.750000
-1.285882 -3.104395 1.750000
-0.975407 -3.215485 1.750000
-0.655537 -3.295608 1.750000
-0.329355 -3.343993 1.750000
-0.000000 -3.360173 1.750000
0.329355 -3.343993 1.750000
0.655537 -3.295608 1.750000
0.975407 -3.215485 1.750000
1.285882 -3.104395 1.750000
1.583974 -2.963408 1.750000
1.866812 -2.793882 1.750000
2.131671 -2.597449 1.750000
2.376001 -2.376001 1.750000
2.597449 -2.131671 1.750000
2.793882 -1.866812 1.750000
2.963408 -1.583974 1.750000
3.104395 -1.285882 1.750000
3.215485 -0.975407 1.750000
3.295608 -0.655537 1.750000
3.343993 -0.329355 1.750000
3.160947 0.000000 1.875000
3.145726 0.309827 1.875000
3.100211 0.616670 1.875000
3.024838 0.917575 1.875000
2.920335 1.209642 1.875000
2.787707 1.490060 1.875000
2.628232 1.756128 1.875000
2.443445 2.005284 1.875000
2.235127 2.235127 1.875000
2.005284 2.443445 1.875000
1.756128 2.628232 1.875000
1.490060 2.787707 1.875000
1.209642 2.920335 1.875000
0.917575 3.024838 1.875000
0.616670 3.100211 1.875000
0.309827 3.145726 1.875000
0.000000 3.160947 1.875000
-0.309827 3.145726 1.875000
-0.616670 3.100211 1.875000
-0.917575 3.024838 1.875000
-1.209642 2.920335 1.875000
-1.490060 2.787707 1.875000
-1.756128 2.628232 1.875000
-2.005284 2.443445 1.875000
-2.235127 2.235127 1.875000
-2.443445 2.005284 1.875000
-2.628232 1.756128 1.875000
-2.787707 1.490060 1.875000
-2.920335 1.209642 1.875000
-3.024838 0.917575 1.875000
-3.100211 0.616670 1.875000
-3.145726 0.309827 1.875000
-3.160947 0.000000 1.875000
-3.145726 -0.309827 1.875000
-3.100211 -0.616670 1.875000
-3.024838 -0.917575 1.875000
-2.920335 -1.209642 1.875000
-2.787707 -1.490060 1.875000
-2.628232 -1.756128 1.875000
-2.443445 -2.005284 1.875000
-2.235127 -2.235127 1.875000
-2.005284 -2.443445 1.875000
-1.756128 -2.628232 1.875000
-1.490060 -2.787707 1.875000
-1.209642 -2.920335 1.875000
-0.917575 -3.024838 1.875000
-0.616670 -3.100211 1.875000
-0.309827 -3.145726 1.875000
-0.000000 -3.160947 1.875000
0.309827 -3.145726 1.875000
0.616670 -3.100211 1.875000
0.917575 -3.024838 1.875000
1.209642 -2.920335 1.875000
1.490060 -2.787707 1.875000
1.756128 -2.628232 1.875000
2.005284 -2.443445 1.875000
2.235127 -2.235127 1.875000
2.443445 -2.005284 1.875000
2.628232 -1.756128 1.875000
2.787707 -1.490060 1.875000
2.920335 -1.209642 1.875000
3.024838 -0.917575 1.875000
3.100211 -0.616670 1.875000
3.145726 -0.309827 1.875000
2.971518 0.000000 2.000000
2.957209 0.291260 2.000000
2.914421 0.579714 2.000000
2.843565 0.862586 2.000000
2.745324 1.137151 2.000000
2.620645 1.400764 2.000000
2.470727 1.650887 2.000000
2.297014 1.885111 2.000000
2.101180 2.101180 2.000000
1.885111 2.297014 2.000000
1.650887 2.470727 2.000000
1.400764 2.620645 2.000000
1.137151 2.745324 2.000000
0.862586 2.843565 2.000000
0.579714 2.914421 2.000000
0.291260 2.957209 2.000000
0.000000 2.971518 2.000000
-0.291260 2.957209 2.000000
-0.579714 2.914421 2.000000
-0.862586 2.843565 2.000000
-1.137151 2.745324 2.000000
-1.400764 2.620645 2.000000
-1.650887 2.470727 2.000000
-1.885111 2.297014 2.000000
-2.101180 2.101180 2.000000
-2.297014 1.885111 2.000000
-2.470727 1.650887 2.000000
-2.620645 1.400764 2.000000
-2.745324 1.137151 2.000000
-2.843565 0.862586 2.000000
-2.914421 0.579714 2.000000
-2.957209 0.291260 2.000000
-2.971518 0.000000 2.000000
-2.957209 -0.291260 2.000000
-2.914421 -0.579714 2.000000
-2.843565 -0.862586 2.000000
-2.745324 -1.137151 2.000000
-2.620645 -1.400764 2.000000
-2.470727 -1.650887 2.000000
-2.297014 -1.885111 2.000000
-2.101180 -2.101180 2.000000
-1.885111 -2.297014 2.000000
-1.650887 -2.470727 2.000000
-1.400764 -2.620645 2.000000
-1.137151 -2.745324 2.000000
-0.862586 -2.843565 2.000000
-0.579714 -2.914421 2.000000
-0.291260 -2.957209 2.000000
-0.000000 -2.971518 2.000000
0.291260 -2.957209 2.000000
0.579714 -2.914421 2.000000
0.862586 -2.843565 2.000000
1.137151 -2.745324 2.000000
1.400764 -2.620645 2.000000
1.650887 -2.470727 2.000000
1.885111 -2.297014 2.000000
2.101180 -2.101180 2.000000
2.297014 -1.885111 2.000000
2.470727 -1.650887 2.000000
2.620645 -1.400764 2.000000
2.745324 -1.137151 2.000000
2.843565 -0.862586 2.000000
2.914421 -0.579714 2.000000
2.957209 -0.291260 2.000000
2.793547 0.000000 2.125000
2.780095 0.273815 2.125000
2.739870 0.544994 2.125000
2.673258 0.810924 2.125000
2.580901 1.069044 2.125000
2.463689 1.316869 2.125000
2.322749 1.552012 2.125000
2.159441 1.772207 2.125000
1.975336 1.975336 2.125000
1.772207 2.159441 2.125000
1.552012 2.322749 2.125000
1.316869 2.463689 2.125000
1.069044 2.580901 2.125000
0.810924 2.673258 2.125000
0.544994 2.739870 2.125000
0.273815 2.780095 2.125000
0.000000 2.793547 2.125000
-0.273815 2.780095 2.125000
-0.544994 2.739870 2.125000
-0.810924 2.673258 2.125000
-1.069044 2.580901 2.125000
-1.316869 2.463689 2.125000
-1.552012 2.322749 2.125000
-1.772207 2.159441 2.125000
-1.975336 1.975336 2.125000
-2.159441 1.772207 2.125000
-2.322749 1.552012 2.125000
-2.463689 1.316869 2.125000
-2.580901 1.069044 2.125000
-2.673258 0.810924 2.125000
-2.739870 0.544994 2.125000
-2.780095 0.273815 2.125000
-2.793547 0.000000 2.125000
-2.780095 -0.273815 2.125000
-2.739870 -0.544994 2.125000
-2.673258 -0.810924 2.125000
-2.580901 -1.069044 2.125000
-2.463689 -1.316869 2.125000
-2.322749 -1.552012 2.125000
-2.159441 -1.772207 2.125000
-1.975336 -1.975336 2.125000
-1.772207 -2.159441 2.125000
-1.552012 -2.322749 2.125000
-1.316869 -2.463689 2.125000
-1.069044 -2.580901 2.125000
-0.810924 -2.673258 2.125000
-0.544994 -2.739870 2.125000
-0.273815 -2.780095 2.125000
-0.000000 -2.793547 2.125000
0.273815 -2.780095 2.125000
0.544994 -2.739870 2.125000
0.810924 -2.673258 2.125000
1.069044 -2.580901 2.125000
1.316869 -2.463689 2.125000
1.552012 -2.322749 2.125000
1.772207 -2.159441 2.125000
1.975336 -1.975336 2.125000
2.159441 -1.772207 2.125000
2.322749 -1.552012 2.125000
2.463689 -1.316869 2.125000
2.580901 -1.069044 2.125000
2.673258 -0.810924 2.125000
2.739870 -0.544994 2.125000
2.780095 -0.273815 2.125000
2.628252 0.000000 2.250000
2.615596 0.257614 2.250000
2.577751 0.512746 2.250000
2.515080 0.762941 2.250000
2.428188 1.005788 2.250000
2.317911 1.238949 2.250000
2.185312 1.460178 2.250000
2.031666 1.667345 2.250000
1.858455 1.858455 2.250000
1.667345 2.031666 2.250000
1.460178 2.185312 2.250000
1.238949 2.317911 2.250000
1.005788 2.428188 2.250000
0.762941 2.515080 2.250000
0.512746 2.577751 2.250000
0.257614 2.615596 2.250000
0.000000 2.628252 2.250000
-0.257614 2.615596 2.250000
-0.512746 2.577751 2.250000
-0.762941 2.515080 2.250000
-1.005788 2.428188 2.250000
-1.238949 2.317911 2.250000
-1.460178 2.185312 2.250000
-1.667345 2.031666 2.250000
-1.858455 1.858455 2.250000
-2.031666 1.667345 2.250000
-2.185312 1.460178 2.250000
-2.317911 1.238949 2.250000
-2.428188 1.005788 2.250000
-2.515080 0.762941 2.250000
-2.577751 0.512746 2.250000
-2.615596 0.257614 2.250000
-2.628252 0.000000 2.250000
-2.615596 -0.257614 2.250000
-2.577751 -0.512746 2.250000
-2.515080 -0.762941 2.250000
-2.428188 -1.005788 2.250000
-2.317911 -1.238949 2.250000
-2.185312 -1.460178 2.250000
-2.031666 -1.667345 2.250000
-1.858455 -1.858455 2.250000
-1.667345 -2.031666 2.250000
-1.460178 -2.185312 2.250000
-1.238949 -2.317911 2.250000
-1.005788 -2.428188 2.250000
-0.762941 -2.515080 2.250000
-0.512746 -2.577751 2.250000
-0.257614 -2.615596 2.250000
-0.000000 -2.628252 2.250000
0.257614 -2.615596 2.250000
0.512746 -2.577751 2.250000
0.762941 -2.515080 2.250000
1.005788 -2.428188 2.250000
1.238949 -2.317911 2.250000
1.460178 -2.185312 2.250000
1.667345 -2.031666 2.250000
1.858455 -1.858455 2.250000
2.031666 -1.667345 2.250000
2.185312 -1.460178 2.250000
2.317911 -1.238949 2.250000
2.428188 -1.005788 2.250000
2.515080 -0.762941 2.250000
2.577751 -0.512746 2.250000
2.615596 -0.257614 2.250000
2.476421 0.000000 2.375000
2.464496 0.242732 2.375000
2.428837 0.483126 2.375000
2.369787 0.718867 2.375000
2.287914 0.947685 2.375000
2.184008 1.167377 2.375000
2.059068 1.375826 2.375000
1.914299 1.571025 2.375000
1.751094 1.751094 2.375000
1.571025 1.914299 2.375000
1.375826 2.059068 2.375000
1.167377 2.184008 2.375000
0.947685 2.287914 2.375000
0.718867 2.369787 2.375000
0.483126 2.428837 2.375000
0.242732 2.464496 2.375000
0.000000 2.476421 2.375000
-0.242732 2.464496 2.375000
-0.483126 2.428837 2.375000
-0.718867 2.369787 2.375000
-0.947685 2.287914 2.375000
-1.167377 2.184008 2.375000
-1.375826 2.059068 2.375000
-1.571025 1.914299 2.375000
-1.751094 1.751094 2.375000
-1.914299 1.571025 2.375000
-2.059068 1.375826 2.375000
-2.184008 1.167377 2.375000
-2.287914 0.947685 2.375000
-2.369787 0.718867 2.375000
-2.428837 0.483126 2.375000
-2.464496 0.242732 2.375000
-2.476421 0.000000 2.375000
-2.464496 -0.242732 2.375000
-2.428837 -0.483126 2.375000
-2.369787 -0.718867 2.375000
-2.287914 -0.947685 2.375000
-2.184008 -1.167377 2.375000
-2.059068 -1.375826 2.375000
-1.914299 -1.571025 2.375000
-1.751094 -1.751094 2.375000
-1.571025 -1.914299 2.375000
-1.375826 -2.059068 2.375000
-1.167377 -2.184008 2.375000
-0.947685 -2.287914 2.375000
-0.718867 -2.369787 2.375000
-0.483126 -2.428837 2.375000
-0.242732 -2.464496 2.375000
-0.000000 -2.476421 2.375000
0.242732 -2.464496 2.375000
0.483126 -2.428837 2.375000
0.718867 -2.369787 2.375000
0.947685 -2.287914 2.375000
1.167377 -2.184008 2.375000
1.375826 -2.059068 2.375000
1.571025 -1.914299 2.375000
1.751094 -1.751094 2.375000
1.914299 -1.571025 2.375000
2.059068 -1.375826 2.375000
2.184008 -1.167377 2.375000
2.287914 -0.947685 2.375000
2.369787 -0.718867 2.375000
2.428837 -0.483126 2.375000
2.464496 -0.242732 2.375000
2.338446 0.000000 2.500000
2.327185 0.229208 2.500000
2.293513 0.456208 2.500000
2.237753 0.678815 2.500000
2.160442 0.894884 2.500000
2.062325 1.102336 2.500000
1.944346 1.299171 2.500000
1.807643 1.483494 2.500000
1.653531 1.653531 2.500000
1.483494 1.807643 2.500000
1.299171 1.944346 2.500000
1.102336 2.062325 2.500000
0.894884 2.160442 2.500000
0.678815 2.237753 2.500000
0.456208 2.293513 2.500000
0.229208 2.327185 2.500000
0.000000 2.338446 2.500000
-0.229208 2.327185 2.500000
-0.456208 2.293513 2.500000
-0.678815 2.237753 2.500000
-0.894884 2.160442 2.500000
-1.102336 2.062325 2.500000
-1.299171 1.944346 2.500000
-1.483494 1.807643 2.500000
-1.653531 1.653531 2.500000
-1.807643 1.483494 2.500000
-1.944346 1.299171 2.500000
-2.062325 1.102336 2.500000
-2.160442 0.894884 2.500000
-2.237753 0.678815 2.500000
-2.293513 0.456208 2.500000
-2.327185 0.229208 2.500000
-2.338446 0.000000 2.500000
-2.327185 -0.229208 2.500000
-2.293513 -0.456208 2.500000
-2.237753 -0.678815 2.500000
-2.160442 -0.894884 2.500000
-2.062325 -1.102336 2.500000
-1.944346 -1.299171 2.500000
-1.807643 -1.483494 2.500000
-1.653531 -1.653531 2.500000
-1.483494 -1.807643 2.500000
-1.299171 -1.944346 2.500000
-1.102336 -2.062325 2.500000
-0.894884 -2.160442 2.500000
-0.678815 -2.237753 2.500000
-0.456208 -2.293513 2.500000
-0.229208 -2.327185 2.500000
-0.000000 -2.338446 2.500000
0.229208 -2.327185 2.500000
0.456208 -2.293513 2.500000
0.678815 -2.237753 2.500000
0.894884 -2.160442 2.500000
1.102336 -2.062325 2.500000
1.299171 -1.944346 2.500000
1.483494 -1.807643 2.500000
1.653531 -1.653531 2.500000
1.807643 -1.483494 2.500000
1.944346 -1.299171 2.500000
2.062325 -1.102336 2.500000
2.160442 -0.894884 2.500000
2.237753 -0.678815 2.500000
2.293513 -0.456208 2.500000
2.327185 -0.229208 2.500000
2.214365 0.000000 2.625000
2.203702 0.217046 2.625000
2.171816 0.432001 2.625000
2.119015 0.642796 2.625000
2.045806 0.847401 2.625000
1.952895 1.043844 2.625000
1.841177 1.230235 2.625000
1.711727 1.404778 2.625000
1.565792 1.565792 2.625000
1.404778 1.711727 2.625000
1.230235 1.841177 2.625000
1.043844 1.952895 2.625000
0.847401 2.045806 2.625000
0.642796 2.119015 2.625000
0.432001 2.171816 2.625000
0.217046 2.203702 2.625000
0.000000 2.214365 2.625000
-0.217046 2.203702 2.625000
-0.432001 2.171816 2.625000
-0.642796 2.119015 2.625000
-0.847401 2.045806 2.625000
-1.043844 1.952895 2.625000
-1.230235 1.841177 2.625000
-1.404778 1.711727 2.625000
-1.565792 1.565792 2.625000
-1.711727 1.404778 2.625000
-1.841177 1.230235 2.625000
-1.952895 1.043844 2.625000
-2.045806 0.847401 2.625000
-2.119015 0.642796 2.625000
-2.171816 0.432001 2.625000
-2.203702 0.217046 2.625000
-2.214365 0.000000 2.625000
-2.203702 -0.217046 2.625000
-2.171816 -0.432001 2.625000
-2.119015 -0.642796 2.625000
-2.045806 -0.847401 2.625000
-1.952895 -1.043844 2.625000
-1.841177 -1.230235 2.625000
-1.711727 -1.404778 2.625000
-1.565792 -1.565792 2.625000
-1.404778 -1.711727 2.625000
-1.230235 -1.841177 2.625000
-1.043844 -1.952895 2.625000
-0.847401 -2.045806 2.625000
-0.642796 -2.119015 2.625000
-0.432001 -2.171816 2.625000
-0.217046 -2.203702 2.625000
-0.000000 -2.214365 2.625000
0.217046 -2.203702 2.625000
0.432001 -2.171816 2.625000
0.642796 -2.119015 2.625000
0.847401 -2.045806 2.625000
1.043844 -1.952895 2.625000
1.230235 -1.841177 2.625000
1.404778 -1.711727 2.625000
1.565792 -1.565792 2.625000
1.711727 -1.404778 2.625000
1.841177 -1.230235 2.625000
1.952895 -1.043844 2.625000
2.045806 -0.847401 2.625000
2.119015 -0.642796 2.625000
2.171816 -0.432001 2.625000
2.203702 -0.217046 2.625000
2.103910 0.000000 2.750000
2.093779 0.206219 2.750000
2.063484 0.410452 2.750000
2.013316 0.610733 2.750000
1.943759 0.805131 2.750000
1.855483 0.991776 2.750000
1.749337 1.168870 2.750000
1.626344 1.334706 2.750000
1.487689 1.487689 2.750000
1.334706 1.626344 2.750000
1.168870 1.749337 2.750000
0.991776 1.855483 2.750000
0.805131 1.943759 2.750000
0.610733 2.013316 2.750000
0.410452 2.063484 2.750000
0.206219 2.093779 2.750000
0.000000 2.103910 2.750000
-0.206219 2.093779 2.750000
-0.410452 2.063484 2.750000
-0.610733 2.013316 2.750000
-0.805131 1.943759 2.750000
-0.991776 1.855483 2.750000
-1.168870 1.749337 2.750000
-1.334706 1.626344 2.750000
-1.487689 1.487689 2.750000
-1.626344 1.334706 2.750000
-1.749337 1.168870 2.750000
-1.855483 0.991776 2.750000
-1.943759 0.805131 2.750000
-2.013316 0.610733 2.750000
-2.063484 0.410452 2.750000
-2.093779 0.206219 2.750000
-2.103910 0.000000 2.750000
-2.093779 -0.206219 2.750000
-2.063484 -0.410452 2.750000
-2.013316 -0.610733 2.750000
-1.943759 -0.805131 2.750000
-1.855483 -0.991776 2.750000
-1.749337 -1.168870 2.750000
-1.626344 -1.334706 2.750000
-1.487689 -1.487689 2.750000
-1.334706 -1.626344 2.750000
-1.168870 -1.749337 2.750000
-0.991776 -1.855483 2.750000
-0.805131 -1.943759 2.750000
-0.610733 -2.013316 2.750000
-0.410452 -2.063484 2.750000
-0.206219 -2.093779 2.750000
-0.000000 -2.103910 2.750000
0.206219 -2.093779 2.750000
0.410452 -2.063484 2.750000
0.610733 -2.013316 2.750000
0.805131 -1.943759 2.750000
0.991776 -1.855483 2.750000
1.168870 -1.749337 2.750000
1.334706 -1.626344 2.750000
1.487689 -1.487689 2.750000
1.626344 -1.334706 2.750000
1.749337 -1.168870 2.750000
1.855483 -0.991776 2.750000
1.943759 -0.805131 2.750000
2.013316 -0.610733 2.750000
2.063484 -0.410452 2.750000
2.093779 -0.206219 2.750000
2.006560 0.000000 2.875000
1.996898 0.196677 2.875000
1.968005 0.391460 2.875000
1.920158 0.582474 2.875000
1.853820 0.767877 2.875000
1.769628 0.945886 2.875000
1.668394 1.114785 2.875000
1.551092 1.272948 2.875000
1.418852 1.418852 2.875000
1.272948 1.551092 2.875000
1.114785 1.668394 2.875000
0.945886 1.769628 2.875000
0.767877 1.853820 2.875000
0.582474 1.920158 2.875000
0.391460 1.968005 2.875000
0.196677 1.996898 2.875000
0.000000 2.006560 2.875000
-0.196677 1.996898 2.875000
-0.391460 1.968005 2.875000
-0.582474 1.920158 2.875000
-0.767877 1.853820 2.875000
-0.945886 1.769628 2.875000
-1.114785 1.668394 2.875000
-1.272948 1.551092 2.875000
-1.418852 1.418852 2.875000
-1.551092 1.272948 2.875000
-1.668394 1.114785 2.875000
-1.769628 0.945886 2.875000
-1.853820 0.767877 2.875000
-1.920158 0.582474 2.875000
-1.968005 0.391460 2.875000
-1.996898 0.196677 2.875000
-2.006560 0.000000 2.875000
-1.996898 -0.196677 2.875000
-1.968005 -0.391460 2.875000
-1.920158 -0.582474 2.875000
-1.853820 -0.767877 2.875000
-1.769628 -0.945886 2.875000
-1.668394 -1.114785 2.875000
-1.551092 -1.272948 2.875000
-1.418852 -1.418852 2.875000
-1.272948 -1.551092 2.875000
-1.114785 -1.668394 2.875000
-0.945886 -1.769628 2.875000
-0.767877 -1.853820 2.875000
-0.582474 -1.920158 2.875000
-0.391460 -1.968005 2.875000
-0.196677 -1.996898 2.875000
-0.000000 -2.006560 2.875000
0.196677 -1.996898 2.875000
0.391460 -1.968005 2.875000
0.582474 -1.920158 2.875000
0.767877 -1.853820 2.875000
0.945886 -1.769628 2.875000
1.114785 -1.668394 2.875000
1.272948 -1.551092 2.875000
1.418852 -1.418852 2.875000
1.551092 -1.272948 2.875000
1.668394 -1.114785 2.875000
1.769628 -0.945886 2.875000
1.853820 -0.767877 2.875000
1.920158 -0.582474 2.875000
1.968005 -0.391460 2.875000
1.996898 -0.196677 2.875000
1.921597 0.000000 3.000000
1.912344 0.188349 3.000000
1.884674 0.374885 3.000000
1.838854 0.557810 3.000000
1.775324 0.735363 3.000000
1.694697 0.905835 3.000000
1.597749 1.067582 3.000000
1.485414 1.219048 3.000000
1.358774 1.358774 3.000000
1.219048 1.485414 3.000000
1.067582 1.597749 3.000000
0.905835 1.694697 3.000000
0.735363 1.775324 3.000000
0.557810 1.838854 3.000000
0.374885 1.884674 3.000000
0.188349 1.912344 3.000000
0.000000 1.921597 3.000000
-0.188349 1.912344 3.000000
-0.374885 1.884674 3.000000
-0.557810 1.838854 3.000000
-0.735363 1.775324 3.000000
-0.905835 1.694697 3.000000
-1.067582 1.597749 3.000000
-1.219048 1.485414 3.000000
-1.358774 1.358774 3.000000
-1.485414 1.219048 3.000000
-1.597749 1.067582 3.000000
-1.694697 0.905835 3.000000
-1.775324 0.735363 3.000000
-1.838854 0.557810 3.000000
-1.884674 0.374885 3.000000
-1.912344 0.188349 3.000000
-1.921597 0.000000 3.000000
-1.912344 -0.188349 3.000000
-1.884674 -0.374885 3.000000
-1.838854 -0.557810 3.000000
-1.775324 -0.735363 3.000000
-1.694697 -0.905835 3.000000
-1.597749 -1.067582 3.000000
-1.485414 -1.219048 3.000000
-1.358774 -1.358774 3.000000
-1.219048 -1.485414 3.000000
-1.067582 -1.597749 3.000000
-0.905835 -1.694697 3.000000
-0.735363 -1.775324 3.000000
-0.557810 -1.838854 3.000000
-0.374885 -1.884674 3.000000
-0.188349 -1.912344 3.000000
-0.000000 -1.921597 3.000000
0.188349 -1.912344 3.000000
0.374885 -1.884674 3.000000
0.557810 -1.838854 3.000000
0.735363 -1.775324 3.000000
0.905835 -1.694697 3.000000
1.067582 -1.597749 3.000000
1.219048 -1.485414 3.000000
1.358774 -1.358774 3.000000
1.485414 -1.219048 3.000000
1.597749 -1.067582 3.000000
1.694697 -0.905835 3.000000
1.775324 -0.735363 3.000000
1.838854 -0.557810 3.000000
1.884674 -0.374885 3.000000
1.912344 -0.188349 3.000000
1.848153 0.000000 3.125000
1.839254 0.181151 3.125000
1.812642 0.360557 3.125000
1.768573 0.536491 3.125000
1.707471 0.707258 3.125000
1.629926 0.871214 3.125000
1.536683 1.026779 3.125000
1.428642 1.172456 3.125000
1.306842 1.306842 3.125000
1.172456 1.428642 3.125000
1.026779 1.536683 3.125000
0.871214 1.629926 3.125000
0.707258 1.707471 3.125000
0.536491 1.768573 3.125000
0.360557 1.812642 3.125000
0.181151 1.839254 3.125000
0.000000 1.848153 3.125000
-0.181151 1.839254 3.125000
-0.360557 1.812642 3.125000
-0.536491 1.768573 3.125000
-0.707258 1.707471 3.125000
-0.871214 1.629926 3.125000
-1.026779 1.536683 3.125000
-1.172456 1.428642 3.125000
-1.306842 1.306842 3.125000
-1.428642 1.172456 3.125000
-1.536683 1.026779 3.125000
-1.629926 0.871214 3.125000
-1.707471 0.707258 3.125000
-1.768573 0.536491 3.125000
-1.812642 0.360557 3.125000
-1.839254 0.181151 3.125000
-1.848153 0.000000 3.125000
-1.839254 -0.181151 3.125000
-1.812642 -0.360557 3.125000
-1.768573 -0.536491 3.125000
-1.707471 -0.707258 3.125000
-1.629926 -0.871214 3.125000
-1.536683 -1.026779 3.125000
-1.428642 -1.172456 3.125000
-1.306842 -1.306842 3.125000
-1.172456 -1.428642 3.125000
-1.026779 -1.536683 3.125000
-0.871214 -1.629926 3.125000
-0.707258 -1.707471 3.125000
-0.536491 -1.768573 3.125000
-0.360557 -1.812642 3.125000
-0.181151 -1.839254 3.125000
-0.000000 -1.848153 3.125000
0.181151 -1.839254 3.125000
0.360557 -1.812642 3.125000
0.536491 -1.768573 3.125000
0.707258 -1.707471 3.125000
0.871214 -1.629926 3.125000
1.026779 -1.536683 3.125000
1.172456 -1.428642 3.125000
1.306842 -1.306842 3.125000
1.428642 -1.172456 3.125000
1.536683 -1.026779 3.125000
1.629926 -0.871214 3.125000
1.707471 -0.707258 3.125000
1.768573 -0.536491 3.125000
1.812642 -0.360557 3.125000
1.839254 -0.181151 3.125000
1.785267 0.000000 3.250000
1.776670 0.174987 3.250000
1.750963 0.348288 3.250000
1.708394 0.518236 3.250000
1.649371 0.683192 3.250000
1.574465 0.841569 3.250000
1.484395 0.991841 3.250000
1.380030 1.132561 3.250000
1.262374 1.262374 3.250000
1.132561 1.380030 3.250000
0.991841 1.484395 3.250000
0.841569 1.574465 3.250000
0.683192 1.649371 3.250000
0.518236 1.708394 3.250000
0.348288 1.750963 3.250000
0.174987 1.776670 3.250000
0.000000 1.785267 3.250000
-0.174987 1.776670 3.250000
-0.348288 1.750963 3.250000
-0.518236 1.708394 3.250000
-0.683192 1.649371 3.250000
-0.841569 1.574465 3.250000
-0.991841 1.484395 3.250000
-1.132561 1.380030 3.250000
-1.262374 1.262374 3.250000
-1.380030 1.132561 3.250000
-1.484395 0.991841 3.250000
-1.574465 0.841569 3.250000
-1.649371 0.683192 3.250000
-1.708394 0.518236 3.250000
-1.750963 0.348288 3.250000
-1.776670 0.174987 3.250000
-1.785267 0.000000 3.250000
-1.776670 -0.174987 3.250000
-1.750963 -0.348288 3.250000
-1.708394 -0.518236 3.250000
-1.649371 -0.683192 3.250000
-1.574465 -0.841569 3.250000
-1.484395 -0.991841 3.250000
-1.380030 -1.132561 3.250000
-1.262374 -1.262374 3.250000
-1.132561 -1.380030 3.250000
-0.991841 -1.484395 3.250000
-0.841569 -1.574465 3.250000
-0.683192 -1.649371 3.250000
-0.518236 -1.708394 3.250000
-0.348288 -1.750963 3.250000
-0.174987 -1.776670 3.250000
-0.000000 -1.785267 3.250000
0.174987 -1.776670 3.250000
0.348288 -1.750963 3.250000
0.518236 -1.708394 3.250000
0.683192 -1.649371 3.250000
0.841569 -1.574465 3.250000
0.991841 -1.484395 3.250000
1.132561 -1.380030 3.250000
1.262374 -1.262374 3.250000
1.380030 -1.132561 3.250000
1.484395 -0.991841 3.250000
1.574465 -0.841569 3.250000
1.649371 -0.683192 3.250000
1.708394 -0.518236 3.250000
1.750963 -0.348288 3.250000
1.776670 -0.174987 3.250000
1.731920 0.000000 3.375000
1.723581 0.169758 3.375000
1.698642 0.337881 3.375000
1.657344 0.502750 3.375000
1.600086 0.662777 3.375000
1.527417 0.816422 3.375000
1.440039 0.962203 3.375000
1.338792 1.098719 3.375000
1.224653 1.224653 3.375000
1.098719 1.338792 3.375000
0.962203 1.440039 3.375000
0.816422 1.527417 3.375000
0.662777 1.600086 3.375000
0.502750 1.657344 3.375000
0.337881 1.698642 3.375000
0.169758 1.723581 3.375000
0.000000 1.731920 3.375000
-0.169758 1.723581 3.375000
-0.337881 1.698642 3.375000
-0.502750 1.657344 3.375000
-0.662777 1.600086 3.375000
-0.816422 1.527417 3.375000
-0.962203 1.440039 3.375000
-1.098719 1.338792 3.375000
-1.224653 1.224653 3.375000
-1.338792 1.098719 3.375000
-1.440039 0.962203 3.375000
-1.527417 0.816422 3.375000
-1.600086 0.662777 3.375000
-1.657344 0.502750 3.375000
-1.698642 0.337881 3.375000
-1.723581 0.169758 3.375000
-1.731920 0.000000 3.375000
-1.723581 -0.169758 3.375000
-1.698642 -0.337881 3.375000
-1.657344 -0.502750 3.375000
-1.600086 -0.662777 3.375000
-1.527417 -0.816422 3.375000
-1.440039 -0.962203 3.375000
-1.338792 -1.098719 3.375000
-1.224653 -1.224653 3.375000
-1.098719 -1.338792 3.375000
-0.962203 -1.440039 3.375000
-0.816422 -1.527417 3.375000
-0.662777 -1.600086 3.375000
-0.502750 -1.657344 3.375000
-0.337881 -1.698642 3.375000
-0.169758 -1.723581 3.375000
-0.000000 -1.731920 3.375000
0.169758 -1.723581 3.375000
0.337881 -1.698642 3.375000
0.502750 -1.657344 3.375000
0.662777 -1.600086 3.375000
0.816422 -1.527417 3.375000
0.962203 -1.440039 3.375000
1.098719 -1.338792 3.375000
1.224653 -1.224653 3.375000
1.338792 -1.098719 3.375000
1.440039 -0.962203 3.375000
1.527417 -0.816422 3.375000
1.600086 -0.662777 3.375000
1.657344 -0.502750 3.375000
1.698642 -0.337881 3.375000
1.723581 -0.169758 3.375000
1.687082 0.000000 3.500000
1.678959 0.165363 3.500000
1.654666 0.329133 3.500000
1.614437 0.489734 3.500000
1.558661 0.645619 3.500000
1.487874 0.795285 3.500000
1.402758 0.937293 3.500000
1.304132 1.070274 3.500000
1.192947 1.192947 3.500000
1.070274 1.304132 3.500000
0.937293 1.402758 3.500000
0.795285 1.487874 3.500000
0.645619 1.558661 3.500000
0.489734 1.614437 3.500000
0.329133 1.654666 3.500000
0.165363 1.678959 3.500000
0.000000 1.687082 3.500000
-0.165363 1.678959 3.500000
-0.329133 1.654666 3.500000
-0.489734 1.614437 3.500000
-0.645619 1.558661 3.500000
-0.795285 1.487874 3.500000
-0.937293 1.402758 3.500000
-1.070274 1.304132 3.500000
-1.192947 1.192947 3.500000
-1.304132 1.070274 3.500000
-1.402758 0.937293 3.500000
-1.487874 0.795285 3.500000
-1.558661 0.645619 3.500000
-1.614437 0.489734 3.500000
-1.654666 0.329133 3.500000
-1.678959 0.165363 3.500000
-1.687082 0.000000 3.500000
-1.678959 -0.165363 3.500000
-1.654666 -0.329133 3.500000
-1.614437 -0.489734 3.500000
-1.558661 -0.645619 3.500000
-1.487874 -0.795285 3.500000
-1.402758 -0.937293 3.500000
-1.304132 -1.070274 3.500000
-1.192947 -1.192947 3.500000
-1.070274 -1.304132 3.500000
-0.937293 -1.402758 3.500000
-0.795285 -1.487874 3.500000
-0.645619 -1.558661 3.500000
-0.489734 -1.614437 3.500000
-0.329133 -1.654666 3.500000
-0.165363 -1.678959 3.500000
-0.000000 -1.687082 3.500000
0.165363 -1.678959 3.500000
0.329133 -1.654666 3.500000
0.489734 -1.614437 3.500000
0.645619 -1.558661 3.500000
0.795285 -1.487874 3.500000
0.937293 -1.402758 3.500000
1.070274 -1.304132 3.500000
1.192947 -1.192947 3.500000
1.304132 -1.070274 3.500000
1.402758 -0.937293 3.500000
1.487874 -0.795285 3.500000
1.558661 -0.645619 3.500000
1.614437 -0.489734 3.500000
1.654666 -0.329133 3.500000
1.678959 -0.165363 3.500000
1.649739 0.000000 3.625000
1.641795 0.161703 3.625000
1.618040 0.321848 3.625000
1.578702 0.478894 3.625000
1.524160 0.631328 3.625000
1.454940 0.777682 3.625000
1.371708 0.916546 3.625000
1.275265 1.046583 3.625000
1.166542 1.166542 3.625000
1.046583 1.275265 3.625000
0.916546 1.371708 3.625000
0.777682 1.454940 3.625000
0.631328 1.524160 3.625000
0.478894 1.578702 3.625000
0.321848 1.618040 3.625000
0.161703 1.641795 3.625000
0.000000 1.649739 3.625000
-0.161703 1.641795 3.625000
-0.321848 1.618040 3.625000
-0.478894 1.578702 3.625000
-0.631328 1.524160 3.625000
-0.777682 1.454940 3.625000
-0.916546 1.371708 3.625000
-1.046583 1.275265 3.625000
-1.166542 1.166542 3.625000
-1.275265 1.046583 3.625000
-1.371708 0.916546 3.625000
-1.454940 0.777682 3.625000
-1.524160 0.631328 3.625000
-1.578702 0.478894 3.625000
-1.618040 0.321848 3.625000
-1.641795 0.161703 3.625000
-1.649739 0.000000 3.625000
-1.641795 -0.161703 3.625000
-1.618040 -0.321848 3.625000
-1.578702 -0.478894 3.625000
-1.524160 -0.631328 3.625000
-1.454940 -0.777682 3.625000
-1.371708 -0.916546 3.625000
-1.275265 -1.046583 3.625000
-1.166542 -1.166542 3.625000
-1.046583 -1.275265 3.625000
-0.916546 -1.371708 3.625000
-0.777682 -1.454940 3.625000
-0.631328 -1.524160 3.625000
-0.478894 -1.578702 3.625000
-0.321848 -1.618040 3.625000
-0.161703 -1.641795 3.625000
-0.000000 -1.649739 3.625000
0.161703 -1.641795 3.625000
0.321848 -1.618040 3.625000
0.478894 -1.578702 3.625000
0.631328 -1.524160 3.625000
0.777682 -1.454940 3.625000
0.916546 -1.371708 3.625000
1.046583 -1.275265 3.625000
1.166542 -1.166542 3.625000
1.275265 -1.046583 3.625000
1.371708 -0.916546 3.625000
1.454940 -0.777682 3.625000
1.524160 -0.631328 3.625000
1.578702 -0.478894 3.625000
1.618040 -0.321848 3.625000
1.641795 -0.161703 3.625000
1.618917 0.000000 3.750000
1.611121 0.158682 3.750000
1.587810 0.315835 3.750000
1.549207 0.469947 3.750000
1.495684 0.619533 3.750000
1.427757 0.763152 3.750000
1.346080 0.899422 3.750000
1.251440 1.027030 3.750000
1.144747 1.144747 3.750000
1.027030 1.251440 3.750000
0.899422 1.346080 3.750000
0.763152 1.427757 3.750000
0.619533 1.495684 3.750000
0.469947 1.549207 3.750000
0.315835 1.587810 3.750000
0.158682 1.611121 3.750000
0.000000 1.618917 3.750000
-0.158682 1.611121 3.750000
-0.315835 1.587810 3.750000
-0.469947 1.549207 3.750000
-0.619533 1.495684 3.750000
-0.763152 1.427757 3.750000
-0.899422 1.346080 3.750000
-1.027030 1.251440 3.750000
-1.144747 1.144747 3.750000
-1.251440 1.027030 3.750000
-1.346080 0.899422 3.750000
-1.427757 0.763152 3.750000
-1.495684 0.619533 3.750000
-1.549207 0.469947 3.750000
-1.587810 0.315835 3.750000
-1.611121 0.158682 3.750000
-1.618917 0.000000 3.750000
-1.611121 -0.158682 3.750000
-1.587810 -0.315835 3.750000
-1.549207 -0.469947 3.750000
-1.495684 -0.619533 3.750000
-1.427757 -0.763152 3.750000
-1.346080 -0.899422 3.750000
-1.251440 -1.027030 3.750000
-1.144747 -1.144747 3.750000
-1.027030 -1.251440 3.750000
-0.899422 -1.346080 3.750000
-0.763152 -1.427757 3.750000
-0.619533 -1.495684 3.750000
-0.469947 -1.549207 3.750000
-0.315835 -1.587810 3.750000
-0.158682 -1.611121 3.750000
-0.000000 -1.618917 3.750000
0.158682 -1.611121 3.750000
0.315835 -1.587810 3.750000
0.469947 -1.549207 3.750000
0.619533 -1.495684 3.750000
0.763152 -1.427757 3.750000
0.899422 -1.346080 3.750000
1.027030 -1.251440 3.750000
1.144747 -1.144747 3.750000
1.251440 -1.027030 3.750000
1.346080 -0.899422 3.750000
1.427757 -0.763152 3.750000
1.495684 -0.619533 3.750000
1.549207 -0.469947 3.750000
1.587810 -0.315835 3.750000
1.611121 -0.158682 3.750000
1.593704 0.000000 3.875000
1.586030 0.156210 3.875000
1.563082 0.310916 3.875000
1.525080 0.462628 3.875000
1.472391 0.609884 3.875000
1.405522 0.751267 3.875000
1.325117 0.885415 3.875000
1.231950 1.011035 3.875000
1.126919 1.126919 3.875000
1.011035 1.231950 3.875000
0.885415 1.325117 3.875000
0.751267 1.405522 3.875000
0.609884 1.472391 3.875000
0.462628 1.525080 3.875000
0.310916 1.563082 3.875000
0.156210 1.586030 3.875000
0.000000 1.593704 3.875000
-0.156210 1.586030 3.875000
-0.310916 1.563082 3.875000
-0.462628 1.525080 3.875000
-0.609884 1.472391 3.875000
-0.751267 1.405522 3.875000
-0.885415 1.325117 3.875000
-1.011035 1.231950 3.875000
-1.126919 1.126919 3.875000
-1.231950 1.011035 3.875000
-1.325117 0.885415 3.875000
-1.405522 0.751267 3.875000
-1.472391 0.609884 3.875000
-1.525080 0.462628 3.875000
-1.563082 0.310916 3.875000
-1.586030 0.156210 3.875000
-1.593704 0.000000 3.875000
-1.586030 -0.156210 3.875000
-1.563082 -0.310916 3.875000
-1.525080 -0.462628 3.875000
-1.472391 -0.609884 3.875000
-1.405522 -0.751267 3.875000
-1.325117 -0.885415 3.875000
-1.231950 -1.011035 3.875000
-1.126919 -1.126919 3.875000
-1.011035 -1.231950 3.875000
-0.885415 -1.325117 3.875000
-0.751267 -1.405522 3.875000
-0.609884 -1.472391 3.875000
-0.462628 -1.525080 3.875000
-0.310916 -1.563082 3.875000
-0.156210 -1.586030 3.875000
-0.000000 -1.593704 3.875000
0.156210 -1.586030 3.875000
0.310916 -1.563082 3.875000
0.462628 -1.525080 3.875000
0.609884 -1.472391 3.875000
0.751267 -1.405522 3.875000
0.885415 -1.325117 3.875000
1.011035 -1.231950 3.875000
1.126919 -1.126919 3.875000
1.231950 -1.011035 3.875000
1.325117 -0.885415 3.875000
1.405522 -0.751267 3.875000
1.472391 -0.609884 3.875000
1.525080 -0.462628 3.875000
1.563082 -0.310916 3.875000
1.586030 -0.156210 3.875000
1.573263 0.000000 4.000000
1.565687 0.154207 4.000000
1.543033 0.306928 4.000000
1.505518 0.456694 4.000000
1.453505 0.602062 4.000000
1.387494 0.741631 4.000000
1.308120 0.874058 4.000000
1.216148 0.998067 4.000000
1.112465 1.112465 4.000000
0.998067 1.216148 4.000000
0.874058 1.308120 4.000000
0.741631 1.387494 4.000000
0.602062 1.453505 4.000000
0.456694 1.505518 4.000000
0.306928 1.543033 4.000000
0.154207 1.565687 4.000000
0.000000 1.573263 4.000000
-0.154207 1.565687 4.000000
-0.306928 1.543033 4.000000
-0.456694 1.505518 4.000000
-0.602062 1.453505 4.000000
-0.741631 1.387494 4.000000
-0.874058 1.308120 4.000000
-0.998067 1.216148 4.000000
-1.112465 1.112465 4.000000
-1.216148 0.998067 4.000000
-1.308120 0.874058 4.000000
-1.387494 0.741631 4.000000
-1.453505 0.602062 4.000000
-1.505518 0.456694 4.000000
-1.543033 0.306928 4.000000
-1.565687 0.154207 4.000000
-1.573263 0.000000 4.000000
-1.565687 -0.154207 4.000000
-1.543033 -0.306928 4.000000
-1.505518 -0.456694 4.000000
-1.453505 -0.602062 4.000000
-1.387494 -0.741631 4.000000
-1.308120 -0.874058 4.000000
-1.216148 -0.998067 4.000000
-1.112465 -1.112465 4.000000
-0.998067 -1.216148 4.000000
-0.874058 -1.308120 4.000000
-0.741631 -1.387494 4.000000
-0.602062 -1.453505 4.000000
-0.456694 -1.505518 4.000000
-0.306928 -1.543033 4.000000
-0.154207 -1.565687 4.000000
-0.000000 -1.573263 4.000000
0.154207 -1.565687 4.000000
0.306928 -1.543033 4.000000
0.456694 -1.505518 4.000000
0.602062 -1.453505 4.000000
0.741631 -1.387494 4.000000
0.874058 -1.308120 4.000000
0.998067 -1.216148 4.000000
1.112465 -1.112465 4.000000
1.216148 -0.998067 4.000000
1.308120 -0.874058 4.000000
1.387494 -0.741631 4.000000
1.453505 -0.602062 4.000000
1.505518 -0.456694 4.000000
1.543033 -0.306928 4.000000
1.565687 -0.154207 4.000000
1.556834 0.000000 4.125000
1.549338 0.152596 4.125000
1.526920 0.303723 4.125000
1.489798 0.451925 4.125000
1.438328 0.595775 4.125000
1.373005 0.733887 4.125000
1.294461 0.864931 4.125000
1.203449 0.987645 4.125000
1.100848 1.100848 4.125000
0.987645 1.203449 4.125000
0.864931 1.294461 4.125000
0.733887 1.373005 4.125000
0.595775 1.438328 4.125000
0.451925 1.489798 4.125000
0.303723 1.526920 4.125000
0.152596 1.549338 4.125000
0.000000 1.556834 4.125000
-0.152596 1.549338 4.125000
-0.303723 1.526920 4.125000
-0.451925 1.489798 4.125000
-0.595775 1.438328 4.125000
-0.733887 1.373005 4.125000
-0.864931 1.294461 4.125000
-0.987645 1.203449 4.125000
-1.100848 1.100848 4.125000
-1.203449 0.987645 4.125000
-1.294461 0.864931 4.125000
-1.373005 0.733887 4.125000
-1.438328 0.595775 4.125000
-1.489798 0.451925 4.125000
-1.526920 0.303723 4.125000
-1.549338 0.152596 4.125000
-1.556834 0.000000 4.125000
-1.549338 -0.152596 4.125000
-1.526920 -0.303723 4.125000
-1.489798 -0.451925 4.125000
-1.438328 -0.595775 4.125000
-1.373005 -0.733887 4.125000
-1.294461 -0.864931 4.125000
-1.203449 -0.987645 4.125000
-1.100848 -1.100848 4.125000
-0.987645 -1.203449 4.125000
-0.864931 -1.294461 4.125000
-0.733887 -1.373005 4.125000
-0.595775 -1.438328 4.125000
-0.451925 -1.489798 4.125000
-0.303723 -1.526920 4.125000
-0.152596 -1.549338 4.125000
-0.000000 -1.556834 4.125000
0.152596 -1.549338 4.125000
0.303723 -1.526920 4.125000
0.451925 -1.489798 4.125000
0.595775 -1.438328 4.125000
0.733887 -1.373005 4.125000
0.864931 -1.294461 4.125000
0.987645 -1.203449 4.125000
1.100848 -1.100848 4.125000
1.203449 -0.987645 4.125000
1.294461 -0.864931 4.125000
1.373005 -0.733887 4.125000
1.438328 -0.595775 4.125000
1.489798 -0.451925 4.125000
1.526920 -0.303723 4.125000
1.549338 -0.152596 4.125000
1.543747 0.000000 4.250000
1.536314 0.151314 4.250000
1.514084 0.301170 4.250000
1.477274 0.448126 4.250000
1.426236 0.590766 4.250000
1.361463 0.727717 4.250000
1.283579 0.857660 4.250000
1.193333 0.979343 4.250000
1.091594 1.091594 4.250000
0.979343 1.193333 4.250000
0.857660 1.283579 4.250000
0.727717 1.361463 4.250000
0.590766 1.426236 4.250000
0.448126 1.477274 4.250000
0.301170 1.514084 4.250000
0.151314 1.536314 4.250000
0.000000 1.543747 4.250000
-0.151314 1.536314 4.250000
-0.301170 1.514084 4.250000
-0.448126 1.477274 4.250000
-0.590766 1.426236 4.250000
-0.727717 1.361463 4.250000
-0.857660 1.283579 4.250000
-0.979343 1.193333 4.250000
-1.091594 1.091594 4.250000
-1.193333 0.979343 4.250000
-1.283579 0.857660 4.250000
-1.361463 0.727717 4.250000
-1.426236 0.590766 4.250000
-1.477274 0.448126 4.250000
-1.514084 0.301170 4.250000
-1.536314 0.151314 4.250000
-1.543747 0.000000 4.250000
-1.536314 -0.151314 4.250000
-1.514084 -0.301170 4.250000
-1.477274 -0.448126 4.250000
-1.426236 -0.590766 4.250000
-1.361463 -0.727717 4.250000
-1.283579 -0.857660 4.250000
-1.193333 -0.979343 4.250000
-1.091594 -1.091594 4.250000
-0.979343 -1.193333 4.250000
-0.857660 -1.283579 4.250000
-0.727717 -1.361463 4.250000
-0.590766 -1.426236 4.250000
-0.448126 -1.477274 4.250000
-0.301170 -1.514084 4.250000
-0.151314 -1.536314 4.250000
-0.000000 -1.543747 4.250000
0.151314 -1.536314 4.250000
0.301170 -1.514084 4.250000
0.448126 -1.477274 4.250000
0.590766 -1.426236 4.250000
0.727717 -1.361463 4.250000
0.857660 -1.283579 4.250000
0.979343 -1.193333 4.250000
1.091594 -1.091594 4.250000
1.193333 -0.979343 4.250000
1.283579 -0.857660 4.250000
1.361463 -0.727717 4.250000
1.426236 -0.590766 4.250000
1.477274 -0.448126 4.250000
1.514084 -0.301170 4.250000
1.536314 -0.151314 4.250000
1.533411 0.000000 4.375000
1.526027 0.150301 4.375000
1.503947 0.299154 4.375000
1.467383 0.445126 4.375000
1.416687 0.586811 4.375000
1.352348 0.722845 4.375000
1.274985 0.851918 4.375000
1.185343 0.972786 4.375000
1.084286 1.084286 4.375000
0.972786 1.185343 4.375000
0.851918 1.274985 4.375000
0.722845 1.352348 4.375000
0.586811 1.416687 4.375000
0.445126 1.467383 4.375000
0.299154 1.503947 4.375000
0.150301 1.526027 4.375000
0.000000 1.533411 4.375000
-0.150301 1.526027 4.375000
-0.299154 1.503947 4.375000
-0.445126 1.467383 4.375000
-0.586811 1.416687 4.375000
-0.722845 1.352348 4.375000
-0.851918 1.274985 4.375000
-0.972786 1.185343 4.375000
-1.084286 1.084286 4.375000
-1.185343 0.972786 4.375000
-1.274985 0.851918 4.375000
-1.352348 0.722845 4.375000
-1.416687 0.586811 4.375000
-1.467383 0.445126 4.375000
-1.503947 0.299154 4.375000
-1.526027 0.150301 4.375000
-1.533411 0.000000 4.375000
-1.526027 -0.150301 4.375000
-1.503947 -0.299154 4.375000
-1.467383 -0.445126 4.375000
-1.416687 -0.586811 4.375000
-1.352348 -0.722845 4.375000
-1.274985 -0.851918 4.375000
-1.185343 -0.972786 4.375000
-1.084286 -1.084286 4.375000
-0.972786 -1.185343 4.375000
-0.851918 -1.274985 4.375000
-0.722845 -1.352348 4.375000
-0.586811 -1.416687 4.375000
-0.445126 -1.467383 4.375000
-0.299154 -1.503947 4.375000
-0.150301 -1.526027 4.375000
-0.000000 -1.533411 4.375000
0.150301 -1.526027 4.375000
0.299154 -1.503947 4.375000
0.445126 -1.467383 4.375000
0.586811 -1.416687 4.375000
0.722845 -1.352348 4.375000
0.851918 -1.274985 4.375000
0.972786 -1.185343 4.375000
1.084286 -1.084286 4.375000
1.185343 -0.972786 4.375000
1.274985 -0.851918 4.375000
1.352348 -0.722845 4.375000
1.416687 -0.586811 4.375000
1.467383 -0.445126 4.375000
1.503947 -0.299154 4.375000
1.526027 -0.150301 4.375000
1.525319 0.000000 4.500000
1.517974 0.149507 4.500000
1.496010 0.297575 4.500000
1.459639 0.442777 4.500000
1.409211 0.583714 4.500000
1.345211 0.719030 4.500000
1.268256 0.847422 4.500000
1.179087 0.967652 4.500000
1.078563 1.078563 4.500000
0.967652 1.179087 4.500000
0.847422 1.268256 4.500000
0.719030 1.345211 4.500000
0.583714 1.409211 4.500000
0.442777 1.459639 4.500000
0.297575 1.496010 4.500000
0.149507 1.517974 4.500000
0.000000 1.525319 4.500000
-0.149507 1.517974 4.500000
-0.297575 1.496010 4.500000
-0.442777 1.459639 4.500000
-0.583714 1.409211 4.500000
-0.719030 1.345211 4.500000
-0.847422 1.268256 4.500000
-0.967652 1.179087 4.500000
-1.078563 1.078563 4.500000
-1.179087 0.967652 4.500000
-1.268256 0.847422 4.500000
-1.345211 0.719030 4.500000
-1.409211 0.583714 4.500000
-1.459639 0.442777 4.500000
-1.496010 0.297575 4.500000
-1.517974 0.149507 4.500000
-1.525319 0.000000 4.500000
-1.517974 -0.149507 4.500000
-1.496010 -0.297575 4.500000
-1.459639 -0.442777 4.500000
-1.409211 -0.583714 4.500000
-1.345211 -0.719030 4.500000
-1.268256 -0.847422 4.500000
-1.179087 -0.967652 4.500000
-1.078563 -1.078563 4.500000
-0.967652 -1.179087 4.500000
-0.847422 -1.268256 4.500000
-0.719030 -1.345211 4.500000
-0.583714 -1.409211 4.500000
-0.442777 -1.459639 4.500000
-0.297575 -1.496010 4.500000
-0.149507 -1.517974 4.500000
-0.000000 -1.525319 4.500000
0.149507 -1.517974 4.500000
0.297575 -1.496010 4.500000
0.442777 -1.459639 4.500000
0.583714 -1.409211 4.500000
0.719030 -1.345211 4.500000
0.847422 -1.268256 4.500000
0.967652 -1.179087 4.500000
1.078563 -1.078563 4.500000
1.179087 -0.967652 4.500000
1.268256 -0.847422 4.500000
1.345211 -0.719030 4.500000
1.409211 -0.583714 4.500000
1.459639 -0.442777 4.500000
1.496010 -0.297575 4.500000
1.517974 -0.149507 4.500000
1.519037 0.000000 4.625000
1.511723 0.148892 4.625000
1.489849 0.296349 4.625000
1.453628 0.440953 4.625000
1.403407 0.581310 4.625000
1.339671 0.716069 4.625000
1.263033 0.843932 4.625000
1.174232 0.963667 4.625000
1.074121 1.074121 4.625000
0.963667 1.174232 4.625000
0.843932 1.263033 4.625000
0.716069 1.339671 4.625000
0.581310 1.403407 4.625000
0.440953 1.453628 4.625000
0.296349 1.489849 4.625000
0.148892 1.511723 4.625000
0.000000 1.519037 4.625000
-0.148892 1.511723 4.625000
-0.296349 1.489849 4.625000
-0.440953 1.453628 4.625000
-0.581310 1.403407 4.625000
-0.716069 1.339671 4.625000
-0.843932 1.263033 4.625000
-0.963667 1.174232 4.625000
-1.074121 1.074121 4.625000
-1.174232 0.963667 4.625000
-1.263033 0.843932 4.625000
-1.339671 0.716069 4.625000
-1.403407 0.581310 4.625000
-1.453628 0.440953 4.625000
-1.489849 0.296349 4.625000
-1.511723 0.148892 4.625000
-1.519037 0.000000 4.625000
-1.511723 -0.148892 4.625000
-1.489849 -0.296349 4.625000
-1.453628 -0.440953 4.625000
-1.403407 -0.581310 4.625000
-1.339671 -0.716069 4.625000
-1.263033 -0.843932 4.625000
-1.174232 -0.963667 4.625000
-1.074121 -1.074121 4.625000
-0.963667 -1.174232 4.625000
-0.843932 -1.263033 4.625000
-0.716069 -1.339671 4.625000
-0.581310 -1.403407 4.625000
-0.440953 -1.453628 4.625000
-0.296349 -1.489849 4.625000
-0.148892 -1.511723 4.625000
-0.000000 -1.519037 4.625000
0.148892 -1.511723 4.625000
0.296349 -1.489849 4.625000
0.440953 -1.453628 4.625000
0.581310 -1.403407 4.625000
0.716069 -1.339671 4.625000
0.843932 -1.263033 4.625000
0.963667 -1.174232 4.625000
1.074121 -1.074121 4.625000
1.174232 -0.963667 4.625000
1.263033 -0.843932 4.625000
1.339671 -0.716069 4.625000
1.403407 -0.581310 4.625000
1.453628 -0.440953 4.625000
1.489849 -0.296349 4.625000
1.511723 -0.148892 4.625000
1.514203 0.000000 4.750000
1.506911 0.148418 4.750000
1.485108 0.295406 4.750000
1.449002 0.439550 4.750000
1.398941 0.579460 4.750000
1.335407 0.713790 4.750000
1.259013 0.841246 4.750000
1.170494 0.960600 4.750000
1.070703 1.070703 4.750000
0.960600 1.170494 4.750000
0.841246 1.259013 4.750000
0.713790 1.335407 4.750000
0.579460 1.398941 4.750000
0.439550 1.449002 4.750000
0.295406 1.485108 4.750000
0.148418 1.506911 4.750000
0.000000 1.514203 4.750000
-0.148418 1.506911 4.750000
-0.295406 1.485108 4.750000
-0.439550 1.449002 4.750000
-0.579460 1.398941 4.750000
-0.713790 1.335407 4.750000
-0.841246 1.259013 4.750000
-0.960600 1.170494 4.750000
-1.070703 1.070703 4.750000
-1.170494 0.960600 4.750000
-1.259013 0.841246 4.750000
-1.335407 0.713790 4.750000
-1.398941 0.579460 4.750000
-1.449002 0.439550 4.750000
-1.485108 0.295406 4.750000
-1.506911 0.148418 4.750000
-1.514203 0.000000 4.750000
-1.506911 -0.148418 4.750000
-1.485108 -0.295406 4.750000
-1.449002 -0.439550 4.750000
-1.398941 -0.579460 4.750000
-1.335407 -0.713790 4.750000
-1.259013 -0.841246 4.750000
-1.170494 -0.960600 4.750000
-1.070703 -1.070703 4.750000
-0.960600 -1.170494 4.750000
-0.841246 -1.259013 4.750000
-0.713790 -1.335407 4.750000
-0.579460 -1.398941 4.750000
-0.439550 -1.449002 4.750000
-0.295406 -1.485108 4.750000
-0.148418 -1.506911 4.750000
-0.000000 -1.514203 4.750000
0.148418 -1.506911 4.750000
0.295406 -1.485108 4.750000
0.439550 -1.449002 4.750000
0.579460 -1.398941 4.750000
0.713790 -1.335407 4.750000
0.841246 -1.259013 4.750000
0.960600 -1.170494 4.750000
1.070703 -1.070703 4.750000
1.170494 -0.960600 4.750000
1.259013 -0.841246 4.750000
1.335407 -0.713790 4.750000
1.398941 -0.579460 4.750000
1.449002 -0.439550 4.750000
1.485108 -0.295406 4.750000
1.506911 -0.148418 4.750000
1.510513 0.000000 4.875000
1.503240 0.148056 4.875000
1.481489 0.294687 4.875000
1.445471 0.438479 4.875000
1.395532 0.578048 4.875000
1.332154 0.712051 4.875000
1.255946 0.839196 4.875000
1.167643 0.958260 4.875000
1.068094 1.068094 4.875000
0.958260 1.167643 4.875000
0.839196 1.255946 4.875000
0.712051 1.332154 4.875000
0.578048 1.395532 4.875000
0.438479 1.445471 4.875000
0.294687 1.481489 4.875000
0.148056 1.503240 4.875000
0.000000 1.510513 4.875000
-0.148056 1.503240 4.875000
-0.294687 1.481489 4.875000
-0.438479 1.445471 4.875000
-0.578048 1.395532 4.875000
-0.712051 1.332154 4.875000
-0.839196 1.255946 4.875000
-0.958260 1.167643 4.875000
-1.068094 1.068094 4.875000
-1.167643 0.958260 4.875000
-1.255946 0.839196 4.875000
-1.332154 0.712051 4.875000
-1.395532 0.578048 4.875000
-1.445471 0.438479 4.875000
-1.481489 0.294687 4.875000
-1.503240 0.148056 4.875000
-1.510513 0.000000 4.875000
-1.503240 -0.148056 4.875000
-1.481489 -0.294687 4.875000
-1.445471 -0.438479 4.875000
-1.395532 -0.578048 4.875000
-1.332154 -0.712051 4.875000
-1.255946 -0.839196 4.875000
-1.167643 -0.958260 4.875000
-1.068094 -1.068094 4.875000
-0.958260 -1.167643 4.875000
-0.839196 -1.255946 4.875000
-0.712051 -1.332154 4.875000
-0.578048 -1.395532 4.875000
-0.438479 -1.445471 4.875000
-0.294687 -1.481489 4.875000
-0.148056 -1.503240 4.875000
-0.000000 -1.510513 4.875000
0.148056 -1.503240 4.875000
0.294687 -1.481489 4.875000
0.438479 -1.445471 4.875000
0.578048 -1.395532 4.875000
0.712051 -1.332154 4.875000
0.839196 -1.255946 4.875000
0.958260 -1.167643 4.875000
1.068094 -1.068094 4.875000
1.167643 -0.958260 4.875000
1.255946 -0.839196 4.875000
1.332154 -0.712051 4.875000
1.395532 -0.578048 4.875000
1.445471 -0.438479 4.875000
1.481489 -0.294687 4.875000
1.503240 -0.148056 4.875000
1.507722 0.000000 5.000000
1.500462 0.147783 5.000000
1.478751 0.294142 5.000000
1.442800 0.437669 5.000000
1.392953 0.576980 5.000000
1.329692 0.710735 5.000000
1.253625 0.837645 5.000000
1.165485 0.956489 5.000000
1.066120 1.066120 5.000000
0.956489 1.165485 5.000000
0.837645 1.253625 5.000000
0.710735 1.329692 5.000000
0.576980 1.392953 5.000000
0.437669 1.442800 5.000000
0.294142 1.478751 5.000000
0.147783 1.500462 5.000000
0.000000 1.507722 5.000000
-0.147783 1.500462 5.000000
-0.294142 1.478751 5.000000
-0.437669 1.442800 5.000000
-0.576980 1.392953 5.000000
-0.710735 1.329692 5.000000
-0.837645 1.253625 5.000000
-0.956489 1.165485 5.000000
-1.066120 1.066120 5.000000
-1.165485 0.956489 5.000000
-1.253625 0.837645 5.000000
-1.329692 0.710735 5.000000
-1.392953 0.576980 5.000000
-1.442800 0.437669 5.000000
-1.478751 0.294142 5.000000
-1.500462 0.147783 5.000000
-1.507722 0.000000 5.000000
-1.500462 -0.147783 5.000000
-1.478751 -0.294142 5.000000
-1.442800 -0.437669 5.000000
-1.392953 -0.576980 5.000000
-1.329692 -0.710735 5.000000
-1.253625 -0.837645 5.000000
-1.165485 -0.956489 5.000000
-1.066120 -1.066120 5.000000
-0.956489 -1.165485 5.000000
-0.837645 -1.253625 5.000000
-0.710735 -1.329692 5.000000
-0.576980 -1.392953 5.000000
-0.437669 -1.442800 5.000000
-0.294142 -1.478751 5.000000
-0.147783 -1.500462 5.000000
-0.000000 -1.507722 5.000000
0.147783 -1.500462 5.000000
0.294142 -1.478751 5.000000
0.437669 -1.442800 5.000000
0.576980 -1.392953 5.000000
0.710735 -1.329692 5.000000
0.837645 -1.253625 5.000000
0.956489 -1.165485 5.000000
1.066120 -1.066120 5.000000
1.165485 -0.956489 5.000000
1.253625 -0.837645 5.000000
1.329692 -0.710735 5.000000
1.392953 -0.576980 5.000000
1.442800 -0.437669 5.000000
1.478751 -0.294142 5.000000
1.500462 -0.147783 5.000000
1.505627 0.000000 5.125000
1.498377 0.147577 5.125000
1.476697 0.293733 5.125000
1.440796 0.437061 5.125000
1.391018 0.576179 5.125000
1.327845 0.709748 5.125000
1.251883 0.836482 5.125000
1.163866 0.955160 5.125000
1.064639 1.064639 5.125000
0.955160 1.163866 5.125000
0.836482 1.251883 5.125000
0.709748 1.327845 5.125000
0.576179 1.391018 5.125000
0.437061 1.440796 5.125000
0.293733 1.476697 5.125000
0.147577 1.498377 5.125000
0.000000 1.505627 5.125000
-0.147577 1.498377 5.125000
-0.293733 1.476697 5.125000
-0.437061 1.440796 5.125000
-0.576179 1.391018 5.125000
-0.709748 1.327845 5.125000
-0.836482 1.251883 5.125000
-0.955160 1.163866 5.125000
-1.064639 1.064639 5.125000
-1.163866 0.955160 5.125000
-1.251883 0.836482 5.125000
-1.327845 0.709748 5.125000
-1.391018 0.576179 5.125000
-1.440796 0.437061 5.125000
-1.476697 0.293733 5.125000
-1.498377 0.147577 5.125000
-1.505627 0.000000 5.125000
-1.498377 -0.147577 5.125000
-1.476697 -0.293733 5.125000
-1.440796 -0.437061 5.125000
-1.391018 -0.576179 5.125000
-1.327845 -0.709748 5.125000
-1.251883 -0.836482 5.125000
-1.163866 -0.955160 5.125000
-1.064639 -1.064639 5.125000
-0.955160 -1.163866 5.125000
-0.836482 -1.251883 5.125000
-0.709748 -1.327845 5.125000
-0.576179 -1.391018 5.125000
-0.437061 -1.440796 5.125000
-0.293733 -1.476697 5.125000
-0.147577 -1.498377 5.125000
-0.000000 -1.505627 5.125000
0.147577 -1.498377 5.125000
0.293733 -1.476697 5.125000
0.437061 -1.440796 5.125000
0.576179 -1.391018 5.125000
0.709748 -1.327845 5.125000
0.836482 -1.251883 5.125000
0.955160 -1.163866 5.125000
1.064639 -1.064639 5.125000
1.163866 -0.955160 5.125000
1.251883 -0.836482 5.125000
1.327845 -0.709748 5.125000
1.391018 -0.576179 5.125000
1.440796 -0.437061 5.125000
1.476697 -0.293733 5.125000
1.498377 -0.147577 5.125000
1.504069 0.000000 5.250000
1.496827 0.147425 5.250000
1.475169 0.293429 5.250000
1.439304 0.436608 5.250000
1.389579 0.575582 5.250000
1.326471 0.709013 5.250000
1.250588 0.835616 5.250000
1.162661 0.954171 5.250000
1.063537 1.063537 5.250000
0.954171 1.162661 5.250000
0.835616 1.250588 5.250000
0.709013 1.326471 5.250000
0.575582 1.389579 5.250000
0.436608 1.439304 5.250000
0.293429 1.475169 5.250000
0.147425 1.496827 5.250000
0.000000 1.504069 5.250000
-0.147425 1.496827 5.250000
-0.293429 1.475169 5.250000
-0.436608 1.439304 5.250000
-0.575582 1.389579 5.250000
-0.709013 1.326471 5.250000
-0.835616 1.250588 5.250000
-0.954171 1.162661 5.250000
-1.063537 1.063537 5.250000
-1.162661 0.954171 5.250000
-1.250588 0.835616 5.250000
-1.326471 0.709013 5.250000
-1.389579 0.575582 5.250000
-1.439304 0.436608 5.250000
-1.475169 0.293429 5.250000
-1.496827 0.147425 5.250000
-1.504069 0.000000 5.250000
-1.496827 -0.147425 5.250000
-1.475169 -0.293429 5.250000
-1.439304 -0.436608 5.250000
-1.389579 -0.575582 5.250000
-1.326471 -0.709013 5.250000
-1.250588 -0.835616 5.250000
-1.162661 -0.954171 5.250000
-1.063537 -1.063537 5.250000
-0.954171 -1.162661 5.250000
-0.835616 -1.250588 5.250000
-0.709013 -1.326471 5.250000
-0.575582 -1.389579 5.250000
-0.436608 -1.439304 5.250000
-0.293429 -1.475169 5.250000
-0.147425 -1.496827 5.250000
-0.000000 -1.504069 5.250000
0.147425 -1.496827 5.250000
0.293429 -1.475169 5.250000
0.436608 -1.439304 5.250000
0.575582 -1.389579 5.250000
0.709013 -1.326471 5.250000
0.835616 -1.250588 5.250000
0.954171 -1.162661 5.250000
1.063537 -1.063537 5.250000
1.162661 -0.954171 5.250000
1.250588 -0.835616 5.250000
1.326471 -0.709013 5.250000
1.389579 -0.575582 5.250000
1.439304 -0.436608 5.250000
1.475169 -0.293429 5.250000
1.496827 -0.147425 5.250000
1.502919 0.000000 5.375000
1.495682 0.147312 5.375000
1.474041 0.293205 5.375000
1.438204 0.436274 5.375000
1.388517 0.575142 5.375000
1.325457 0.708471 5.375000
1.249632 0.834977 5.375000
1.161772 0.953442 5.375000
1.062725 1.062725 5.375000
0.953442 1.161772 5.375000
0.834977 1.249632 5.375000
0.708471 1.325457 5.375000
0.575142 1.388517 5.375000
0.436274 1.438204 5.375000
0.293205 1.474041 5.375000
0.147312 1.495682 5.375000
0.000000 1.502919 5.375000
-0.147312 1.495682 5.375000
-0.293205 1.474041 5.375000
-0.436274 1.438204 5.375000
-0.575142 1.388517 5.375000
-0.708471 1.325457 5.375000
-0.834977 1.249632 5.375000
-0.953442 1.161772 5.375000
-1.062725 1.062725 5.375000
-1.161772 0.953442 5.375000
-1.249632 0.834977 5.375000
-1.325457 0.708471 5.375000
-1.388517 0.575142 5.375000
-1.438204 0.436274 5.375000
-1.474041 0.293205 5.375000
-1.495682 0.147312 5.375000
-1.502919 0.000000 5.375000
-1.495682 -0.147312 5.375000
-1.474041 -0.293205 5.375000
-1.438204 -0.436274 5.375000
-1.388517 -0.575142 5.375000
-1.325457 -0.708471 5.375000
-1.249632 -0.834977 5.375000
-1.161772 -0.953442 5.375000
-1.062725 -1.062725 5.375000
-0.953442 -1.161772 5.375000
-0.834977 -1.249632 5.375000
-0.708471 -1.325457 5.375000
-0.575142 -1.388517 5.375000
-0.436274 -1.438204 5.375000
-0.293205 -1.474041 5.375000
-0.147312 -1.495682 5.375000
-0.000000 -1.502919 5.375000
0.147312 -1.495682 5.375000
0.293205 -1.474041 5.375000
0.436274 -1.438204 5.375000
0.575142 -1.388517 5.375000
0.708471 -1.325457 5.375000
0.834977 -1.249632 5.375000
0.953442 -1.161772 5.375000
1.062725 -1.062725 5.375000
1.161772 -0.953442 5.375000
1.249632 -0.834977 5.375000
1.325457 -0.708471 5.375000
1.388517 -0.575142 5.375000
1.438204 -0.436274 5.375000
1.474041 -0.293205 5.375000
1.495682 -0.147312 5.375000
1.502078 0.000000 5.500000
1.494845 0.147229 5.500000
1.473216 0.293041 5.500000
1.437399 0.436030 5.500000
1.387739 0.574820 5.500000
1.324715 0.708075 5.500000
1.248932 0.834510 5.500000
1.161122 0.952908 5.500000
1.062130 1.062130 5.500000
0.952908 1.161122 5.500000
0.834510 1.248932 5.500000
0.708075 1.324715 5.500000
0.574820 1.387739 5.500000
0.436030 1.437399 5.500000
0.293041 1.473216 5.500000
0.147229 1.494845 5.500000
0.000000 1.502078 5.500000
-0.147229 1.494845 5.500000
-0.293041 1.473216 5.500000
-0.436030 1.437399 5.500000
-0.574820 1.387739 5.500000
-0.708075 1.324715 5.500000
-0.834510 1.248932 5.500000
-0.952908 1.161122 5.500000
-1.062130 1.062130 5.500000
-1.161122 0.952908 5.500000
-1.248932 0.834510 5.500000
-1.324715 0.708075 5.500000
-1.387739 0.574820 5.500000
-1.437399 0.436030 5.500000
-1.473216 0.293041 5.500000
-1.494845 0.147229 5.500000
-1.502078 0.000000 5.500000
-1.494845 -0.147229 5.500000
-1.473216 -0.293041 5.500000
-1.437399 -0.436030 5.500000
-1.387739 -0.574820 5.500000
-1.324715 -0.708075 5.500000
-1.248932 -0.834510 5.500000
-1.161122 -0.952908 5.500000
-1.062130 -1.062130 5.500000
-0.952908 -1.161122 5.500000
-0.834510 -1.248932 5.500000
-0.708075 -1.324715 5.500000
-0.574820 -1.387739 5.500000
-0.436030 -1.437399 5.500000
-0.293041 -1.473216 5.500000
-0.147229 -1.494845 5.500000
-0.000000 -1.502078 5.500000
0.147229 -1.494845 5.500000
0.293041 -1.473216 5.500000
0.436030 -1.437399 5.500000
0.574820 -1.387739 5.500000
0.708075 -1.324715 5.500000
0.834510 -1.248932 5.500000
0.952908 -1.161122 5.500000
1.062130 -1.062130 5.500000
1.161122 -0.952908 5.500000
1.248932 -0.834510 5.500000
1.324715 -0.708075 5.500000
1.387739 -0.574820 5.500000
1.437399 -0.436030 5.500000
1.473216 -0.293041 5.500000
1.494845 -0.147229 5.500000
1.501468 0.000000 5.625000
1.494238 0.147170 5.625000
1.472618 0.292922 5.625000
1.436815 0.435853 5.625000
1.387176 0.574587 5.625000
1.324177 0.707787 5.625000
1.248425 0.834171 5.625000
1.160650 0.952521 5.625000
1.061698 1.061698 5.625000
0.952521 1.160650 5.625000
0.834171 1.248425 5.625000
0.707787 1.324177 5.625000
0.574587 1.387176 5.625000
0.435853 1.436815 5.625000
0.292922 1.472618 5.625000
0.147170 1.494238 5.625000
0.000000 1.501468 5.625000
-0.147170 1.494238 5.625000
-0.292922 1.472618 5.625000
-0.435853 1.436815 5.625000
-0.574587 1.387176 5.625000
-0.707787 1.324177 5.625000
-0.834171 1.248425 5.625000
-0.952521 1.160650 5.625000
-1.061698 1.061698 5.625000
-1.160650 0.952521 5.625000
-1.248425 0.834171 5.625000
-1.324177 0.707787 5.625000
-1.387176 0.574587 5.625000
-1.436815 0.435853 5.625000
-1.472618 0.292922 5.625000
-1.494238 0.147170 5.625000
-1.501468 0.000000 5.625000
-1.494238 -0.147170 5.625000
-1.472618 -0.292922 5.625000
-1.436815 -0.435853 5.625000
-1.387176 -0.574587 5.625000
-1.324177 -0.707787 5.625000
-1.248425 -0.834171 5.625000
-1.160650 -0.952521 5.625000
-1.061698 -1.061698 5.625000
-0.952521 -1.160650 5.625000
-0.834171 -1.248425 5.625000
-0.707787 -1.324177 5.625000
-0.574587 -1.387176 5.625000
-0.435853 -1.436815 5.625000
-0.292922 -1.472618 5.625000
-0.147170 -1.494238 5.625000
-0.000000 -1.501468 5.625000
0.147170 -1.494238 5.625000
0.292922 -1.472618 5.625000
0.435853 -1.436815 5.625000
0.574587 -1.387176 5.625000
0.707787 -1.324177 5.625000
0.834171 -1.248425 5.625000
0.952521 -1.160650 5.625000
1.061698 -1.061698 5.625000
1.160650 -0.952521 5.625000
1.248425 -0.834171 5.625000
1.324177 -0.707787 5.625000
1.387176 -0.574587 5.625000
1.436815 -0.435853 5.625000
1.472618 -0.292922 5.625000
1.494238 -0.147170 5.625000
1.501029 0.000000 5.750000
1.493801 0.147127 5.750000
1.472187 0.292836 5.750000
1.436395 0.435726 5.750000
1.386770 0.574419 5.750000
1.323789 0.707580 5.750000
1.248060 0.833927 5.750000
1.160311 0.952243 5.750000
1.061388 1.061388 5.750000
0.952243 1.160311 5.750000
0.833927 1.248060 5.750000
0.707580 1.323789 5.750000
0.574419 1.386770 5.750000
0.435726 1.436395 5.750000
0.292836 1.472187 5.750000
0.147127 1.493801 5.750000
0.000000 1.501029 5.750000
-0.147127 1.493801 5.750000
-0.292836 1.472187 5.750000
-0.435726 1.436395 5.750000
-0.574419 1.386770 5.750000
-0.707580 1.323789 5.750000
-0.833927 1.248060 5.750000
-0.952243 1.160311 5.750000
-1.061388 1.061388 5.750000
-1.160311 0.952243 5.750000
-1.248060 0.833927 5.750000
-1.323789 0.707580 5.750000
-1.386770 0.574419 5.750000
-1.436395 0.435726 5.750000
-1.472187 0.292836 5.750000
-1.493801 0.147127 5.750000
-1.501029 0.000000 5.750000
-1.493801 -0.147127 5.750000
-1.472187 -0.292836 5.750000
-1.436395 -0.435726 5.750000
-1.386770 -0.574419 5.750000
-1.323789 -0.707580 5.750000
-1.248060 -0.833927 5.750000
-1.160311 -0.952243 5.750000
-1.061388 -1.061388 5.750000
-0.952243 -1.160311 5.750000
-0.833927 -1.248060 5.750000
-0.707580 -1.323789 5.750000
-0.574419 -1.386770 5.750000
-0.435726 -1.436395 5.750000
-0.292836 -1.472187 5.750000
-0.147127 -1.493801 5.750000
-0.000000 -1.501029 5.750000
0.147127 -1.493801 5.750000
0.292836 -1.472187 5.750000
0.435726 -1.436395 5.750000
0.574419 -1.386770 5.750000
0.707580 -1.323789 5.750000
0.833927 -1.248060 5.750000
0.952243 -1.160311 5.750000
1.061388 -1.061388 5.750000
1.160311 -0.952243 5.750000
1.248060 -0.833927 5.750000
1.323789 -0.707580 5.750000
1.386770 -0.574419 5.750000
1.436395 -0.435726 5.750000
1.472187 -0.292836 5.750000
1.493801 -0.147127 5.750000
1.500715 0.000000 5.875000
1.493489 0.147096 5.875000
1.471880 0.292775 5.875000
1.436095 0.435635 5.875000
1.386480 0.574299 5.875000
1.323513 0.707432 5.875000
1.247799 0.833753 5.875000
1.160069 0.952044 5.875000
1.061166 1.061166 5.875000
0.952044 1.160069 5.875000
0.833753 1.247799 5.875000
0.707432 1.323513 5.875000
0.574299 1.386480 5.875000
0.435635 1.436095 5.875000
0.292775 1.471880 5.875000
0.147096 1.493489 5.875000
0.000000 1.500715 5.875000
-0.147096 1.493489 5.875000
-0.292775 1.471880 5.875000
-0.435635 1.436095 5.875000
-0.574299 1.386480 5.875000
-0.707432 1.323513 5.875000
-0.833753 1.247799 5.875000
-0.952044 1.160069 5.875000
-1.061166 1.061166 5.875000
-1.160069 0.952044 5.875000
-1.247799 0.833753 5.875000
-1.323513 0.707432 5.875000
-1.386480 0.574299 5.875000
-1.436095 0.435635 5.875000
-1.471880 0.292775 5.875000
-1.493489 0.147096 5.875000
-1.500715 0.000000 5.875000
-1.493489 -0.147096 5.875000
-1.471880 -0.292775 5.875000
-1.436095 -0.435635 5.875000
-1.386480 -0.574299 5.875000
-1.323513 -0.707432 5.875000
-1.247799 -0.833753 5.875000
-1.160069 -0.952044 5.875000
-1.061166 -1.061166 5.875000
-0.952044 -1.160069 5.875000
-0.833753 -1.247799 5.875000
-0.707432 -1.323513 5.875000
-0.574299 -1.386480 5.875000
-0.435635 -1.436095 5.875000
-0.292775 -1.471880 5.875000
-0.147096 -1.493489 5.875000
-0.000000 -1.500715 5.875000
0.147096 -1.493489 5.875000
0.292775 -1.471880 5.875000
0.435635 -1.436095 5.875000
0.574299 -1.386480 5.875000
0.707432 -1.323513 5.875000
0.833753 -1.247799 5.875000
0.952044 -1.160069 5.875000
1.061166 -1.061166 5.875000
1.160069 -0.952044 5.875000
1.247799 -0.833753 5.875000
1.323513 -0.707432 5.875000
1.386480 -0.574299 5.875000
1.436095 -0.435635 5.875000
1.471880 -0.292775 5.875000
1.493489 -0.147096 5.875000
1.500494 0.000000 6.000000
1.493268 0.147074 6.000000
1.471662 0.292732 6.000000
1.435883 0.435570 6.000000
1.386275 0.574214 6.000000
1.323317 0.707328 6.000000
1.247615 0.833630 6.000000
1.159897 0.951903 6.000000
1.061009 1.061009 6.000000
0.951903 1.159897 6.000000
0.833630 1.247615 6.000000
0.707328 1.323317 6.000000
0.574214 1.386275 6.000000
0.435570 1.435883 6.000000
0.292732 1.471662 6.000000
0.147074 1.493268 6.000000
0.000000 1.500494 6.000000
-0.147074 1.493268 6.000000
-0.292732 1.471662 6.000000
-0.435570 1.435883 6.000000
-0.574214 1.386275 6.000000
-0.707328 1.323317 6.000000
-0.833630 1.247615 6.000000
-0.951903 1.159897 6.000000
-1.061009 1.061009 6.000000
-1.159897 0.951903 6.000000
-1.247615 0.833630 6.000000
-1.323317 0.707328 6.000000
-1.386275 0.574214 6.000000
-1.435883 0.435570 6.000000
-1.471662 0.292732 6.000000
-1.493268 0.147074 6.000000
-1.500494 0.000000 6.000000
-1.493268 -0.147074 6.000000
-1.471662 -0.292732 6.000000
-1.435883 -0.435570 6.000000
-1.386275 -0.574214 6.000000
-1.323317 -0.707328 6.000000
-1.247615 -0.833630 6.000000
-1.159897 -0.951903 6.000000
-1.061009 -1.061009 6.000000
-0.951903 -1.159897 6.000000
-0.833630 -1.247615 6.000000
-0.707328 -1.323317 6.000000
-0.574214 -1.386275 6.000000
-0.435570 -1.435883 6.000000
-0.292732 -1.471662 6.000000
-0.147074 -1.493268 6.000000
-0.000000 -1.500494 6.000000
0.147074 -1.493268 6.000000
0.292732 -1.471662 6.000000
0.435570 -1.435883 6.000000
0.574214 -1.386275 6.000000
0.707328 -1.323317 6.000000
0.833630 -1.247615 6.000000
0.951903 -1.159897 6.000000
1.061009 -1.061009 6.000000
1.159897 -0.951903 6.000000
1.247615 -0.833630 6.000000
1.323317 -0.707328 6.000000
1.386275 -0.574214 6.000000
1.435883 -0.435570 6.000000
1.471662 -0.292732 6.000000
1.493268 -0.147074 6.000000
1.500338 0.000000 6.125000
1.493113 0.147059 6.125000
1.471509 0.292701 6.125000
1.435734 0.435525 6.125000
1.386132 0.574154 6.125000
1.323180 0.707254 6.125000
1.247485 0.833543 6.125000
1.159777 0.951804 6.125000
1.060899 1.060899 6.125000
0.951804 1.159777 6.125000
0.833543 1.247485 6.125000
0.707254 1.323180 6.125000
0.574154 1.386132 6.125000
0.435525 1.435734 6.125000
0.292701 1.471509 6.125000
0.147059 1.493113 6.125000
0.000000 1.500338 6.125000
-0.147059 1.493113 6.125000
-0.292701 1.471509 6.125000
-0.435525 1.435734 6.125000
-0.574154 1.386132 6.125000
-0.707254 1.323180 6.125000
-0.833543 1.247485 6.125000
-0.951804 1.159777 6.125000
-1.060899 1.060899 6.125000
-1.159777 0.951804 6.125000
-1.247485 0.833543 6.125000
-1.323180 0.707254 6.125000
-1.386132 0.574154 6.125000
-1.435734 0.435525 6.125000
-1.471509 0.292701 6.125000
-1.493113 0.147059 6.125000
-1.500338 0.000000 6.125000
-1.493113 -0.147059 6.125000
-1.471509 -0.292701 6.125000
-1.435734 -0.435525 6.125000
-1.386132 -0.574154 6.125000
-1.323180 -0.707254 6.125000
-1.247485 -0.833543 6.125000
-1.159777 -0.951804 6.125000
-1.060899 -1.060899 6.125000
-0.951804 -1.159777 6.125000
-0.833543 -1.247485 6.125000
-0.707254 -1.323180 6.125000
-0.574154 -1.386132 6.125000
-0.435525 -1.435734 6.125000
-0.292701 -1.471509 6.125000
-0.147059 -1.493113 6.125000
-0.000000 -1.500338 6.125000
0.147059 -1.493113 6.125000
0.292701 -1.471509 6.125000
0.435525 -1.435734 6.125000
0.574154 -1.386132 6.125000
0.707254 -1.323180 6.125000
0.833543 -1.247485 6.125000
0.951804 -1.159777 6.125000
1.060899 -1.060899 6.125000
1.159777 -0.951804 6.125000
1.247485 -0.833543 6.125000
1.323180 -0.707254 6.125000
1.386132 -0.574154 6.125000
1.435734 -0.435525 6.125000
1.471509 -0.292701 6.125000
1.493113 -0.147059 6.125000
1.500230 0.000000 6.250000
1.493006 0.147048 6.250000
1.471403 0.292680 6.250000
1.435630 0.435494 6.250000
1.386031 0.574113 6.250000
1.323084 0.707203 6.250000
1.247395 0.833483 6.250000
1.159693 0.951736 6.250000
1.060822 1.060822 6.250000
0.951736 1.159693 6.250000
0.833483 1.247395 6.250000
0.707203 1.323084 6.250000
0.574113 1.386031 6.250000
0.435494 1.435630 6.250000
0.292680 1.471403 6.250000
0.147048 1.493006 6.250000
0.000000 1.500230 6.250000
-0.147048 1.493006 6.250000
-0.292680 1.471403 6.250000
-0.435494 1.435630 6.250000
-0.574113 1.386031 6.250000
-0.707203 1.323084 6.250000
-0.833483 1.247395 6.250000
-0.951736 1.159693 6.250000
-1.060822 1.060822 6.250000
-1.159693 0.951736 6.250000
-1.247395 0.833483 6.250000
-1.323084 0.707203 6.250000
-1.386031 0.574113 6.250000
-1.435630 0.435494 6.250000
-1.471403 0.292680 6.250000
-1.493006 0.147048 6.250000
-1.500230 0.000000 6.250000
-1.493006 -0.147048 6.250000
-1.471403 -0.292680 6.250000
-1.435630 -0.435494 6.250000
-1.386031 -0.574113 6.250000
-1.323084 -0.707203 6.250000
-1.247395 -0.833483 6.250000
-1.159693 -0.951736 6.250000
-1.060822 -1.060822 6.250000
-0.951736 -1.159693 6.250000
-0.833483 -1.247395 6.250000
-0.707203 -1.323084 6.250000
-0.574113 -1.386031 6.250000
-0.435494 -1.435630 6.250000
-0.292680 -1.471403 6.250000
-0.147048 -1.493006 6.250000
-0.000000 -1.500230 6.250000
0.147048 -1.493006 6.250000
0.292680 -1.471403 6.250000
0.435494 -1.435630 6.250000
0.574113 -1.386031 6.250000
0.707203 -1.323084 6.250000
0.833483 -1.247395 6.250000
0.951736 -1.159693 6.250000
1.060822 -1.060822 6.250000
1.159693 -0.951736 6.250000
1.247395 -0.833483 6.250000
1.323084 -0.707203 6.250000
1.386031 -0.574113 6.250000
1.435630 -0.435494 6.250000
1.471403 -0.292680 6.250000
1.493006 -0.147048 6.250000
1.500155 0.000000 6.375000
1.492931 0.147041 6.375000
1.471330 0.292666 6.375000
1.435559 0.435472 6.375000
1.385962 0.574084 6.375000
1.323018 0.707168 6.375000
1.247333 0.833441 6.375000
1.159635 0.951688 6.375000
1.060770 1.060770 6.375000
0.951688 1.159635 6.375000
0.833441 1.247333 6.375000
0.707168 1.323018 6.375000
0.574084 1.385962 6.375000
0.435472 1.435559 6.375000
0.292666 1.471330 6.375000
0.147041 1.492931 6.375000
0.000000 1.500155 6.375000
-0.147041 1.492931 6.375000
-0.292666 1.471330 6.375000
-0.435472 1.435559 6.375000
-0.574084 1.385962 6.375000
-0.707168 1.323018 6.375000
-0.833441 1.247333 6.375000
-0.951688 1.159635 6.375000
-1.060770 1.060770 6.375000
-1.159635 0.951688 6.375000
-1.247333 0.833441 6.375000
-1.323018 0.707168 6.375000
-1.385962 0.574084 6.375000
-1.435559 0.435472 6.375000
-1.471330 0.292666 6.375000
-1.492931 0.147041 6.375000
-1.500155 0.000000 6.375000
-1.492931 -0.147041 6.375000
-1.471330 -0.292666 6.375000
-1.435559 -0.435472 6.375000
-1.385962 -0.574084 6.375000
-1.323018 -0.707168 6.375000
-1.247333 -0.833441 6.375000
-1.159635 -0.951688 6.375000
-1.060770 -1.060770 6.375000
-0.951688 -1.159635 6.375000
-0.833441 -1.247333 6.375000
-0.707168 -1.323018 6.375000
-0.574084 -1.385962 6.375000
-0.435472 -1.435559 6.375000
-0.292666 -1.471330 6.375000
-0.147041 -1.492931 6.375000
-0.000000 -1.500155 6.375000
0.147041 -1.492931 6.375000
0.292666 -1.471330 6.375000
0.435472 -1.435559 6.375000
0.574084 -1.385962 6.375000
0.707168 -1.323018 6.375000
0.833441 -1.247333 6.375000
0.951688 -1.159635 6.375000
1.060770 -1.060770 6.375000
1.159635 -0.951688 6.375000
1.247333 -0.833441 6.375000
1.323018 -0.707168 6.375000
1.385962 -0.574084 6.375000
1.435559 -0.435472 6.375000
1.471330 -0.292666 6.375000
1.492931 -0.147041 6.375000
1.500103 0.000000 6.500000
1.492880 0.147036 6.500000
1.471279 0.292656 6.500000
1.435510 0.435457 6.500000
1.385915 0.574065 6.500000
1.322973 0.707144 6.500000
1.247290 0.833413 6.500000
1.159596 0.951656 6.500000
1.060733 1.060733 6.500000
0.951656 1.159596 6.500000
0.833413 1.247290 6.500000
0.707144 1.322973 6.500000
0.574065 1.385915 6.500000
0.435457 1.435510 6.500000
0.292656 1.471279 6.500000
0.147036 1.492880 6.500000
0.000000 1.500103 6.500000
-0.147036 1.492880 6.500000
-0.292656 1.471279 6.500000
-0.435457 1.435510 6.500000
-0.574065 1.385915 6.500000
-0.707144 1.322973 6.500000
-0.833413 1.247290 6.500000
-0.951656 1.159596 6.500000
-1.060733 1.060733 6.500000
-1.159596 0.951656 6.500000
-1.247290 0.833413 6.500000
-1.322973 0.707144 6.500000
-1.385915 0.574065 6.500000
-1.435510 0.435457 6.500000
-1.471279 0.292656 6.500000
-1.492880 0.147036 6.500000
-1.500103 0.000000 6.500000
-1.492880 -0.147036 6.500000
-1.471279 -0.292656 6.500000
-1.435510 -0.435457 6.500000
-1.385915 -0.574065 6.500000
-1.322973 -0.707144 6.500000
-1.247290 -0.833413 6.500000
-1.159596 -0.951656 6.500000
-1.060733 -1.060733 6.500000
-0.951656 -1.159596 6.500000
-0.833413 -1.247290 6.500000
-0.707144 -1.322973 6.500000
-0.574065 -1.385915 6.500000
-0.435457 -1.435510 6.500000
-0.292656 -1.471279 6.500000
-0.147036 -1.492880 6.500000
-0.000000 -1.500103 6.500000
0.147036 -1.492880 6.500000
0.292656 -1.471279 6.500000
0.435457 -1.435510 6.500000
0.574065 -1.385915 6.500000
0.707144 -1.322973 6.500000
0.833413 -1.247290 6.500000
0.951656 -1.159596 6.500000
1.060733 -1.060733 6.500000
1.159596 -0.951656 6.500000
1.247290 -0.833413 6.500000
1.322973 -0.707144 6.500000
1.385915 -0.574065 6.500000
1.435510 -0.435457 6.500000
1.471279 -0.292656 6.500000
1.492880 -0.147036 6.500000
1.500069 0.000000 6.625000
1.492845 0.147032 6.625000
1.471245 0.292649 6.625000
1.435476 0.435447 6.625000
1.385883 0.574051 6.625000
1.322942 0.707127 6.625000
1.247262 0.833393 6.625000
1.159569 0.951633 6.625000
1.060709 1.060709 6.625000
0.951633 1.159569 6.625000
0.833393 1.247262 6.625000
0.707127 1.322942 6.625000
0.574051 1.385883 6.625000
0.435447 1.435476 6.625000
0.292649 1.471245 6.625000
0.147032 1.492845 6.625000
0.000000 1.500069 6.625000
-0.147032 1.492845 6.625000
-0.292649 1.471245 6.625000
-0.435447 1.435476 6.625000
-0.574051 1.385883 6.625000
-0.707127 1.322942 6.625000
-0.833393 1.247262 6.625000
-0.951633 1.159569 6.625000
-1.060709 1.060709 6.625000
-1.159569 0.951633 6.625000
-1.247262 0.833393 6.625000
-1.322942 0.707127 6.625000
-1.385883 0.574051 6.625000
-1.435476 0.435447 6.625000
-1.471245 0.292649 6.625000
-1.492845 0.147032 6.625000
-1.500069 0.000000 6.625000
-1.492845 -0.147032 6.625000
-1.471245 -0.292649 6.625000
-1.435476 -0.435447 6.625000
-1.385883 -0.574051 6.625000
-1.322942 -0.707127 6.625000
-1.247262 -0.833393 6.625000
-1.159569 -0.951633 6.625000
-1.060709 -1.060709 6.625000
-0.951633 -1.159569 6.625000
-0.833393 -1.247262 6.625000
-0.707127 -1.322942 6.625000
-0.574051 -1.385883 6.625000
-0.435447 -1.435476 6.625000
-0.292649 -1.471245 6.625000
-0.147032 -1.492845 6.625000
-0.000000 -1.500069 6.625000
0.147032 -1.492845 6.625000
0.292649 -1.471245 6.625000
0.435447 -1.435476 6.625000
0.574051 -1.385883 6.625000
0.707127 -1.322942 6.625000
0.833393 -1.247262 6.625000
0.951633 -1.159569 6.625000
1.060709 -1.060709 6.625000
1.159569 -0.951633 6.625000
1.247262 -0.833393 6.625000
1.322942 -0.707127 6.625000
1.385883 -0.574051 6.625000
1.435476 -0.435447 6.625000
1.471245 -0.292649 6.625000
1.492845 -0.147032 6.625000
1.500045 0.000000 6.750000
1.492822 0.147030 6.750000
1.471222 0.292644 6.750000
1.435454 0.435440 6.750000
1.385861 0.574042 6.750000
1.322922 0.707116 6.750000
1.247242 0.833380 6.750000
1.159551 0.951619 6.750000
1.060692 1.060692 6.750000
0.951619 1.159551 6.750000
0.833380 1.247242 6.750000
0.707116 1.322922 6.750000
0.574042 1.385861 6.750000
0.435440 1.435454 6.750000
0.292644 1.471222 6.750000
0.147030 1.492822 6.750000
0.000000 1.500045 6.750000
-0.147030 1.492822 6.750000
-0.292644 1.471222 6.750000
-0.435440 1.435454 6.750000
-0.574042 1.385861 6.750000
-0.707116 1.322922 6.750000
-0.833380 1.247242 6.750000
-0.951619 1.159551 6.750000
-1.060692 1.060692 6.750000
-1.159551 0.951619 6.750000
-1.247242 0.833380 6.750000
-1.322922 0.707116 6.750000
-1.385861 0.574042 6.750000
-1.435454 0.435440 6.750000
-1.471222 0.292644 6.750000
-1.492822 0.147030 6.750000
-1.500045 0.000000 6.750000
-1.492822 -0.147030 6.750000
-1.471222 -0.292644 6.750000
-1.435454 -0.435440 6.750000
-1.385861 -0.574042 6.750000
-1.322922 -0.707116 6.750000
-1.247242 -0.833380 6.750000
-1.159551 -0.951619 6.750000
-1.060692 -1.060692 6.750000
-0.951619 -1.159551 6.750000
-0.833380 -1.247242 6.750000
-0.707116 -1.322922 6.750000
-0.574042 -1.385861 6.750000
-0.435440 -1.435454 6.750000
-0.292644 -1.471222 6.750000
-0.147030 -1.492822 6.750000
-0.000000 -1.500045 6.750000
0.147030 -1.492822 6.750000
0.292644 -1.471222 6.750000
0.435440 -1.435454 6.750000
0.574042 -1.385861 6.750000
0.707116 -1.322922 6.750000
0.833380 -1.247242 6.750000
0.951619 -1.159551 6.750000
1.060692 -1.060692 6.750000
1.159551 -0.951619 6.750000
1.247242 -0.833380 6.750000
1.322922 -0.707116 6.750000
1.385861 -0.574042 6.750000
1.435454 -0.435440 6.750000
1.471222 -0.292644 6.750000
1.492822 -0.147030 6.750000
1.500030 0.000000 6.875000
1.492806 0.147029 6.875000
1.471207 0.292641 6.875000
1.435439 0.435436 6.875000
1.385847 0.574036 6.875000
1.322908 0.707109 6.875000
1.247229 0.833372 6.875000
1.159539 0.951609 6.875000
1.060681 1.060681 6.875000
0.951609 1.159539 6.875000
0.833372 1.247229 6.875000
0.707109 1.322908 6.875000
0.574036 1.385847 6.875000
0.435436 1.435439 6.875000
0.292641 1.471207 6.875000
0.147029 1.492806 6.875000
0.000000 1.500030 6.875000
-0.147029 1.492806 6.875000
-0.292641 1.471207 6.875000
-0.435436 1.435439 6.875000
-0.574036 1.385847 6.875000
-0.707109 1.322908 6.875000
-0.833372 1.247229 6.875000
-0.951609 1.159539 6.875000
-1.060681 1.060681 6.875000
-1.159539 0.951609 6.875000
-1.247229 0.833372 6.875000
-1.322908 0.707109 6.875000
-1.385847 0.574036 6.875000
-1.435439 0.435436 6.875000
-1.471207 0.292641 6.875000
-1.492806 0.147029 6.875000
-1.500030 0.000000 6.875000
-1.492806 -0.147029 6.875000
-1.471207 -0.292641 6.875000
-1.435439 -0.435436 6.875000
-1.385847 -0.574036 6.875000
-1.322908 -0.707109 6.875000
-1.247229 -0.833372 6.875000
-1.159539 -0.951609 6.875000
-1.060681 -1.060681 6.875000
-0.951609 -1.159539 6.875000
-0.833372 -1.247229 6.875000
-0.707109 -1.322908 6.875000
-0.574036 -1.385847 6.875000
-0.435436 -1.435439 6.875000
-0.292641 -1.471207 6.875000
-0.147029 -1.492806 6.875000
-0.000000 -1.500030 6.875000
0.147029 -1.492806 6.875000
0.292641 -1.471207 6.875000
0.435436 -1.435439 6.875000
0.574036 -1.385847 6.875000
0.707109 -1.322908 6.875000
0.833372 -1.247229 6.875000
0.951609 -1.159539 6.875000
1.060681 -1.060681 6.875000
1.159539 -0.951609 6.875000
1.247229 -0.833372 6.875000
1.322908 -0.707109 6.875000
1.385847 -0.574036 6.875000
1.435439 -0.435436 6.875000
1.471207 -0.292641 6.875000
1.492806 -0.147029 6.875000
1.500019 0.000000 7.000000
1.492796 0.147028 7.000000
1.471197 0.292639 7.000000
1.435429 0.435433 7.000000
1.385837 0.574032 7.000000
1.322899 0.707104 7.000000
1.247220 0.833366 7.000000
1.159530 0.951602 7.000000
1.060674 1.060674 7.000000
0.951602 1.159530 7.000000
0.833366 1.247220 7.000000
0.707104 1.322899 7.000000
0.574032 1.385837 7.000000
0.435433 1.435429 7.000000
0.292639 1.471197 7.000000
0.147028 1.492796 7.000000
0.000000 1.500019 7.000000
-0.147028 1.492796 7.000000
-0.292639 1.471197 7.000000
-0.435433 1.435429 7.000000
-0.574032 1.385837 7.000000
-0.707104 1.322899 7.000000
-0.833366 1.247220 7.000000
-0.951602 1.159530 7.000000
-1.060674 1.060674 7.000000
-1.159530 0.951602 7.000000
-1.247220 0.833366 7.000000
-1.322899 0.707104 7.000000
-1.385837 0.574032 7.000000
-1.435429 0.435433 7.000000
-1.471197 0.292639 7.000000
-1.492796 0.147028 7.000000
-1.500019 0.000000 7.000000
-1.492796 -0.147028 7.000000
-1.471197 -0.292639 7.000000
-1.435429 -0.435433 7.000000
-1.385837 -0.574032 7.000000
-1.322899 -0.707104 7.000000
-1.247220 -0.833366 7.000000
-1.159530 -0.951602 7.000000
-1.060674 -1.060674 7.000000
-0.951602 -1.159530 7.000000
-0.833366 -1.247220 7.000000
-0.707104 -1.322899 7.000000
-0.574032 -1.385837 7.000000
-0.435433 -1.435429 7.000000
-0.292639 -1.471197 7.000000
-0.147028 -1.492796 7.000000
-0.000000 -1.500019 7.000000
0.147028 -1.492796 7.000000
0.292639 -1.471197 7.000000
0.435433 -1.435429 7.000000
0.574032 -1.385837 7.000000
0.707104 -1.322899 7.000000
0.833366 -1.247220 7.000000
0.951602 -1.159530 7.000000
1.060674 -1.060674 7.000000
1.159530 -0.951602 7.000000
1.247220 -0.833366 7.000000
1.322899 -0.707104 7.000000
1.385837 -0.574032 7.000000
1.435429 -0.435433 7.000000
1.471197 -0.292639 7.000000
1.492796 -0.147028 7.000000
1.500012 0.000000 7.125000
1.492789 0.147027 7.125000
1.471190 0.292638 7.125000
1.435422 0.435431 7.125000
1.385831 0.574030 7.125000
1.322893 0.707101 7.125000
1.247215 0.833362 7.125000
1.159525 0.951598 7.125000
1.060669 1.060669 7.125000
0.951598 1.159525 7.125000
0.833362 1.247215 7.125000
0.707101 1.322893 7.125000
0.574030 1.385831 7.125000
0.435431 1.435422 7.125000
0.292638 1.471190 7.125000
0.147027 1.492789 7.125000
0.000000 1.500012 7.125000
-0.147027 1.492789 7.125000
-0.292638 1.471190 7.125000
-0.435431 1.435422 7.125000
-0.574030 1.385831 7.125000
-0.707101 1.322893 7.125000
-0.833362 1.247215 7.125000
-0.951598 1.159525 7.125000
-1.060669 1.060669 7.125000
-1.159525 0.951598 7.125000
-1.247215 0.833362 7.125000
-1.322893 0.707101 7.125000
-1.385831 0.574030 7.125000
-1.435422 0.435431 7.125000
-1.471190 0.292638 7.125000
-1.492789 0.147027 7.125000
-1.500012 0.000000 7.125000
-1.492789 -0.147027 7.125000
-1.471190 -0.292638 7.125000
-1.435422 -0.435431 7.125000
-1.385831 -0.574030 7.125000
-1.322893 -0.707101 7.125000
-1.247215 -0.833362 7.125000
-1.159525 -0.951598 7.125000
-1.060669 -1.060669 7.125000
-0.951598 -1.159525 7.125000
-0.833362 -1.247215 7.125000
-0.707101 -1.322893 7.125000
-0.574030 -1.385831 7.125000
-0.435431 -1.435422 7.125000
-0.292638 -1.471190 7.125000
-0.147027 -1.492789 7.125000
-0.000000 -1.500012 7.125000
0.147027 -1.492789 7.125000
0.292638 -1.471190 7.125000
0.435431 -1.435422 7.125000
0.574030 -1.385831 7.125000
0.707101 -1.322893 7.125000
0.833362 -1.247215 7.125000
0.951598 -1.159525 7.125000
1.060669 -1.060669 7.125000
1.159525 -0.951598 7.125000
1.247215 -0.833362 7.125000
1.322893 -0.707101 7.125000
1.385831 -0.574030 7.125000
1.435422 -0.435431 7.125000
1.471190 -0.292638 7.125000
1.492789 -0.147027 7.125000
1.500008 0.000000 7.250000
1.492785 0.147026 7.250000
1.471186 0.292637 7.250000
1.435418 0.435429 7.250000
1.385827 0.574028 7.250000
1.322889 0.707099 7.250000
1.247211 0.833360 7.250000
1.159522 0.951595 7.250000
1.060666 1.060666 7.250000
0.951595 1.159522 7.250000
0.833360 1.247211 7.250000
0.707099 1.322889 7.250000
0.574028 1.385827 7.250000
0.435429 1.435418 7.250000
0.292637 1.471186 7.250000
0.147026 1.492785 7.250000
0.000000 1.500008 7.250000
-0.147026 1.492785 7.250000
-0.292637 1.471186 7.250000
-0.435429 1.435418 7.250000
-0.574028 1.385827 7.250000
-0.707099 1.322889 7.250000
-0.833360 1.247211 7.250000
-0.951595 1.159522 7.250000
-1.060666 1.060666 7.250000
-1.159522 0.951595 7.250000
-1.247211 0.833360 7.250000
-1.322889 0.707099 7.250000
-1.385827 0.574028 7.250000
-1.435418 0.435429 7.250000
-1.471186 0.292637 7.250000
-1.492785 0.147026 7.250000
-1.500008 0.000000 7.250000
-1.492785 -0.147026 7.250000
-1.471186 -0.292637 7.250000
-1.435418 -0.435429 7.250000
-1.385827 -0.574028 7.250000
-1.322889 -0.707099 7.250000
-1.247211 -0.833360 7.250000
-1.159522 -0.951595 7.250000
-1.060666 -1.060666 7.250000
-0.951595 -1.159522 7.250000
-0.833360 -1.247211 7.250000
-0.707099 -1.322889 7.250000
-0.574028 -1.385827 7.250000
-0.435429 -1.435418 7.250000
-0.292637 -1.471186 7.250000
-0.147026 -1.492785 7.250000
-0.000000 -1.500008 7.250000
0.147026 -1.492785 7.250000
0.292637 -1.471186 7.250000
0.435429 -1.435418 7.250000
0.574028 -1.385827 7.250000
0.707099 -1.322889 7.250000
0.833360 -1.247211 7.250000
0.951595 -1.159522 7.250000
1.060666 -1.060666 7.250000
1.159522 -0.951595 7.250000
1.247211 -0.833360 7.250000
1.322889 -0.707099 7.250000
1.385827 -0.574028 7.250000
1.435418 -0.435429 7.250000
1.471186 -0.292637 7.250000
1.492785 -0.147026 7.250000
1.500005 0.000000 7.375000
1.492782 0.147026 7.375000
1.471183 0.292636 7.375000
1.435415 0.435428 7.375000
1.385824 0.574027 7.375000
1.322886 0.707097 7.375000
1.247209 0.833358 7.375000
1.159520 0.951593 7.375000
1.060664 1.060664 7.375000
0.951593 1.159520 7.375000
0.833358 1.247209 7.375000
0.707097 1.322886 7.375000
0.574027 1.385824 7.375000
0.435428 1.435415 7.375000
0.292636 1.471183 7.375000
0.147026 1.492782 7.375000
0.000000 1.500005 7.375000
-0.147026 1.492782 7.375000
-0.292636 1.471183 7.375000
-0.435428 1.435415 7.375000
-0.574027 1.385824 7.375000
-0.707097 1.322886 7.375000
-0.833358 1.247209 7.375000
-0.951593 1.159520 7.375000
-1.060664 1.060664 7.375000
-1.159520 0.951593 7.375000
-1.247209 0.833358 7.375000
-1.322886 0.707097 7.375000
-1.385824 0.574027 7.375000
-1.435415 0.435428 7.375000
-1.471183 0.292636 7.375000
-1.492782 0.147026 7.375000
-1.500005 0.000000 7.375000
-1.492782 -0.147026 7.375000
-1.471183 -0.292636 7.375000
-1.435415 -0.435428 7.375000
-1.385824 -0.574027 7.375000
-1.322886 -0.707097 7.375000
-1.247209 -0.833358 7.375000
-1.159520 -0.951593 7.375000
-1.060664 -1.060664 7.375000
-0.951593 -1.159520 7.375000
-0.833358 -1.247209 7.375000
-0.707097 -1.322886 7.375000
-0.574027 -1.385824 7.375000
-0.435428 -1.435415 7.375000
-0.292636 -1.471183 7.375000
-0.147026 -1.492782 7.375000
-0.000000 -1.500005 7.375000
0.147026 -1.492782 7.375000
0.292636 -1.471183 7.375000
0.435428 -1.435415 7.375000
0.574027 -1.385824 7.375000
0.707097 -1.322886 7.375000
0.833358 -1.247209 7.375000
0.951593 -1.159520 7.375000
1.060664 -1.060664 7.375000
1.159520 -0.951593 7.375000
1.247209 -0.833358 7.375000
1.322886 -0.707097 7.375000
1.385824 -0.574027 7.375000
1.435415 -0.435428 7.375000
1.471183 -0.292636 7.375000
1.492782 -0.147026 7.375000
1.500003 0.000000 7.500000
1.492780 0.147026 7.500000
1.471181 0.292636 7.500000
1.435413 0.435428 7.500000
1.385822 0.574026 7.500000
1.322885 0.707097 7.500000
1.247207 0.833357 7.500000
1.159518 0.951592 7.500000
1.060662 1.060662 7.500000
0.951592 1.159518 7.500000
0.833357 1.247207 7.500000
0.707097 1.322885 7.500000
0.574026 1.385822 7.500000
0.435428 1.435413 7.500000
0.292636 1.471181 7.500000
0.147026 1.492780 7.500000
0.000000 1.500003 7.500000
-0.147026 1.492780 7.500000
-0.292636 1.471181 7.500000
-0.435428 1.435413 7.500000
-0.574026 1.385822 7.500000
-0.707097 1.322885 7.500000
-0.833357 1.247207 7.500000
-0.951592 1.159518 7.500000
-1.060662 1.060662 7.500000
-1.159518 0.951592 7.500000
-1.247207 0.833357 7.500000
-1.322885 0.707097 7.500000
-1.385822 0.574026 7.500000
-1.435413 0.435428 7.500000
-1.471181 0.292636 7.500000
-1.492780 0.147026 7.500000
-1.500003 0.000000 7.500000
-1.492780 -0.147026 7.500000
-1.471181 -0.292636 7.500000
-1.435413 -0.435428 7.500000
-1.385822 -0.574026 7.500000
-1.322885 -0.707097 7.500000
-1.247207 -0.833357 7.500000
-1.159518 -0.951592 7.500000
-1.060662 -1.060662 7.500000
-0.951592 -1.159518 7.500000
-0.833357 -1.247207 7.500000
-0.707097 -1.322885 7.500000
-0.574026 -1.385822 7.500000
-0.435428 -1.435413 7.500000
-0.292636 -1.471181 7.500000
-0.147026 -1.492780 7.500000
-0.000000 -1.500003 7.500000
0.147026 -1.492780 7.500000
0.292636 -1.471181 7.500000
0.435428 -1.435413 7.500000
0.574026 -1.385822 7.500000
0.707097 -1.322885 7.500000
0.833357 -1.247207 7.500000
0.951592 -1.159518 7.500000
1.060662 -1.060662 7.500000
1.159518 -0.951592 7.500000
1.247207 -0.833357 7.500000
1.322885 -0.707097 7.500000
1.385822 -0.574026 7.500000
1.435413 -0.435428 7.500000
1.471181 -0.292636 7.500000
1.492780 -0.147026 7.500000
1.500002 0.000000 7.625000
1.492779 0.147026 7.625000
1.471180 0.292636 7.625000
1.435412 0.435428 7.625000
1.385821 0.574026 7.625000
1.322884 0.707096 7.625000
1.247206 0.833356 7.625000
1.159517 0.951591 7.625000
1.060662 1.060662 7.625000
0.951591 1.159517 7.625000
0.833356 1.247206 7.625000
0.707096 1.322884 7.625000
0.574026 1.385821 7.625000
0.435428 1.435412 7.625000
0.292636 1.471180 7.625000
0.147026 1.492779 7.625000
0.000000 1.500002 7.625000
-0.147026 1.492779 7.625000
-0.292636 1.471180 7.625000
-0.435428 1.435412 7.625000
-0.574026 1.385821 7.625000
-0.707096 1.322884 7.625000
-0.833356 1.247206 7.625000
-0.951591 1.159517 7.625000
-1.060662 1.060662 7.625000
-1.159517 0.951591 7.625000
-1.247206 0.833356 7.625000
-1.322884 0.707096 7.625000
-1.385821 0.574026 7.625000
-1.435412 0.435428 7.625000
-1.471180 0.292636 7.625000
-1.492779 0.147026 7.625000
-1.500002 0.000000 7.625000
-1.492779 -0.147026 7.625000
-1.471180 -0.292636 7.625000
-1.435412 -0.435428 7.625000
-1.385821 -0.574026 7.625000
-1.322884 -0.707096 7.625000
-1.247206 -0.833356 7.625000
-1.159517 -0.951591 7.625000
-1.060662 -1.060662 7.625000
-0.951591 -1.159517 7.625000
-0.833356 -1.247206 7.625000
-0.707096 -1.322884 7.625000
-0.574026 -1.385821 7.625000
-0.435428 -1.435412 7.625000
-0.292636 -1.471180 7.625000
-0.147026 -1.492779 7.625000
-0.000000 -1.500002 7.625000
0.147026 -1.492779 7.625000
0.292636 -1.471180 7.625000
0.435428 -1.435412 7.625000
0.574026 -1.385821 7.625000
0.707096 -1.322884 7.625000
0.833356 -1.247206 7.625000
0.951591 -1.159517 7.625000
1.060662 -1.060662 7.625000
1.159517 -0.951591 7.625000
1.247206 -0.833356 7.625000
1.322884 -0.707096 7.625000
1.385821 -0.574026 7.625000
1.435412 -0.435428 7.625000
1.471180 -0.292636 7.625000
1.492779 -0.147026 7.625000
1.500001 0.000000 7.750000
1.492778 0.147026 7.750000
1.471179 0.292636 7.750000
1.435412 0.435427 7.750000
1.385820 0.574026 7.750000
1.322883 0.707096 7.750000
1.247205 0.833356 7.750000
1.159517 0.951591 7.750000
1.060661 1.060661 7.750000
0.951591 1.159517 7.750000
0.833356 1.247205 7.750000
0.707096 1.322883 7.750000
0.574026 1.385820 7.750000
0.435427 1.435412 7.750000
0.292636 1.471179 7.750000
0.147026 1.492778 7.750000
0.000000 1.500001 7.750000
-0.147026 1.492778 7.750000
-0.292636 1.471179 7.750000
-0.435427 1.435412 7.750000
-0.574026 1.385820 7.750000
-0.707096 1.322883 7.750000
-0.833356 1.247205 7.750000
-0.951591 1.159517 7.750000
-1.060661 1.060661 7.750000
-1.159517 0.951591 7.750000
-1.247205 0.833356 7.750000
-1.322883 0.707096 7.750000
-1.385820 0.574026 7.750000
-1.435412 0.435427 7.750000
-1.471179 0.292636 7.750000
-1.492778 0.147026 7.750000
-1.500001 0.000000 7.750000
-1.492778 -0.147026 7.750000
-1.471179 -0.292636 7.750000
-1.435412 -0.435427 7.750000
-1.385820 -0.574026 7.750000
-1.322883 -0.707096 7.750000
-1.247205 -0.833356 7.750000
-1.159517 -0.951591 7.750000
-1.060661 -1.060661 7.750000
-0.951591 -1.159517 7.750000
-0.833356 -1.247205 7.750000
-0.707096 -1.322883 7.750000
-0.574026 -1.385820 7.750000
-0.435427 -1.435412 7.750000
-0.292636 -1.471179 7.750000
-0.147026 -1.492778 7.750000
-0.000000 -1.500001 7.750000
0.147026 -1.492778 7.750000
0.292636 -1.471179 7.750000
0.435427 -1.435412 7.750000
0.574026 -1.385820 7.750000
0.707096 -1.322883 7.750000
0.833356 -1.247205 7.750000
0.951591 -1.159517 7.750000
1.060661 -1.060661 7.750000
1.159517 -0.951591 7.750000
1.247205 -0.833356 7.750000
1.322883 -0.707096 7.750000
1.385820 -0.574026 7.750000
1.435412 -0.435427 7.750000
1.471179 -0.292636 7.750000
1.492778 -0.147026 7.750000
1.500001 0.000000 7.875000
1.492778 0.147026 7.875000
1.471179 0.292636 7.875000
1.435411 0.435427 7.875000
1.385820 0.574025 7.875000
1.322883 0.707095 7.875000
1.247205 0.833356 7.875000
1.159516 0.951590 7.875000
1.060661 1.060661 7.875000
0.951590 1.159516 7.875000
0.833356 1.247205 7.875000
0.707095 1.322883 7.875000
0.574025 1.385820 7.875000
0.435427 1.435411 7.875000
0.292636 1.471179 7.875000
0.147026 1.492778 7.875000
0.000000 1.500001 7.875000
-0.147026 1.492778 7.875000
-0.292636 1.471179 7.875000
-0.435427 1.435411 7.875000
-0.574025 1.385820 7.875000
-0.707095 1.322883 7.875000
-0.833356 1.247205 7.875000
-0.951590 1.159516 7.875000
-1.060661 1.060661 7.875000
-1.159516 0.951590 7.875000
-1.247205 0.833356 7.875000
-1.322883 0.707095 7.875000
-1.385820 0.574025 7.875000
-1.435411 0.435427 7.875000
-1.471179 0.292636 7.875000
-1.492778 0.147026 7.875000
-1.500001 0.000000 7.875000
-1.492778 -0.147026 7.875000
-1.471179 -0.292636 7.875000
-1.435411 -0.435427 7.875000
-1.385820 -0.574025 7.875000
-1.322883 -0.707095 7.875000
-1.247205 -0.833356 7.875000
-1.159516 -0.951590 7.875000
-1.060661 -1.060661 7.875000
-0.951590 -1.159516 7.875000
-0.833356 -1.247205 7.875000
-0.707095 -1.322883 7.875000
-0.574025 -1.385820 7.875000
-0.435427 -1.435411 7.875000
-0.292636 -1.471179 7.875000
-0.147026 -1.492778 7.875000
-0.000000 -1.500001 7.875000
0.147026 -1.492778 7.875000
0.292636 -1.471179 7.875000
0.435427 -1.435411 7.875000
0.574025 -1.385820 7.875000
0.707095 -1.322883 7.875000
0.833356 -1.247205 7.875000
0.951590 -1.159516 7.875000
1.060661 -1.060661 7.875000
1.159516 -0.951590 7.875000
1.247205 -0.833356 7.875000
1.322883 -0.707095 7.875000
1.385820 -0.574025 7.875000
1.435411 -0.435427 7.875000
1.471179 -0.292636 7.875000
1.492778 -0.147026 7.875000
1.500000 0.000000 8.000000
1.492778 0.147026 8.000000
1.471178 0.292636 8.000000
1.435411 0.435427 8.000000
1.385820 0.574025 8.000000
1.322882 0.707095 8.000000
1.247205 0.833356 8.000000
1.159516 0.951590 8.000000
1.060660 1.060660 8.000000
0.951590 1.159516 8.000000
0.833356 1.247205 8.000000
0.707095 1.322882 8.000000
0.574025 1.385820 8.000000
0.435427 1.435411 8.000000
0.292636 1.471178 8.000000
0.147026 1.492778 8.000000
0.000000 1.500000 8.000000
-0.147026 1.492778 8.000000
-0.292636 1.471178 8.000000
-0.435427 1.435411 8.000000
-0.574025 1.385820 8.000000
-0.707095 1.322882 8.000000
-0.833356 1.247205 8.000000
-0.951590 1.159516 8.000000
-1.060660 1.060660 8.000000
-1.159516 0.951590 8.000000
-1.247205 0.833356 8.000000
-1.322882 0.707095 8.000000
-1.385820 0.574025 8.000000
-1.435411 0.435427 8.000000
-1.471178 0.292636 8.000000
-1.492778 0.147026 8.000000
-1.500000 0.000000 8.000000
-1.492778 -0.147026 8.000000
-1.471178 -0.292636 8.000000
-1.435411 -0.435427 8.000000
-1.385820 -0.574025 8.000000
-1.322882 -0.707095 8.000000
-1.247205 -0.833356 8.000000
-1.159516 -0.951590 8.000000
-1.060660 -1.060660 8.000000
-0.951590 -1.159516 8.000000
-0.833356 -1.247205 8.000000
-0.707095 -1.322882 8.000000
-0.574025 -1.385820 8.000000
-0.435427 -1.435411 8.000000
-0.292636 -1.471178 8.000000
-0.147026 -1.492778 8.000000
-0.000000 -1.500000 8.000000
0.147026 -1.492778 8.000000
0.292636 -1.471178 8.000000
0.435427 -1.435411 8.000000
0.574025 -1.385820 8.000000
0.707095 -1.322882 8.000000
0.833356 -1.247205 8.000000
0.951590 -1.159516 8.000000
1.060660 -1.060660 8.000000
1.159516 -0.951590 8.000000
1.247205 -0.833356 8.000000
1.322882 -0.707095 8.000000
1.385820 -0.574025 8.000000
1.435411 -0.435427 8.000000
1.471178 -0.292636 8.000000
1.492778 -0.147026 8.000000
3 1 3 2
3 0 8194 8195
3 1 4 3
3 0 8195 8196
3 1 5 4
3 0 8196 8197
3 1 6 5
3 0 8197 8198
3 1 7 6
3 0 8198 8199
3 1 8 7
3 0 8199 8200
3 1 9 8
3 0 8200 8201
3 1 10 9
3 0 8201 8202
3 1 11 10
3 0 8202 8203
3 1 12 11
3 0 8203 8204
3 1 13 12
3 0 8204 8205
3 1 14 13
3 0 8205 8206
3 1 15 14
3 0 8206 8207
3 1 16 15
3 0 8207 8208
3 1 17 16
3 0 8208 8209
3 1 18 17
3 0 8209 8210
3 1 19 18
3 0 8210 8211
3 1 20 19
3 0 8211 8212
3 1 21 20
3 0 8212 8213
3 1 22 21
3 0 8213 8214
3 1 23 22
3 0 8214 8215
3 1 24 23
3 0 8215 8216
3 1 25 24
3 0 8216 8217
3 1 26 25
3 0 8217 8218
3 1 27 26
3 0 8218 8219
3 1 28 27
3 0 8219 8220
3 1 29 28
3 0 8220 8221
3 1 30 29
3 0 8221 8222
3 1 31 30
3 0 8222 8223
3 1 32 31
3 0 8223 8224
3 1 33 32
3 0 8224 8225
3 1 34 33
3 0 8225 8226
3 1 35 34
3 0 8226 8227
3 1 36 35
3 0 8227 8228
3 1 37 36
3 0 8228 8229
3 1 38 37
3 0 8229 8230
3 1 39 38
3 0 8230 8231
3 1 40 39
3 0 8231 8232
3 1 41 40
3 0 8232 8233
3 1 42 41
3 0 8233 8234
3 1 43 42
3 0 8234 8235
3 1 44 43
3 0 8235 8236
3 1 45 44
3 0 8236 8237
3 1 46 45
3 0 8237 8238
3 1 47 46
3 0 8238 8239
3 1 48 47
3 0 8239 8240
3 1 49 48
3 0 8240 8241
3 1 50 49
3 0 8241 8242
3 1 51 50
3 0 8242 8243
3 1 52 51
3 0 8243 8244
3 1 53 52
3 0 8244 8245
3 1 54 53
3 0 8245 8246
3 1 55 54
3 0 8246 8247
3 1 56 55
3 0 8247 8248
3 1 57 56
3 0 8248 8249
3 1 58 57
3 0 8249 8250
3 1 59 58
3 0 8250 8251
3 1 60 59
3 0 8251 8252
3 1 61 60
3 0 8252 8253
3 1 62 61
3 0 8253 8254
3 1 63 62
3 0 8254 8255
3 1 64 63
3 0 8255 8256
3 1 65 64
3 0 8256 8257
3 1 2 65
3 0 8257 8194
3 2 3 66
3 3 67 66
3 3 4 67
3 4 68 67
3 4 5 68
3 5 69 68
3 5 6 69
3 6 70 69
3 6 7 70
3 7 71 70
3 7 8 71
3 8 72 71
3 8 9 72
3 9 73 72
3 9 10 73
3 10 74 73
3 10 11 74
3 11 75 74
3 11 12 75
3 12 76 75
3 12 13 76
3 13 77 76
3 13 14 77
3 14 78 77
3 14 15 78
3 15 79 78
3 15 16 79
3 16 80 79
3 16 17 80
3 17 81 80
3 17 18 81
3 18 82 81
3 18 19 82
3 19 83 82
3 19 20 83
3 20 84 83
3 20 21 84
3 21 85 84
3 21 22 85
3 22 86 85
3 22 23 86
3 23 87 86
3 23 24 87
3 24 88 87
3 24 25 88
3 25 89 88
3 25 26 89
3 26 90 89
3 26 27 90
3 27 91 90
3 27 28 91
3 28 92 91
3 28 29 92
3 29 93 92
3 29 30 93
3 30 94 93
3 30 31 94
3 31 95 94
3 31 32 95
3 32 96 95
3 32 33 96
3 33 97 96
3 33 34 97
3 34 98 97
3 34 35 98
3 35 99 98
3 35 36 99
3 36 100 99
3 36 37 100
3 37 101 100
3 37 38 101
3 38 102 101
3 38 39 102
3 39 103 102
3 39 40 103
3 40 104 103
3 40 41 104
3 41 105 104
3 41 42 105
3 42 106 105
3 42 43 106
3 43 107 106
3 43 44 107
3 44 108 107
3 44 45 108
3 45 109 108
3 45 46 109
3 46 110 109
3 46 47 110
3 47 111 110
3 47 48 111
3 48 112 111
3 48 49 112
3 49 113 112
3 49 50 113
3 50 114 113
3 50 51 114
3 51 115 114
3 51 52 115
3 52 116 115
3 52 53 116
3 53 117 116
3 53 54 117
3 54 118 117
3 54 55 118
3 55 119 118
3 55 56 119
3 56 120 119
3 56 57 120
3 57 121 120
3 57 58 121
3 58 122 121
3 58 59 122
3 59 123 122
3 59 60 123
3 60 124 123
3 60 61 124
3 61 125 124
3 61 62 125
3 62 126 125
3 62 63 126
3 63 127 126
3 63 64 127
3 64 128 127
3 64 65 128
3 65 129 128
3 65 2 129
3 2 66 129
3 66 67 130
3 67 131 130
3 67 68 131
3 68 132 131
3 68 69 132
3 69 133 132
3 69 70 133
3 70 134 133
3 70 71 134
3 71 135 134
3 71 72 135
3 72 136 135
3 72 73 136
3 73 137 136
3 73 74 137
3 74 138 137
3 74 75 138
3 75 139 138
3 75 76 139
3 76 140 139
3 76 77 140
3 77 141 140
3 77 78 141
3 78 142 141
3 78 79 142
3 79 143 142
3 79 80 143
3 80 144 143
3 80 81 144
3 81 145 144
3 81 82 145
3 82 146 145
3 82 83 146
3 83 147 146
3 83 84 147
3 84 148 147
3 84 85 148
3 85 149 148
3 85 86 149
3 86 150 149
3 86 87 150
3 87 151 150
3 87 88 151
3 88 152 151
3 88 89 152
3 89 153 152
3 89 90 153
3 90 154 153
3 90 91 154
3 91 155 154
3 91 92 155
3 92 156 155
3 92 93 156
3 93 157 156
3 93 94 157
3 94 158 157
3 94 95 158
3 95 159 158
3 95 96 159
3 96 160 159
3 96 97 160
3 97 161 160
3 97 98 161
3 98 162 161
3 98 99 162
3 99 163 162
3 99 100 163
3 100 164 163
3 100 101 164
3 101 165 164
3 101 102 165
3 102 166 165
3 102 103 166
3 103 167 166
3 103 104 167
3 104 168 167
3 104 105 168
3 105 169 168
3 105 106 169
3 106 170 169
3 106 107 170
3 107 171 170
3 107 108 171
3 108 172 171
3 108 109 172
3 109 173 172
3 109 110 173
3 110 174 173
3 110 111 174
3 111 175 174
3 111 112 175
3 112 176 175
3 112 113 176
3 113 177 176
3 113 114 177
3 114 178 177
3 114 115 178
3 115 179 178
3 115 116 179
3 116 180 179
3 116 117 180
3 117 181 180
3 117 118 181
3 118 182 181
3 118 119 182
3 119 183 182
3 119 120 183
3 120 184 183
3 120 121 184
3 121 185 184
3 121 122 185
3 122 186 185
3 122 123 186
3 123 187 186
3 123 124 187
3 124 188 187
3 124 125 188
3 125 189 188
3 125 126 189
3 126 190 189
3 126 127 190
3 127 191 190
3 127 128 191
3 128 192 191
3 128 129 192
3 129 193 192
3 129 66 193
3 66 130 193
3 130 131 194
3 131 195 194
3 131 132 195
3 132 196 195
3 132 133 196
3 133 197 196
3 133 134 197
3 134 198 197
3 134 135 198
3 135 199 198
3 135 136 199
3 136 200 199
3 136 137 200
3 137 201 200
3 137 138 201
3 138 202 201
3 138 139 202
3 139 203 202
3 139 140 203
3 140 204 203
3 140 141 204
3 141 205 204
3 141 142 205
3 142 206 205
3 142 143 206
3 143 207 206
3 143 144 207
3 144 208 207
3 144 145 208
3 145 209 208
3 145 146 209
3 146 210 209
3 146 147 210
3 147 211 210
3 147 148 211
3 148 212 211
3 148 149 212
3 149 213 212
3 149 150 213
3 150 214 213
3 150 151 214
3 151 215 214
3 151 152 215
3 152 216 215
3 152 153 216
3 153 217 216
3 153 154 217
3 154 218 217
3 154 155 218
3 155 219 218
3 155 156 219
3 156 220 219
3 156 157 220
3 157 221 220
3 157 158 221
3 158 222 221
3 158 159 222
3 159 223 222
3 159 160 223
3 160 224 223
3 160 161 224
3 161 225 224
3 161 162 225
3 162 226 225
3 162 163 226
3 163 227 226
3 163 164 227
3 164 228 227
3 164 165 228
3 165 229 228
3 165 166 229
3 166 230 229
3 166 167 230
3 167 231 230
3 167 168 231
3 168 232 231
3 168 169 232
3 169 233 232
3 169 170 233
3 170 234 233
3 170 171 234
3 171 235 234
3 171 172 235
3 172 236 235
3 172 173 236
3 173 237 236
3 173 174 237
3 174 238 237
3 174 175 238
3 175 239 238
3 175 176 239
3 176 240 239
3 176 177 240
3 177 241 240
3 177 178 241
3 178 242 241
3 178 179 242
3 179 243 242
3 179 180 243
3 180 244 243
3 180 181 244
3 181 245 244
3 181 182 245
3 182 246 245
3 182 183 246
3 183 247 246
3 183 184 247
3 184 248 247
3 184 185 248
3 185 249 248
3 185 186 249
3 186 250 249
3 186 187 250
3 187 251 250
3 187 188 251
3 188 252 251
3 188 189 252
3 189 253 252
3 189 190 253
3 190 254 253
3 190 191 254
3 191 255 254
3 191 192 255
3 192 256 255
3 192 193 256
3 193 257 256
3 193 130 257
3 130 194 257
3 194 195 258
3 195 259 258
3 195 196 259
3 196 260 259
3 196 197 260
3 197 261 260
3 197 198 261
3 198 262 261
3 198 199 262
3 199 263 262
3 199 200 263
3 200 264 263
3 200 201 264
3 201 265 264
3 201 202 265
3 202 266 265
3 202 203 266
3 203 267 266
3 203 204 267
3 204 268 267
3 204 205 268
3 205 269 268
3 205 206 269
3 206 270 269
3 206 207 270
3 207 271 270
3 207 208 271
3 208 272 271
3 208 209 272
3 209 273 272
3 209 210 273
3 210 274 273
3 210 211 274
3 211 275 274
3 211 212 275
3 212 276 275
3 212 213 276
3 213 277 276
3 213 214 277
3 214 278 277
3 214 215 278
3 215 279 278
3 215 216 279
3 216 280 279
3 216 217 280
3 217 281 280
3 217 218 281
3 218 282 281
3 218 219 282
3 219 283 282
3 219 220 283
3 220 284 283
3 220 221 284
3 221 285 284
3 221 222 285
3 222 286 285
3 222 223 286
3 223 287 286
3 223 224 287
3 224 288 287
3 224 225 288
3 225 289 288
3 225 226 289
3 226 290 289
3 226 227 290
3 227 291 290
3 227 228 291
3 228 292 291
3 228 229 292
3 229 293 292
3 229 230 293
3 230 294 293
3 230 231 294
3 231 295 294
3 231 232 295
3 232 296 295
3 232 233 296
3 233 297 296
3 233 234 297
3 234 298 297
3 234 235 298
3 235 299 298
3 235 236 299
3 236 300 299
3 236 237 300
3 237 301 300
3 237 238 301
3 238 302 301
3 238 239 302
3 239 303 302
3 239 240 303
3 240 304 303
3 240 241 304
3 241 305 304
3 241 242 305
3 242 306 305
3 242 243 306
3 243 307 306
3 243 244 307
3 244 308 307
3 244 245 308
3 245 309 308
3 245 246 309
3 246 310 309
3 246 247 310
3 247 311 310
3 247 248 311
3 248 312 311
3 248 249 312
3 249 313 312
3 249 250 313
3 250 314 313
3 250 251 314
3 251 315 314
3 251 252 315
3 252 316 315
3 252 253 316
3 253 317 316
3 253 254 317
3 254 318 317
3 254 255 318
3 255 319 318
3 255 256 319
3 256 320 319
3 256 257 320
3 257 321 320
3 257 194 321
3 194 258 321
3 258 259 322
3 259 323 322
3 259 260 323
3 260 324 323
3 260 261 324
3 261 325 324
3 261 262 325
3 262 326 325
3 262 263 326
3 263 327 326
3 263 264 327
3 264 328 327
3 264 265 328
3 265 329 328
3 265 266 329
3 266 330 329
3 266 267 330
3 267 331 330
3 267 268 331
3 268 332 331
3 268 269 332
3 269 333 332
3 269 270 333
3 270 334 333
3 270 271 334
3 271 335 334
3 271 272 335
3 272 336 335
3 272 273 336
3 273 337 336
3 273 274 337
3 274 338 337
3 274 275 338
3 275 339 338
3 275 276 339
3 276 340 339
3 276 277 340
3 277 341 340
3 277 278 341
3 278 342 341
3 278 279 342
3 279 343 342
3 279 280 343
3 280 344 343
3 280 281 344
3 281 345 344
3 281 282 345
3 282 346 345
3 282 283 346
3 283 347 346
3 283 284 347
3 284 348 347
3 284 285 348
3 285 349 348
3 285 286 349
3 286 350 349
3 286 287 350
3 287 351 350
3 287 288 351
3 288 352 351
3 288 289 352
3 289 353 352
3 289 290 353
3 290 354 353
3 290 291 354
3 291 355 354
3 291 292 355
3 292 356 355
3 292 293 356
3 293 357 356
3 293 294 357
3 294 358 357
3 294 295 358
3 295 359 358
3 295 296 359
3 296 360 359
3 296 297 360
3 297 361 360
3 297 298 361
3 298 362 361
3 298 299 362
3 299 363 362
3 299 300 363
3 300 364 363
3 300 301 364
3 301 365 364
3 301 302 365
3 302 366 365
3 302 303 366
3 303 367 366
3 303 304 367
3 304 368 367
3 304 305 368
3 305 369 368
3 305 306 369
3 306 370 369
3 306 307 370
3 307 371 370
3 307 308 371
3 308 372 371
3 308 309 372
3 309 373 372
3 309 310 373
3 310 374 373
3 310 311 374
3 311 375 374
3 311 312 375
3 312 376 375
3 312 313 376
3 313 377 376
3 313 314 377
3 314 378 377
3 314 315 378
3 315 379 378
3 315 316 379
3 316 380 379
3 316 317 380
3 317 381 380
3 317 318 381
3 318 382 381
3 318 319 382
3 319 383 382
3 319 320 383
3 320 384 383
3 320 321 384
3 321 385 384
3 321 258 385
3 258 322 385
3 322 323 386
3 323 387 386
3 323 324 387
3 324 388 387
3 324 325 388
3 325 389 388
3 325 326 389
3 326 390 389
3 326 327 390
3 327 391 390
3 327 328 391
3 328 392 391
3 328 329 392
3 329 393 392
3 329 330 393
3 330 394 393
3 330 331 394
3 331 395 394
3 331 332 395
3 332 396 395
3 332 333 396
3 333 397 396
3 333 334 397
3 334 398 397
3 334 335 398
3 335 399 398
3 335 336 399
3 336 400 399
3 336 337 400
3 337 401 400
3 337 338 401
3 338 402 401
3 338 339 402
3 339 403 402
3 339 340 403
3 340 404 403
3 340 341 404
3 341 405 404
3 341 342 405
3 342 406 405
3 342 343 406
3 343 407 406
3 343 344 407
3 344 408 407
3 344 345 408
3 345 409 408
3 345 346 409
3 346 410 409
3 346 347 410
3 347 411 410
3 347 348 411
3 348 412 411
3 348 349 412
3 349 413 412
3 349 350 413
3 350 414 413
3 350 351 414
3 351 415 414
3 351 352 415
3 352 416 415
3 352 353 416
3 353 417 416
3 353 354 417
3 354 418 417
3 354 355 418
3 355 419 418
3 355 356 419
3 356 420 419
3 356 357 420
3 357 421 420
3 357 358 421
3 358 422 421
3 358 359 422
3 359 423 422
3 359 360 423
3 360 424 423
3 360 361 424
3 361 425 424
3 361 362 425
3 362 426 425
3 362 363 426
3 363 427 426
3 363 364 427
3 364 428 427
3 364 365 428
3 365 429 428
3 365 366 429
3 366 430 429
3 366 367 430
3 367 431 430
3 367 368 431
3 368 432 431
3 368 369 432
3 369 433 432
3 369 370 433
3 370 434 433
3 370 371 434
3 371 435 434
3 371 372 435
3 372 436 435
3 372 373 436
3 373 437 436
3 373 374 437
3 374 438 437
3 374 375 438
3 375 439 438
3 375 376 439
3 376 440 439
3 376 377 440
3 377 441 440
3 377 378 441
3 378 442 441
3 378 379 442
3 379 443 442
3 379 380 443
3 380 444 443
3 380 381 444
3 381 445 444
3 381 382 445
3 382 446 445
3 382 383 446
3 383 447 446
3 383 384 447
3 384 448 447
3 384 385 448
3 385 449 448
3 385 322 449
3 322 386 449
3 386 387 450
3 387 451 450
3 387 388 451
3 388 452 451
3 388 389 452
3 389 453 452
3 389 390 453
3 390 454 453
3 390 391 454
3 391 455 454
3 391 392 455
3 392 456 455
3 392 393 456
3 393 457 456
3 393 394 457
3 394 458 457
3 394 395 458
3 395 459 458
3 395 396 459
3 396 460 459
3 396 397 460
3 397 461 460
3 397 398 461
3 398 462 461
3 398 399 462
3 399 463 462
3 399 400 463
3 400 464 463
3 400 401 464
3 401 465 464
3 401 402 465
3 402 466 465
3 402 403 466
3 403 467 466
3 403 404 467
3 404 468 467
3 404 405 468
3 405 469 468
3 405 406 469
3 406 470 469
3 406 407 470
3 407 471 470
3 407 408 471
3 408 472 471
3 408 409 472
3 409 473 472
3 409 410 473
3 410 474 473
3 410 411 474
3 411 475 474
3 411 412 475
3 412 476 475
3 412 413 476
3 413 477 476
3 413 414 477
3 414 478 477
3 414 415 478
3 415 479 478
3 415 416 479
3 416 480 479
3 416 417 480
3 417 481 480
3 417 418 481
3 418 482 481
3 418 419 482
3 419 483 482
3 419 420 483
3 420 484 483
3 420 421 484
3 421 485 484
3 421 422 485
3 422 486 485
3 422 423 486
3 423 487 486
3 423 424 487
3 424 488 487
3 424 425 488
3 425 489 488
3 425 426 489
3 426 490 489
3 426 427 490
3 427 491 490
3 427 428 491
3 428 492 491
3 428 429 492
3 429 493 492
3 429 430 493
3 430 494 493
3 430 431 494
3 431 495 494
3 431 432 495
3 432 496 495
3 432 433 496
3 433 497 496
3 433 434 497
3 434 498 497
3 434 435 498
3 435 499 498
3 435 436 499
3 436 500 499
3 436 437 500
3 437 501 500
3 437 438 501
3 438 502 501
3 438 439 502
3 439 503 502
3 439 440 503
3 440 504 503
3 440 441 504
3 441 505 504
3 441 442 505
3 442 506 505
3 442 443 506
3 443 507 506
3 443 444 507
3 444 508 507
3 444 445 508
3 445 509 508
3 445 446 509
3 446 510 509
3 446 447 510
3 447 511 510
3 447 448 511
3 448 512 511
3 448 449 512
3 449 513 512
3 449 386 513
3 386 450 513
3 450 451 514
3 451 515 514
3 451 452 515
3 452 516 515
3 452 453 516
3 453 517 516
3 453 454 517
3 454 518 517
3 454 455 518
3 455 519 518
3 455 456 519
3 456 520 519
3 456 457 520
3 457 521 520
3 457 458 521
3 458 522 521
3 458 459 522
3 459 523 522
3 459 460 523
3 460 524 523
3 460 461 524
3 461 525 524
3 461 462 525
3 462 526 525
3 462 463 526
3 463 527 526
3 463 464 527
3 464 528 527
3 464 465 528
3 465 529 528
3 465 466 529
3 466 530 529
3 466 467 530
3 467 531 530
3 467 468 531
3 468 532 531
3 468 469 532
3 469 533 532
3 469 470 533
3 470 534 533
3 470 471 534
3 471 535 534
3 471 472 535
3 472 536 535
3 472 473 536
3 473 537 536
3 473 474 537
3 474 538 537
3 474 475 538
3 475 539 538
3 475 476 539
3 476 540 539
3 476 477 540
3 477 541 540
3 477 478 541
3 478 542 541
3 478 479 542
3 479 543 542
3 479 480 543
3 480 544 543
3 480 481 544
3 481 545 544
3 481 482 545
3 482 546 545
3 482 483 546
3 483 547 546
3 483 484 547
3 484 548 547
3 484 485 548
3 485 549 548
3 485 486 549
3 486 550 549
3 486 487 550
3 487 551 550
3 487 488 551
3 488 552 551
3 488 489 552
3 489 553 552
3 489 490 553
3 490 554 553
3 490 491 554
3 491 555 554
3 491 492 555
3 492 556 555
3 492 493 556
3 493 557 556
3 493 494 557
3 494 558 557
3 494 495 558
3 495 559 558
3 495 496 559
3 496 560 559
3 496 497 560
3 497 561 560
3 497 498 561
3 498 562 561
3 498 499 562
3 499 563 562
3 499 500 563
3 500 564 563
3 500 501 564
3 501 565 564
3 501 502 565
3 502 566 565
3 502 503 566
3 503 567 566
3 503 504 567
3 504 568 567
3 504 505 568
3 505 569 568
3 505 506 569
3 506 570 569
3 506 507 570
3 507 571 570
3 507 508 571
3 508 572 571
3 508 509 572
3 509 573 572
3 509 510 573
3 510 574 573
3 510 511 574
3 511 575 574
3 511 512 575
3 512 576 575
3 512 513 576
3 513 577 576
3 513 450 577
3 450 514 577
3 514 515 578
3 515 579 578
3 515 516 579
3 516 580 579
3 516 517 580
3 517 581 580
3 517 518 581
3 518 582 581
3 518 519 582
3 519 583 582
3 519 520 583
3 520 584 583
3 520 521 584
3 521 585 584
3 521 522 585
3 522 586 585
3 522 523 586
3 523 587 586
3 523 524 587
3 524 588 587
3 524 525 588
3 525 589 588
3 525 526 589
3 526 590 589
3 526 527 590
3 527 591 590
3 527 528 591
3 528 592 591
3 528 529 592
3 529 593 592
3 529 530 593
3 530 594 593
3 530 531 594
3 531 595 594
3 531 532 595
3 532 596 595
3 532 533 596
3 533 597 596
3 533 534 597
3 534 598 597
3 534 535 598
3 535 599 598
3 535 536 599
3 536 600 599
3 536 537 600
3 537 601 600
3 537 538 601
3 538 602 601
3 538 539 602
3 539 603 602
3 539 540 603
3 540 604 603
3 540 541 604
3 541 605 604
3 541 542 605
3 542 606 605
3 542 543 606
3 543 607 606
3 543 544 607
3 544 608 607
3 544 545 608
3 545 609 608
3 545 546 609
3 546 610 609
3 546 547 610
3 547 611 610
3 547 548 611
3 548 612 611
3 548 549 612
3 549 613 612
3 549 550 613
3 550 614 613
3 550 551 614
3 551 615 614
3 551 552 615
3 552 616 615
3 552 553 616
3 553 617 616
3 553 554 617
3 554 618 617
3 554 555 618
3 555 619 618
3 555 556 619
3 556 620 619
3 556 557 620
3 557 621 620
3 557 558 621
3 558 622 621
3 558 559 622
3 559 623 622
3 559 560 623
3 560 624 623
3 560 561 624
3 561 625 624
3 561 562 625
3 562 626 625
3 562 563 626
3 563 627 626
3 563 564 627
3 564 628 627
3 564 565 628
3 565 629 628
3 565 566 629
3 566 630 629
3 566 567 630
3 567 631 630
3 567 568 631
3 568 632 631
3 568 569 632
3 569 633 632
3 569 570 633
3 570 634 633
3 570 571 634
3 571 635 634
3 571 572 635
3 572 636 635
3 572 573 636
3 573 637 636
3 573 574 637
3 574 638 637
3 574 575 638
3 575 639 638
3 575 576 639
3 576 640 639
3 576 577 640
3 577 641 640
3 577 514 641
3 514 578 641
3 578 579 642
3 579 643 642
3 579 580 643
3 580 644 643
3 580 581 644
3 581 645 644
3 581 582 645
3 582 646 645
3 582 583 646
3 583 647 646
3 583 584 647
3 584 648 647
3 584 585 648
3 585 649 648
3 585 586 649
3 586 650 649
3 586 587 650
3 587 651 650
3 587 588 651
3 588 652 651
3 588 589 652
3 589 653 652
3 589 590 653
3 590 654 653
3 590 591 654
3 591 655 654
3 591 592 655
3 592 656 655
3 592 593 656
3 593 657 656
3 593 594 657
3 594 658 657
3 594 595 658
3 595 659 658
3 595 596 659
3 596 660 659
3 596 597 660
3 597 661 660
3 597 598 661
3 598 662 661
3 598 599 662
3 599 663 662
3 599 600 663
3 600 664 663
3 600 601 664
3 601 665 664
3 601 602 665
3 602 666 665
3 602 603 666
3 603 667 666
3 603 604 667
3 604 668 667
3 604 605 668
3 605 669 668
3 605 606 669
3 606 670 669
3 606 607 670
3 607 671 670
3 607 608 671
3 608 672 671
3 608 609 672
3 609 673 672
3 609 610 673
3 610 674 673
3 610 611 674
3 611 675 674
3 611 612 675
3 612 676 675
3 612 613 676
3 613 677 676
3 613 614 677
3 614 678 677
3 614 615 678
3 615 679 678
3 615 616 679
3 616 680 679
3 616 617 680
3 617 681 680
3 617 618 681
3 618 682 681
3 618 619 682
3 619 683 682
3 619 620 683
3 620 684 683
3 620 621 684
3 621 685 684
3 621 622 685
3 622 686 685
3 622 623 686
3 623 687 686
3 623 624 687
3 624 688 687
3 624 625 688
3 625 689 688
3 625 626 689
3 626 690 689
3 626 627 690
3 627 691 690
3 627 628 691
3 628 692 691
3 628 629 692
3 629 693 692
3 629 630 693
3 630 694 693
3 630 631 694
3 631 695 694
3 631 632 695
3 632 696 695
3 632 633 696
3 633 697 696
3 633 634 697
3 634 698 697
3 634 635 698
3 635 699 698
3 635 636 699
3 636 700 699
3 636 637 700
3 637 701 700
3 637 638 701
3 638 702 701
3 638 639 702
3 639 703 702
3 639 640 703
3 640 704 703
3 640 641 704
3 641 705 704
3 641 578 705
3 578 642 705
3 642 643 706
3 643 707 706
3 643 644 707
3 644 708 707
3 644 645 708
3 645 709 708
3 645 646 709
3 646 710 709
3 646 647 710
3 647 711 710
3 647 648 711
3 648 712 711
3 648 649 712
3 649 713 712
3 649 650 713
3 650 714 713
3 650 651 714
3 651 715 714
3 651 652 715
3 652 716 715
3 652 653 716
3 653 717 716
3 653 654 717
3 654 718 717
3 654 655 718
3 655 719 718
3 655 656 719
3 656 720 719
3 656 657 720
3 657 721 720
3 657 658 721
3 658 722 721
3 658 659 722
3 659 723 722
3 659 660 723
3 660 724 723
3 660 661 724
3 661 725 724
3 661 662 725
3 662 726 725
3 662 663 726
3 663 727 726
3 663 664 727
3 664 728 727
3 664 665 728
3 665 729 728
3 665 666 729
3 666 730 729
3 666 667 730
3 667 731 730
3 667 668 731
3 668 732 731
3 668 669 732
3 669 733 732
3 669 670 733
3 670 734 733
3 670 671 734
3 671 735 734
3 671 672 735
3 672 736 735
3 672 673 736
3 673 737 736
3 673 674 737
3 674 738 737
3 674 675 738
3 675 739 738
3 675 676 739
3 676 740 739
3 676 677 740
3 677 741 740
3 677 678 741
3 678 742 741
3 678 679 742
3 679 743 742
3 679 680 743
3 680 744 743
3 680 681 744
3 681 745 744
3 681 682 745
3 682 746 745
3 682 683 746
3 683 747 746
3 683 684 747
3 684 748 747
3 684 685 748
3 685 749 748
3 685 686 749
3 686 750 749
3 686 687 750
3 687 751 750
3 687 688 751
3 688 752 751
3 688 689 752
3 689 753 752
3 689 690 753
3 690 754 753
3 690 691 754
3 691 755 754
3 691 692 755
3 692 756 755
3 692 693 756
3 693 757 756
3 693 694 757
3 694 758 757
3 694 695 758
3 695 759 758
3 695 696 759
3 696 760 759
3 696 697 760
3 697 761 760
3 697 698 761
3 698 762 761
3 698 699 762
3 699 763 762
3 699 700 763
3 700 764 763
3 700 701 764
3 701 765 764
3 701 702 765
3 702 766 765
3 702 703 766
3 703 767 766
3 703 704 767
3 704 768 767
3 704 705 768
3 705 769 768
3 705 642 769
3 642 706 769
3 706 707 770
3 707 771 770
3 707 708 771
3 708 772 771
3 708 709 772
3 709 773 772
3 709 710 773
3 710 774 773
3 710 711 774
3 711 775 774
3 711 712 775
3 712 776 775
3 712 713 776
3 713 777 776
3 713 714 777
3 714 778 777
3 714 715 778
3 715 779 778
3 715 716 779
3 716 780 779
3 716 717 780
3 717 781 780
3 717 718 781
3 718 782 781
3 718 719 782
3 719 783 782
3 719 720 783
3 720 784 783
3 720 721 784
3 721 785 784
3 721 722 785
3 722 786 785
3 722 723 786
3 723 787 786
3 723 724 787
3 724 788 787
3 724 725 788
3 725 789 788
3 725 726 789
3 726 790 789
3 726 727 790
3 727 791 790
3 727 728 791
3 728 792 791
3 728 729 792
3 729 793 792
3 729 730 793
3 730 794 793
3 730 731 794
3 731 795 794
3 731 732 795
3 732 796 795
3 732 733 796
3 733 797 796
3 733 734 797
3 734 798 797
3 734 735 798
3 735 799 798
3 735 736 799
3 736 800 799
3 736 737 800
3 737 801 800
3 737 738 801
3 738 802 801
3 738 739 802
3 739 803 802
3 739 740 803
3 740 804 803
3 740 741 804
3 741 805 804
3 741 742 805
3 742 806 805
3 742 743 806
3 743 807 806
3 743 744 807
3 744 808 807
3 744 745 808
3 745 809 808
3 745 746 809
3 746 810 809
3 746 747 810
3 747 811 810
3 747 748 811
3 748 812 811
3 748 749 812
3 749 813 812
3 749 750 813
3 750 814 813
3 750 751 814
3 751 815 814
3 751 752 815
3 752 816 815
3 752 753 816
3 753 817 816
3 753 754 817
3 754 818 817
3 754 755 818
3 755 819 818
3 755 756 819
3 756 820 819
3 756 757 820
3 757 821 820
3 757 758 821
3 758 822 821
3 758 759 822
3 759 823 822
3 759 760 823
3 760 824 823
3 760 761 824
3 761 825 824
3 761 762 825
3 762 826 825
3 762 763 826
3 763 827 826
3 763 764 827
3 764 828 827
3 764 765 828
3 765 829 828
3 765 766 829
3 766 830 829
3 766 767 830
3 767 831 830
3 767 768 831
3 768 832 831
3 768 769 832
3 769 833 832
3 769 706 833
3 706 770 833
3 770 771 834
3 771 835 834
3 771 772 835
3 772 836 835
3 772 773 836
3 773 837 836
3 773 774 837
3 774 838 837
3 774 775 838
3 775 839 838
3 775 776 839
3 776 840 839
3 776 777 840
3 777 841 840
3 777 778 841
3 778 842 841
3 778 779 842
3 779 843 842
3 779 780 843
3 780 844 843
3 780 781 844
3 781 845 844
3 781 782 845
3 782 846 845
3 782 783 846
3 783 847 846
3 783 784 847
3 784 848 847
3 784 785 848
3 785 849 848
3 785 786 849
3 786 850 849
3 786 787 850
3 787 851 850
3 787 788 851
3 788 852 851
3 788 789 852
3 789 853 852
3 789 790 853
3 790 854 853
3 790 791 854
3 791 855 854
3 791 792 855
3 792 856 855
3 792 793 856
3 793 857 856
3 793 794 857
3 794 858 857
3 794 795 858
3 795 859 858
3 795 796 859
3 796 860 859
3 796 797 860
3 797 861 860
3 797 798 861
3 798 862 861
3 798 799 862
3 799 863 862
3 799 800 863
3 800 864 863
3 800 801 864
3 801 865 864
3 801 802 865
3 802 866 865
3 802 803 866
3 803 867 866
3 803 804 867
3 804 868 867
3 804 805 868
3 805 869 868
3 805 806 869
3 806 870 869
3 806 807 870
3 807 871 870
3 807 808 871
3 808 872 871
3 808 809 872
3 809 873 872
3 809 810 873
3 810 874 873
3 810 811 874
3 811 875 874
3 811 812 875
3 812 876 875
3 812 813 876
3 813 877 876
3 813 814 877
3 814 878 877
3 814 815 878
3 815 879 878
3 815 816 879
3 816 880 879
3 816 817 880
3 817 881 880
3 817 818 881
3 818 882 881
3 818 819 882
3 819 883 882
3 819 820 883
3 820 884 883
3 820 821 884
3 821 885 884
3 821 822 885
3 822 886 885
3 822 823 886
3 823 887 886
3 823 824 887
3 824 888 887
3 824 825 888
3 825 889 888
3 825 826 889
3 826 890 889
3 826 827 890
3 827 891 890
3 827 828 891
3 828 892 891
3 828 829 892
3 829 893 892
3 829 830 893
3 830 894 893
3 830 831 894
3 831 895 894
3 831 832 895
3 832 896 895
3 832 833 896
3 833 897 896
3 833 770 897
3 770 834 897
3 834 835 898
3 835 899 898
3 835 836 899
3 836 900 899
3 836 837 900
3 837 901 900
3 837 838 901
3 838 902 901
3 838 839 902
3 839 903 902
3 839 840 903
3 840 904 903
3 840 841 904
3 841 905 904
3 841 842 905
3 842 906 905
3 842 843 906
3 843 907 906
3 843 844 907
3 844 908 907
3 844 845 908
3 845 909 908
3 845 846 909
3 846 910 909
3 846 847 910
3 847 911 910
3 847 848 911
3 848 912 911
3 848 849 912
3 849 913 912
3 849 850 913
3 850 914 913
3 850 851 914
3 851 915 914
3 851 852 915
3 852 916 915
3 852 853 916
3 853 917 916
3 853 854 917
3 854 918 917
3 854 855 918
3 855 919 918
3 855 856 919
3 856 920 919
3 856 857 920
3 857 921 920
3 857 858 921
3 858 922 921
3 858 859 922
3 859 923 922
3 859 860 923
3 860 924 923
3 860 861 924
3 861 925 924
3 861 862 925
3 862 926 925
3 862 863 926
3 863 927 926
3 863 864 927
3 864 928 927
3 864 865 928
3 865 929 928
3 865 866 929
3 866 930 929
3 866 867 930
3 867 931 930
3 867 868 931
3 868 932 931
3 868 869 932
3 869 933 932
3 869 870 933
3 870 934 933
3 870 871 934
3 871 935 934
3 871 872 935
3 872 936 935
3 872 873 936
3 873 937 936
3 873 874 937
3 874 938 937
3 874 875 938
3 875 939 938
3 875 876 939
3 876 940 939
3 876 877 940
3 877 941 940
3 877 878 941
3 878 942 941
3 878 879 942
3 879 943 942
3 879 880 943
3 880 944 943
3 880 881 944
3 881 945 944
3 881 882 945
3 882 946 945
3 882 883 946
3 883 947 946
3 883 884 947
3 884 948 947
3 884 885 948
3 885 949 948
3 885 886 949
3 886 950 949
3 886 887 950
3 887 951 950
3 887 888 951
3 888 952 951
3 888 889 952
3 889 953 952
3 889 890 953
3 890 954 953
3 890 891 954
3 891 955 954
3 891 892 955
3 892 956 955
3 892 893 956
3 893 957 956
3 893 894 957
3 894 958 957
3 894 895 958
3 895 959 958
3 895 896 959
3 896 960 959
3 896 897 960
3 897 961 960
3 897 834 961
3 834 898 961
3 898 899 962
3 899 963 962
3 899 900 963
3 900 964 963
3 900 901 964
3 901 965 964
3 901 902 965
3 902 966 965
3 902 903 966
3 903 967 966
3 903 904 967
3 904 968 967
3 904 905 968
3 905 969 968
3 905 906 969
3 906 970 969
3 906 907 970
3 907 971 970
3 907 908 971
3 908 972 971
3 908 909 972
3 909 973 972
3 909 910 973
3 910 974 973
3 910 911 974
3 911 975 974
3 911 912 975
3 912 976 975
3 912 913 976
3 913 977 976
3 913 914 977
3 914 978 977
3 914 915 978
3 915 979 978
3 915 916 979
3 916 980 979
3 916 917 980
3 917 981 980
3 917 918 981
3 918 982 981
3 918 919 982
3 919 983 982
3 919 920 983
3 920 984 983
3 920 921 984
3 921 985 984
3 921 922 985
3 922 986 985
3 922 923 986
3 923 987 986
3 923 924 987
3 924 988 987
3 924 925 988
3 925 989 988
3 925 926 989
3 926 990 989
3 926 927 990
3 927 991 990
3 927 928 991
3 928 992 991
3 928 929 992
3 929 993 992
3 929 930 993
3 930 994 993
3 930 931 994
3 931 995 994
3 931 932 995
3 932 996 995
3 932 933 996
3 933 997 996
3 933 934 997
3 934 998 997
3 934 935 998
3 935 999 998
3 935 936 999
3 936 1000 999
3 936 937 1000
3 937 1001 1000
3 937 938 1001
3 938 1002 1001
3 938 939 1002
3 939 1003 1002
3 939 940 1003
3 940 1004 1003
3 940 941 1004
3 941 1005 1004
3 941 942 1005
3 942 1006 1005
3 942 943 1006
3 943 1007 1006
3 943 944 1007
3 944 1008 1007
3 944 945 1008
3 945 1009 1008
3 945 946 1009
3 946 1010 1009
3 946 947 1010
3 947 1011 1010
3 947 948 1011
3 948 1012 1011
3 948 949 1012
3 949 1013 1012
3 949 950 1013
3 950 1014 1013
3 950 951 1014
3 951 1015 1014
3 951 952 1015
3 952 1016 1015
3 952 953 1016
3 953 1017 1016
3 953 954 1017
3 954 1018 1017
3 954 955 1018
3 955 1019 1018
3 955 956 1019
3 956 1020 1019
3 956 957 1020
3 957 1021 1020
3 957 958 1021
3 958 1022 1021
3 958 959 1022
3 959 1023 1022
3 959 960 1023
3 960 1024 1023
3 960 961 1024
3 961 1025 1024
3 961 898 1025
3 898 962 1025
3 962 963 1026
3 963 1027 1026
3 963 964 1027
3 964 1028 1027
3 964 965 1028
3 965 1029 1028
3 965 966 1029
3 966 1030 1029
3 966 967 1030
3 967 1031 1030
3 967 968 1031
3 968 1032 1031
3 968 969 1032
3 969 1033 1032
3 969 970 1033
3 970 1034 1033
3 970 971 1034
3 971 1035 1034
3 971 972 1035
3 972 1036 1035
3 972 973 1036
3 973 1037 1036
3 973 974 1037
3 974 1038 1037
3 974 975 1038
3 975 1039 1038
3 975 976 1039
3 976 1040 1039
3 976 977 1040
3 977 1041 1040
3 977 978 1041
3 978 1042 1041
3 978 979 1042
3 979 1043 1042
3 979 980 1043
3 980 1044 1043
3 980 981 1044
3 981 1045 1044
3 981 982 1045
3 982 1046 1045
3 982 983 1046
3 983 1047 1046
3 983 984 1047
3 984 1048 1047
3 984 985 1048
3 985 1049 1048
3 985 986 1049
3 986 1050 1049
3 986 987 1050
3 987 1051 1050
3 987 988 1051
3 988 1052 1051
3 988 989 1052
3 989 1053 1052
3 989 990 1053
3 990 1054 1053
3 990 991 1054
3 991 1055 1054
3 991 992 1055
3 992 1056 1055
3 992 993 1056
3 993 1057 1056
3 993 994 1057
3 994 1058 1057
3 994 995 1058
3 995 1059 1058
3 995 996 1059
3 996 1060 1059
3 996 997 1060
3 997 1061 1060
3 997 998 1061
3 998 1062 1061
3 998 999 1062
3 999 1063 1062
3 999 1000 1063
3 1000 1064 1063
3 1000 1001 1064
3 1001 1065 1064
3 1001 1002 1065
3 1002 1066 1065
3 1002 1003 1066
3 1003 1067 1066
3 1003 1004 1067
3 1004 1068 1067
3 1004 1005 1068
3 1005 1069 1068
3 1005 1006 1069
3 1006 1070 1069
3 1006 1007 1070
3 1007 1071 1070
3 1007 1008 1071
3 1008 1072 1071
3 1008 1009 1072
3 1009 1073 1072
3 1009 1010 1073
3 1010 1074 1073
3 1010 1011 1074
3 1011 1075 1074
3 1011 1012 1075
3 1012 1076 1075
3 1012 1013 1076
3 1013 1077 1076
3 1013 1014 1077
3 1014 1078 1077
3 1014 1015 1078
3 1015 1079 1078
3 1015 1016 1079
3 1016 1080 1079
3 1016 1017 1080
3 1017 1081 1080
3 1017 1018 1081
3 1018 1082 1081
3 1018 1019 1082
3 1019 1083 1082
3 1019 1020 1083
3 1020 1084 1083
3 1020 1021 1084
3 1021 1085 1084
3 1021 1022 1085
3 1022 1086 1085
3 1022 1023 1086
3 1023 1087 1086
3 1023 1024 1087
3 1024 1088 1087
3 1024 1025 1088
3 1025 1089 1088
3 1025 962 1089
3 962 1026 1089
3 1026 1027 1090
3 1027 1091 1090
3 1027 1028 1091
3 1028 1092 1091
3 1028 1029 1092
3 1029 1093 1092
3 1029 1030 1093
3 1030 1094 1093
3 1030 1031 1094
3 1031 1095 1094
3 1031 1032 1095
3 1032 1096 1095
3 1032 1033 1096
3 1033 1097 1096
3 1033 1034 1097
3 1034 1098 1097
3 1034 1035 1098
3 1035 1099 1098
3 1035 1036 1099
3 1036 1100 1099
3 1036 1037 1100
3 1037 1101 1100
3 1037 1038 1101
3 1038 1102 1101
3 1038 1039 1102
3 1039 1103 1102
3 1039 1040 1103
3 1040 1104 1103
3 1040 1041 1104
3 1041 1105 1104
3 1041 1042 1105
3 1042 1106 1105
3 1042 1043 1106
3 1043 1107 1106
3 1043 1044 1107
3 1044 1108 1107
3 1044 1045 1108
3 1045 1109 1108
3 1045 1046 1109
3 1046 1110 1109
3 1046 1047 1110
3 1047 1111 1110
3 1047 1048 1111
3 1048 1112 1111
3 1048 1049 1112
3 1049 1113 1112
3 1049 1050 1113
3 1050 1114 1113
3 1050 1051 1114
3 1051 1115 1114
3 1051 1052 1115
3 1052 1116 1115
3 1052 1053 1116
3 1053 1117 1116
3 1053 1054 1117
3 1054 1118 1117
3 1054 1055 1118
3 1055 1119 1118
3 1055 1056 1119
3 1056 1120 1119
3 1056 1057 1120
3 1057 1121 1120
3 1057 1058 1121
3 1058 1122 1121
3 1058 1059 1122
3 1059 1123 1122
3 1059 1060 1123
3 1060 1124 1123
3 1060 1061 1124
3 1061 1125 1124
3 1061 1062 1125
3 1062 1126 1125
3 1062 1063 1126
3 1063 1127 1126
3 1063 1064 1127
3 1064 1128 1127
3 1064 1065 1128
3 1065 1129 1128
3 1065 1066 1129
3 1066 1130 1129
3 1066 1067 1130
3 1067 1131 1130
3 1067 1068 1131
3 1068 1132 1131
3 1068 1069 1132
3 1069 1133 1132
3 1069 1070 1133
3 1070 1134 1133
3 1070 1071 1134
3 1071 1135 1134
3 1071 1072 1135
3 1072 1136 1135
3 1072 1073 1136
3 1073 1137 1136
3 1073 1074 1137
3 1074 1138 1137
3 1074 1075 1138
3 1075 1139 1138
3 1075 1076 1139
3 1076 1140 1139
3 1076 1077 1140
3 1077 1141 1140
3 1077 1078 1141
3 1078 1142 1141
3 1078 1079 1142
3 1079 1143 1142
3 1079 1080 1143
3 1080 1144 1143
3 1080 1081 1144
3 1081 1145 1144
3 1081 1082 1145
3 1082 1146 1145
3 1082 1083 1146
3 1083 1147 1146
3 1083 1084 1147
3 1084 1148 1147
3 1084 1085 1148
3 1085 1149 1148
3 1085 1086 1149
3 1086 1150 1149
3 1086 1087 1150
3 1087 1151 1150
3 1087 1088 1151
3 1088 1152 1151
3 1088 1089 1152
3 1089 1153 1152
3 1089 1026 1153
3 1026 1090 1153
3 1090 1091 1154
3 1091 1155 1154
3 1091 1092 1155
3 1092 1156 1155
3 1092 1093 1156
3 1093 1157 1156
3 1093 1094 1157
3 1094 1158 1157
3 1094 1095 1158
3 1095 1159 1158
3 1095 1096 1159
3 1096 1160 1159
3 1096 1097 1160
3 1097 1161 1160
3 1097 1098 1161
3 1098 1162 1161
3 1098 1099 1162
3 1099 1163 1162
3 1099 1100 1163
3 1100 1164 1163
3 1100 1101 1164
3 1101 1165 1164
3 1101 1102 1165
3 1102 1166 1165
3 1102 1103 1166
3 1103 1167 1166
3 1103 1104 1167
3 1104 1168 1167
3 1104 1105 1168
3 1105 1169 1168
3 1105 1106 1169
3 1106 1170 1169
3 1106 1107 1170
3 1107 1171 1170
3 1107 1108 1171
3 1108 1172 1171
3 1108 1109 1172
3 1109 1173 1172
3 1109 1110 1173
3 1110 1174 1173
3 1110 1111 1174
3 1111 1175 1174
3 1111 1112 1175
3 1112 1176 1175
3 1112 1113 1176
3 1113 1177 1176
3 1113 1114 1177
3 1114 1178 1177
3 1114 1115 1178
3 1115 1179 1178
3 1115 1116 1179
3 1116 1180 1179
3 1116 1117 1180
3 1117 1181 1180
3 1117 1118 1181
3 1118 1182 1181
3 1118 1119 1182
3 1119 1183 1182
3 1119 1120 1183
3 1120 1184 1183
3 1120 1121 1184
3 1121 1185 1184
3 1121 1122 1185
3 1122 1186 1185
3 1122 1123 1186
3 1123 1187 1186
3 1123 1124 1187
3 1124 1188 1187
3 1124 1125 1188
3 1125 1189 1188
3 1125 1126 1189
3 1126 1190 1189
3 1126 1127 1190
3 1127 1191 1190
3 1127 1128 1191
3 1128 1192 1191
3 1128 1129 1192
3 1129 1193 1192
3 1129 1130 1193
3 1130 1194 1193
3 1130 1131 1194
3 1131 1195 1194
3 1131 1132 1195
3 1132 1196 1195
3 1132 1133 1196
3 1133 1197 1196
3 1133 1134 1197
3 1134 1198 1197
3 1134 1135 1198
3 1135 1199 1198
3 1135 1136 1199
3 1136 1200 1199
3 1136 1137 1200
3 1137 1201 1200
3 1137 1138 1201
3 1138 1202 1201
3 1138 1139 1202
3 1139 1203 1202
3 1139 1140 1203
3 1140 1204 1203
3 1140 1141 1204
3 1141 1205 1204
3 1141 1142 1205
3 1142 1206 1205
3 1142 1143 1206
3 1143 1207 1206
3 1143 1144 1207
3 1144 1208 1207
3 1144 1145 1208
3 1145 1209 1208
3 1145 1146 1209
3 1146 1210 1209
3 1146 1147 1210
3 1147 1211 1210
3 1147 1148 1211
3 1148 1212 1211
3 1148 1149 1212
3 1149 1213 1212
3 1149 1150 1213
3 1150 1214 1213
3 1150 1151 1214
3 1151 1215 1214
3 1151 1152 1215
3 1152 1216 1215
3 1152 1153 1216
3 1153 1217 1216
3 1153 1090 1217
3 1090 1154 1217
3 1154 1155 1218
3 1155 1219 1218
3 1155 1156 1219
3 1156 1220 1219
3 1156 1157 1220
3 1157 1221 1220
3 1157 1158 1221
3 1158 1222 1221
3 1158 1159 1222
3 1159 1223 1222
3 1159 1160 1223
3 1160 1224 1223
3 1160 1161 1224
3 1161 1225 1224
3 1161 1162 1225
3 1162 1226 1225
3 1162 1163 1226
3 1163 1227 1226
3 1163 1164 1227
3 1164 1228 1227
3 1164 1165 1228
3 1165 1229 1228
3 1165 1166 1229
3 1166 1230 1229
3 1166 1167 1230
3 1167 1231 1230
3 1167 1168 1231
3 1168 1232 1231
3 1168 1169 1232
3 1169 1233 1232
3 1169 1170 1233
3 1170 1234 1233
3 1170 1171 1234
3 1171 1235 1234
3 1171 1172 1235
3 1172 1236 1235
3 1172 1173 1236
3 1173 1237 1236
3 1173 1174 1237
3 1174 1238 1237
3 1174 1175 1238
3 1175 1239 1238
3 1175 1176 1239
3 1176 1240 1239
3 1176 1177 1240
3 1177 1241 1240
3 1177 1178 1241
3 1178 1242 1241
3 1178 1179 1242
3 1179 1243 1242
3 1179 1180 1243
3 1180 1244 1243
3 1180 1181 1244
3 1181 1245 1244
3 1181 1182 1245
3 1182 1246 1245
3 1182 1183 1246
3 1183 1247 1246
3 1183 1184 1247
3 1184 1248 1247
3 1184 1185 1248
3 1185 1249 1248
3 1185 1186 1249
3 1186 1250 1249
3 1186 1187 1250
3 1187 1251 1250
3 1187 1188 1251
3 1188 1252 1251
3 1188 1189 1252
3 1189 1253 1252
3 1189 1190 1253
3 1190 1254 1253
3 1190 1191 1254
3 1191 1255 1254
3 1191 1192 1255
3 1192 1256 1255
3 1192 1193 1256
3 1193 1257 1256
3 1193 1194 1257
3 1194 1258 1257
3 1194 1195 1258
3 1195 1259 1258
3 1195 1196 1259
3 1196 1260 1259
3 1196 1197 1260
3 1197 1261 1260
3 1197 1198 1261
3 1198 1262 1261
3 1198 1199 1262
3 1199 1263 1262
3 1199 1200 1263
3 1200 1264 1263
3 1200 1201 1264
3 1201 1265 1264
3 1201 1202 1265
3 1202 1266 1265
3 1202 1203 1266
3 1203 1267 1266
3 1203 1204 1267
3 1204 1268 1267
3 1204 1205 1268
3 1205 1269 1268
3 1205 1206 1269
3 1206 1270 1269
3 1206 1207 1270
3 1207 1271 1270
3 1207 1208 1271
3 1208 1272 1271
3 1208 1209 1272
3 1209 1273 1272
3 1209 1210 1273
3 1210 1274 1273
3 1210 1211 1274
3 1211 1275 1274
3 1211 1212 1275
3 1212 1276 1275
3 1212 1213 1276
3 1213 1277 1276
3 1213 1214 1277
3 1214 1278 1277
3 1214 1215 1278
3 1215 1279 1278
3 1215 1216 1279
3 1216 1280 1279
3 1216 1217 1280
3 1217 1281 1280
3 1217 1154 1281
3 1154 1218 1281
3 1218 1219 1282
3 1219 1283 1282
3 1219 1220 1283
3 1220 1284 1283
3 1220 1221 1284
3 1221 1285 1284
3 1221 1222 1285
3 1222 1286 1285
3 1222 1223 1286
3 1223 1287 1286
3 1223 1224 1287
3 1224 1288 1287
3 1224 1225 1288
3 1225 1289 1288
3 1225 1226 1289
3 1226 1290 1289
3 1226 1227 1290
3 1227 1291 1290
3 1227 1228 1291
3 1228 1292 1291
3 1228 1229 1292
3 1229 1293 1292
3 1229 1230 1293
3 1230 1294 1293
3 1230 1231 1294
3 1231 1295 1294
3 1231 1232 1295
3 1232 1296 1295
3 1232 1233 1296
3 1233 1297 1296
3 1233 1234 1297
3 1234 1298 1297
3 1234 1235 1298
3 1235 1299 1298
3 1235 1236 1299
3 1236 1300 1299
3 1236 1237 1300
3 1237 1301 1300
3 1237 1238 1301
3 1238 1302 1301
3 1238 1239 1302
3 1239 1303 1302
3 1239 1240 1303
3 1240 1304 1303
3 1240 1241 1304
3 1241 1305 1304
3 1241 1242 1305
3 1242 1306 1305
3 1242 1243 1306
3 1243 1307 1306
3 1243 1244 1307
3 1244 1308 1307
3 1244 1245 1308
3 1245 1309 1308
3 1245 1246 1309
3 1246 1310 1309
3 1246 1247 1310
3 1247 1311 1310
3 1247 1248 1311
3 1248 1312 1311
3 1248 1249 1312
3 1249 1313 1312
3 1249 1250 1313
3 1250 1314 1313
3 1250 1251 1314
3 1251 1315 1314
3 1251 1252 1315
3 1252 1316 1315
3 1252 1253 1316
3 1253 1317 1316
3 1253 1254 1317
3 1254 1318 1317
3 1254 1255 1318
3 1255 1319 1318
3 1255 1256 1319
3 1256 1320 1319
3 1256 1257 1320
3 1257 1321 1320
3 1257 1258 1321
3 1258 1322 1321
3 1258 1259 1322
3 1259 1323 1322
3 1259 1260 1323
3 1260 1324 1323
3 1260 1261 1324
3 1261 1325 1324
3 1261 1262 1325
3 1262 1326 1325
3 1262 1263 1326
3 1263 1327 1326
3 1263 1264 1327
3 1264 1328 1327
3 1264 1265 1328
3 1265 1329 1328
3 1265 1266 1329
3 1266 1330 1329
3 1266 1267 1330
3 1267 1331 1330
3 1267 1268 1331
3 1268 1332 1331
3 1268 1269 1332
3 1269 1333 1332
3 1269 1270 1333
3 1270 1334 1333
3 1270 1271 1334
3 1271 1335 1334
3 1271 1272 1335
3 1272 1336 1335
3 1272 1273 1336
3 1273 1337 1336
3 1273 1274 1337
3 1274 1338 1337
3 1274 1275 1338
3 1275 1339 1338
3 1275 1276 1339
3 1276 1340 1339
3 1276 1277 1340
3 1277 1341 1340
3 1277 1278 1341
3 1278 1342 1341
3 1278 1279 1342
3 1279 1343 1342
3 1279 1280 1343
3 1280 1344 1343
3 1280 1281 1344
3 1281 1345 1344
3 1281 1218 1345
3 1218 1282 1345
3 1282 1283 1346
3 1283 1347 1346
3 1283 1284 1347
3 1284 1348 1347
3 1284 1285 1348
3 1285 1349 1348
3 1285 1286 1349
3 1286 1350 1349
3 1286 1287 1350
3 1287 1351 1350
3 1287 1288 1351
3 1288 1352 1351
3 1288 1289 1352
3 1289 1353 1352
3 1289 1290 1353
3 1290 1354 1353
3 1290 1291 1354
3 1291 1355 1354
3 1291 1292 1355
3 1292 1356 1355
3 1292 1293 1356
3 1293 1357 1356
3 1293 1294 1357
3 1294 1358 1357
3 1294 1295 1358
3 1295 1359 1358
3 1295 1296 1359
3 1296 1360 1359
3 1296 1297 1360
3 1297 1361 1360
3 1297 1298 1361
3 1298 1362 1361
3 1298 1299 1362
3 1299 1363 1362
3 1299 1300 1363
3 1300 1364 1363
3 1300 1301 1364
3 1301 1365 1364
3 1301 1302 1365
3 1302 1366 1365
3 1302 1303 1366
3 1303 1367 1366
3 1303 1304 1367
3 1304 1368 1367
3 1304 1305 1368
3 1305 1369 1368
3 1305 1306 1369
3 1306 1370 1369
3 1306 1307 1370
3 1307 1371 1370
3 1307 1308 1371
3 1308 1372 1371
3 1308 1309 1372
3 1309 1373 1372
3 1309 1310 1373
3 1310 1374 1373
3 1310 1311 1374
3 1311 1375 1374
3 1311 1312 1375
3 1312 1376 1375
3 1312 1313 1376
3 1313 1377 1376
3 1313 1314 1377
3 1314 1378 1377
3 1314 1315 1378
3 1315 1379 1378
3 1315 1316 1379
3 1316 1380 1379
3 1316 1317 1380
3 1317 1381 1380
3 1317 1318 1381
3 1318 1382 1381
3 1318 1319 1382
3 1319 1383 1382
3 1319 1320 1383
3 1320 1384 1383
3 1320 1321 1384
3 1321 1385 1384
3 1321 1322 1385
3 1322 1386 1385
3 1322 1323 1386
3 1323 1387 1386
3 1323 1324 1387
3 1324 1388 1387
3 1324 1325 1388
3 1325 1389 1388
3 1325 1326 1389
3 1326 1390 1389
3 1326 1327 1390
3 1327 1391 1390
3 1327 1328 1391
3 1328 1392 1391
3 1328 1329 1392
3 1329 1393 1392
3 1329 1330 1393
3 1330 1394 1393
3 1330 1331 1394
3 1331 1395 1394
3 1331 1332 1395
3 1332 1396 1395
3 1332 1333 1396
3 1333 1397 1396
3 1333 1334 1397
3 1334 1398 1397
3 1334 1335 1398
3 1335 1399 1398
3 1335 1336 1399
3 1336 1400 1399
3 1336 1337 1400
3 1337 1401 1400
3 1337 1338 1401
3 1338 1402 1401
3 1338 1339 1402
3 1339 1403 1402
3 1339 1340 1403
3 1340 1404 1403
3 1340 1341 1404
3 1341 1405 1404
3 1341 1342 1405
3 1342 1406 1405
3 1342 1343 1406
3 1343 1407 1406
3 1343 1344 1407
3 1344 1408 1407
3 1344 1345 1408
3 1345 1409 1408
3 1345 1282 1409
3 1282 1346 1409
3 1346 1347 1410
3 1347 1411 1410
3 1347 1348 1411
3 1348 1412 1411
3 1348 1349 1412
3 1349 1413 1412
3 1349 1350 1413
3 1350 1414 1413
3 1350 1351 1414
3 1351 1415 1414
3 1351 1352 1415
3 1352 1416 1415
3 1352 1353 1416
3 1353 1417 1416
3 1353 1354 1417
3 1354 1418 1417
3 1354 1355 1418
3 1355 1419 1418
3 1355 1356 1419
3 1356 1420 1419
3 1356 1357 1420
3 1357 1421 1420
3 1357 1358 1421
3 1358 1422 1421
3 1358 1359 1422
3 1359 1423 1422
3 1359 1360 1423
3 1360 1424 1423
3 1360 1361 1424
3 1361 1425 1424
3 1361 1362 1425
3 1362 1426 1425
3 1362 1363 1426
3 1363 1427 1426
3 1363 1364 1427
3 1364 1428 1427
3 1364 1365 1428
3 1365 1429 1428
3 1365 1366 1429
3 1366 1430 1429
3 1366 1367 1430
3 1367 1431 1430
3 1367 1368 1431
3 1368 1432 1431
3 1368 1369 1432
3 1369 1433 1432
3 1369 1370 1433
3 1370 1434 1433
3 1370 1371 1434
3 1371 1435 1434
3 1371 1372 1435
3 1372 1436 1435
3 1372 1373 1436
3 1373 1437 1436
3 1373 1374 1437
3 1374 1438 1437
3 1374 1375 1438
3 1375 1439 1438
3 1375 1376 1439
3 1376 1440 1439
3 1376 1377 1440
3 1377 1441 1440
3 1377 1378 1441
3 1378 1442 1441
3 1378 1379 1442
3 1379 1443 1442
3 1379 1380 1443
3 1380 1444 1443
3 1380 1381 1444
3 1381 1445 1444
3 1381 1382 1445
3 1382 1446 1445
3 1382 1383 1446
3 1383 1447 1446
3 1383 1384 1447
3 1384 1448 1447
3 1384 1385 1448
3 1385 1449 1448
3 1385 1386 1449
3 1386 1450 1449
3 1386 1387 1450
3 1387 1451 1450
3 1387 1388 1451
3 1388 1452 1451
3 1388 1389 1452
3 1389 1453 1452
3 1389 1390 1453
3 1390 1454 1453
3 1390 1391 1454
3 1391 1455 1454
3 1391 1392 1455
3 1392 1456 1455
3 1392 1393 1456
3 1393 1457 1456
3 1393 1394 1457
3 1394 1458 1457
3 1394 1395 1458
3 1395 1459 1458
3 1395 1396 1459
3 1396 1460 1459
3 1396 1397 1460
3 1397 1461 1460
3 1397 1398 1461
3 1398 1462 1461
3 1398 1399 1462
3 1399 1463 1462
3 1399 1400 1463
3 1400 1464 1463
3 1400 1401 1464
3 1401 1465 1464
3 1401 1402 1465
3 1402 1466 1465
3 1402 1403 1466
3 1403 1467 1466
3 1403 1404 1467
3 1404 1468 1467
3 1404 1405 1468
3 1405 1469 1468
3 1405 1406 1469
3 1406 1470 1469
3 1406 1407 1470
3 1407 1471 1470
3 1407 1408 1471
3 1408 1472 1471
3 1408 1409 1472
3 1409 1473 1472
3 1409 1346 1473
3 1346 1410 1473
3 1410 1411 1474
3 1411 1475 1474
3 1411 1412 1475
3 1412 1476 1475
3 1412 1413 1476
3 1413 1477 1476
3 1413 1414 1477
3 1414 1478 1477
3 1414 1415 1478
3 1415 1479 1478
3 1415 1416 1479
3 1416 1480 1479
3 1416 1417 1480
3 1417 1481 1480
3 1417 1418 1481
3 1418 1482 1481
3 1418 1419 1482
3 1419 1483 1482
3 1419 1420 1483
3 1420 1484 1483
3 1420 1421 1484
3 1421 1485 1484
3 1421 1422 1485
3 1422 1486 1485
3 1422 1423 1486
3 1423 1487 1486
3 1423 1424 1487
3 1424 1488 1487
3 1424 1425 1488
3 1425 1489 1488
3 1425 1426 1489
3 1426 1490 1489
3 1426 1427 1490
3 1427 1491 1490
3 1427 1428 1491
3 1428 1492 1491
3 1428 1429 1492
3 1429 1493 1492
3 1429 1430 1493
3 1430 1494 1493
3 1430 1431 1494
3 1431 1495 1494
3 1431 1432 1495
3 1432 1496 1495
3 1432 1433 1496
3 1433 1497 1496
3 1433 1434 1497
3 1434 1498 1497
3 1434 1435 1498
3 1435 1499 1498
3 1435 1436 1499
3 1436 1500 1499
3 1436 1437 1500
3 1437 1501 1500
3 1437 1438 1501
3 1438 1502 1501
3 1438 1439 1502
3 1439 1503 1502
3 1439 1440 1503
3 1440 1504 1503
3 1440 1441 1504
3 1441 1505 1504
3 1441 1442 1505
3 1442 1506 1505
3 1442 1443 1506
3 1443 1507 1506
3 1443 1444 1507
3 1444 1508 1507
3 1444 1445 1508
3 1445 1509 1508
3 1445 1446 1509
3 1446 1510 1509
3 1446 1447 1510
3 1447 1511 1510
3 1447 1448 1511
3 1448 1512 1511
3 1448 1449 1512
3 1449 1513 1512
3 1449 1450 1513
3 1450 1514 1513
3 1450 1451 1514
3 1451 1515 1514
3 1451 1452 1515
3 1452 1516 1515
3 1452 1453 1516
3 1453 1517 1516
3 1453 1454 1517
3 1454 1518 1517
3 1454 1455 1518
3 1455 1519 1518
3 1455 1456 1519
3 1456 1520 1519
3 1456 1457 1520
3 1457 1521 1520
3 1457 1458 1521
3 1458 1522 1521
3 1458 1459 1522
3 1459 1523 1522
3 1459 1460 1523
3 1460 1524 1523
3 1460 1461 1524
3 1461 1525 1524
3 1461 1462 1525
3 1462 1526 1525
3 1462 1463 1526
3 1463 1527 1526
3 1463 1464 1527
3 1464 1528 1527
3 1464 1465 1528
3 1465 1529 1528
3 1465 1466 1529
3 1466 1530 1529
3 1466 1467 1530
3 1467 1531 1530
3 1467 1468 1531
3 1468 1532 1531
3 1468 1469 1532
3 1469 1533 1532
3 1469 1470 1533
3 1470 1534 1533
3 1470 1471 1534
3 1471 1535 1534
3 1471 1472 1535
3 1472 1536 1535
3 1472 1473 1536
3 1473 1537 1536
3 1473 1410 1537
3 1410 1474 1537
3 1474 1475 1538
3 1475 1539 1538
3 1475 1476 1539
3 1476 1540 1539
3 1476 1477 1540
3 1477 1541 1540
3 1477 1478 1541
3 1478 1542 1541
3 1478 1479 1542
3 1479 1543 1542
3 1479 1480 1543
3 1480 1544 1543
3 1480 1481 1544
3 1481 1545 1544
3 1481 1482 1545
3 1482 1546 1545
3 1482 1483 1546
3 1483 1547 1546
3 1483 1484 1547
3 1484 1548 1547
3 1484 1485 1548
3 1485 1549 1548
3 1485 1486 1549
3 1486 1550 1549
3 1486 1487 1550
3 1487 1551 1550
3 1487 1488 1551
3 1488 1552 1551
3 1488 1489 1552
3 1489 1553 1552
3 1489 1490 1553
3 1490 1554 1553
3 1490 1491 1554
3 1491 1555 1554
3 1491 1492 1555
3 1492 1556 1555
3 1492 1493 1556
3 1493 1557 1556
3 1493 1494 1557
3 1494 1558 1557
3 1494 1495 1558
3 1495 1559 1558
3 1495 1496 1559
3 1496 1560 1559
3 1496 1497 1560
3 1497 1561 1560
3 1497 1498 1561
3 1498 1562 1561
3 1498 1499 1562
3 1499 1563 1562
3 1499 1500 1563
3 1500 1564 1563
3 1500 1501 1564
3 1501 1565 1564
3 1501 1502 1565
3 1502 1566 1565
3 1502 1503 1566
3 1503 1567 1566
3 1503 1504 1567
3 1504 1568 1567
3 1504 1505 1568
3 1505 1569 1568
3 1505 1506 1569
3 1506 1570 1569
3 1506 1507 1570
3 1507 1571 1570
3 1507 1508 1571
3 1508 1572 1571
3 1508 1509 1572
3 1509 1573 1572
3 1509 1510 1573
3 1510 1574 1573
3 1510 1511 1574
3 1511 1575 1574
3 1511 1512 1575
3 1512 1576 1575
3 1512 1513 1576
3 1513 1577 1576
3 1513 1514 1577
3 1514 1578 1577
3 1514 1515 1578
3 1515 1579 1578
3 1515 1516 1579
3 1516 1580 1579
3 1516 1517 1580
3 1517 1581 1580
3 1517 1518 1581
3 1518 1582 1581
3 1518 1519 1582
3 1519 1583 1582
3 1519 1520 1583
3 1520 1584 1583
3 1520 1521 1584
3 1521 1585 1584
3 1521 1522 1585
3 1522 1586 1585
3 1522 1523 1586
3 1523 1587 1586
3 1523 1524 1587
3 1524 1588 1587
3 1524 1525 1588
3 1525 1589 1588
3 1525 1526 1589
3 1526 1590 1589
3 1526 1527 1590
3 1527 1591 1590
3 1527 1528 1591
3 1528 1592 1591
3 1528 1529 1592
3 1529 1593 1592
3 1529 1530 1593
3 1530 1594 1593
3 1530 1531 1594
3 1531 1595 1594
3 1531 1532 1595
3 1532 1596 1595
3 1532 1533 1596
3 1533 1597 1596
3 1533 1534 1597
3 1534 1598 1597
3 1534 1535 1598
3 1535 1599 1598
3 1535 1536 1599
3 1536 1600 1599
3 1536 1537 1600
3 1537 1601 1600
3 1537 1474 1601
3 1474 1538 1601
3 1538 1539 1602
3 1539 1603 1602
3 1539 1540 1603
3 1540 1604 1603
3 1540 1541 1604
3 1541 1605 1604
3 1541 1542 1605
3 1542 1606 1605
3 1542 1543 1606
3 1543 1607 1606
3 1543 1544 1607
3 1544 1608 1607
3 1544 1545 1608
3 1545 1609 1608
3 1545 1546 1609
3 1546 1610 1609
3 1546 1547 1610
3 1547 1611 1610
3 1547 1548 1611
3 1548 1612 1611
3 1548 1549 1612
3 1549 1613 1612
3 1549 1550 1613
3 1550 1614 1613
3 1550 1551 1614
3 1551 1615 1614
3 1551 1552 1615
3 1552 1616 1615
3 1552 1553 1616
3 1553 1617 1616
3 1553 1554 1617
3 1554 1618 1617
3 1554 1555 1618
3 1555 1619 1618
3 1555 1556 1619
3 1556 1620 1619
3 1556 1557 1620
3 1557 1621 1620
3 1557 1558 1621
3 1558 1622 1621
3 1558 1559 1622
3 1559 1623 1622
3 1559 1560 1623
3 1560 1624 1623
3 1560 1561 1624
3 1561 1625 1624
3 1561 1562 1625
3 1562 1626 1625
3 1562 1563 1626
3 1563 1627 1626
3 1563 1564 1627
3 1564 1628 1627
3 1564 1565 1628
3 1565 1629 1628
3 1565 1566 1629
3 1566 1630 1629
3 1566 1567 1630
3 1567 1631 1630
3 1567 1568 1631
3 1568 1632 1631
3 1568 1569 1632
3 1569 1633 1632
3 1569 1570 1633
3 1570 1634 1633
3 1570 1571 1634
3 1571 1635 1634
3 1571 1572 1635
3 1572 1636 1635
3 1572 1573 1636
3 1573 1637 1636
3 1573 1574 1637
3 1574 1638 1637
3 1574 1575 1638
3 1575 1639 1638
3 1575 1576 1639
3 1576 1640 1639
3 1576 1577 1640
3 1577 1641 1640
3 1577 1578 1641
3 1578 1642 1641
3 1578 1579 1642
3 1579 1643 1642
3 1579 1580 1643
3 1580 1644 1643
3 1580 1581 1644
3 1581 1645 1644
3 1581 1582 1645
3 1582 1646 1645
3 1582 1583 1646
3 1583 1647 1646
3 1583 1584 1647
3 1584 1648 1647
3 1584 1585 1648
3 1585 1649 1648
3 1585 1586 1649
3 1586 1650 1649
3 1586 1587 1650
3 1587 1651 1650
3 1587 1588 1651
3 1588 1652 1651
3 1588 1589 1652
3 1589 1653 1652
3 1589 1590 1653
3 1590 1654 1653
3 1590 1591 1654
3 1591 1655 1654
3 1591 1592 1655
3 1592 1656 1655
3 1592 1593 1656
3 1593 1657 1656
3 1593 1594 1657
3 1594 1658 1657
3 1594 1595 1658
3 1595 1659 1658
3 1595 1596 1659
3 1596 1660 1659
3 1596 1597 1660
3 1597 1661 1660
3 1597 1598 1661
3 1598 1662 1661
3 1598 1599 1662
3 1599 1663 1662
3 1599 1600 1663
3 1600 1664 1663
3 1600 1601 1664
3 1601 1665 1664
3 1601 1538 1665
3 1538 1602 1665
3 1602 1603 1666
3 1603 1667 1666
3 1603 1604 1667
3 1604 1668 1667
3 1604 1605 1668
3 1605 1669 1668
3 1605 1606 1669
3 1606 1670 1669
3 1606 1607 1670
3 1607 1671 1670
3 1607 1608 1671
3 1608 1672 1671
3 1608 1609 1672
3 1609 1673 1672
3 1609 1610 1673
3 1610 1674 1673
3 1610 1611 1674
3 1611 1675 1674
3 1611 1612 1675
3 1612 1676 1675
3 1612 1613 1676
3 1613 1677 1676
3 1613 1614 1677
3 1614 1678 1677
3 1614 1615 1678
3 1615 1679 1678
3 1615 1616 1679
3 1616 1680 1679
3 1616 1617 1680
3 1617 1681 1680
3 1617 1618 1681
3 1618 1682 1681
3 1618 1619 1682
3 1619 1683 1682
3 1619 1620 1683
3 1620 1684 1683
3 1620 1621 1684
3 1621 1685 1684
3 1621 1622 1685
3 1622 1686 1685
3 1622 1623 1686
3 1623 1687 1686
3 1623 1624 1687
3 1624 1688 1687
3 1624 1625 1688
3 1625 1689 1688
3 1625 1626 1689
3 1626 1690 1689
3 1626 1627 1690
3 1627 1691 1690
3 1627 1628 1691
3 1628 1692 1691
3 1628 1629 1692
3 1629 1693 1692
3 1629 1630 1693
3 1630 1694 1693
3 1630 1631 1694
3 1631 1695 1694
3 1631 1632 1695
3 1632 1696 1695
3 1632 1633 1696
3 1633 1697 1696
3 1633 1634 1697
3 1634 1698 1697
3 1634 1635 1698
3 1635 1699 1698
3 1635 1636 1699
3 1636 1700 1699
3 1636 1637 1700
3 1637 1701 1700
3 1637 1638 1701
3 1638 1702 1701
3 1638 1639 1702
3 1639 1703 1702
3 1639 1640 1703
3 1640 1704 1703
3 1640 1641 1704
3 1641 1705 1704
3 1641 1642 1705
3 1642 1706 1705
3 1642 1643 1706
3 1643 1707 1706
3 1643 1644 1707
3 1644 1708 1707
3 1644 1645 1708
3 1645 1709 1708
3 1645 1646 1709
3 1646 1710 1709
3 1646 1647 1710
3 1647 1711 1710
3 1647 1648 1711
3 1648 1712 1711
3 1648 1649 1712
3 1649 1713 1712
3 1649 1650 1713
3 1650 1714 1713
3 1650 1651 1714
3 1651 1715 1714
3 1651 1652 1715
3 1652 1716 1715
3 1652 1653 1716
3 1653 1717 1716
3 1653 1654 1717
3 1654 1718 1717
3 1654 1655 1718
3 1655 1719 1718
3 1655 1656 1719
3 1656 1720 1719
3 1656 1657 1720
3 1657 1721 1720
3 1657 1658 1721
3 1658 1722 1721
3 1658 1659 1722
3 1659 1723 1722
3 1659 1660 1723
3 1660 1724 1723
3 1660 1661 1724
3 1661 1725 1724
3 1661 1662 1725
3 1662 1726 1725
3 1662 1663 1726
3 1663 1727 1726
3 1663 1664 1727
3 1664 1728 1727
3 1664 1665 1728
3 1665 1729 1728
3 1665 1602 1729
3 1602 1666 1729
3 1666 1667 1730
3 1667 1731 1730
3 1667 1668 1731
3 1668 1732 1731
3 1668 1669 1732
3 1669 1733 1732
3 1669 1670 1733
3 1670 1734 1733
3 1670 1671 1734
3 1671 1735 1734
3 1671 1672 1735
3 1672 1736 1735
3 1672 1673 1736
3 1673 1737 1736
3 1673 1674 1737
3 1674 1738 1737
3 1674 1675 1738
3 1675 1739 1738
3 1675 1676 1739
3 1676 1740 1739
3 1676 1677 1740
3 1677 1741 1740
3 1677 1678 1741
3 1678 1742 1741
3 1678 1679 1742
3 1679 1743 1742
3 1679 1680 1743
3 1680 1744 1743
3 1680 1681 1744
3 1681 1745 1744
3 1681 1682 1745
3 1682 1746 1745
3 1682 1683 1746
3 1683 1747 1746
3 1683 1684 1747
3 1684 1748 1747
3 1684 1685 1748
3 1685 1749 1748
3 1685 1686 1749
3 1686 1750 1749
3 1686 1687 1750
3 1687 1751 1750
3 1687 1688 1751
3 1688 1752 1751
3 1688 1689 1752
3 1689 1753 1752
3 1689 1690 1753
3 1690 1754 1753
3 1690 1691 1754
3 1691 1755 1754
3 1691 1692 1755
3 1692 1756 1755
3 1692 1693 1756
3 1693 1757 1756
3 1693 1694 1757
3 1694 1758 1757
3 1694 1695 1758
3 1695 1759 1758
3 1695 1696 1759
3 1696 1760 1759
3 1696 1697 1760
3 1697 1761 1760
3 1697 1698 1761
3 1698 1762 1761
3 1698 1699 1762
3 1699 1763 1762
3 1699 1700 1763
3 1700 1764 1763
3 1700 1701 1764
3 1701 1765 1764
3 1701 1702 1765
3 1702 1766 1765
3 1702 1703 1766
3 1703 1767 1766
3 1703 1704 1767
3 1704 1768 1767
3 1704 1705 1768
3 1705 1769 1768
3 1705 1706 1769
3 1706 1770 1769
3 1706 1707 1770
3 1707 1771 1770
3 1707 1708 1771
3 1708 1772 1771
3 1708 1709 1772
3 1709 1773 1772
3 1709 1710 1773
3 1710 1774 1773
3 1710 1711 1774
3 1711 1775 1774
3 1711 1712 1775
3 1712 1776 1775
3 1712 1713 1776
3 1713 1777 1776
3 1713 1714 1777
3 1714 1778 1777
3 1714 1715 1778
3 1715 1779 1778
3 1715 1716 1779
3 1716 1780 1779
3 1716 1717 1780
3 1717 1781 1780
3 1717 1718 1781
3 1718 1782 1781
3 1718 1719 1782
3 1719 1783 1782
3 1719 1720 1783
3 1720 1784 1783
3 1720 1721 1784
3 1721 1785 1784
3 1721 1722 1785
3 1722 1786 1785
3 1722 1723 1786
3 1723 1787 1786
3 1723 1724 1787
3 1724 1788 1787
3 1724 1725 1788
3 1725 1789 1788
3 1725 1726 1789
3 1726 1790 1789
3 1726 1727 1790
3 1727 1791 1790
3 1727 1728 1791
3 1728 1792 1791
3 1728 1729 1792
3 1729 1793 1792
3 1729 1666 1793
3 1666 1730 1793
3 1730 1731 1794
3 1731 1795 1794
3 1731 1732 1795
3 1732 1796 1795
3 1732 1733 1796
3 1733 1797 1796
3 1733 1734 1797
3 1734 1798 1797
3 1734 1735 1798
3 1735 1799 1798
3 1735 1736 1799
3 1736 1800 1799
3 1736 1737 1800
3 1737 1801 1800
3 1737 1738 1801
3 1738 1802 1801
3 1738 1739 1802
3 1739 1803 1802
3 1739 1740 1803
3 1740 1804 1803
3 1740 1741 1804
3 1741 1805 1804
3 1741 1742 1805
3 1742 1806 1805
3 1742 1743 1806
3 1743 1807 1806
3 1743 1744 1807
3 1744 1808 1807
3 1744 1745 1808
3 1745 1809 1808
3 1745 1746 1809
3 1746 1810 1809
3 1746 1747 1810
3 1747 1811 1810
3 1747 1748 1811
3 1748 1812 1811
3 1748 1749 1812
3 1749 1813 1812
3 1749 1750 1813
3 1750 1814 1813
3 1750 1751 1814
3 1751 1815 1814
3 1751 1752 1815
3 1752 1816 1815
3 1752 1753 1816
3 1753 1817 1816
3 1753 1754 1817
3 1754 1818 1817
3 1754 1755 1818
3 1755 1819 1818
3 1755 1756 1819
3 1756 1820 1819
3 1756 1757 1820
3 1757 1821 1820
3 1757 1758 1821
3 1758 1822 1821
3 1758 1759 1822
3 1759 1823 1822
3 1759 1760 1823
3 1760 1824 1823
3 1760 1761 1824
3 1761 1825 1824
3 1761 1762 1825
3 1762 1826 1825
3 1762 1763 1826
3 1763 1827 1826
3 1763 1764 1827
3 1764 1828 1827
3 1764 1765 1828
3 1765 1829 1828
3 1765 1766 1829
3 1766 1830 1829
3 1766 1767 1830
3 1767 1831 1830
3 1767 1768 1831
3 1768 1832 1831
3 1768 1769 1832
3 1769 1833 1832
3 1769 1770 1833
3 1770 1834 1833
3 1770 1771 1834
3 1771 1835 1834
3 1771 1772 1835
3 1772 1836 1835
3 1772 1773 1836
3 1773 1837 1836
3 1773 1774 1837
3 1774 1838 1837
3 1774 1775 1838
3 1775 1839 1838
3 1775 1776 1839
3 1776 1840 1839
3 1776 1777 1840
3 1777 1841 1840
3 1777 1778 1841
3 1778 1842 1841
3 1778 1779 1842
3 1779 1843 1842
3 1779 1780 1843
3 1780 1844 1843
3 1780 1781 1844
3 1781 1845 1844
3 1781 1782 1845
3 1782 1846 1845
3 1782 1783 1846
3 1783 1847 1846
3 1783 1784 1847
3 1784 1848 1847
3 1784 1785 1848
3 1785 1849 1848
3 1785 1786 1849
3 1786 1850 1849
3 1786 1787 1850
3 1787 1851 1850
3 1787 1788 1851
3 1788 1852 1851
3 1788 1789 1852
3 1789 1853 1852
3 1789 1790 1853
3 1790 1854 1853
3 1790 1791 1854
3 1791 1855 1854
3 1791 1792 1855
3 1792 1856 1855
3 1792 1793 1856
3 1793 1857 1856
3 1793 1730 1857
3 1730 1794 1857
3 1794 1795 1858
3 1795 1859 1858
3 1795 1796 1859
3 1796 1860 1859
3 1796 1797 1860
3 1797 1861 1860
3 1797 1798 1861
3 1798 1862 1861
3 1798 1799 1862
3 1799 1863 1862
3 1799 1800 1863
3 1800 1864 1863
3 1800 1801 1864
3 1801 1865 1864
3 1801 1802 1865
3 1802 1866 1865
3 1802 1803 1866
3 1803 1867 1866
3 1803 1804 1867
3 1804 1868 1867
3 1804 1805 1868
3 1805 1869 1868
3 1805 1806 1869
3 1806 1870 1869
3 1806 1807 1870
3 1807 1871 1870
3 1807 1808 1871
3 1808 1872 1871
3 1808 1809 1872
3 1809 1873 1872
3 1809 1810 1873
3 1810 1874 1873
3 1810 1811 1874
3 1811 1875 1874
3 1811 1812 1875
3 1812 1876 1875
3 1812 1813 1876
3 1813 1877 1876
3 1813 1814 1877
3 1814 1878 1877
3 1814 1815 1878
3 1815 1879 1878
3 1815 1816 1879
3 1816 1880 1879
3 1816 1817 1880
3 1817 1881 1880
3 1817 1818 1881
3 1818 1882 1881
3 1818 1819 1882
3 1819 1883 1882
3 1819 1820 1883
3 1820 1884 1883
3 1820 1821 1884
3 1821 1885 1884
3 1821 1822 1885
3 1822 1886 1885
3 1822 1823 1886
3 1823 1887 1886
3 1823 1824 1887
3 1824 1888 1887
3 1824 1825 1888
3 1825 1889 1888
3 1825 1826 1889
3 1826 1890 1889
3 1826 1827 1890
3 1827 1891 1890
3 1827 1828 1891
3 1828 1892 1891
3 1828 1829 1892
3 1829 1893 1892
3 1829 1830 1893
3 1830 1894 1893
3 1830 1831 1894
3 1831 1895 1894
3 1831 1832 1895
3 1832 1896 1895
3 1832 1833 1896
3 1833 1897 1896
3 1833 1834 1897
3 1834 1898 1897
3 1834 1835 1898
3 1835 1899 1898
3 1835 1836 1899
3 1836 1900 1899
3 1836 1837 1900
3 1837 1901 1900
3 1837 1838 1901
3 1838 1902 1901
3 1838 1839 1902
3 1839 1903 1902
3 1839 1840 1903
3 1840 1904 1903
3 1840 1841 1904
3 1841 1905 1904
3 1841 1842 1905
3 1842 1906 1905
3 1842 1843 1906
3 1843 1907 1906
3 1843 1844 1907
3 1844 1908 1907
3 1844 1845 1908
3 1845 1909 1908
3 1845 1846 1909
3 1846 1910 1909
3 1846 1847 1910
3 1847 1911 1910
3 1847 1848 1911
3 1848 1912 1911
3 1848 1849 1912
3 1849 1913 1912
3 1849 1850 1913
3 1850 1914 1913
3 1850 1851 1914
3 1851 1915 1914
3 1851 1852 1915
3 1852 1916 1915
3 1852 1853 1916
3 1853 1917 1916
3 1853 1854 1917
3 1854 1918 1917
3 1854 1855 1918
3 1855 1919 1918
3 1855 1856 1919
3 1856 1920 1919
3 1856 1857 1920
3 1857 1921 1920
3 1857 1794 1921
3 1794 1858 1921
3 1858 1859 1922
3 1859 1923 1922
3 1859 1860 1923
3 1860 1924 1923
3 1860 1861 1924
3 1861 1925 1924
3 1861 1862 1925
3 1862 1926 1925
3 1862 1863 1926
3 1863 1927 1926
3 1863 1864 1927
3 1864 1928 1927
3 1864 1865 1928
3 1865 1929 1928
3 1865 1866 1929
3 1866 1930 1929
3 1866 1867 1930
3 1867 1931 1930
3 1867 1868 1931
3 1868 1932 1931
3 1868 1869 1932
3 1869 1933 1932
3 1869 1870 1933
3 1870 1934 1933
3 1870 1871 1934
3 1871 1935 1934
3 1871 1872 1935
3 1872 1936 1935
3 1872 1873 1936
3 1873 1937 1936
3 1873 1874 1937
3 1874 1938 1937
3 1874 1875 1938
3 1875 1939 1938
3 1875 1876 1939
3 1876 1940 1939
3 1876 1877 1940
3 1877 1941 1940
3 1877 1878 1941
3 1878 1942 1941
3 1878 1879 1942
3 1879 1943 1942
3 1879 1880 1943
3 1880 1944 1943
3 1880 1881 1944
3 1881 1945 1944
3 1881 1882 1945
3 1882 1946 1945
3 1882 1883 1946
3 1883 1947 1946
3 1883 1884 1947
3 1884 1948 1947
3 1884 1885 1948
3 1885 1949 1948
3 1885 1886 1949
3 1886 1950 1949
3 1886 1887 1950
3 1887 1951 1950
3 1887 1888 1951
3 1888 1952 1951
3 1888 1889 1952
3 1889 1953 1952
3 1889 1890 1953
3 1890 1954 1953
3 1890 1891 1954
3 1891 1955 1954
3 1891 1892 1955
3 1892 1956 1955
3 1892 1893 1956
3 1893 1957 1956
3 1893 1894 1957
3 1894 1958 1957
3 1894 1895 1958
3 1895 1959 1958
3 1895 1896 1959
3 1896 1960 1959
3 1896 1897 1960
3 1897 1961 1960
3 1897 1898 1961
3 1898 1962 1961
3 1898 1899 1962
3 1899 1963 1962
3 1899 1900 1963
3 1900 1964 1963
3 1900 1901 1964
3 1901 1965 1964
3 1901 1902 1965
3 1902 1966 1965
3 1902 1903 1966
3 1903 1967 1966
3 1903 1904 1967
3 1904 1968 1967
3 1904 1905 1968
3 1905 1969 1968
3 1905 1906 1969
3 1906 1970 1969
3 1906 1907 1970
3 1907 1971 1970
3 1907 1908 1971
3 1908 1972 1971
3 1908 1909 1972
3 1909 1973 1972
3 1909 1910 1973
3 1910 1974 1973
3 1910 1911 1974
3 1911 1975 1974
3 1911 1912 1975
3 1912 1976 1975
3 1912 1913 1976
3 1913 1977 1976
3 1913 1914 1977
3 1914 1978 1977
3 1914 1915 1978
3 1915 1979 1978
3 1915 1916 1979
3 1916 1980 1979
3 1916 1917 1980
3 1917 1981 1980
3 1917 1918 1981
3 1918 1982 1981
3 1918 1919 1982
3 1919 1983 1982
3 1919 1920 1983
3 1920 1984 1983
3 1920 1921 1984
3 1921 1985 1984
3 1921 1858 1985
3 1858 1922 1985
3 1922 1923 1986
3 1923 1987 1986
3 1923 1924 1987
3 1924 1988 1987
3 1924 1925 1988
3 1925 1989 1988
3 1925 1926 1989
3 1926 1990 1989
3 1926 1927 1990
3 1927 1991 1990
3 1927 1928 1991
3 1928 1992 1991
3 1928 1929 1992
3 1929 1993 1992
3 1929 1930 1993
3 1930 1994 1993
3 1930 1931 1994
3 1931 1995 1994
3 1931 1932 1995
3 1932 1996 1995
3 1932 1933 1996
3 1933 1997 1996
3 1933 1934 1997
3 1934 1998 1997
3 1934 1935 1998
3 1935 1999 1998
3 1935 1936 1999
3 1936 2000 1999
3 1936 1937 2000
3 1937 2001 2000
3 1937 1938 2001
3 1938 2002 2001
3 1938 1939 2002
3 1939 2003 2002
3 1939 1940 2003
3 1940 2004 2003
3 1940 1941 2004
3 1941 2005 2004
3 1941 1942 2005
3 1942 2006 2005
3 1942 1943 2006
3 1943 2007 2006
3 1943 1944 2007
3 1944 2008 2007
3 1944 1945 2008
3 1945 2009 2008
3 1945 1946 2009
3 1946 2010 2009
3 1946 1947 2010
3 1947 2011 2010
3 1947 1948 2011
3 1948 2012 2011
3 1948 1949 2012
3 1949 2013 2012
3 1949 1950 2013
3 1950 2014 2013
3 1950 1951 2014
3 1951 2015 2014
3 1951 1952 2015
3 1952 2016 2015
3 1952 1953 2016
3 1953 2017 2016
3 1953 1954 2017
3 1954 2018 2017
3 1954 1955 2018
3 1955 2019 2018
3 1955 1956 2019
3 1956 2020 2019
3 1956 1957 2020
3 1957 2021 2020
3 1957 1958 2021
3 1958 2022 2021
3 1958 1959 2022
3 1959 2023 2022
3 1959 1960 2023
3 1960 2024 2023
3 1960 1961 2024
3 1961 2025 2024
3 1961 1962 2025
3 1962 2026 2025
3 1962 1963 2026
3 1963 2027 2026
3 1963 1964 2027
3 1964 2028 2027
3 1964 1965 2028
3 1965 2029 2028
3 1965 1966 2029
3 1966 2030 2029
3 1966 1967 2030
3 1967 2031 2030
3 1967 1968 2031
3 1968 2032 2031
3 1968 1969 2032
3 1969 2033 2032
3 1969 1970 2033
3 1970 2034 2033
3 1970 1971 2034
3 1971 2035 2034
3 1971 1972 2035
3 1972 2036 2035
3 1972 1973 2036
3 1973 2037 2036
3 1973 1974 2037
3 1974 2038 2037
3 1974 1975 2038
3 1975 2039 2038
3 1975 1976 2039
3 1976 2040 2039
3 1976 1977 2040
3 1977 2041 2040
3 1977 1978 2041
3 1978 2042 2041
3 1978 1979 2042
3 1979 2043 2042
3 1979 1980 2043
3 1980 2044 2043
3 1980 1981 2044
3 1981 2045 2044
3 1981 1982 2045
3 1982 2046 2045
3 1982 1983 2046
3 1983 2047 2046
3 1983 1984 2047
3 1984 2048 2047
3 1984 1985 2048
3 1985 2049 2048
3 1985 1922 2049
3 1922 1986 2049
3 1986 1987 2050
3 1987 2051 2050
3 1987 1988 2051
3 1988 2052 2051
3 1988 1989 2052
3 1989 2053 2052
3 1989 1990 2053
3 1990 2054 2053
3 1990 1991 2054
3 1991 2055 2054
3 1991 1992 2055
3 1992 2056 2055
3 1992 1993 2056
3 1993 2057 2056
3 1993 1994 2057
3 1994 2058 2057
3 1994 1995 2058
3 1995 2059 2058
3 1995 1996 2059
3 1996 2060 2059
3 1996 1997 2060
3 1997 2061 2060
3 1997 1998 2061
3 1998 2062 2061
3 1998 1999 2062
3 1999 2063 2062
3 1999 2000 2063
3 2000 2064 2063
3 2000 2001 2064
3 2001 2065 2064
3 2001 2002 2065
3 2002 2066 2065
3 2002 2003 2066
3 2003 2067 2066
3 2003 2004 2067
3 2004 2068 2067
3 2004 2005 2068
3 2005 2069 2068
3 2005 2006 2069
3 2006 2070 2069
3 2006 2007 2070
3 2007 2071 2070
3 2007 2008 2071
3 2008 2072 2071
3 2008 2009 2072
3 2009 2073 2072
3 2009 2010 2073
3 2010 2074 2073
3 2010 2011 2074
3 2011 2075 2074
3 2011 2012 2075
3 2012 2076 2075
3 2012 2013 2076
3 2013 2077 2076
3 2013 2014 2077
3 2014 2078 2077
3 2014 2015 2078
3 2015 2079 2078
3 2015 2016 2079
3 2016 2080 2079
3 2016 2017 2080
3 2017 2081 2080
3 2017 2018 2081
3 2018 2082 2081
3 2018 2019 2082
3 2019 2083 2082
3 2019 2020 2083
3 2020 2084 2083
3 2020 2021 2084
3 2021 2085 2084
3 2021 2022 2085
3 2022 2086 2085
3 2022 2023 2086
3 2023 2087 2086
3 2023 2024 2087
3 2024 2088 2087
3 2024 2025 2088
3 2025 2089 2088
3 2025 2026 2089
3 2026 2090 2089
3 2026 2027 2090
3 2027 2091 2090
3 2027 2028 2091
3 2028 2092 2091
3 2028 2029 2092
3 2029 2093 2092
3 2029 2030 2093
3 2030 2094 2093
3 2030 2031 2094
3 2031 2095 2094
3 2031 2032 2095
3 2032 2096 2095
3 2032 2033 2096
3 2033 2097 2096
3 2033 2034 2097
3 2034 2098 2097
3 2034 2035 2098
3 2035 2099 2098
3 2035 2036 2099
3 2036 2100 2099
3 2036 2037 2100
3 2037 2101 2100
3 2037 2038 2101
3 2038 2102 2101
3 2038 2039 2102
3 2039 2103 2102
3 2039 2040 2103
3 2040 2104 2103
3 2040 2041 2104
3 2041 2105 2104
3 2041 2042 2105
3 2042 2106 2105
3 2042 2043 2106
3 2043 2107 2106
3 2043 2044 2107
3 2044 2108 2107
3 2044 2045 2108
3 2045 2109 2108
3 2045 2046 2109
3 2046 2110 2109
3 2046 2047 2110
3 2047 2111 2110
3 2047 2048 2111
3 2048 2112 2111
3 2048 2049 2112
3 2049 2113 2112
3 2049 1986 2113
3 1986 2050 2113
3 2050 2051 2114
3 2051 2115 2114
3 2051 2052 2115
3 2052 2116 2115
3 2052 2053 2116
3 2053 2117 2116
3 2053 2054 2117
3 2054 2118 2117
3 2054 2055 2118
3 2055 2119 2118
3 2055 2056 2119
3 2056 2120 2119
3 2056 2057 2120
3 2057 2121 2120
3 2057 2058 2121
3 2058 2122 2121
3 2058 2059 2122
3 2059 2123 2122
3 2059 2060 2123
3 2060 2124 2123
3 2060 2061 2124
3 2061 2125 2124
3 2061 2062 2125
3 2062 2126 2125
3 2062 2063 2126
3 2063 2127 2126
3 2063 2064 2127
3 2064 2128 2127
3 2064 2065 2128
3 2065 2129 2128
3 2065 2066 2129
3 2066 2130 2129
3 2066 2067 2130
3 2067 2131 2130
3 2067 2068 2131
3 2068 2132 2131
3 2068 2069 2132
3 2069 2133 2132
3 2069 2070 2133
3 2070 2134 2133
3 2070 2071 2134
3 2071 2135 2134
3 2071 2072 2135
3 2072 2136 2135
3 2072 2073 2136
3 2073 2137 2136
3 2073 2074 2137
3 2074 2138 2137
3 2074 2075 2138
3 2075 2139 2138
3 2075 2076 2139
3 2076 2140 2139
3 2076 2077 2140
3 2077 2141 2140
3 2077 2078 2141
3 2078 2142 2141
3 2078 2079 2142
3 2079 2143 2142
3 2079 2080 2143
3 2080 2144 2143
3 2080 2081 2144
3 2081 2145 2144
3 2081 2082 2145
3 2082 2146 2145
3 2082 2083 2146
3 2083 2147 2146
3 2083 2084 2147
3 2084 2148 2147
3 2084 2085 2148
3 2085 2149 2148
3 2085 2086 2149
3 2086 2150 2149
3 2086 2087 2150
3 2087 2151 2150
3 2087 2088 2151
3 2088 2152 2151
3 2088 2089 2152
3 2089 2153 2152
3 2089 2090 2153
3 2090 2154 2153
3 2090 2091 2154
3 2091 2155 2154
3 2091 2092 2155
3 2092 2156 2155
3 2092 2093 2156
3 2093 2157 2156
3 2093 2094 2157
3 2094 2158 2157
3 2094 2095 2158
3 2095 2159 2158
3 2095 2096 2159
3 2096 2160 2159
3 2096 2097 2160
3 2097 2161 2160
3 2097 2098 2161
3 2098 2162 2161
3 2098 2099 2162
3 2099 2163 2162
3 2099 2100 2163
3 2100 2164 2163
3 2100 2101 2164
3 2101 2165 2164
3 2101 2102 2165
3 2102 2166 2165
3 2102 2103 2166
3 2103 2167 2166
3 2103 2104 2167
3 2104 2168 2167
3 2104 2105 2168
3 2105 2169 2168
3 2105 2106 2169
3 2106 2170 2169
3 2106 2107 2170
3 2107 2171 2170
3 2107 2108 2171
3 2108 2172 2171
3 2108 2109 2172
3 2109 2173 2172
3 2109 2110 2173
3 2110 2174 2173
3 2110 2111 2174
3 2111 2175 2174
3 2111 2112 2175
3 2112 2176 2175
3 2112 2113 2176
3 2113 2177 2176
3 2113 2050 2177
3 2050 2114 2177
3 2114 2115 2178
3 2115 2179 2178
3 2115 2116 2179
3 2116 2180 2179
3 2116 2117 2180
3 2117 2181 2180
3 2117 2118 2181
3 2118 2182 2181
3 2118 2119 2182
3 2119 2183 2182
3 2119 2120 2183
3 2120 2184 2183
3 2120 2121 2184
3 2121 2185 2184
3 2121 2122 2185
3 2122 2186 2185
3 2122 2123 2186
3 2123 2187 2186
3 2123 2124 2187
3 2124 2188 2187
3 2124 2125 2188
3 2125 2189 2188
3 2125 2126 2189
3 2126 2190 2189
3 2126 2127 2190
3 2127 2191 2190
3 2127 2128 2191
3 2128 2192 2191
3 2128 2129 2192
3 2129 2193 2192
3 2129 2130 2193
3 2130 2194 2193
3 2130 2131 2194
3 2131 2195 2194
3 2131 2132 2195
3 2132 2196 2195
3 2132 2133 2196
3 2133 2197 2196
3 2133 2134 2197
3 2134 2198 2197
3 2134 2135 2198
3 2135 2199 2198
3 2135 2136 2199
3 2136 2200 2199
3 2136 2137 2200
3 2137 2201 2200
3 2137 2138 2201
3 2138 2202 2201
3 2138 2139 2202
3 2139 2203 2202
3 2139 2140 2203
3 2140 2204 2203
3 2140 2141 2204
3 2141 2205 2204
3 2141 2142 2205
3 2142 2206 2205
3 2142 2143 2206
3 2143 2207 2206
3 2143 2144 2207
3 2144 2208 2207
3 2144 2145 2208
3 2145 2209 2208
3 2145 2146 2209
3 2146 2210 2209
3 2146 2147 2210
3 2147 2211 2210
3 2147 2148 2211
3 2148 2212 2211
3 2148 2149 2212
3 2149 2213 2212
3 2149 2150 2213
3 2150 2214 2213
3 2150 2151 2214
3 2151 2215 2214
3 2151 2152 2215
3 2152 2216 2215
3 2152 2153 2216
3 2153 2217 2216
3 2153 2154 2217
3 2154 2218 2217
3 2154 2155 2218
3 2155 2219 2218
3 2155 2156 2219
3 2156 2220 2219
3 2156 2157 2220
3 2157 2221 2220
3 2157 2158 2221
3 2158 2222 2221
3 2158 2159 2222
3 2159 2223 2222
3 2159 2160 2223
3 2160 2224 2223
3 2160 2161 2224
3 2161 2225 2224
3 2161 2162 2225
3 2162 2226 2225
3 2162 2163 2226
3 2163 2227 2226
3 2163 2164 2227
3 2164 2228 2227
3 2164 2165 2228
3 2165 2229 2228
3 2165 2166 2229
3 2166 2230 2229
3 2166 2167 2230
3 2167 2231 2230
3 2167 2168 2231
3 2168 2232 2231
3 2168 2169 2232
3 2169 2233 2232
3 2169 2170 2233
3 2170 2234 2233
3 2170 2171 2234
3 2171 2235 2234
3 2171 2172 2235
3 2172 2236 2235
3 2172 2173 2236
3 2173 2237 2236
3 2173 2174 2237
3 2174 2238 2237
3 2174 2175 2238
3 2175 2239 2238
3 2175 2176 2239
3 2176 2240 2239
3 2176 2177 2240
3 2177 2241 2240
3 2177 2114 2241
3 2114 2178 2241
3 2178 2179 2242
3 2179 2243 2242
3 2179 2180 2243
3 2180 2244 2243
3 2180 2181 2244
3 2181 2245 2244
3 2181 2182 2245
3 2182 2246 2245
3 2182 2183 2246
3 2183 2247 2246
3 2183 2184 2247
3 2184 2248 2247
3 2184 2185 2248
3 2185 2249 2248
3 2185 2186 2249
3 2186 2250 2249
3 2186 2187 2250
3 2187 2251 2250
3 2187 2188 2251
3 2188 2252 2251
3 2188 2189 2252
3 2189 2253 2252
3 2189 2190 2253
3 2190 2254 2253
3 2190 2191 2254
3 2191 2255 2254
3 2191 2192 2255
3 2192 2256 2255
3 2192 2193 2256
3 2193 2257 2256
3 2193 2194 2257
3 2194 2258 2257
3 2194 2195 2258
3 2195 2259 2258
3 2195 2196 2259
3 2196 2260 2259
3 2196 2197 2260
3 2197 2261 2260
3 2197 2198 2261
3 2198 2262 2261
3 2198 2199 2262
3 2199 2263 2262
3 2199 2200 2263
3 2200 2264 2263
3 2200 2201 2264
3 2201 2265 2264
3 2201 2202 2265
3 2202 2266 2265
3 2202 2203 2266
3 2203 2267 2266
3 2203 2204 2267
3 2204 2268 2267
3 2204 2205 2268
3 2205 2269 2268
3 2205 2206 2269
3 2206 2270 2269
3 2206 2207 2270
3 2207 2271 2270
3 2207 2208 2271
3 2208 2272 2271
3 2208 2209 2272
3 2209 2273 2272
3 2209 2210 2273
3 2210 2274 2273
3 2210 2211 2274
3 2211 2275 2274
3 2211 2212 2275
3 2212 2276 2275
3 2212 2213 2276
3 2213 2277 2276
3 2213 2214 2277
3 2214 2278 2277
3 2214 2215 2278
3 2215 2279 2278
3 2215 2216 2279
3 2216 2280 2279
3 2216 2217 2280
3 2217 2281 2280
3 2217 2218 2281
3 2218 2282 2281
3 2218 2219 2282
3 2219 2283 2282
3 2219 2220 2283
3 2220 2284 2283
3 2220 2221 2284
3 2221 2285 2284
3 2221 2222 2285
3 2222 2286 2285
3 2222 2223 2286
3 2223 2287 2286
3 2223 2224 2287
3 2224 2288 2287
3 2224 2225 2288
3 2225 2289 2288
3 2225 2226 2289
3 2226 2290 2289
3 2226 2227 2290
3 2227 2291 2290
3 2227 2228 2291
3 2228 2292 2291
3 2228 2229 2292
3 2229 2293 2292
3 2229 2230 2293
3 2230 2294 2293
3 2230 2231 2294
3 2231 2295 2294
3 2231 2232 2295
3 2232 2296 2295
3 2232 2233 2296
3 2233 2297 2296
3 2233 2234 2297
3 2234 2298 2297
3 2234 2235 2298
3 2235 2299 2298
3 2235 2236 2299
3 2236 2300 2299
3 2236 2237 2300
3 2237 2301 2300
3 2237 2238 2301
3 2238 2302 2301
3 2238 2239 2302
3 2239 2303 2302
3 2239 2240 2303
3 2240 2304 2303
3 2240 2241 2304
3 2241 2305 2304
3 2241 2178 2305
3 2178 2242 2305
3 2242 2243 2306
3 2243 2307 2306
3 2243 2244 2307
3 2244 2308 2307
3 2244 2245 2308
3 2245 2309 2308
3 2245 2246 2309
3 2246 2310 2309
3 2246 2247 2310
3 2247 2311 2310
3 2247 2248 2311
3 2248 2312 2311
3 2248 2249 2312
3 2249 2313 2312
3 2249 2250 2313
3 2250 2314 2313
3 2250 2251 2314
3 2251 2315 2314
3 2251 2252 2315
3 2252 2316 2315
3 2252 2253 2316
3 2253 2317 2316
3 2253 2254 2317
3 2254 2318 2317
3 2254 2255 2318
3 2255 2319 2318
3 2255 2256 2319
3 2256 2320 2319
3 2256 2257 2320
3 2257 2321 2320
3 2257 2258 2321
3 2258 2322 2321
3 2258 2259 2322
3 2259 2323 2322
3 2259 2260 2323
3 2260 2324 2323
3 2260 2261 2324
3 2261 2325 2324
3 2261 2262 2325
3 2262 2326 2325
3 2262 2263 2326
3 2263 2327 2326
3 2263 2264 2327
3 2264 2328 2327
3 2264 2265 2328
3 2265 2329 2328
3 2265 2266 2329
3 2266 2330 2329
3 2266 2267 2330
3 2267 2331 2330
3 2267 2268 2331
3 2268 2332 2331
3 2268 2269 2332
3 2269 2333 2332
3 2269 2270 2333
3 2270 2334 2333
3 2270 2271 2334
3 2271 2335 2334
3 2271 2272 2335
3 2272 2336 2335
3 2272 2273 2336
3 2273 2337 2336
3 2273 2274 2337
3 2274 2338 2337
3 2274 2275 2338
3 2275 2339 2338
3 2275 2276 2339
3 2276 2340 2339
3 2276 2277 2340
3 2277 2341 2340
3 2277 2278 2341
3 2278 2342 2341
3 2278 2279 2342
3 2279 2343 2342
3 2279 2280 2343
3 2280 2344 2343
3 2280 2281 2344
3 2281 2345 2344
3 2281 2282 2345
3 2282 2346 2345
3 2282 2283 2346
3 2283 2347 2346
3 2283 2284 2347
3 2284 2348 2347
3 2284 2285 2348
3 2285 2349 2348
3 2285 2286 2349
3 2286 2350 2349
3 2286 2287 2350
3 2287 2351 2350
3 2287 2288 2351
3 2288 2352 2351
3 2288 2289 2352
3 2289 2353 2352
3 2289 2290 2353
3 2290 2354 2353
3 2290 2291 2354
3 2291 2355 2354
3 2291 2292 2355
3 2292 2356 2355
3 2292 2293 2356
3 2293 2357 2356
3 2293 2294 2357
3 2294 2358 2357
3 2294 2295 2358
3 2295 2359 2358
3 2295 2296 2359
3 2296 2360 2359
3 2296 2297 2360
3 2297 2361 2360
3 2297 2298 2361
3 2298 2362 2361
3 2298 2299 2362
3 2299 2363 2362
3 2299 2300 2363
3 2300 2364 2363
3 2300 2301 2364
3 2301 2365 2364
3 2301 2302 2365
3 2302 2366 2365
3 2302 2303 2366
3 2303 2367 2366
3 2303 2304 2367
3 2304 2368 2367
3 2304 2305 2368
3 2305 2369 2368
3 2305 2242 2369
3 2242 2306 2369
3 2306 2307 2370
3 2307 2371 2370
3 2307 2308 2371
3 2308 2372 2371
3 2308 2309 2372
3 2309 2373 2372
3 2309 2310 2373
3 2310 2374 2373
3 2310 2311 2374
3 2311 2375 2374
3 2311 2312 2375
3 2312 2376 2375
3 2312 2313 2376
3 2313 2377 2376
3 2313 2314 2377
3 2314 2378 2377
3 2314 2315 2378
3 2315 2379 2378
3 2315 2316 2379
3 2316 2380 2379
3 2316 2317 2380
3 2317 2381 2380
3 2317 2318 2381
3 2318 2382 2381
3 2318 2319 2382
3 2319 2383 2382
3 2319 2320 2383
3 2320 2384 2383
3 2320 2321 2384
3 2321 2385 2384
3 2321 2322 2385
3 2322 2386 2385
3 2322 2323 2386
3 2323 2387 2386
3 2323 2324 2387
3 2324 2388 2387
3 2324 2325 2388
3 2325 2389 2388
3 2325 2326 2389
3 2326 2390 2389
3 2326 2327 2390
3 2327 2391 2390
3 2327 2328 2391
3 2328 2392 2391
3 2328 2329 2392
3 2329 2393 2392
3 2329 2330 2393
3 2330 2394 2393
3 2330 2331 2394
3 2331 2395 2394
3 2331 2332 2395
3 2332 2396 2395
3 2332 2333 2396
3 2333 2397 2396
3 2333 2334 2397
3 2334 2398 2397
3 2334 2335 2398
3 2335 2399 2398
3 2335 2336 2399
3 2336 2400 2399
3 2336 2337 2400
3 2337 2401 2400
3 2337 2338 2401
3 2338 2402 2401
3 2338 2339 2402
3 2339 2403 2402
3 2339 2340 2403
3 2340 2404 2403
3 2340 2341 2404
3 2341 2405 2404
3 2341 2342 2405
3 2342 2406 2405
3 2342 2343 2406
3 2343 2407 2406
3 2343 2344 2407
3 2344 2408 2407
3 2344 2345 2408
3 2345 2409 2408
3 2345 2346 2409
3 2346 2410 2409
3 2346 2347 2410
3 2347 2411 2410
3 2347 2348 2411
3 2348 2412 2411
3 2348 2349 2412
3 2349 2413 2412
3 2349 2350 2413
3 2350 2414 2413
3 2350 2351 2414
3 2351 2415 2414
3 2351 2352 2415
3 2352 2416 2415
3 2352 2353 2416
3 2353 2417 2416
3 2353 2354 2417
3 2354 2418 2417
3 2354 2355 2418
3 2355 2419 2418
3 2355 2356 2419
3 2356 2420 2419
3 2356 2357 2420
3 2357 2421 2420
3 2357 2358 2421
3 2358 2422 2421
3 2358 2359 2422
3 2359 2423 2422
3 2359 2360 2423
3 2360 2424 2423
3 2360 2361 2424
3 2361 2425 2424
3 2361 2362 2425
3 2362 2426 2425
3 2362 2363 2426
3 2363 2427 2426
3 2363 2364 2427
3 2364 2428 2427
3 2364 2365 2428
3 2365 2429 2428
3 2365 2366 2429
3 2366 2430 2429
3 2366 2367 2430
3 2367 2431 2430
3 2367 2368 2431
3 2368 2432 2431
3 2368 2369 2432
3 2369 2433 2432
3 2369 2306 2433
3 2306 2370 2433
3 2370 2371 2434
3 2371 2435 2434
3 2371 2372 2435
3 2372 2436 2435
3 2372 2373 2436
3 2373 2437 2436
3 2373 2374 2437
3 2374 2438 2437
3 2374 2375 2438
3 2375 2439 2438
3 2375 2376 2439
3 2376 2440 2439
3 2376 2377 2440
3 2377 2441 2440
3 2377 2378 2441
3 2378 2442 2441
3 2378 2379 2442
3 2379 2443 2442
3 2379 2380 2443
3 2380 2444 2443
3 2380 2381 2444
3 2381 2445 2444
3 2381 2382 2445
3 2382 2446 2445
3 2382 2383 2446
3 2383 2447 2446
3 2383 2384 2447
3 2384 2448 2447
3 2384 2385 2448
3 2385 2449 2448
3 2385 2386 2449
3 2386 2450 2449
3 2386 2387 2450
3 2387 2451 2450
3 2387 2388 2451
3 2388 2452 2451
3 2388 2389 2452
3 2389 2453 2452
3 2389 2390 2453
3 2390 2454 2453
3 2390 2391 2454
3 2391 2455 2454
3 2391 2392 2455
3 2392 2456 2455
3 2392 2393 2456
3 2393 2457 2456
3 2393 2394 2457
3 2394 2458 2457
3 2394 2395 2458
3 2395 2459 2458
3 2395 2396 2459
3 2396 2460 2459
3 2396 2397 2460
3 2397 2461 2460
3 2397 2398 2461
3 2398 2462 2461
3 2398 2399 2462
3 2399 2463 2462
3 2399 2400 2463
3 2400 2464 2463
3 2400 2401 2464
3 2401 2465 2464
3 2401 2402 2465
3 2402 2466 2465
3 2402 2403 2466
3 2403 2467 2466
3 2403 2404 2467
3 2404 2468 2467
3 2404 2405 2468
3 2405 2469 2468
3 2405 2406 2469
3 2406 2470 2469
3 2406 2407 2470
3 2407 2471 2470
3 2407 2408 2471
3 2408 2472 2471
3 2408 2409 2472
3 2409 2473 2472
3 2409 2410 2473
3 2410 2474 2473
3 2410 2411 2474
3 2411 2475 2474
3 2411 2412 2475
3 2412 2476 2475
3 2412 2413 2476
3 2413 2477 2476
3 2413 2414 2477
3 2414 2478 2477
3 2414 2415 2478
3 2415 2479 2478
3 2415 2416 2479
3 2416 2480 2479
3 2416 2417 2480
3 2417 2481 2480
3 2417 2418 2481
3 2418 2482 2481
3 2418 2419 2482
3 2419 2483 2482
3 2419 2420 2483
3 2420 2484 2483
3 2420 2421 2484
3 2421 2485 2484
3 2421 2422 2485
3 2422 2486 2485
3 2422 2423 2486
3 2423 2487 2486
3 2423 2424 2487
3 2424 2488 2487
3 2424 2425 2488
3 2425 2489 2488
3 2425 2426 2489
3 2426 2490 2489
3 2426 2427 2490
3 2427 2491 2490
3 2427 2428 2491
3 2428 2492 2491
3 2428 2429 2492
3 2429 2493 2492
3 2429 2430 2493
3 2430 2494 2493
3 2430 2431 2494
3 2431 2495 2494
3 2431 2432 2495
3 2432 2496 2495
3 2432 2433 2496
3 2433 2497 2496
3 2433 2370 2497
3 2370 2434 2497
3 2434 2435 2498
3 2435 2499 2498
3 2435 2436 2499
3 2436 2500 2499
3 2436 2437 2500
3 2437 2501 2500
3 2437 2438 2501
3 2438 2502 2501
3 2438 2439 2502
3 2439 2503 2502
3 2439 2440 2503
3 2440 2504 2503
3 2440 2441 2504
3 2441 2505 2504
3 2441 2442 2505
3 2442 2506 2505
3 2442 2443 2506
3 2443 2507 2506
3 2443 2444 2507
3 2444 2508 2507
3 2444 2445 2508
3 2445 2509 2508
3 2445 2446 2509
3 2446 2510 2509
3 2446 2447 2510
3 2447 2511 2510
3 2447 2448 2511
3 2448 2512 2511
3 2448 2449 2512
3 2449 2513 2512
3 2449 2450 2513
3 2450 2514 2513
3 2450 2451 2514
3 2451 2515 2514
3 2451 2452 2515
3 2452 2516 2515
3 2452 2453 2516
3 2453 2517 2516
3 2453 2454 2517
3 2454 2518 2517
3 2454 2455 2518
3 2455 2519 2518
3 2455 2456 2519
3 2456 2520 2519
3 2456 2457 2520
3 2457 2521 2520
3 2457 2458 2521
3 2458 2522 2521
3 2458 2459 2522
3 2459 2523 2522
3 2459 2460 2523
3 2460 2524 2523
3 2460 2461 2524
3 2461 2525 2524
3 2461 2462 2525
3 2462 2526 2525
3 2462 2463 2526
3 2463 2527 2526
3 2463 2464 2527
3 2464 2528 2527
3 2464 2465 2528
3 2465 2529 2528
3 2465 2466 2529
3 2466 2530 2529
3 2466 2467 2530
3 2467 2531 2530
3 2467 2468 2531
3 2468 2532 2531
3 2468 2469 2532
3 2469 2533 2532
3 2469 2470 2533
3 2470 2534 2533
3 2470 2471 2534
3 2471 2535 2534
3 2471 2472 2535
3 2472 2536 2535
3 2472 2473 2536
3 2473 2537 2536
3 2473 2474 2537
3 2474 2538 2537
3 2474 2475 2538
3 2475 2539 2538
3 2475 2476 2539
3 2476 2540 2539
3 2476 2477 2540
3 2477 2541 2540
3 2477 2478 2541
3 2478 2542 2541
3 2478 2479 2542
3 2479 2543 2542
3 2479 2480 2543
3 2480 2544 2543
3 2480 2481 2544
3 2481 2545 2544
3 2481 2482 2545
3 2482 2546 2545
3 2482 2483 2546
3 2483 2547 2546
3 2483 2484 2547
3 2484 2548 2547
3 2484 2485 2548
3 2485 2549 2548
3 2485 2486 2549
3 2486 2550 2549
3 2486 2487 2550
3 2487 2551 2550
3 2487 2488 2551
3 2488 2552 2551
3 2488 2489 2552
3 2489 2553 2552
3 2489 2490 2553
3 2490 2554 2553
3 2490 2491 2554
3 2491 2555 2554
3 2491 2492 2555
3 2492 2556 2555
3 2492 2493 2556
3 2493 2557 2556
3 2493 2494 2557
3 2494 2558 2557
3 2494 2495 2558
3 2495 2559 2558
3 2495 2496 2559
3 2496 2560 2559
3 2496 2497 2560
3 2497 2561 2560
3 2497 2434 2561
3 2434 2498 2561
3 2498 2499 2562
3 2499 2563 2562
3 2499 2500 2563
3 2500 2564 2563
3 2500 2501 2564
3 2501 2565 2564
3 2501 2502 2565
3 2502 2566 2565
3 2502 2503 2566
3 2503 2567 2566
3 2503 2504 2567
3 2504 2568 2567
3 2504 2505 2568
3 2505 2569 2568
3 2505 2506 2569
3 2506 2570 2569
3 2506 2507 2570
3 2507 2571 2570
3 2507 2508 2571
3 2508 2572 2571
3 2508 2509 2572
3 2509 2573 2572
3 2509 2510 2573
3 2510 2574 2573
3 2510 2511 2574
3 2511 2575 2574
3 2511 2512 2575
3 2512 2576 2575
3 2512 2513 2576
3 2513 2577 2576
3 2513 2514 2577
3 2514 2578 2577
3 2514 2515 2578
3 2515 2579 2578
3 2515 2516 2579
3 2516 2580 2579
3 2516 2517 2580
3 2517 2581 2580
3 2517 2518 2581
3 2518 2582 2581
3 2518 2519 2582
3 2519 2583 2582
3 2519 2520 2583
3 2520 2584 2583
3 2520 2521 2584
3 2521 2585 2584
3 2521 2522 2585
3 2522 2586 2585
3 2522 2523 2586
3 2523 2587 2586
3 2523 2524 2587
3 2524 2588 2587
3 2524 2525 2588
3 2525 2589 2588
3 2525 2526 2589
3 2526 2590 2589
3 2526 2527 2590
3 2527 2591 2590
3 2527 2528 2591
3 2528 2592 2591
3 2528 2529 2592
3 2529 2593 2592
3 2529 2530 2593
3 2530 2594 2593
3 2530 2531 2594
3 2531 2595 2594
3 2531 2532 2595
3 2532 2596 2595
3 2532 2533 2596
3 2533 2597 2596
3 2533 2534 2597
3 2534 2598 2597
3 2534 2535 2598
3 2535 2599 2598
3 2535 2536 2599
3 2536 2600 2599
3 2536 2537 2600
3 2537 2601 2600
3 2537 2538 2601
3 2538 2602 2601
3 2538 2539 2602
3 2539 2603 2602
3 2539 2540 2603
3 2540 2604 2603
3 2540 2541 2604
3 2541 2605 2604
3 2541 2542 2605
3 2542 2606 2605
3 2542 2543 2606
3 2543 2607 2606
3 2543 2544 2607
3 2544 2608 2607
3 2544 2545 2608
3 2545 2609 2608
3 2545 2546 2609
3 2546 2610 2609
3 2546 2547 2610
3 2547 2611 2610
3 2547 2548 2611
3 2548 2612 2611
3 2548 2549 2612
3 2549 2613 2612
3 2549 2550 2613
3 2550 2614 2613
3 2550 2551 2614
3 2551 2615 2614
3 2551 2552 2615
3 2552 2616 2615
3 2552 2553 2616
3 2553 2617 2616
3 2553 2554 2617
3 2554 2618 2617
3 2554 2555 2618
3 2555 2619 2618
3 2555 2556 2619
3 2556 2620 2619
3 2556 2557 2620
3 2557 2621 2620
3 2557 2558 2621
3 2558 2622 2621
3 2558 2559 2622
3 2559 2623 2622
3 2559 2560 2623
3 2560 2624 2623
3 2560 2561 2624
3 2561 2625 2624
3 2561 2498 2625
3 2498 2562 2625
3 2562 2563 2626
3 2563 2627 2626
3 2563 2564 2627
3 2564 2628 2627
3 2564 2565 2628
3 2565 2629 2628
3 2565 2566 2629
3 2566 2630 2629
3 2566 2567 2630
3 2567 2631 2630
3 2567 2568 2631
3 2568 2632 2631
3 2568 2569 2632
3 2569 2633 2632
3 2569 2570 2633
3 2570 2634 2633
3 2570 2571 2634
3 2571 2635 2634
3 2571 2572 2635
3 2572 2636 2635
3 2572 2573 2636
3 2573 2637 2636
3 2573 2574 2637
3 2574 2638 2637
3 2574 2575 2638
3 2575 2639 2638
3 2575 2576 2639
3 2576 2640 2639
3 2576 2577 2640
3 2577 2641 2640
3 2577 2578 2641
3 2578 2642 2641
3 2578 2579 2642
3 2579 2643 2642
3 2579 2580 2643
3 2580 2644 2643
3 2580 2581 2644
3 2581 2645 2644
3 2581 2582 2645
3 2582 2646 2645
3 2582 2583 2646
3 2583 2647 2646
3 2583 2584 2647
3 2584 2648 2647
3 2584 2585 2648
3 2585 2649 2648
3 2585 2586 2649
3 2586 2650 2649
3 2586 2587 2650
3 2587 2651 2650
3 2587 2588 2651
3 2588 2652 2651
3 2588 2589 2652
3 2589 2653 2652
3 2589 2590 2653
3 2590 2654 2653
3 2590 2591 2654
3 2591 2655 2654
3 2591 2592 2655
3 2592 2656 2655
3 2592 2593 2656
3 2593 2657 2656
3 2593 2594 2657
3 2594 2658 2657
3 2594 2595 2658
3 2595 2659 2658
3 2595 2596 2659
3 2596 2660 2659
3 2596 2597 2660
3 2597 2661 2660
3 2597 2598 2661
3 2598 2662 2661
3 2598 2599 2662
3 2599 2663 2662
3 2599 2600 2663
3 2600 2664 2663
3 2600 2601 2664
3 2601 2665 2664
3 2601 2602 2665
3 2602 2666 2665
3 2602 2603 2666
3 2603 2667 2666
3 2603 2604 2667
3 2604 2668 2667
3 2604 2605 2668
3 2605 2669 2668
3 2605 2606 2669
3 2606 2670 2669
3 2606 2607 2670
3 2607 2671 2670
3 2607 2608 2671
3 2608 2672 2671
3 2608 2609 2672
3 2609 2673 2672
3 2609 2610 2673
3 2610 2674 2673
3 2610 2611 2674
3 2611 2675 2674
3 2611 2612 2675
3 2612 2676 2675
3 2612 2613 2676
3 2613 2677 2676
3 2613 2614 2677
3 2614 2678 2677
3 2614 2615 2678
3 2615 2679 2678
3 2615 2616 2679
3 2616 2680 2679
3 2616 2617 2680
3 2617 2681 2680
3 2617 2618 2681
3 2618 2682 2681
3 2618 2619 2682
3 2619 2683 2682
3 2619 2620 2683
3 2620 2684 2683
3 2620 2621 2684
3 2621 2685 2684
3 2621 2622 2685
3 2622 2686 2685
3 2622 2623 2686
3 2623 2687 2686
3 2623 2624 2687
3 2624 2688 2687
3 2624 2625 2688
3 2625 2689 2688
3 2625 2562 2689
3 2562 2626 2689
3 2626 2627 2690
3 2627 2691 2690
3 2627 2628 2691
3 2628 2692 2691
3 2628 2629 2692
3 2629 2693 2692
3 2629 2630 2693
3 2630 2694 2693
3 2630 2631 2694
3 2631 2695 2694
3 2631 2632 2695
3 2632 2696 2695
3 2632 2633 2696
3 2633 2697 2696
3 2633 2634 2697
3 2634 2698 2697
3 2634 2635 2698
3 2635 2699 2698
3 2635 2636 2699
3 2636 2700 2699
3 2636 2637 2700
3 2637 2701 2700
3 2637 2638 2701
3 2638 2702 2701
3 2638 2639 2702
3 2639 2703 2702
3 2639 2640 2703
3 2640 2704 2703
3 2640 2641 2704
3 2641 2705 2704
3 2641 2642 2705
3 2642 2706 2705
3 2642 2643 2706
3 2643 2707 2706
3 2643 2644 2707
3 2644 2708 2707
3 2644 2645 2708
3 2645 2709 2708
3 2645 2646 2709
3 2646 2710 2709
3 2646 2647 2710
3 2647 2711 2710
3 2647 2648 2711
3 2648 2712 2711
3 2648 2649 2712
3 2649 2713 2712
3 2649 2650 2713
3 2650 2714 2713
3 2650 2651 2714
3 2651 2715 2714
3 2651 2652 2715
3 2652 2716 2715
3 2652 2653 2716
3 2653 2717 2716
3 2653 2654 2717
3 2654 2718 2717
3 2654 2655 2718
3 2655 2719 2718
3 2655 2656 2719
3 2656 2720 2719
3 2656 2657 2720
3 2657 2721 2720
3 2657 2658 2721
3 2658 2722 2721
3 2658 2659 2722
3 2659 2723 2722
3 2659 2660 2723
3 2660 2724 2723
3 2660 2661 2724
3 2661 2725 2724
3 2661 2662 2725
3 2662 2726 2725
3 2662 2663 2726
3 2663 2727 2726
3 2663 2664 2727
3 2664 2728 2727
3 2664 2665 2728
3 2665 2729 2728
3 2665 2666 2729
3 2666 2730 2729
3 2666 2667 2730
3 2667 2731 2730
3 2667 2668 2731
3 2668 2732 2731
3 2668 2669 2732
3 2669 2733 2732
3 2669 2670 2733
3 2670 2734 2733
3 2670 2671 2734
3 2671 2735 2734
3 2671 2672 2735
3 2672 2736 2735
3 2672 2673 2736
3 2673 2737 2736
3 2673 2674 2737
3 2674 2738 2737
3 2674 2675 2738
3 2675 2739 2738
3 2675 2676 2739
3 2676 2740 2739
3 2676 2677 2740
3 2677 2741 2740
3 2677 2678 2741
3 2678 2742 2741
3 2678 2679 2742
3 2679 2743 2742
3 2679 2680 2743
3 2680 2744 2743
3 2680 2681 2744
3 2681 2745 2744
3 2681 2682 2745
3 2682 2746 2745
3 2682 2683 2746
3 2683 2747 2746
3 2683 2684 2747
3 2684 2748 2747
3 2684 2685 2748
3 2685 2749 2748
3 2685 2686 2749
3 2686 2750 2749
3 2686 2687 2750
3 2687 2751 2750
3 2687 2688 2751
3 2688 2752 2751
3 2688 2689 2752
3 2689 2753 2752
3 2689 2626 2753
3 2626 2690 2753
3 2690 2691 2754
3 2691 2755 2754
3 2691 2692 2755
3 2692 2756 2755
3 2692 2693 2756
3 2693 2757 2756
3 2693 2694 2757
3 2694 2758 2757
3 2694 2695 2758
3 2695 2759 2758
3 2695 2696 2759
3 2696 2760 2759
3 2696 2697 2760
3 2697 2761 2760
3 2697 2698 2761
3 2698 2762 2761
3 2698 2699 2762
3 2699 2763 2762
3 2699 2700 2763
3 2700 2764 2763
3 2700 2701 2764
3 2701 2765 2764
3 2701 2702 2765
3 2702 2766 2765
3 2702 2703 2766
3 2703 2767 2766
3 2703 2704 2767
3 2704 2768 2767
3 2704 2705 2768
3 2705 2769 2768
3 2705 2706 2769
3 2706 2770 2769
3 2706 2707 2770
3 2707 2771 2770
3 2707 2708 2771
3 2708 2772 2771
3 2708 2709 2772
3 2709 2773 2772
3 2709 2710 2773
3 2710 2774 2773
3 2710 2711 2774
3 2711 2775 2774
3 2711 2712 2775
3 2712 2776 2775
3 2712 2713 2776
3 2713 2777 2776
3 2713 2714 2777
3 2714 2778 2777
3 2714 2715 2778
3 2715 2779 2778
3 2715 2716 2779
3 2716 2780 2779
3 2716 2717 2780
3 2717 2781 2780
3 2717 2718 2781
3 2718 2782 2781
3 2718 2719 2782
3 2719 2783 2782
3 2719 2720 2783
3 2720 2784 2783
3 2720 2721 2784
3 2721 2785 2784
3 2721 2722 2785
3 2722 2786 2785
3 2722 2723 2786
3 2723 2787 2786
3 2723 2724 2787
3 2724 2788 2787
3 2724 2725 2788
3 2725 2789 2788
3 2725 2726 2789
3 2726 2790 2789
3 2726 2727 2790
3 2727 2791 2790
3 2727 2728 2791
3 2728 2792 2791
3 2728 2729 2792
3 2729 2793 2792
3 2729 2730 2793
3 2730 2794 2793
3 2730 2731 2794
3 2731 2795 2794
3 2731 2732 2795
3 2732 2796 2795
3 2732 2733 2796
3 2733 2797 2796
3 2733 2734 2797
3 2734 2798 2797
3 2734 2735 2798
3 2735 2799 2798
3 2735 2736 2799
3 2736 2800 2799
3 2736 2737 2800
3 2737 2801 2800
3 2737 2738 2801
3 2738 2802 2801
3 2738 2739 2802
3 2739 2803 2802
3 2739 2740 2803
3 2740 2804 2803
3 2740 2741 2804
3 2741 2805 2804
3 2741 2742 2805
3 2742 2806 2805
3 2742 2743 2806
3 2743 2807 2806
3 2743 2744 2807
3 2744 2808 2807
3 2744 2745 2808
3 2745 2809 2808
3 2745 2746 2809
3 2746 2810 2809
3 2746 2747 2810
3 2747 2811 2810
3 2747 2748 2811
3 2748 2812 2811
3 2748 2749 2812
3 2749 2813 2812
3 2749 2750 2813
3 2750 2814 2813
3 2750 2751 2814
3 2751 2815 2814
3 2751 2752 2815
3 2752 2816 2815
3 2752 2753 2816
3 2753 2817 2816
3 2753 2690 2817
3 2690 2754 2817
3 2754 2755 2818
3 2755 2819 2818
3 2755 2756 2819
3 2756 2820 2819
3 2756 2757 2820
3 2757 2821 2820
3 2757 2758 2821
3 2758 2822 2821
3 2758 2759 2822
3 2759 2823 2822
3 2759 2760 2823
3 2760 2824 2823
3 2760 2761 2824
3 2761 2825 2824
3 2761 2762 2825
3 2762 2826 2825
3 2762 2763 2826
3 2763 2827 2826
3 2763 2764 2827
3 2764 2828 2827
3 2764 2765 2828
3 2765 2829 2828
3 2765 2766 2829
3 2766 2830 2829
3 2766 2767 2830
3 2767 2831 2830
3 2767 2768 2831
3 2768 2832 2831
3 2768 2769 2832
3 2769 2833 2832
3 2769 2770 2833
3 2770 2834 2833
3 2770 2771 2834
3 2771 2835 2834
3 2771 2772 2835
3 2772 2836 2835
3 2772 2773 2836
3 2773 2837 2836
3 2773 2774 2837
3 2774 2838 2837
3 2774 2775 2838
3 2775 2839 2838
3 2775 2776 2839
3 2776 2840 2839
3 2776 2777 2840
3 2777 2841 2840
3 2777 2778 2841
3 2778 2842 2841
3 2778 2779 2842
3 2779 2843 2842
3 2779 2780 2843
3 2780 2844 2843
3 2780 2781 2844
3 2781 2845 2844
3 2781 2782 2845
3 2782 2846 2845
3 2782 2783 2846
3 2783 2847 2846
3 2783 2784 2847
3 2784 2848 2847
3 2784 2785 2848
3 2785 2849 2848
3 2785 2786 2849
3 2786 2850 2849
3 2786 2787 2850
3 2787 2851 2850
3 2787 2788 2851
3 2788 2852 2851
3 2788 2789 2852
3 2789 2853 2852
3 2789 2790 2853
3 2790 2854 2853
3 2790 2791 2854
3 2791 2855 2854
3 2791 2792 2855
3 2792 2856 2855
3 2792 2793 2856
3 2793 2857 2856
3 2793 2794 2857
3 2794 2858 2857
3 2794 2795 2858
3 2795 2859 2858
3 2795 2796 2859
3 2796 2860 2859
3 2796 2797 2860
3 2797 2861 2860
3 2797 2798 2861
3 2798 2862 2861
3 2798 2799 2862
3 2799 2863 2862
3 2799 2800 2863
3 2800 2864 2863
3 2800 2801 2864
3 2801 2865 2864
3 2801 2802 2865
3 2802 2866 2865
3 2802 2803 2866
3 2803 2867 2866
3 2803 2804 2867
3 2804 2868 2867
3 2804 2805 2868
3 2805 2869 2868
3 2805 2806 2869
3 2806 2870 2869
3 2806 2807 2870
3 2807 2871 2870
3 2807 2808 2871
3 2808 2872 2871
3 2808 2809 2872
3 2809 2873 2872
3 2809 2810 2873
3 2810 2874 2873
3 2810 2811 2874
3 2811 2875 2874
3 2811 2812 2875
3 2812 2876 2875
3 2812 2813 2876
3 2813 2877 2876
3 2813 2814 2877
3 2814 2878 2877
3 2814 2815 2878
3 2815 2879 2878
3 2815 2816 2879
3 2816 2880 2879
3 2816 2817 2880
3 2817 2881 2880
3 2817 2754 2881
3 2754 2818 2881
3 2818 2819 2882
3 2819 2883 2882
3 2819 2820 2883
3 2820 2884 2883
3 2820 2821 2884
3 2821 2885 2884
3 2821 2822 2885
3 2822 2886 2885
3 2822 2823 2886
3 2823 2887 2886
3 2823 2824 2887
3 2824 2888 2887
3 2824 2825 2888
3 2825 2889 2888
3 2825 2826 2889
3 2826 2890 2889
3 2826 2827 2890
3 2827 2891 2890
3 2827 2828 2891
3 2828 2892 2891
3 2828 2829 2892
3 2829 2893 2892
3 2829 2830 2893
3 2830 2894 2893
3 2830 2831 2894
3 2831 2895 2894
3 2831 2832 2895
3 2832 2896 2895
3 2832 2833 2896
3 2833 2897 2896
3 2833 2834 2897
3 2834 2898 2897
3 2834 2835 2898
3 2835 2899 2898
3 2835 2836 2899
3 2836 2900 2899
3 2836 2837 2900
3 2837 2901 2900
3 2837 2838 2901
3 2838 2902 2901
3 2838 2839 2902
3 2839 2903 2902
3 2839 2840 2903
3 2840 2904 2903
3 2840 2841 2904
3 2841 2905 2904
3 2841 2842 2905
3 2842 2906 2905
3 2842 2843 2906
3 2843 2907 2906
3 2843 2844 2907
3 2844 2908 2907
3 2844 2845 2908
3 2845 2909 2908
3 2845 2846 2909
3 2846 2910 2909
3 2846 2847 2910
3 2847 2911 2910
3 2847 2848 2911
3 2848 2912 2911
3 2848 2849 2912
3 2849 2913 2912
3 2849 2850 2913
3 2850 2914 2913
3 2850 2851 2914
3 2851 2915 2914
3 2851 2852 2915
3 2852 2916 2915
3 2852 2853 2916
3 2853 2917 2916
3 2853 2854 2917
3 2854 2918 2917
3 2854 2855 2918
3 2855 2919 2918
3 2855 2856 2919
3 2856 2920 2919
3 2856 2857 2920
3 2857 2921 2920
3 2857 2858 2921
3 2858 2922 2921
3 2858 2859 2922
3 2859 2923 2922
3 2859 2860 2923
3 2860 2924 2923
3 2860 2861 2924
3 2861 2925 2924
3 2861 2862 2925
3 2862 2926 2925
3 2862 2863 2926
3 2863 2927 2926
3 2863 2864 2927
3 2864 2928 2927
3 2864 2865 2928
3 2865 2929 2928
3 2865 2866 2929
3 2866 2930 2929
3 2866 2867 2930
3 2867 2931 2930
3 2867 2868 2931
3 2868 2932 2931
3 2868 2869 2932
3 2869 2933 2932
3 2869 2870 2933
3 2870 2934 2933
3 2870 2871 2934
3 2871 2935 2934
3 2871 2872 2935
3 2872 2936 2935
3 2872 2873 2936
3 2873 2937 2936
3 2873 2874 2937
3 2874 2938 2937
3 2874 2875 2938
3 2875 2939 2938
3 2875 2876 2939
3 2876 2940 2939
3 2876 2877 2940
3 2877 2941 2940
3 2877 2878 2941
3 2878 2942 2941
3 2878 2879 2942
3 2879 2943 2942
3 2879 2880 2943
3 2880 2944 2943
3 2880 2881 2944
3 2881 2945 2944
3 2881 2818 2945
3 2818 2882 2945
3 2882 2883 2946
3 2883 2947 2946
3 2883 2884 2947
3 2884 2948 2947
3 2884 2885 2948
3 2885 2949 2948
3 2885 2886 2949
3 2886 2950 2949
3 2886 2887 2950
3 2887 2951 2950
3 2887 2888 2951
3 2888 2952 2951
3 2888 2889 2952
3 2889 2953 2952
3 2889 2890 2953
3 2890 2954 2953
3 2890 2891 2954
3 2891 2955 2954
3 2891 2892 2955
3 2892 2956 2955
3 2892 2893 2956
3 2893 2957 2956
3 2893 2894 2957
3 2894 2958 2957
3 2894 2895 2958
3 2895 2959 2958
3 2895 2896 2959
3 2896 2960 2959
3 2896 2897 2960
3 2897 2961 2960
3 2897 2898 2961
3 2898 2962 2961
3 2898 2899 2962
3 2899 2963 2962
3 2899 2900 2963
3 2900 2964 2963
3 2900 2901 2964
3 2901 2965 2964
3 2901 2902 2965
3 2902 2966 2965
3 2902 2903 2966
3 2903 2967 2966
3 2903 2904 2967
3 2904 2968 2967
3 2904 2905 2968
3 2905 2969 2968
3 2905 2906 2969
3 2906 2970 2969
3 2906 2907 2970
3 2907 2971 2970
3 2907 2908 2971
3 2908 2972 2971
3 2908 2909 2972
3 2909 2973 2972
3 2909 2910 2973
3 2910 2974 2973
3 2910 2911 2974
3 2911 2975 2974
3 2911 2912 2975
3 2912 2976 2975
3 2912 2913 2976
3 2913 2977 2976
3 2913 2914 2977
3 2914 2978 2977
3 2914 2915 2978
3 2915 2979 2978
3 2915 2916 2979
3 2916 2980 2979
3 2916 2917 2980
3 2917 2981 2980
3 2917 2918 2981
3 2918 2982 2981
3 2918 2919 2982
3 2919 2983 2982
3 2919 2920 2983
3 2920 2984 2983
3 2920 2921 2984
3 2921 2985 2984
3 2921 2922 2985
3 2922 2986 2985
3 2922 2923 2986
3 2923 2987 2986
3 2923 2924 2987
3 2924 2988 2987
3 2924 2925 2988
3 2925 2989 2988
3 2925 2926 2989
3 2926 2990 2989
3 2926 2927 2990
3 2927 2991 2990
3 2927 2928 2991
3 2928 2992 2991
3 2928 2929 2992
3 2929 2993 2992
3 2929 2930 2993
3 2930 2994 2993
3 2930 2931 2994
3 2931 2995 2994
3 2931 2932 2995
3 2932 2996 2995
3 2932 2933 2996
3 2933 2997 2996
3 2933 2934 2997
3 2934 2998 2997
3 2934 2935 2998
3 2935 2999 2998
3 2935 2936 2999
3 2936 3000 2999
3 2936 2937 3000
3 2937 3001 3000
3 2937 2938 3001
3 2938 3002 3001
3 2938 2939 3002
3 2939 3003 3002
3 2939 2940 3003
3 2940 3004 3003
3 2940 2941 3004
3 2941 3005 3004
3 2941 2942 3005
3 2942 3006 3005
3 2942 2943 3006
3 2943 3007 3006
3 2943 2944 3007
3 2944 3008 3007
3 2944 2945 3008
3 2945 3009 3008
3 2945 2882 3009
3 2882 2946 3009
3 2946 2947 3010
3 2947 3011 3010
3 2947 2948 3011
3 2948 3012 3011
3 2948 2949 3012
3 2949 3013 3012
3 2949 2950 3013
3 2950 3014 3013
3 2950 2951 3014
3 2951 3015 3014
3 2951 2952 3015
3 2952 3016 3015
3 2952 2953 3016
3 2953 3017 3016
3 2953 2954 3017
3 2954 3018 3017
3 2954 2955 3018
3 2955 3019 3018
3 2955 2956 3019
3 2956 3020 3019
3 2956 2957 3020
3 2957 3021 3020
3 2957 2958 3021
3 2958 3022 3021
3 2958 2959 3022
3 2959 3023 3022
3 2959 2960 3023
3 2960 3024 3023
3 2960 2961 3024
3 2961 3025 3024
3 2961 2962 3025
3 2962 3026 3025
3 2962 2963 3026
3 2963 3027 3026
3 2963 2964 3027
3 2964 3028 3027
3 2964 2965 3028
3 2965 3029 3028
3 2965 2966 3029
3 2966 3030 3029
3 2966 2967 3030
3 2967 3031 3030
3 2967 2968 3031
3 2968 3032 3031
3 2968 2969 3032
3 2969 3033 3032
3 2969 2970 3033
3 2970 3034 3033
3 2970 2971 3034
3 2971 3035 3034
3 2971 2972 3035
3 2972 3036 3035
3 2972 2973 3036
3 2973 3037 3036
3 2973 2974 3037
3 2974 3038 3037
3 2974 2975 3038
3 2975 3039 3038
3 2975 2976 3039
3 2976 3040 3039
3 2976 2977 3040
3 2977 3041 3040
3 2977 2978 3041
3 2978 3042 3041
3 2978 2979 3042
3 2979 3043 3042
3 2979 2980 3043
3 2980 3044 3043
3 2980 2981 3044
3 2981 3045 3044
3 2981 2982 3045
3 2982 3046 3045
3 2982 2983 3046
3 2983 3047 3046
3 2983 2984 3047
3 2984 3048 3047
3 2984 2985 3048
3 2985 3049 3048
3 2985 2986 3049
3 2986 3050 3049
3 2986 2987 3050
3 2987 3051 3050
3 2987 2988 3051
3 2988 3052 3051
3 2988 2989 3052
3 2989 3053 3052
3 2989 2990 3053
3 2990 3054 3053
3 2990 2991 3054
3 2991 3055 3054
3 2991 2992 3055
3 2992 3056 3055
3 2992 2993 3056
3 2993 3057 3056
3 2993 2994 3057
3 2994 3058 3057
3 2994 2995 3058
3 2995 3059 3058
3 2995 2996 3059
3 2996 3060 3059
3 2996 2997 3060
3 2997 3061 3060
3 2997 2998 3061
3 2998 3062 3061
3 2998 2999 3062
3 2999 3063 3062
3 2999 3000 3063
3 3000 3064 3063
3 3000 3001 3064
3 3001 3065 3064
3 3001 3002 3065
3 3002 3066 3065
3 3002 3003 3066
3 3003 3067 3066
3 3003 3004 3067
3 3004 3068 3067
3 3004 3005 3068
3 3005 3069 3068
3 3005 3006 3069
3 3006 3070 3069
3 3006 3007 3070
3 3007 3071 3070
3 3007 3008 3071
3 3008 3072 3071
3 3008 3009 3072
3 3009 3073 3072
3 3009 2946 3073
3 2946 3010 3073
3 3010 3011 3074
3 3011 3075 3074
3 3011 3012 3075
3 3012 3076 3075
3 3012 3013 3076
3 3013 3077 3076
3 3013 3014 3077
3 3014 3078 3077
3 3014 3015 3078
3 3015 3079 3078
3 3015 3016 3079
3 3016 3080 3079
3 3016 3017 3080
3 3017 3081 3080
3 3017 3018 3081
3 3018 3082 3081
3 3018 3019 3082
3 3019 3083 3082
3 3019 3020 3083
3 3020 3084 3083
3 3020 3021 3084
3 3021 3085 3084
3 3021 3022 3085
3 3022 3086 3085
3 3022 3023 3086
3 3023 3087 3086
3 3023 3024 3087
3 3024 3088 3087
3 3024 3025 3088
3 3025 3089 3088
3 3025 3026 3089
3 3026 3090 3089
3 3026 3027 3090
3 3027 3091 3090
3 3027 3028 3091
3 3028 3092 3091
3 3028 3029 3092
3 3029 3093 3092
3 3029 3030 3093
3 3030 3094 3093
3 3030 3031 3094
3 3031 3095 3094
3 3031 3032 3095
3 3032 3096 3095
3 3032 3033 3096
3 3033 3097 3096
3 3033 3034 3097
3 3034 3098 3097
3 3034 3035 3098
3 3035 3099 3098
3 3035 3036 3099
3 3036 3100 3099
3 3036 3037 3100
3 3037 3101 3100
3 3037 3038 3101
3 3038 3102 3101
3 3038 3039 3102
3 3039 3103 3102
3 3039 3040 3103
3 3040 3104 3103
3 3040 3041 3104
3 3041 3105 3104
3 3041 3042 3105
3 3042 3106 3105
3 3042 3043 3106
3 3043 3107 3106
3 3043 3044 3107
3 3044 3108 3107
3 3044 3045 3108
3 3045 3109 3108
3 3045 3046 3109
3 3046 3110 3109
3 3046 3047 3110
3 3047 3111 3110
3 3047 3048 3111
3 3048 3112 3111
3 3048 3049 3112
3 3049 3113 3112
3 3049 3050 3113
3 3050 3114 3113
3 3050 3051 3114
3 3051 3115 3114
3 3051 3052 3115
3 3052 3116 3115
3 3052 3053 3116
3 3053 3117 3116
3 3053 3054 3117
3 3054 3118 3117
3 3054 3055 3118
3 3055 3119 3118
3 3055 3056 3119
3 3056 3120 3119
3 3056 3057 3120
3 3057 3121 3120
3 3057 3058 3121
3 3058 3122 3121
3 3058 3059 3122
3 3059 3123 3122
3 3059 3060 3123
3 3060 3124 3123
3 3060 3061 3124
3 3061 3125 3124
3 3061 3062 3125
3 3062 3126 3125
3 3062 3063 3126
3 3063 3127 3126
3 3063 3064 3127
3 3064 3128 3127
3 3064 3065 3128
3 3065 3129 3128
3 3065 3066 3129
3 3066 3130 3129
3 3066 3067 3130
3 3067 3131 3130
3 3067 3068 3131
3 3068 3132 3131
3 3068 3069 3132
3 3069 3133 3132
3 3069 3070 3133
3 3070 3134 3133
3 3070 3071 3134
3 3071 3135 3134
3 3071 3072 3135
3 3072 3136 3135
3 3072 3073 3136
3 3073 3137 3136
3 3073 3010 3137
3 3010 3074 3137
3 3074 3075 3138
3 3075 3139 3138
3 3075 3076 3139
3 3076 3140 3139
3 3076 3077 3140
3 3077 3141 3140
3 3077 3078 3141
3 3078 3142 3141
3 3078 3079 3142
3 3079 3143 3142
3 3079 3080 3143
3 3080 3144 3143
3 3080 3081 3144
3 3081 3145 3144
3 3081 3082 3145
3 3082 3146 3145
3 3082 3083 3146
3 3083 3147 3146
3 3083 3084 3147
3 3084 3148 3147
3 3084 3085 3148
3 3085 3149 3148
3 3085 3086 3149
3 3086 3150 3149
3 3086 3087 3150
3 3087 3151 3150
3 3087 3088 3151
3 3088 3152 3151
3 3088 3089 3152
3 3089 3153 3152
3 3089 3090 3153
3 3090 3154 3153
3 3090 3091 3154
3 3091 3155 3154
3 3091 3092 3155
3 3092 3156 3155
3 3092 3093 3156
3 3093 3157 3156
3 3093 3094 3157
3 3094 3158 3157
3 3094 3095 3158
3 3095 3159 3158
3 3095 3096 3159
3 3096 3160 3159
3 3096 3097 3160
3 3097 3161 3160
3 3097 3098 3161
3 3098 3162 3161
3 3098 3099 3162
3 3099 3163 3162
3 3099 3100 3163
3 3100 3164 3163
3 3100 3101 3164
3 3101 3165 3164
3 3101 3102 3165
3 3102 3166 3165
3 3102 3103 3166
3 3103 3167 3166
3 3103 3104 3167
3 3104 3168 3167
3 3104 3105 3168
3 3105 3169 3168
3 3105 3106 3169
3 3106 3170 3169
3 3106 3107 3170
3 3107 3171 3170
3 3107 3108 3171
3 3108 3172 3171
3 3108 3109 3172
3 3109 3173 3172
3 3109 3110 3173
3 3110 3174 3173
3 3110 3111 3174
3 3111 3175 3174
3 3111 3112 3175
3 3112 3176 3175
3 3112 3113 3176
3 3113 3177 3176
3 3113 3114 3177
3 3114 3178 3177
3 3114 3115 3178
3 3115 3179 3178
3 3115 3116 3179
3 3116 3180 3179
3 3116 3117 3180
3 3117 3181 3180
3 3117 3118 3181
3 3118 3182 3181
3 3118 3119 3182
3 3119 3183 3182
3 3119 3120 3183
3 3120 3184 3183
3 3120 3121 3184
3 3121 3185 3184
3 3121 3122 3185
3 3122 3186 3185
3 3122 3123 3186
3 3123 3187 3186
3 3123 3124 3187
3 3124 3188 3187
3 3124 3125 3188
3 3125 3189 3188
3 3125 3126 3189
3 3126 3190 3189
3 3126 3127 3190
3 3127 3191 3190
3 3127 3128 3191
3 3128 3192 3191
3 3128 3129 3192
3 3129 3193 3192
3 3129 3130 3193
3 3130 3194 3193
3 3130 3131 3194
3 3131 3195 3194
3 3131 3132 3195
3 3132 3196 3195
3 3132 3133 3196
3 3133 3197 3196
3 3133 3134 3197
3 3134 3198 3197
3 3134 3135 3198
3 3135 3199 3198
3 3135 3136 3199
3 3136 3200 3199
3 3136 3137 3200
3 3137 3201 3200
3 3137 3074 3201
3 3074 3138 3201
3 3138 3139 3202
3 3139 3203 3202
3 3139 3140 3203
3 3140 3204 3203
3 3140 3141 3204
3 3141 3205 3204
3 3141 3142 3205
3 3142 3206 3205
3 3142 3143 3206
3 3143 3207 3206
3 3143 3144 3207
3 3144 3208 3207
3 3144 3145 3208
3 3145 3209 3208
3 3145 3146 3209
3 3146 3210 3209
3 3146 3147 3210
3 3147 3211 3210
3 3147 3148 3211
3 3148 3212 3211
3 3148 3149 3212
3 3149 3213 3212
3 3149 3150 3213
3 3150 3214 3213
3 3150 3151 3214
3 3151 3215 3214
3 3151 3152 3215
3 3152 3216 3215
3 3152 3153 3216
3 3153 3217 3216
3 3153 3154 3217
3 3154 3218 3217
3 3154 3155 3218
3 3155 3219 3218
3 3155 3156 3219
3 3156 3220 3219
3 3156 3157 3220
3 3157 3221 3220
3 3157 3158 3221
3 3158 3222 3221
3 3158 3159 3222
3 3159 3223 3222
3 3159 3160 3223
3 3160 3224 3223
3 3160 3161 3224
3 3161 3225 3224
3 3161 3162 3225
3 3162 3226 3225
3 3162 3163 3226
3 3163 3227 3226
3 3163 3164 3227
3 3164 3228 3227
3 3164 3165 3228
3 3165 3229 3228
3 3165 3166 3229
3 3166 3230 3229
3 3166 3167 3230
3 3167 3231 3230
3 3167 3168 3231
3 3168 3232 3231
3 3168 3169 3232
3 3169 3233 3232
3 3169 3170 3233
3 3170 3234 3233
3 3170 3171 3234
3 3171 3235 3234
3 3171 3172 3235
3 3172 3236 3235
3 3172 3173 3236
3 3173 3237 3236
3 3173 3174 3237
3 3174 3238 3237
3 3174 3175 3238
3 3175 3239 3238
3 3175 3176 3239
3 3176 3240 3239
3 3176 3177 3240
3 3177 3241 3240
3 3177 3178 3241
3 3178 3242 3241
3 3178 3179 3242
3 3179 3243 3242
3 3179 3180 3243
3 3180 3244 3243
3 3180 3181 3244
3 3181 3245 3244
3 3181 3182 3245
3 3182 3246 3245
3 3182 3183 3246
3 3183 3247 3246
3 3183 3184 3247
3 3184 3248 3247
3 3184 3185 3248
3 3185 3249 3248
3 3185 3186 3249
3 3186 3250 3249
3 3186 3187 3250
3 3187 3251 3250
3 3187 3188 3251
3 3188 3252 3251
3 3188 3189 3252
3 3189 3253 3252
3 3189 3190 3253
3 3190 3254 3253
3 3190 3191 3254
3 3191 3255 3254
3 3191 3192 3255
3 3192 3256 3255
3 3192 3193 3256
3 3193 3257 3256
3 3193 3194 3257
3 3194 3258 3257
3 3194 3195 3258
3 3195 3259 3258
3 3195 3196 3259
3 3196 3260 3259
3 3196 3197 3260
3 3197 3261 3260
3 3197 3198 3261
3 3198 3262 3261
3 3198 3199 3262
3 3199 3263 3262
3 3199 3200 3263
3 3200 3264 3263
3 3200 3201 3264
3 3201 3265 3264
3 3201 3138 3265
3 3138 3202 3265
3 3202 3203 3266
3 3203 3267 3266
3 3203 3204 3267
3 3204 3268 3267
3 3204 3205 3268
3 3205 3269 3268
3 3205 3206 3269
3 3206 3270 3269
3 3206 3207 3270
3 3207 3271 3270
3 3207 3208 3271
3 3208 3272 3271
3 3208 3209 3272
3 3209 3273 3272
3 3209 3210 3273
3 3210 3274 3273
3 3210 3211 3274
3 3211 3275 3274
3 3211 3212 3275
3 3212 3276 3275
3 3212 3213 3276
3 3213 3277 3276
3 3213 3214 3277
3 3214 3278 3277
3 3214 3215 3278
3 3215 3279 3278
3 3215 3216 3279
3 3216 3280 3279
3 3216 3217 3280
3 3217 3281 3280
3 3217 3218 3281
3 3218 3282 3281
3 3218 3219 3282
3 3219 3283 3282
3 3219 3220 3283
3 3220 3284 3283
3 3220 3221 3284
3 3221 3285 3284
3 3221 3222 3285
3 3222 3286 3285
3 3222 3223 3286
3 3223 3287 3286
3 3223 3224 3287
3 3224 3288 3287
3 3224 3225 3288
3 3225 3289 3288
3 3225 3226 3289
3 3226 3290 3289
3 3226 3227 3290
3 3227 3291 3290
3 3227 3228 3291
3 3228 3292 3291
3 3228 3229 3292
3 3229 3293 3292
3 3229 3230 3293
3 3230 3294 3293
3 3230 3231 3294
3 3231 3295 3294
3 3231 3232 3295
3 3232 3296 3295
3 3232 3233 3296
3 3233 3297 3296
3 3233 3234 3297
3 3234 3298 3297
3 3234 3235 3298
3 3235 3299 3298
3 3235 3236 3299
3 3236 3300 3299
3 3236 3237 3300
3 3237 3301 3300
3 3237 3238 3301
3 3238 3302 3301
3 3238 3239 3302
3 3239 3303 3302
3 3239 3240 3303
3 3240 3304 3303
3 3240 3241 3304
3 3241 3305 3304
3 3241 3242 3305
3 3242 3306 3305
3 3242 3243 3306
3 3243 3307 3306
3 3243 3244 3307
3 3244 3308 3307
3 3244 3245 3308
3 3245 3309 3308
3 3245 3246 3309
3 3246 3310 3309
3 3246 3247 3310
3 3247 3311 3310
3 3247 3248 3311
3 3248 3312 3311
3 3248 3249 3312
3 3249 3313 3312
3 3249 3250 3313
3 3250 3314 3313
3 3250 3251 3314
3 3251 3315 3314
3 3251 3252 3315
3 3252 3316 3315
3 3252 3253 3316
3 3253 3317 3316
3 3253 3254 3317
3 3254 3318 3317
3 3254 3255 3318
3 3255 3319 3318
3 3255 3256 3319
3 3256 3320 3319
3 3256 3257 3320
3 3257 3321 3320
3 3257 3258 3321
3 3258 3322 3321
3 3258 3259 3322
3 3259 3323 3322
3 3259 3260 3323
3 3260 3324 3323
3 3260 3261 3324
3 3261 3325 3324
3 3261 3262 3325
3 3262 3326 3325
3 3262 3263 3326
3 3263 3327 3326
3 3263 3264 3327
3 3264 3328 3327
3 3264 3265 3328
3 3265 3329 3328
3 3265 3202 3329
3 3202 3266 3329
3 3266 3267 3330
3 3267 3331 3330
3 3267 3268 3331
3 3268 3332 3331
3 3268 3269 3332
3 3269 3333 3332
3 3269 3270 3333
3 3270 3334 3333
3 3270 3271 3334
3 3271 3335 3334
3 3271 3272 3335
3 3272 3336 3335
3 3272 3273 3336
3 3273 3337 3336
3 3273 3274 3337
3 3274 3338 3337
3 3274 3275 3338
3 3275 3339 3338
3 3275 3276 3339
3 3276 3340 3339
3 3276 3277 3340
3 3277 3341 3340
3 3277 3278 3341
3 3278 3342 3341
3 3278 3279 3342
3 3279 3343 3342
3 3279 3280 3343
3 3280 3344 3343
3 3280 3281 3344
3 3281 3345 3344
3 3281 3282 3345
3 3282 3346 3345
3 3282 3283 3346
3 3283 3347 3346
3 3283 3284 3347
3 3284 3348 3347
3 3284 3285 3348
3 3285 3349 3348
3 3285 3286 3349
3 3286 3350 3349
3 3286 3287 3350
3 3287 3351 3350
3 3287 3288 3351
3 3288 3352 3351
3 3288 3289 3352
3 3289 3353 3352
3 3289 3290 3353
3 3290 3354 3353
3 3290 3291 3354
3 3291 3355 3354
3 3291 3292 3355
3 3292 3356 3355
3 3292 3293 3356
3 3293 3357 3356
3 3293 3294 3357
3 3294 3358 3357
3 3294 3295 3358
3 3295 3359 3358
3 3295 3296 3359
3 3296 3360 3359
3 3296 3297 3360
3 3297 3361 3360
3 3297 3298 3361
3 3298 3362 3361
3 3298 3299 3362
3 3299 3363 3362
3 3299 3300 3363
3 3300 3364 3363
3 3300 3301 3364
3 3301 3365 3364
3 3301 3302 3365
3 3302 3366 3365
3 3302 3303 3366
3 3303 3367 3366
3 3303 3304 3367
3 3304 3368 3367
3 3304 3305 3368
3 3305 3369 3368
3 3305 3306 3369
3 3306 3370 3369
3 3306 3307 3370
3 3307 3371 3370
3 3307 3308 3371
3 3308 3372 3371
3 3308 3309 3372
3 3309 3373 3372
3 3309 3310 3373
3 3310 3374 3373
3 3310 3311 3374
3 3311 3375 3374
3 3311 3312 3375
3 3312 3376 3375
3 3312 3313 3376
3 3313 3377 3376
3 3313 3314 3377
3 3314 3378 3377
3 3314 3315 3378
3 3315 3379 3378
3 3315 3316 3379
3 3316 3380 3379
3 3316 3317 3380
3 3317 3381 3380
3 3317 3318 3381
3 3318 3382 3381
3 3318 3319 3382
3 3319 3383 3382
3 3319 3320 3383
3 3320 3384 3383
3 3320 3321 3384
3 3321 3385 3384
3 3321 3322 3385
3 3322 3386 3385
3 3322 3323 3386
3 3323 3387 3386
3 3323 3324 3387
3 3324 3388 3387
3 3324 3325 3388
3 3325 3389 3388
3 3325 3326 3389
3 3326 3390 3389
3 3326 3327 3390
3 3327 3391 3390
3 3327 3328 3391
3 3328 3392 3391
3 3328 3329 3392
3 3329 3393 3392
3 3329 3266 3393
3 3266 3330 3393
3 3330 3331 3394
3 3331 3395 3394
3 3331 3332 3395
3 3332 3396 3395
3 3332 3333 3396
3 3333 3397 3396
3 3333 3334 3397
3 3334 3398 3397
3 3334 3335 3398
3 3335 3399 3398
3 3335 3336 3399
3 3336 3400 3399
3 3336 3337 3400
3 3337 3401 3400
3 3337 3338 3401
3 3338 3402 3401
3 3338 3339 3402
3 3339 3403 3402
3 3339 3340 3403
3 3340 3404 3403
3 3340 3341 3404
3 3341 3405 3404
3 3341 3342 3405
3 3342 3406 3405
3 3342 3343 3406
3 3343 3407 3406
3 3343 3344 3407
3 3344 3408 3407
3 3344 3345 3408
3 3345 3409 3408
3 3345 3346 3409
3 3346 3410 3409
3 3346 3347 3410
3 3347 3411 3410
3 3347 3348 3411
3 3348 3412 3411
3 3348 3349 3412
3 3349 3413 3412
3 3349 3350 3413
3 3350 3414 3413
3 3350 3351 3414
3 3351 3415 3414
3 3351 3352 3415
3 3352 3416 3415
3 3352 3353 3416
3 3353 3417 3416
3 3353 3354 3417
3 3354 3418 3417
3 3354 3355 3418
3 3355 3419 3418
3 3355 3356 3419
3 3356 3420 3419
3 3356 3357 3420
3 3357 3421 3420
3 3357 3358 3421
3 3358 3422 3421
3 3358 3359 3422
3 3359 3423 3422
3 3359 3360 3423
3 3360 3424 3423
3 3360 3361 3424
3 3361 3425 3424
3 3361 3362 3425
3 3362 3426 3425
3 3362 3363 3426
3 3363 3427 3426
3 3363 3364 3427
3 3364 3428 3427
3 3364 3365 3428
3 3365 3429 3428
3 3365 3366 3429
3 3366 3430 3429
3 3366 3367 3430
3 3367 3431 3430
3 3367 3368 3431
3 3368 3432 3431
3 3368 3369 3432
3 3369 3433 3432
3 3369 3370 3433
3 3370 3434 3433
3 3370 3371 3434
3 3371 3435 3434
3 3371 3372 3435
3 3372 3436 3435
3 3372 3373 3436
3 3373 3437 3436
3 3373 3374 3437
3 3374 3438 3437
3 3374 3375 3438
3 3375 3439 3438
3 3375 3376 3439
3 3376 3440 3439
3 3376 3377 3440
3 3377 3441 3440
3 3377 3378 3441
3 3378 3442 3441
3 3378 3379 3442
3 3379 3443 3442
3 3379 3380 3443
3 3380 3444 3443
3 3380 3381 3444
3 3381 3445 3444
3 3381 3382 3445
3 3382 3446 3445
3 3382 3383 3446
3 3383 3447 3446
3 3383 3384 3447
3 3384 3448 3447
3 3384 3385 3448
3 3385 3449 3448
3 3385 3386 3449
3 3386 3450 3449
3 3386 3387 3450
3 3387 3451 3450
3 3387 3388 3451
3 3388 3452 3451
3 3388 3389 3452
3 3389 3453 3452
3 3389 3390 3453
3 3390 3454 3453
3 3390 3391 3454
3 3391 3455 3454
3 3391 3392 3455
3 3392 3456 3455
3 3392 3393 3456
3 3393 3457 3456
3 3393 3330 3457
3 3330 3394 3457
3 3394 3395 3458
3 3395 3459 3458
3 3395 3396 3459
3 3396 3460 3459
3 3396 3397 3460
3 3397 3461 3460
3 3397 3398 3461
3 3398 3462 3461
3 3398 3399 3462
3 3399 3463 3462
3 3399 3400 3463
3 3400 3464 3463
3 3400 3401 3464
3 3401 3465 3464
3 3401 3402 3465
3 3402 3466 3465
3 3402 3403 3466
3 3403 3467 3466
3 3403 3404 3467
3 3404 3468 3467
3 3404 3405 3468
3 3405 3469 3468
3 3405 3406 3469
3 3406 3470 3469
3 3406 3407 3470
3 3407 3471 3470
3 3407 3408 3471
3 3408 3472 3471
3 3408 3409 3472
3 3409 3473 3472
3 3409 3410 3473
3 3410 3474 3473
3 3410 3411 3474
3 3411 3475 3474
3 3411 3412 3475
3 3412 3476 3475
3 3412 3413 3476
3 3413 3477 3476
3 3413 3414 3477
3 3414 3478 3477
3 3414 3415 3478
3 3415 3479 3478
3 3415 3416 3479
3 3416 3480 3479
3 3416 3417 3480
3 3417 3481 3480
3 3417 3418 3481
3 3418 3482 3481
3 3418 3419 3482
3 3419 3483 3482
3 3419 3420 3483
3 3420 3484 3483
3 3420 3421 3484
3 3421 3485 3484
3 3421 3422 3485
3 3422 3486 3485
3 3422 3423 3486
3 3423 3487 3486
3 3423 3424 3487
3 3424 3488 3487
3 3424 3425 3488
3 3425 3489 3488
3 3425 3426 3489
3 3426 3490 3489
3 3426 3427 3490
3 3427 3491 3490
3 3427 3428 3491
3 3428 3492 3491
3 3428 3429 3492
3 3429 3493 3492
3 3429 3430 3493
3 3430 3494 3493
3 3430 3431 3494
3 3431 3495 3494
3 3431 3432 3495
3 3432 3496 3495
3 3432 3433 3496
3 3433 3497 3496
3 3433 3434 3497
3 3434 3498 3497
3 3434 3435 3498
3 3435 3499 3498
3 3435 3436 3499
3 3436 3500 3499
3 3436 3437 3500
3 3437 3501 3500
3 3437 3438 3501
3 3438 3502 3501
3 3438 3439 3502
3 3439 3503 3502
3 3439 3440 3503
3 3440 3504 3503
3 3440 3441 3504
3 3441 3505 3504
3 3441 3442 3505
3 3442 3506 3505
3 3442 3443 3506
3 3443 3507 3506
3 3443 3444 3507
3 3444 3508 3507
3 3444 3445 3508
3 3445 3509 3508
3 3445 3446 3509
3 3446 3510 3509
3 3446 3447 3510
3 3447 3511 3510
3 3447 3448 3511
3 3448 3512 3511
3 3448 3449 3512
3 3449 3513 3512
3 3449 3450 3513
3 3450 3514 3513
3 3450 3451 3514
3 3451 3515 3514
3 3451 3452 3515
3 3452 3516 3515
3 3452 3453 3516
3 3453 3517 3516
3 3453 3454 3517
3 3454 3518 3517
3 3454 3455 3518
3 3455 3519 3518
3 3455 3456 3519
3 3456 3520 3519
3 3456 3457 3520
3 3457 3521 3520
3 3457 3394 3521
3 3394 3458 3521
3 3458 3459 3522
3 3459 3523 3522
3 3459 3460 3523
3 3460 3524 3523
3 3460 3461 3524
3 3461 3525 3524
3 3461 3462 3525
3 3462 3526 3525
3 3462 3463 3526
3 3463 3527 3526
3 3463 3464 3527
3 3464 3528 3527
3 3464 3465 3528
3 3465 3529 3528
3 3465 3466 3529
3 3466 3530 3529
3 3466 3467 3530
3 3467 3531 3530
3 3467 3468 3531
3 3468 3532 3531
3 3468 3469 3532
3 3469 3533 3532
3 3469 3470 3533
3 3470 3534 3533
3 3470 3471 3534
3 3471 3535 3534
3 3471 3472 3535
3 3472 3536 3535
3 3472 3473 3536
3 3473 3537 3536
3 3473 3474 3537
3 3474 3538 3537
3 3474 3475 3538
3 3475 3539 3538
3 3475 3476 3539
3 3476 3540 3539
3 3476 3477 3540
3 3477 3541 3540
3 3477 3478 3541
3 3478 3542 3541
3 3478 3479 3542
3 3479 3543 3542
3 3479 3480 3543
3 3480 3544 3543
3 3480 3481 3544
3 3481 3545 3544
3 3481 3482 3545
3 3482 3546 3545
3 3482 3483 3546
3 3483 3547 3546
3 3483 3484 3547
3 3484 3548 3547
3 3484 3485 3548
3 3485 3549 3548
3 3485 3486 3549
3 3486 3550 3549
3 3486 3487 3550
3 3487 3551 3550
3 3487 3488 3551
3 3488 3552 3551
3 3488 3489 3552
3 3489 3553 3552
3 3489 3490 3553
3 3490 3554 3553
3 3490 3491 3554
3 3491 3555 3554
3 3491 3492 3555
3 3492 3556 3555
3 3492 3493 3556
3 3493 3557 3556
3 3493 3494 3557
3 3494 3558 3557
3 3494 3495 3558
3 3495 3559 3558
3 3495 3496 3559
3 3496 3560 3559
3 3496 3497 3560
3 3497 3561 3560
3 3497 3498 3561
3 3498 3562 3561
3 3498 3499 3562
3 3499 3563 3562
3 3499 3500 3563
3 3500 3564 3563
3 3500 3501 3564
3 3501 3565 3564
3 3501 3502 3565
3 3502 3566 3565
3 3502 3503 3566
3 3503 3567 3566
3 3503 3504 3567
3 3504 3568 3567
3 3504 3505 3568
3 3505 3569 3568
3 3505 3506 3569
3 3506 3570 3569
3 3506 3507 3570
3 3507 3571 3570
3 3507 3508 3571
3 3508 3572 3571
3 3508 3509 3572
3 3509 3573 3572
3 3509 3510 3573
3 3510 3574 3573
3 3510 3511 3574
3 3511 3575 3574
3 3511 3512 3575
3 3512 3576 3575
3 3512 3513 3576
3 3513 3577 3576
3 3513 3514 3577
3 3514 3578 3577
3 3514 3515 3578
3 3515 3579 3578
3 3515 3516 3579
3 3516 3580 3579
3 3516 3517 3580
3 3517 3581 3580
3 3517 3518 3581
3 3518 3582 3581
3 3518 3519 3582
3 3519 3583 3582
3 3519 3520 3583
3 3520 3584 3583
3 3520 3521 3584
3 3521 3585 3584
3 3521 3458 3585
3 3458 3522 3585
3 3522 3523 3586
3 3523 3587 3586
3 3523 3524 3587
3 3524 3588 3587
3 3524 3525 3588
3 3525 3589 3588
3 3525 3526 3589
3 3526 3590 3589
3 3526 3527 3590
3 3527 3591 3590
3 3527 3528 3591
3 3528 3592 3591
3 3528 3529 3592
3 3529 3593 3592
3 3529 3530 3593
3 3530 3594 3593
3 3530 3531 3594
3 3531 3595 3594
3 3531 3532 3595
3 3532 3596 3595
3 3532 3533 3596
3 3533 3597 3596
3 3533 3534 3597
3 3534 3598 3597
3 3534 3535 3598
3 3535 3599 3598
3 3535 3536 3599
3 3536 3600 3599
3 3536 3537 3600
3 3537 3601 3600
3 3537 3538 3601
3 3538 3602 3601
3 3538 3539 3602
3 3539 3603 3602
3 3539 3540 3603
3 3540 3604 3603
3 3540 3541 3604
3 3541 3605 3604
3 3541 3542 3605
3 3542 3606 3605
3 3542 3543 3606
3 3543 3607 3606
3 3543 3544 3607
3 3544 3608 3607
3 3544 3545 3608
3 3545 3609 3608
3 3545 3546 3609
3 3546 3610 3609
3 3546 3547 3610
3 3547 3611 3610
3 3547 3548 3611
3 3548 3612 3611
3 3548 3549 3612
3 3549 3613 3612
3 3549 3550 3613
3 3550 3614 3613
3 3550 3551 3614
3 3551 3615 3614
3 3551 3552 3615
3 3552 3616 3615
3 3552 3553 3616
3 3553 3617 3616
3 3553 3554 3617
3 3554 3618 3617
3 3554 3555 3618
3 3555 3619 3618
3 3555 3556 3619
3 3556 3620 3619
3 3556 3557 3620
3 3557 3621 3620
3 3557 3558 3621
3 3558 3622 3621
3 3558 3559 3622
3 3559 3623 3622
3 3559 3560 3623
3 3560 3624 3623
3 3560 3561 3624
3 3561 3625 3624
3 3561 3562 3625
3 3562 3626 3625
3 3562 3563 3626
3 3563 3627 3626
3 3563 3564 3627
3 3564 3628 3627
3 3564 3565 3628
3 3565 3629 3628
3 3565 3566 3629
3 3566 3630 3629
3 3566 3567 3630
3 3567 3631 3630
3 3567 3568 3631
3 3568 3632 3631
3 3568 3569 3632
3 3569 3633 3632
3 3569 3570 3633
3 3570 3634 3633
3 3570 3571 3634
3 3571 3635 3634
3 3571 3572 3635
3 3572 3636 3635
3 3572 3573 3636
3 3573 3637 3636
3 3573 3574 3637
3 3574 3638 3637
3 3574 3575 3638
3 3575 3639 3638
3 3575 3576 3639
3 3576 3640 3639
3 3576 3577 3640
3 3577 3641 3640
3 3577 3578 3641
3 3578 3642 3641
3 3578 3579 3642
3 3579 3643 3642
3 3579 3580 3643
3 3580 3644 3643
3 3580 3581 3644
3 3581 3645 3644
3 3581 3582 3645
3 3582 3646 3645
3 3582 3583 3646
3 3583 3647 3646
3 3583 3584 3647
3 3584 3648 3647
3 3584 3585 3648
3 3585 3649 3648
3 3585 3522 3649
3 3522 3586 3649
3 3586 3587 3650
3 3587 3651 3650
3 3587 3588 3651
3 3588 3652 3651
3 3588 3589 3652
3 3589 3653 3652
3 3589 3590 3653
3 3590 3654 3653
3 3590 3591 3654
3 3591 3655 3654
3 3591 3592 3655
3 3592 3656 3655
3 3592 3593 3656
3 3593 3657 3656
3 3593 3594 3657
3 3594 3658 3657
3 3594 3595 3658
3 3595 3659 3658
3 3595 3596 3659
3 3596 3660 3659
3 3596 3597 3660
3 3597 3661 3660
3 3597 3598 3661
3 3598 3662 3661
3 3598 3599 3662
3 3599 3663 3662
3 3599 3600 3663
3 3600 3664 3663
3 3600 3601 3664
3 3601 3665 3664
3 3601 3602 3665
3 3602 3666 3665
3 3602 3603 3666
3 3603 3667 3666
3 3603 3604 3667
3 3604 3668 3667
3 3604 3605 3668
3 3605 3669 3668
3 3605 3606 3669
3 3606 3670 3669
3 3606 3607 3670
3 3607 3671 3670
3 3607 3608 3671
3 3608 3672 3671
3 3608 3609 3672
3 3609 3673 3672
3 3609 3610 3673
3 3610 3674 3673
3 3610 3611 3674
3 3611 3675 3674
3 3611 3612 3675
3 3612 3676 3675
3 3612 3613 3676
3 3613 3677 3676
3 3613 3614 3677
3 3614 3678 3677
3 3614 3615 3678
3 3615 3679 3678
3 3615 3616 3679
3 3616 3680 3679
3 3616 3617 3680
3 3617 3681 3680
3 3617 3618 3681
3 3618 3682 3681
3 3618 3619 3682
3 3619 3683 3682
3 3619 3620 3683
3 3620 3684 3683
3 3620 3621 3684
3 3621 3685 3684
3 3621 3622 3685
3 3622 3686 3685
3 3622 3623 3686
3 3623 3687 3686
3 3623 3624 3687
3 3624 3688 3687
3 3624 3625 3688
3 3625 3689 3688
3 3625 3626 3689
3 3626 3690 3689
3 3626 3627 3690
3 3627 3691 3690
3 3627 3628 3691
3 3628 3692 3691
3 3628 3629 3692
3 3629 3693 3692
3 3629 3630 3693
3 3630 3694 3693
3 3630 3631 3694
3 3631 3695 3694
3 3631 3632 3695
3 3632 3696 3695
3 3632 3633 3696
3 3633 3697 3696
3 3633 3634 3697
3 3634 3698 3697
3 3634 3635 3698
3 3635 3699 3698
3 3635 3636 3699
3 3636 3700 3699
3 3636 3637 3700
3 3637 3701 3700
3 3637 3638 3701
3 3638 3702 3701
3 3638 3639 3702
3 3639 3703 3702
3 3639 3640 3703
3 3640 3704 3703
3 3640 3641 3704
3 3641 3705 3704
3 3641 3642 3705
3 3642 3706 3705
3 3642 3643 3706
3 3643 3707 3706
3 3643 3644 3707
3 3644 3708 3707
3 3644 3645 3708
3 3645 3709 3708
3 3645 3646 3709
3 3646 3710 3709
3 3646 3647 3710
3 3647 3711 3710
3 3647 3648 3711
3 3648 3712 3711
3 3648 3649 3712
3 3649 3713 3712
3 3649 3586 3713
3 3586 3650 3713
3 3650 3651 3714
3 3651 3715 3714
3 3651 3652 3715
3 3652 3716 3715
3 3652 3653 3716
3 3653 3717 3716
3 3653 3654 3717
3 3654 3718 3717
3 3654 3655 3718
3 3655 3719 3718
3 3655 3656 3719
3 3656 3720 3719
3 3656 3657 3720
3 3657 3721 3720
3 3657 3658 3721
3 3658 3722 3721
3 3658 3659 3722
3 3659 3723 3722
3 3659 3660 3723
3 3660 3724 3723
3 3660 3661 3724
3 3661 3725 3724
3 3661 3662 3725
3 3662 3726 3725
3 3662 3663 3726
3 3663 3727 3726
3 3663 3664 3727
3 3664 3728 3727
3 3664 3665 3728
3 3665 3729 3728
3 3665 3666 3729
3 3666 3730 3729
3 3666 3667 3730
3 3667 3731 3730
3 3667 3668 3731
3 3668 3732 3731
3 3668 3669 3732
3 3669 3733 3732
3 3669 3670 3733
3 3670 3734 3733
3 3670 3671 3734
3 3671 3735 3734
3 3671 3672 3735
3 3672 3736 3735
3 3672 3673 3736
3 3673 3737 3736
3 3673 3674 3737
3 3674 3738 3737
3 3674 3675 3738
3 3675 3739 3738
3 3675 3676 3739
3 3676 3740 3739
3 3676 3677 3740
3 3677 3741 3740
3 3677 3678 3741
3 3678 3742 3741
3 3678 3679 3742
3 3679 3743 3742
3 3679 3680 3743
3 3680 3744 3743
3 3680 3681 3744
3 3681 3745 3744
3 3681 3682 3745
3 3682 3746 3745
3 3682 3683 3746
3 3683 3747 3746
3 3683 3684 3747
3 3684 3748 3747
3 3684 3685 3748
3 3685 3749 3748
3 3685 3686 3749
3 3686 3750 3749
3 3686 3687 3750
3 3687 3751 3750
3 3687 3688 3751
3 3688 3752 3751
3 3688 3689 3752
3 3689 3753 3752
3 3689 3690 3753
3 3690 3754 3753
3 3690 3691 3754
3 3691 3755 3754
3 3691 3692 3755
3 3692 3756 3755
3 3692 3693 3756
3 3693 3757 3756
3 3693 3694 3757
3 3694 3758 3757
3 3694 3695 3758
3 3695 3759 3758
3 3695 3696 3759
3 3696 3760 3759
3 3696 3697 3760
3 3697 3761 3760
3 3697 3698 3761
3 3698 3762 3761
3 3698 3699 3762
3 3699 3763 3762
3 3699 3700 3763
3 3700 3764 3763
3 3700 3701 3764
3 3701 3765 3764
3 3701 3702 3765
3 3702 3766 3765
3 3702 3703 3766
3 3703 3767 3766
3 3703 3704 3767
3 3704 3768 3767
3 3704 3705 3768
3 3705 3769 3768
3 3705 3706 3769
3 3706 3770 3769
3 3706 3707 3770
3 3707 3771 3770
3 3707 3708 3771
3 3708 3772 3771
3 3708 3709 3772
3 3709 3773 3772
3 3709 3710 3773
3 3710 3774 3773
3 3710 3711 3774
3 3711 3775 3774
3 3711 3712 3775
3 3712 3776 3775
3 3712 3713 3776
3 3713 3777 3776
3 3713 3650 3777
3 3650 3714 3777
3 3714 3715 3778
3 3715 3779 3778
3 3715 3716 3779
3 3716 3780 3779
3 3716 3717 3780
3 3717 3781 3780
3 3717 3718 3781
3 3718 3782 3781
3 3718 3719 3782
3 3719 3783 3782
3 3719 3720 3783
3 3720 3784 3783
3 3720 3721 3784
3 3721 3785 3784
3 3721 3722 3785
3 3722 3786 3785
3 3722 3723 3786
3 3723 3787 3786
3 3723 3724 3787
3 3724 3788 3787
3 3724 3725 3788
3 3725 3789 3788
3 3725 3726 3789
3 3726 3790 3789
3 3726 3727 3790
3 3727 3791 3790
3 3727 3728 3791
3 3728 3792 3791
3 3728 3729 3792
3 3729 3793 3792
3 3729 3730 3793
3 3730 3794 3793
3 3730 3731 3794
3 3731 3795 3794
3 3731 3732 3795
3 3732 3796 3795
3 3732 3733 3796
3 3733 3797 3796
3 3733 3734 3797
3 3734 3798 3797
3 3734 3735 3798
3 3735 3799 3798
3 3735 3736 3799
3 3736 3800 3799
3 3736 3737 3800
3 3737 3801 3800
3 3737 3738 3801
3 3738 3802 3801
3 3738 3739 3802
3 3739 3803 3802
3 3739 3740 3803
3 3740 3804 3803
3 3740 3741 3804
3 3741 3805 3804
3 3741 3742 3805
3 3742 3806 3805
3 3742 3743 3806
3 3743 3807 3806
3 3743 3744 3807
3 3744 3808 3807
3 3744 3745 3808
3 3745 3809 3808
3 3745 3746 3809
3 3746 3810 3809
3 3746 3747 3810
3 3747 3811 3810
3 3747 3748 3811
3 3748 3812 3811
3 3748 3749 3812
3 3749 3813 3812
3 3749 3750 3813
3 3750 3814 3813
3 3750 3751 3814
3 3751 3815 3814
3 3751 3752 3815
3 3752 3816 3815
3 3752 3753 3816
3 3753 3817 3816
3 3753 3754 3817
3 3754 3818 3817
3 3754 3755 3818
3 3755 3819 3818
3 3755 3756 3819
3 3756 3820 3819
3 3756 3757 3820
3 3757 3821 3820
3 3757 3758 3821
3 3758 3822 3821
3 3758 3759 3822
3 3759 3823 3822
3 3759 3760 3823
3 3760 3824 3823
3 3760 3761 3824
3 3761 3825 3824
3 3761 3762 3825
3 3762 3826 3825
3 3762 3763 3826
3 3763 3827 3826
3 3763 3764 3827
3 3764 3828 3827
3 3764 3765 3828
3 3765 3829 3828
3 3765 3766 3829
3 3766 3830 3829
3 3766 3767 3830
3 3767 3831 3830
3 3767 3768 3831
3 3768 3832 3831
3 3768 3769 3832
3 3769 3833 3832
3 3769 3770 3833
3 3770 3834 3833
3 3770 3771 3834
3 3771 3835 3834
3 3771 3772 3835
3 3772 3836 3835
3 3772 3773 3836
3 3773 3837 3836
3 3773 3774 3837
3 3774 3838 3837
3 3774 3775 3838
3 3775 3839 3838
3 3775 3776 3839
3 3776 3840 3839
3 3776 3777 3840
3 3777 3841 3840
3 3777 3714 3841
3 3714 3778 3841
3 3778 3779 3842
3 3779 3843 3842
3 3779 3780 3843
3 3780 3844 3843
3 3780 3781 3844
3 3781 3845 3844
3 3781 3782 3845
3 3782 3846 3845
3 3782 3783 3846
3 3783 3847 3846
3 3783 3784 3847
3 3784 3848 3847
3 3784 3785 3848
3 3785 3849 3848
3 3785 3786 3849
3 3786 3850 3849
3 3786 3787 3850
3 3787 3851 3850
3 3787 3788 3851
3 3788 3852 3851
3 3788 3789 3852
3 3789 3853 3852
3 3789 3790 3853
3 3790 3854 3853
3 3790 3791 3854
3 3791 3855 3854
3 3791 3792 3855
3 3792 3856 3855
3 3792 3793 3856
3 3793 3857 3856
3 3793 3794 3857
3 3794 3858 3857
3 3794 3795 3858
3 3795 3859 3858
3 3795 3796 3859
3 3796 3860 3859
3 3796 3797 3860
3 3797 3861 3860
3 3797 3798 3861
3 3798 3862 3861
3 3798 3799 3862
3 3799 3863 3862
3 3799 3800 3863
3 3800 3864 3863
3 3800 3801 3864
3 3801 3865 3864
3 3801 3802 3865
3 3802 3866 3865
3 3802 3803 3866
3 3803 3867 3866
3 3803 3804 3867
3 3804 3868 3867
3 3804 3805 3868
3 3805 3869 3868
3 3805 3806 3869
3 3806 3870 3869
3 3806 3807 3870
3 3807 3871 3870
3 3807 3808 3871
3 3808 3872 3871
3 3808 3809 3872
3 3809 3873 3872
3 3809 3810 3873
3 3810 3874 3873
3 3810 3811 3874
3 3811 3875 3874
3 3811 3812 3875
3 3812 3876 3875
3 3812 3813 3876
3 3813 3877 3876
3 3813 3814 3877
3 3814 3878 3877
3 3814 3815 3878
3 3815 3879 3878
3 3815 3816 3879
3 3816 3880 3879
3 3816 3817 3880
3 3817 3881 3880
3 3817 3818 3881
3 3818 3882 3881
3 3818 3819 3882
3 3819 3883 3882
3 3819 3820 3883
3 3820 3884 3883
3 3820 3821 3884
3 3821 3885 3884
3 3821 3822 3885
3 3822 3886 3885
3 3822 3823 3886
3 3823 3887 3886
3 3823 3824 3887
3 3824 3888 3887
3 3824 3825 3888
3 3825 3889 3888
3 3825 3826 3889
3 3826 3890 3889
3 3826 3827 3890
3 3827 3891 3890
3 3827 3828 3891
3 3828 3892 3891
3 3828 3829 3892
3 3829 3893 3892
3 3829 3830 3893
3 3830 3894 3893
3 3830 3831 3894
3 3831 3895 3894
3 3831 3832 3895
3 3832 3896 3895
3 3832 3833 3896
3 3833 3897 3896
3 3833 3834 3897
3 3834 3898 3897
3 3834 3835 3898
3 3835 3899 3898
3 3835 3836 3899
3 3836 3900 3899
3 3836 3837 3900
3 3837 3901 3900
3 3837 3838 3901
3 3838 3902 3901
3 3838 3839 3902
3 3839 3903 3902
3 3839 3840 3903
3 3840 3904 3903
3 3840 3841 3904
3 3841 3905 3904
3 3841 3778 3905
3 3778 3842 3905
3 3842 3843 3906
3 3843 3907 3906
3 3843 3844 3907
3 3844 3908 3907
3 3844 3845 3908
3 3845 3909 3908
3 3845 3846 3909
3 3846 3910 3909
3 3846 3847 3910
3 3847 3911 3910
3 3847 3848 3911
3 3848 3912 3911
3 3848 3849 3912
3 3849 3913 3912
3 3849 3850 3913
3 3850 3914 3913
3 3850 3851 3914
3 3851 3915 3914
3 3851 3852 3915
3 3852 3916 3915
3 3852 3853 3916
3 3853 3917 3916
3 3853 3854 3917
3 3854 3918 3917
3 3854 3855 3918
3 3855 3919 3918
3 3855 3856 3919
3 3856 3920 3919
3 3856 3857 3920
3 3857 3921 3920
3 3857 3858 3921
3 3858 3922 3921
3 3858 3859 3922
3 3859 3923 3922
3 3859 3860 3923
3 3860 3924 3923
3 3860 3861 3924
3 3861 3925 3924
3 3861 3862 3925
3 3862 3926 3925
3 3862 3863 3926
3 3863 3927 3926
3 3863 3864 3927
3 3864 3928 3927
3 3864 3865 3928
3 3865 3929 3928
3 3865 3866 3929
3 3866 3930 3929
3 3866 3867 3930
3 3867 3931 3930
3 3867 3868 3931
3 3868 3932 3931
3 3868 3869 3932
3 3869 3933 3932
3 3869 3870 3933
3 3870 3934 3933
3 3870 3871 3934
3 3871 3935 3934
3 3871 3872 3935
3 3872 3936 3935
3 3872 3873 3936
3 3873 3937 3936
3 3873 3874 3937
3 3874 3938 3937
3 3874 3875 3938
3 3875 3939 3938
3 3875 3876 3939
3 3876 3940 3939
3 3876 3877 3940
3 3877 3941 3940
3 3877 3878 3941
3 3878 3942 3941
3 3878 3879 3942
3 3879 3943 3942
3 3879 3880 3943
3 3880 3944 3943
3 3880 3881 3944
3 3881 3945 3944
3 3881 3882 3945
3 3882 3946 3945
3 3882 3883 3946
3 3883 3947 3946
3 3883 3884 3947
3 3884 3948 3947
3 3884 3885 3948
3 3885 3949 3948
3 3885 3886 3949
3 3886 3950 3949
3 3886 3887 3950
3 3887 3951 3950
3 3887 3888 3951
3 3888 3952 3951
3 3888 3889 3952
3 3889 3953 3952
3 3889 3890 3953
3 3890 3954 3953
3 3890 3891 3954
3 3891 3955 3954
3 3891 3892 3955
3 3892 3956 3955
3 3892 3893 3956
3 3893 3957 3956
3 3893 3894 3957
3 3894 3958 3957
3 3894 3895 3958
3 3895 3959 3958
3 3895 3896 3959
3 3896 3960 3959
3 3896 3897 3960
3 3897 3961 3960
3 3897 3898 3961
3 3898 3962 3961
3 3898 3899 3962
3 3899 3963 3962
3 3899 3900 3963
3 3900 3964 3963
3 3900 3901 3964
3 3901 3965 3964
3 3901 3902 3965
3 3902 3966 3965
3 3902 3903 3966
3 3903 3967 3966
3 3903 3904 3967
3 3904 3968 3967
3 3904 3905 3968
3 3905 3969 3968
3 3905 3842 3969
3 3842 3906 3969
3 3906 3907 3970
3 3907 3971 3970
3 3907 3908 3971
3 3908 3972 3971
3 3908 3909 3972
3 3909 3973 3972
3 3909 3910 3973
3 3910 3974 3973
3 3910 3911 3974
3 3911 3975 3974
3 3911 3912 3975
3 3912 3976 3975
3 3912 3913 3976
3 3913 3977 3976
3 3913 3914 3977
3 3914 3978 3977
3 3914 3915 3978
3 3915 3979 3978
3 3915 3916 3979
3 3916 3980 3979
3 3916 3917 3980
3 3917 3981 3980
3 3917 3918 3981
3 3918 3982 3981
3 3918 3919 3982
3 3919 3983 3982
3 3919 3920 3983
3 3920 3984 3983
3 3920 3921 3984
3 3921 3985 3984
3 3921 3922 3985
3 3922 3986 3985
3 3922 3923 3986
3 3923 3987 3986
3 3923 3924 3987
3 3924 3988 3987
3 3924 3925 3988
3 3925 3989 3988
3 3925 3926 3989
3 3926 3990 3989
3 3926 3927 3990
3 3927 3991 3990
3 3927 3928 3991
3 3928 3992 3991
3 3928 3929 3992
3 3929 3993 3992
3 3929 3930 3993
3 3930 3994 3993
3 3930 3931 3994
3 3931 3995 3994
3 3931 3932 3995
3 3932 3996 3995
3 3932 3933 3996
3 3933 3997 3996
3 3933 3934 3997
3 3934 3998 3997
3 3934 3935 3998
3 3935 3999 3998
3 3935 3936 3999
3 3936 4000 3999
3 3936 3937 4000
3 3937 4001 4000
3 3937 3938 4001
3 3938 4002 4001
3 3938 3939 4002
3 3939 4003 4002
3 3939 3940 4003
3 3940 4004 4003
3 3940 3941 4004
3 3941 4005 4004
3 3941 3942 4005
3 3942 4006 4005
3 3942 3943 4006
3 3943 4007 4006
3 3943 3944 4007
3 3944 4008 4007
3 3944 3945 4008
3 3945 4009 4008
3 3945 3946 4009
3 3946 4010 4009
3 3946 3947 4010
3 3947 4011 4010
3 3947 3948 4011
3 3948 4012 4011
3 3948 3949 4012
3 3949 4013 4012
3 3949 3950 4013
3 3950 4014 4013
3 3950 3951 4014
3 3951 4015 4014
3 3951 3952 4015
3 3952 4016 4015
3 3952 3953 4016
3 3953 4017 4016
3 3953 3954 4017
3 3954 4018 4017
3 3954 3955 4018
3 3955 4019 4018
3 3955 3956 4019
3 3956 4020 4019
3 3956 3957 4020
3 3957 4021 4020
3 3957 3958 4021
3 3958 4022 4021
3 3958 3959 4022
3 3959 4023 4022
3 3959 3960 4023
3 3960 4024 4023
3 3960 3961 4024
3 3961 4025 4024
3 3961 3962 4025
3 3962 4026 4025
3 3962 3963 4026
3 3963 4027 4026
3 3963 3964 4027
3 3964 4028 4027
3 3964 3965 4028
3 3965 4029 4028
3 3965 3966 4029
3 3966 4030 4029
3 3966 3967 4030
3 3967 4031 4030
3 3967 3968 4031
3 3968 4032 4031
3 3968 3969 4032
3 3969 4033 4032
3 3969 3906 4033
3 3906 3970 4033
3 3970 3971 4034
3 3971 4035 4034
3 3971 3972 4035
3 3972 4036 4035
3 3972 3973 4036
3 3973 4037 4036
3 3973 3974 4037
3 3974 4038 4037
3 3974 3975 4038
3 3975 4039 4038
3 3975 3976 4039
3 3976 4040 4039
3 3976 3977 4040
3 3977 4041 4040
3 3977 3978 4041
3 3978 4042 4041
3 3978 3979 4042
3 3979 4043 4042
3 3979 3980 4043
3 3980 4044 4043
3 3980 3981 4044
3 3981 4045 4044
3 3981 3982 4045
3 3982 4046 4045
3 3982 3983 4046
3 3983 4047 4046
3 3983 3984 4047
3 3984 4048 4047
3 3984 3985 4048
3 3985 4049 4048
3 3985 3986 4049
3 3986 4050 4049
3 3986 3987 4050
3 3987 4051 4050
3 3987 3988 4051
3 3988 4052 4051
3 3988 3989 4052
3 3989 4053 4052
3 3989 3990 4053
3 3990 4054 4053
3 3990 3991 4054
3 3991 4055 4054
3 3991 3992 4055
3 3992 4056 4055
3 3992 3993 4056
3 3993 4057 4056
3 3993 3994 4057
3 3994 4058 4057
3 3994 3995 4058
3 3995 4059 4058
3 3995 3996 4059
3 3996 4060 4059
3 3996 3997 4060
3 3997 4061 4060
3 3997 3998 4061
3 3998 4062 4061
3 3998 3999 4062
3 3999 4063 4062
3 3999 4000 4063
3 4000 4064 4063
3 4000 4001 4064
3 4001 4065 4064
3 4001 4002 4065
3 4002 4066 4065
3 4002 4003 4066
3 4003 4067 4066
3 4003 4004 4067
3 4004 4068 4067
3 4004 4005 4068
3 4005 4069 4068
3 4005 4006 4069
3 4006 4070 4069
3 4006 4007 4070
3 4007 4071 4070
3 4007 4008 4071
3 4008 4072 4071
3 4008 4009 4072
3 4009 4073 4072
3 4009 4010 4073
3 4010 4074 4073
3 4010 4011 4074
3 4011 4075 4074
3 4011 4012 4075
3 4012 4076 4075
3 4012 4013 4076
3 4013 4077 4076
3 4013 4014 4077
3 4014 4078 4077
3 4014 4015 4078
3 4015 4079 4078
3 4015 4016 4079
3 4016 4080 4079
3 4016 4017 4080
3 4017 4081 4080
3 4017 4018 4081
3 4018 4082 4081
3 4018 4019 4082
3 4019 4083 4082
3 4019 4020 4083
3 4020 4084 4083
3 4020 4021 4084
3 4021 4085 4084
3 4021 4022 4085
3 4022 4086 4085
3 4022 4023 4086
3 4023 4087 4086
3 4023 4024 4087
3 4024 4088 4087
3 4024 4025 4088
3 4025 4089 4088
3 4025 4026 4089
3 4026 4090 4089
3 4026 4027 4090
3 4027 4091 4090
3 4027 4028 4091
3 4028 4092 4091
3 4028 4029 4092
3 4029 4093 4092
3 4029 4030 4093
3 4030 4094 4093
3 4030 4031 4094
3 4031 4095 4094
3 4031 4032 4095
3 4032 4096 4095
3 4032 4033 4096
3 4033 4097 4096
3 4033 3970 4097
3 3970 4034 4097
3 4034 4035 4098
3 4035 4099 4098
3 4035 4036 4099
3 4036 4100 4099
3 4036 4037 4100
3 4037 4101 4100
3 4037 4038 4101
3 4038 4102 4101
3 4038 4039 4102
3 4039 4103 4102
3 4039 4040 4103
3 4040 4104 4103
3 4040 4041 4104
3 4041 4105 4104
3 4041 4042 4105
3 4042 4106 4105
3 4042 4043 4106
3 4043 4107 4106
3 4043 4044 4107
3 4044 4108 4107
3 4044 4045 4108
3 4045 4109 4108
3 4045 4046 4109
3 4046 4110 4109
3 4046 4047 4110
3 4047 4111 4110
3 4047 4048 4111
3 4048 4112 4111
3 4048 4049 4112
3 4049 4113 4112
3 4049 4050 4113
3 4050 4114 4113
3 4050 4051 4114
3 4051 4115 4114
3 4051 4052 4115
3 4052 4116 4115
3 4052 4053 4116
3 4053 4117 4116
3 4053 4054 4117
3 4054 4118 4117
3 4054 4055 4118
3 4055 4119 4118
3 4055 4056 4119
3 4056 4120 4119
3 4056 4057 4120
3 4057 4121 4120
3 4057 4058 4121
3 4058 4122 4121
3 4058 4059 4122
3 4059 4123 4122
3 4059 4060 4123
3 4060 4124 4123
3 4060 4061 4124
3 4061 4125 4124
3 4061 4062 4125
3 4062 4126 4125
3 4062 4063 4126
3 4063 4127 4126
3 4063 4064 4127
3 4064 4128 4127
3 4064 4065 4128
3 4065 4129 4128
3 4065 4066 4129
3 4066 4130 4129
3 4066 4067 4130
3 4067 4131 4130
3 4067 4068 4131
3 4068 4132 4131
3 4068 4069 4132
3 4069 4133 4132
3 4069 4070 4133
3 4070 4134 4133
3 4070 4071 4134
3 4071 4135 4134
3 4071 4072 4135
3 4072 4136 4135
3 4072 4073 4136
3 4073 4137 4136
3 4073 4074 4137
3 4074 4138 4137
3 4074 4075 4138
3 4075 4139 4138
3 4075 4076 4139
3 4076 4140 4139
3 4076 4077 4140
3 4077 4141 4140
3 4077 4078 4141
3 4078 4142 4141
3 4078 4079 4142
3 4079 4143 4142
3 4079 4080 4143
3 4080 4144 4143
3 4080 4081 4144
3 4081 4145 4144
3 4081 4082 4145
3 4082 4146 4145
3 4082 4083 4146
3 4083 4147 4146
3 4083 4084 4147
3 4084 4148 4147
3 4084 4085 4148
3 4085 4149 4148
3 4085 4086 4149
3 4086 4150 4149
3 4086 4087 4150
3 4087 4151 4150
3 4087 4088 4151
3 4088 4152 4151
3 4088 4089 4152
3 4089 4153 4152
3 4089 4090 4153
3 4090 4154 4153
3 4090 4091 4154
3 4091 4155 4154
3 4091 4092 4155
3 4092 4156 4155
3 4092 4093 4156
3 4093 4157 4156
3 4093 4094 4157
3 4094 4158 4157
3 4094 4095 4158
3 4095 4159 4158
3 4095 4096 4159
3 4096 4160 4159
3 4096 4097 4160
3 4097 4161 4160
3 4097 4034 4161
3 4034 4098 4161
3 4098 4099 4162
3 4099 4163 4162
3 4099 4100 4163
3 4100 4164 4163
3 4100 4101 4164
3 4101 4165 4164
3 4101 4102 4165
3 4102 4166 4165
3 4102 4103 4166
3 4103 4167 4166
3 4103 4104 4167
3 4104 4168 4167
3 4104 4105 4168
3 4105 4169 4168
3 4105 4106 4169
3 4106 4170 4169
3 4106 4107 4170
3 4107 4171 4170
3 4107 4108 4171
3 4108 4172 4171
3 4108 4109 4172
3 4109 4173 4172
3 4109 4110 4173
3 4110 4174 4173
3 4110 4111 4174
3 4111 4175 4174
3 4111 4112 4175
3 4112 4176 4175
3 4112 4113 4176
3 4113 4177 4176
3 4113 4114 4177
3 4114 4178 4177
3 4114 4115 4178
3 4115 4179 4178
3 4115 4116 4179
3 4116 4180 4179
3 4116 4117 4180
3 4117 4181 4180
3 4117 4118 4181
3 4118 4182 4181
3 4118 4119 4182
3 4119 4183 4182
3 4119 4120 4183
3 4120 4184 4183
3 4120 4121 4184
3 4121 4185 4184
3 4121 4122 4185
3 4122 4186 4185
3 4122 4123 4186
3 4123 4187 4186
3 4123 4124 4187
3 4124 4188 4187
3 4124 4125 4188
3 4125 4189 4188
3 4125 4126 4189
3 4126 4190 4189
3 4126 4127 4190
3 4127 4191 4190
3 4127 4128 4191
3 4128 4192 4191
3 4128 4129 4192
3 4129 4193 4192
3 4129 4130 4193
3 4130 4194 4193
3 4130 4131 4194
3 4131 4195 4194
3 4131 4132 4195
3 4132 4196 4195
3 4132 4133 4196
3 4133 4197 4196
3 4133 4134 4197
3 4134 4198 4197
3 4134 4135 4198
3 4135 4199 4198
3 4135 4136 4199
3 4136 4200 4199
3 4136 4137 4200
3 4137 4201 4200
3 4137 4138 4201
3 4138 4202 4201
3 4138 4139 4202
3 4139 4203 4202
3 4139 4140 4203
3 4140 4204 4203
3 4140 4141 4204
3 4141 4205 4204
3 4141 4142 4205
3 4142 4206 4205
3 4142 4143 4206
3 4143 4207 4206
3 4143 4144 4207
3 4144 4208 4207
3 4144 4145 4208
3 4145 4209 4208
3 4145 4146 4209
3 4146 4210 4209
3 4146 4147 4210
3 4147 4211 4210
3 4147 4148 4211
3 4148 4212 4211
3 4148 4149 4212
3 4149 4213 4212
3 4149 4150 4213
3 4150 4214 4213
3 4150 4151 4214
3 4151 4215 4214
3 4151 4152 4215
3 4152 4216 4215
3 4152 4153 4216
3 4153 4217 4216
3 4153 4154 4217
3 4154 4218 4217
3 4154 4155 4218
3 4155 4219 4218
3 4155 4156 4219
3 4156 4220 4219
3 4156 4157 4220
3 4157 4221 4220
3 4157 4158 4221
3 4158 4222 4221
3 4158 4159 4222
3 4159 4223 4222
3 4159 4160 4223
3 4160 4224 4223
3 4160 4161 4224
3 4161 4225 4224
3 4161 4098 4225
3 4098 4162 4225
3 4162 4163 4226
3 4163 4227 4226
3 4163 4164 4227
3 4164 4228 4227
3 4164 4165 4228
3 4165 4229 4228
3 4165 4166 4229
3 4166 4230 4229
3 4166 4167 4230
3 4167 4231 4230
3 4167 4168 4231
3 4168 4232 4231
3 4168 4169 4232
3 4169 4233 4232
3 4169 4170 4233
3 4170 4234 4233
3 4170 4171 4234
3 4171 4235 4234
3 4171 4172 4235
3 4172 4236 4235
3 4172 4173 4236
3 4173 4237 4236
3 4173 4174 4237
3 4174 4238 4237
3 4174 4175 4238
3 4175 4239 4238
3 4175 4176 4239
3 4176 4240 4239
3 4176 4177 4240
3 4177 4241 4240
3 4177 4178 4241
3 4178 4242 4241
3 4178 4179 4242
3 4179 4243 4242
3 4179 4180 4243
3 4180 4244 4243
3 4180 4181 4244
3 4181 4245 4244
3 4181 4182 4245
3 4182 4246 4245
3 4182 4183 4246
3 4183 4247 4246
3 4183 4184 4247
3 4184 4248 4247
3 4184 4185 4248
3 4185 4249 4248
3 4185 4186 4249
3 4186 4250 4249
3 4186 4187 4250
3 4187 4251 4250
3 4187 4188 4251
3 4188 4252 4251
3 4188 4189 4252
3 4189 4253 4252
3 4189 4190 4253
3 4190 4254 4253
3 4190 4191 4254
3 4191 4255 4254
3 4191 4192 4255
3 4192 4256 4255
3 4192 4193 4256
3 4193 4257 4256
3 4193 4194 4257
3 4194 4258 4257
3 4194 4195 4258
3 4195 4259 4258
3 4195 4196 4259
3 4196 4260 4259
3 4196 4197 4260
3 4197 4261 4260
3 4197 4198 4261
3 4198 4262 4261
3 4198 4199 4262
3 4199 4263 4262
3 4199 4200 4263
3 4200 4264 4263
3 4200 4201 4264
3 4201 4265 4264
3 4201 4202 4265
3 4202 4266 4265
3 4202 4203 4266
3 4203 4267 4266
3 4203 4204 4267
3 4204 4268 4267
3 4204 4205 4268
3 4205 4269 4268
3 4205 4206 4269
3 4206 4270 4269
3 4206 4207 4270
3 4207 4271 4270
3 4207 4208 4271
3 4208 4272 4271
3 4208 4209 4272
3 4209 4273 4272
3 4209 4210 4273
3 4210 4274 4273
3 4210 4211 4274
3 4211 4275 4274
3 4211 4212 4275
3 4212 4276 4275
3 4212 4213 4276
3 4213 4277 4276
3 4213 4214 4277
3 4214 4278 4277
3 4214 4215 4278
3 4215 4279 4278
3 4215 4216 4279
3 4216 4280 4279
3 4216 4217 4280
3 4217 4281 4280
3 4217 4218 4281
3 4218 4282 4281
3 4218 4219 4282
3 4219 4283 4282
3 4219 4220 4283
3 4220 4284 4283
3 4220 4221 4284
3 4221 4285 4284
3 4221 4222 4285
3 4222 4286 4285
3 4222 4223 4286
3 4223 4287 4286
3 4223 4224 4287
3 4224 4288 4287
3 4224 4225 4288
3 4225 4289 4288
3 4225 4162 4289
3 4162 4226 4289
3 4226 4227 4290
3 4227 4291 4290
3 4227 4228 4291
3 4228 4292 4291
3 4228 4229 4292
3 4229 4293 4292
3 4229 4230 4293
3 4230 4294 4293
3 4230 4231 4294
3 4231 4295 4294
3 4231 4232 4295
3 4232 4296 4295
3 4232 4233 4296
3 4233 4297 4296
3 4233 4234 4297
3 4234 4298 4297
3 4234 4235 4298
3 4235 4299 4298
3 4235 4236 4299
3 4236 4300 4299
3 4236 4237 4300
3 4237 4301 4300
3 4237 4238 4301
3 4238 4302 4301
3 4238 4239 4302
3 4239 4303 4302
3 4239 4240 4303
3 4240 4304 4303
3 4240 4241 4304
3 4241 4305 4304
3 4241 4242 4305
3 4242 4306 4305
3 4242 4243 4306
3 4243 4307 4306
3 4243 4244 4307
3 4244 4308 4307
3 4244 4245 4308
3 4245 4309 4308
3 4245 4246 4309
3 4246 4310 4309
3 4246 4247 4310
3 4247 4311 4310
3 4247 4248 4311
3 4248 4312 4311
3 4248 4249 4312
3 4249 4313 4312
3 4249 4250 4313
3 4250 4314 4313
3 4250 4251 4314
3 4251 4315 4314
3 4251 4252 4315
3 4252 4316 4315
3 4252 4253 4316
3 4253 4317 4316
3 4253 4254 4317
3 4254 4318 4317
3 4254 4255 4318
3 4255 4319 4318
3 4255 4256 4319
3 4256 4320 4319
3 4256 4257 4320
3 4257 4321 4320
3 4257 4258 4321
3 4258 4322 4321
3 4258 4259 4322
3 4259 4323 4322
3 4259 4260 4323
3 4260 4324 4323
3 4260 4261 4324
3 4261 4325 4324
3 4261 4262 4325
3 4262 4326 4325
3 4262 4263 4326
3 4263 4327 4326
3 4263 4264 4327
3 4264 4328 4327
3 4264 4265 4328
3 4265 4329 4328
3 4265 4266 4329
3 4266 4330 4329
3 4266 4267 4330
3 4267 4331 4330
3 4267 4268 4331
3 4268 4332 4331
3 4268 4269 4332
3 4269 4333 4332
3 4269 4270 4333
3 4270 4334 4333
3 4270 4271 4334
3 4271 4335 4334
3 4271 4272 4335
3 4272 4336 4335
3 4272 4273 4336
3 4273 4337 4336
3 4273 4274 4337
3 4274 4338 4337
3 4274 4275 4338
3 4275 4339 4338
3 4275 4276 4339
3 4276 4340 4339
3 4276 4277 4340
3 4277 4341 4340
3 4277 4278 4341
3 4278 4342 4341
3 4278 4279 4342
3 4279 4343 4342
3 4279 4280 4343
3 4280 4344 4343
3 4280 4281 4344
3 4281 4345 4344
3 4281 4282 4345
3 4282 4346 4345
3 4282 4283 4346
3 4283 4347 4346
3 4283 4284 4347
3 4284 4348 4347
3 4284 4285 4348
3 4285 4349 4348
3 4285 4286 4349
3 4286 4350 4349
3 4286 4287 4350
3 4287 4351 4350
3 4287 4288 4351
3 4288 4352 4351
3 4288 4289 4352
3 4289 4353 4352
3 4289 4226 4353
3 4226 4290 4353
3 4290 4291 4354
3 4291 4355 4354
3 4291 4292 4355
3 4292 4356 4355
3 4292 4293 4356
3 4293 4357 4356
3 4293 4294 4357
3 4294 4358 4357
3 4294 4295 4358
3 4295 4359 4358
3 4295 4296 4359
3 4296 4360 4359
3 4296 4297 4360
3 4297 4361 4360
3 4297 4298 4361
3 4298 4362 4361
3 4298 4299 4362
3 4299 4363 4362
3 4299 4300 4363
3 4300 4364 4363
3 4300 4301 4364
3 4301 4365 4364
3 4301 4302 4365
3 4302 4366 4365
3 4302 4303 4366
3 4303 4367 4366
3 4303 4304 4367
3 4304 4368 4367
3 4304 4305 4368
3 4305 4369 4368
3 4305 4306 4369
3 4306 4370 4369
3 4306 4307 4370
3 4307 4371 4370
3 4307 4308 4371
3 4308 4372 4371
3 4308 4309 4372
3 4309 4373 4372
3 4309 4310 4373
3 4310 4374 4373
3 4310 4311 4374
3 4311 4375 4374
3 4311 4312 4375
3 4312 4376 4375
3 4312 4313 4376
3 4313 4377 4376
3 4313 4314 4377
3 4314 4378 4377
3 4314 4315 4378
3 4315 4379 4378
3 4315 4316 4379
3 4316 4380 4379
3 4316 4317 4380
3 4317 4381 4380
3 4317 4318 4381
3 4318 4382 4381
3 4318 4319 4382
3 4319 4383 4382
3 4319 4320 4383
3 4320 4384 4383
3 4320 4321 4384
3 4321 4385 4384
3 4321 4322 4385
3 4322 4386 4385
3 4322 4323 4386
3 4323 4387 4386
3 4323 4324 4387
3 4324 4388 4387
3 4324 4325 4388
3 4325 4389 4388
3 4325 4326 4389
3 4326 4390 4389
3 4326 4327 4390
3 4327 4391 4390
3 4327 4328 4391
3 4328 4392 4391
3 4328 4329 4392
3 4329 4393 4392
3 4329 4330 4393
3 4330 4394 4393
3 4330 4331 4394
3 4331 4395 4394
3 4331 4332 4395
3 4332 4396 4395
3 4332 4333 4396
3 4333 4397 4396
3 4333 4334 4397
3 4334 4398 4397
3 4334 4335 4398
3 4335 4399 4398
3 4335 4336 4399
3 4336 4400 4399
3 4336 4337 4400
3 4337 4401 4400
3 4337 4338 4401
3 4338 4402 4401
3 4338 4339 4402
3 4339 4403 4402
3 4339 4340 4403
3 4340 4404 4403
3 4340 4341 4404
3 4341 4405 4404
3 4341 4342 4405
3 4342 4406 4405
3 4342 4343 4406
3 4343 4407 4406
3 4343 4344 4407
3 4344 4408 4407
3 4344 4345 4408
3 4345 4409 4408
3 4345 4346 4409
3 4346 4410 4409
3 4346 4347 4410
3 4347 4411 4410
3 4347 4348 4411
3 4348 4412 4411
3 4348 4349 4412
3 4349 4413 4412
3 4349 4350 4413
3 4350 4414 4413
3 4350 4351 4414
3 4351 4415 4414
3 4351 4352 4415
3 4352 4416 4415
3 4352 4353 4416
3 4353 4417 4416
3 4353 4290 4417
3 4290 4354 4417
3 4354 4355 4418
3 4355 4419 4418
3 4355 4356 4419
3 4356 4420 4419
3 4356 4357 4420
3 4357 4421 4420
3 4357 4358 4421
3 4358 4422 4421
3 4358 4359 4422
3 4359 4423 4422
3 4359 4360 4423
3 4360 4424 4423
3 4360 4361 4424
3 4361 4425 4424
3 4361 4362 4425
3 4362 4426 4425
3 4362 4363 4426
3 4363 4427 4426
3 4363 4364 4427
3 4364 4428 4427
3 4364 4365 4428
3 4365 4429 4428
3 4365 4366 4429
3 4366 4430 4429
3 4366 4367 4430
3 4367 4431 4430
3 4367 4368 4431
3 4368 4432 4431
3 4368 4369 4432
3 4369 4433 4432
3 4369 4370 4433
3 4370 4434 4433
3 4370 4371 4434
3 4371 4435 4434
3 4371 4372 4435
3 4372 4436 4435
3 4372 4373 4436
3 4373 4437 4436
3 4373 4374 4437
3 4374 4438 4437
3 4374 4375 4438
3 4375 4439 4438
3 4375 4376 4439
3 4376 4440 4439
3 4376 4377 4440
3 4377 4441 4440
3 4377 4378 4441
3 4378 4442 4441
3 4378 4379 4442
3 4379 4443 4442
3 4379 4380 4443
3 4380 4444 4443
3 4380 4381 4444
3 4381 4445 4444
3 4381 4382 4445
3 4382 4446 4445
3 4382 4383 4446
3 4383 4447 4446
3 4383 4384 4447
3 4384 4448 4447
3 4384 4385 4448
3 4385 4449 4448
3 4385 4386 4449
3 4386 4450 4449
3 4386 4387 4450
3 4387 4451 4450
3 4387 4388 4451
3 4388 4452 4451
3 4388 4389 4452
3 4389 4453 4452
3 4389 4390 4453
3 4390 4454 4453
3 4390 4391 4454
3 4391 4455 4454
3 4391 4392 4455
3 4392 4456 4455
3 4392 4393 4456
3 4393 4457 4456
3 4393 4394 4457
3 4394 4458 4457
3 4394 4395 4458
3 4395 4459 4458
3 4395 4396 4459
3 4396 4460 4459
3 4396 4397 4460
3 4397 4461 4460
3 4397 4398 4461
3 4398 4462 4461
3 4398 4399 4462
3 4399 4463 4462
3 4399 4400 4463
3 4400 4464 4463
3 4400 4401 4464
3 4401 4465 4464
3 4401 4402 4465
3 4402 4466 4465
3 4402 4403 4466
3 4403 4467 4466
3 4403 4404 4467
3 4404 4468 4467
3 4404 4405 4468
3 4405 4469 4468
3 4405 4406 4469
3 4406 4470 4469
3 4406 4407 4470
3 4407 4471 4470
3 4407 4408 4471
3 4408 4472 4471
3 4408 4409 4472
3 4409 4473 4472
3 4409 4410 4473
3 4410 4474 4473
3 4410 4411 4474
3 4411 4475 4474
3 4411 4412 4475
3 4412 4476 4475
3 4412 4413 4476
3 4413 4477 4476
3 4413 4414 4477
3 4414 4478 4477
3 4414 4415 4478
3 4415 4479 4478
3 4415 4416 4479
3 4416 4480 4479
3 4416 4417 4480
3 4417 4481 4480
3 4417 4354 4481
3 4354 4418 4481
3 4418 4419 4482
3 4419 4483 4482
3 4419 4420 4483
3 4420 4484 4483
3 4420 4421 4484
3 4421 4485 4484
3 4421 4422 4485
3 4422 4486 4485
3 4422 4423 4486
3 4423 4487 4486
3 4423 4424 4487
3 4424 4488 4487
3 4424 4425 4488
3 4425 4489 4488
3 4425 4426 4489
3 4426 4490 4489
3 4426 4427 4490
3 4427 4491 4490
3 4427 4428 4491
3 4428 4492 4491
3 4428 4429 4492
3 4429 4493 4492
3 4429 4430 4493
3 4430 4494 4493
3 4430 4431 4494
3 4431 4495 4494
3 4431 4432 4495
3 4432 4496 4495
3 4432 4433 4496
3 4433 4497 4496
3 4433 4434 4497
3 4434 4498 4497
3 4434 4435 4498
3 4435 4499 4498
3 4435 4436 4499
3 4436 4500 4499
3 4436 4437 4500
3 4437 4501 4500
3 4437 4438 4501
3 4438 4502 4501
3 4438 4439 4502
3 4439 4503 4502
3 4439 4440 4503
3 4440 4504 4503
3 4440 4441 4504
3 4441 4505 4504
3 4441 4442 4505
3 4442 4506 4505
3 4442 4443 4506
3 4443 4507 4506
3 4443 4444 4507
3 4444 4508 4507
3 4444 4445 4508
3 4445 4509 4508
3 4445 4446 4509
3 4446 4510 4509
3 4446 4447 4510
3 4447 4511 4510
3 4447 4448 4511
3 4448 4512 4511
3 4448 4449 4512
3 4449 4513 4512
3 4449 4450 4513
3 4450 4514 4513
3 4450 4451 4514
3 4451 4515 4514
3 4451 4452 4515
3 4452 4516 4515
3 4452 4453 4516
3 4453 4517 4516
3 4453 4454 4517
3 4454 4518 4517
3 4454 4455 4518
3 4455 4519 4518
3 4455 4456 4519
3 4456 4520 4519
3 4456 4457 4520
3 4457 4521 4520
3 4457 4458 4521
3 4458 4522 4521
3 4458 4459 4522
3 4459 4523 4522
3 4459 4460 4523
3 4460 4524 4523
3 4460 4461 4524
3 4461 4525 4524
3 4461 4462 4525
3 4462 4526 4525
3 4462 4463 4526
3 4463 4527 4526
3 4463 4464 4527
3 4464 4528 4527
3 4464 4465 4528
3 4465 4529 4528
3 4465 4466 4529
3 4466 4530 4529
3 4466 4467 4530
3 4467 4531 4530
3 4467 4468 4531
3 4468 4532 4531
3 4468 4469 4532
3 4469 4533 4532
3 4469 4470 4533
3 4470 4534 4533
3 4470 4471 4534
3 4471 4535 4534
3 4471 4472 4535
3 4472 4536 4535
3 4472 4473 4536
3 4473 4537 4536
3 4473 4474 4537
3 4474 4538 4537
3 4474 4475 4538
3 4475 4539 4538
3 4475 4476 4539
3 4476 4540 4539
3 4476 4477 4540
3 4477 4541 4540
3 4477 4478 4541
3 4478 4542 4541
3 4478 4479 4542
3 4479 4543 4542
3 4479 4480 4543
3 4480 4544 4543
3 4480 4481 4544
3 4481 4545 4544
3 4481 4418 4545
3 4418 4482 4545
3 4482 4483 4546
3 4483 4547 4546
3 4483 4484 4547
3 4484 4548 4547
3 4484 4485 4548
3 4485 4549 4548
3 4485 4486 4549
3 4486 4550 4549
3 4486 4487 4550
3 4487 4551 4550
3 4487 4488 4551
3 4488 4552 4551
3 4488 4489 4552
3 4489 4553 4552
3 4489 4490 4553
3 4490 4554 4553
3 4490 4491 4554
3 4491 4555 4554
3 4491 4492 4555
3 4492 4556 4555
3 4492 4493 4556
3 4493 4557 4556
3 4493 4494 4557
3 4494 4558 4557
3 4494 4495 4558
3 4495 4559 4558
3 4495 4496 4559
3 4496 4560 4559
3 4496 4497 4560
3 4497 4561 4560
3 4497 4498 4561
3 4498 4562 4561
3 4498 4499 4562
3 4499 4563 4562
3 4499 4500 4563
3 4500 4564 4563
3 4500 4501 4564
3 4501 4565 4564
3 4501 4502 4565
3 4502 4566 4565
3 4502 4503 4566
3 4503 4567 4566
3 4503 4504 4567
3 4504 4568 4567
3 4504 4505 4568
3 4505 4569 4568
3 4505 4506 4569
3 4506 4570 4569
3 4506 4507 4570
3 4507 4571 4570
3 4507 4508 4571
3 4508 4572 4571
3 4508 4509 4572
3 4509 4573 4572
3 4509 4510 4573
3 4510 4574 4573
3 4510 4511 4574
3 4511 4575 4574
3 4511 4512 4575
3 4512 4576 4575
3 4512 4513 4576
3 4513 4577 4576
3 4513 4514 4577
3 4514 4578 4577
3 4514 4515 4578
3 4515 4579 4578
3 4515 4516 4579
3 4516 4580 4579
3 4516 4517 4580
3 4517 4581 4580
3 4517 4518 4581
3 4518 4582 4581
3 4518 4519 4582
3 4519 4583 4582
3 4519 4520 4583
3 4520 4584 4583
3 4520 4521 4584
3 4521 4585 4584
3 4521 4522 4585
3 4522 4586 4585
3 4522 4523 4586
3 4523 4587 4586
3 4523 4524 4587
3 4524 4588 4587
3 4524 4525 4588
3 4525 4589 4588
3 4525 4526 4589
3 4526 4590 4589
3 4526 4527 4590
3 4527 4591 4590
3 4527 4528 4591
3 4528 4592 4591
3 4528 4529 4592
3 4529 4593 4592
3 4529 4530 4593
3 4530 4594 4593
3 4530 4531 4594
3 4531 4595 4594
3 4531 4532 4595
3 4532 4596 4595
3 4532 4533 4596
3 4533 4597 4596
3 4533 4534 4597
3 4534 4598 4597
3 4534 4535 4598
3 4535 4599 4598
3 4535 4536 4599
3 4536 4600 4599
3 4536 4537 4600
3 4537 4601 4600
3 4537 4538 4601
3 4538 4602 4601
3 4538 4539 4602
3 4539 4603 4602
3 4539 4540 4603
3 4540 4604 4603
3 4540 4541 4604
3 4541 4605 4604
3 4541 4542 4605
3 4542 4606 4605
3 4542 4543 4606
3 4543 4607 4606
3 4543 4544 4607
3 4544 4608 4607
3 4544 4545 4608
3 4545 4609 4608
3 4545 4482 4609
3 4482 4546 4609
3 4546 4547 4610
3 4547 4611 4610
3 4547 4548 4611
3 4548 4612 4611
3 4548 4549 4612
3 4549 4613 4612
3 4549 4550 4613
3 4550 4614 4613
3 4550 4551 4614
3 4551 4615 4614
3 4551 4552 4615
3 4552 4616 4615
3 4552 4553 4616
3 4553 4617 4616
3 4553 4554 4617
3 4554 4618 4617
3 4554 4555 4618
3 4555 4619 4618
3 4555 4556 4619
3 4556 4620 4619
3 4556 4557 4620
3 4557 4621 4620
3 4557 4558 4621
3 4558 4622 4621
3 4558 4559 4622
3 4559 4623 4622
3 4559 4560 4623
3 4560 4624 4623
3 4560 4561 4624
3 4561 4625 4624
3 4561 4562 4625
3 4562 4626 4625
3 4562 4563 4626
3 4563 4627 4626
3 4563 4564 4627
3 4564 4628 4627
3 4564 4565 4628
3 4565 4629 4628
3 4565 4566 4629
3 4566 4630 4629
3 4566 4567 4630
3 4567 4631 4630
3 4567 4568 4631
3 4568 4632 4631
3 4568 4569 4632
3 4569 4633 4632
3 4569 4570 4633
3 4570 4634 4633
3 4570 4571 4634
3 4571 4635 4634
3 4571 4572 4635
3 4572 4636 4635
3 4572 4573 4636
3 4573 4637 4636
3 4573 4574 4637
3 4574 4638 4637
3 4574 4575 4638
3 4575 4639 4638
3 4575 4576 4639
3 4576 4640 4639
3 4576 4577 4640
3 4577 4641 4640
3 4577 4578 4641
3 4578 4642 4641
3 4578 4579 4642
3 4579 4643 4642
3 4579 4580 4643
3 4580 4644 4643
3 4580 4581 4644
3 4581 4645 4644
3 4581 4582 4645
3 4582 4646 4645
3 4582 4583 4646
3 4583 4647 4646
3 4583 4584 4647
3 4584 4648 4647
3 4584 4585 4648
3 4585 4649 4648
3 4585 4586 4649
3 4586 4650 4649
3 4586 4587 4650
3 4587 4651 4650
3 4587 4588 4651
3 4588 4652 4651
3 4588 4589 4652
3 4589 4653 4652
3 4589 4590 4653
3 4590 4654 4653
3 4590 4591 4654
3 4591 4655 4654
3 4591 4592 4655
3 4592 4656 4655
3 4592 4593 4656
3 4593 4657 4656
3 4593 4594 4657
3 4594 4658 4657
3 4594 4595 4658
3 4595 4659 4658
3 4595 4596 4659
3 4596 4660 4659
3 4596 4597 4660
3 4597 4661 4660
3 4597 4598 4661
3 4598 4662 4661
3 4598 4599 4662
3 4599 4663 4662
3 4599 4600 4663
3 4600 4664 4663
3 4600 4601 4664
3 4601 4665 4664
3 4601 4602 4665
3 4602 4666 4665
3 4602 4603 4666
3 4603 4667 4666
3 4603 4604 4667
3 4604 4668 4667
3 4604 4605 4668
3 4605 4669 4668
3 4605 4606 4669
3 4606 4670 4669
3 4606 4607 4670
3 4607 4671 4670
3 4607 4608 4671
3 4608 4672 4671
3 4608 4609 4672
3 4609 4673 4672
3 4609 4546 4673
3 4546 4610 4673
3 4610 4611 4674
3 4611 4675 4674
3 4611 4612 4675
3 4612 4676 4675
3 4612 4613 4676
3 4613 4677 4676
3 4613 4614 4677
3 4614 4678 4677
3 4614 4615 4678
3 4615 4679 4678
3 4615 4616 4679
3 4616 4680 4679
3 4616 4617 4680
3 4617 4681 4680
3 4617 4618 4681
3 4618 4682 4681
3 4618 4619 4682
3 4619 4683 4682
3 4619 4620 4683
3 4620 4684 4683
3 4620 4621 4684
3 4621 4685 4684
3 4621 4622 4685
3 4622 4686 4685
3 4622 4623 4686
3 4623 4687 4686
3 4623 4624 4687
3 4624 4688 4687
3 4624 4625 4688
3 4625 4689 4688
3 4625 4626 4689
3 4626 4690 4689
3 4626 4627 4690
3 4627 4691 4690
3 4627 4628 4691
3 4628 4692 4691
3 4628 4629 4692
3 4629 4693 4692
3 4629 4630 4693
3 4630 4694 4693
3 4630 4631 4694
3 4631 4695 4694
3 4631 4632 4695
3 4632 4696 4695
3 4632 4633 4696
3 4633 4697 4696
3 4633 4634 4697
3 4634 4698 4697
3 4634 4635 4698
3 4635 4699 4698
3 4635 4636 4699
3 4636 4700 4699
3 4636 4637 4700
3 4637 4701 4700
3 4637 4638 4701
3 4638 4702 4701
3 4638 4639 4702
3 4639 4703 4702
3 4639 4640 4703
3 4640 4704 4703
3 4640 4641 4704
3 4641 4705 4704
3 4641 4642 4705
3 4642 4706 4705
3 4642 4643 4706
3 4643 4707 4706
3 4643 4644 4707
3 4644 4708 4707
3 4644 4645 4708
3 4645 4709 4708
3 4645 4646 4709
3 4646 4710 4709
3 4646 4647 4710
3 4647 4711 4710
3 4647 4648 4711
3 4648 4712 4711
3 4648 4649 4712
3 4649 4713 4712
3 4649 4650 4713
3 4650 4714 4713
3 4650 4651 4714
3 4651 4715 4714
3 4651 4652 4715
3 4652 4716 4715
3 4652 4653 4716
3 4653 4717 4716
3 4653 4654 4717
3 4654 4718 4717
3 4654 4655 4718
3 4655 4719 4718
3 4655 4656 4719
3 4656 4720 4719
3 4656 4657 4720
3 4657 4721 4720
3 4657 4658 4721
3 4658 4722 4721
3 4658 4659 4722
3 4659 4723 4722
3 4659 4660 4723
3 4660 4724 4723
3 4660 4661 4724
3 4661 4725 4724
3 4661 4662 4725
3 4662 4726 4725
3 4662 4663 4726
3 4663 4727 4726
3 4663 4664 4727
3 4664 4728 4727
3 4664 4665 4728
3 4665 4729 4728
3 4665 4666 4729
3 4666 4730 4729
3 4666 4667 4730
3 4667 4731 4730
3 4667 4668 4731
3 4668 4732 4731
3 4668 4669 4732
3 4669 4733 4732
3 4669 4670 4733
3 4670 4734 4733
3 4670 4671 4734
3 4671 4735 4734
3 4671 4672 4735
3 4672 4736 4735
3 4672 4673 4736
3 4673 4737 4736
3 4673 4610 4737
3 4610 4674 4737
3 4674 4675 4738
3 4675 4739 4738
3 4675 4676 4739
3 4676 4740 4739
3 4676 4677 4740
3 4677 4741 4740
3 4677 4678 4741
3 4678 4742 4741
3 4678 4679 4742
3 4679 4743 4742
3 4679 4680 4743
3 4680 4744 4743
3 4680 4681 4744
3 4681 4745 4744
3 4681 4682 4745
3 4682 4746 4745
3 4682 4683 4746
3 4683 4747 4746
3 4683 4684 4747
3 4684 4748 4747
3 4684 4685 4748
3 4685 4749 4748
3 4685 4686 4749
3 4686 4750 4749
3 4686 4687 4750
3 4687 4751 4750
3 4687 4688 4751
3 4688 4752 4751
3 4688 4689 4752
3 4689 4753 4752
3 4689 4690 4753
3 4690 4754 4753
3 4690 4691 4754
3 4691 4755 4754
3 4691 4692 4755
3 4692 4756 4755
3 4692 4693 4756
3 4693 4757 4756
3 4693 4694 4757
3 4694 4758 4757
3 4694 4695 4758
3 4695 4759 4758
3 4695 4696 4759
3 4696 4760 4759
3 4696 4697 4760
3 4697 4761 4760
3 4697 4698 4761
3 4698 4762 4761
3 4698 4699 4762
3 4699 4763 4762
3 4699 4700 4763
3 4700 4764 4763
3 4700 4701 4764
3 4701 4765 4764
3 4701 4702 4765
3 4702 4766 4765
3 4702 4703 4766
3 4703 4767 4766
3 4703 4704 4767
3 4704 4768 4767
3 4704 4705 4768
3 4705 4769 4768
3 4705 4706 4769
3 4706 4770 4769
3 4706 4707 4770
3 4707 4771 4770
3 4707 4708 4771
3 4708 4772 4771
3 4708 4709 4772
3 4709 4773 4772
3 4709 4710 4773
3 4710 4774 4773
3 4710 4711 4774
3 4711 4775 4774
3 4711 4712 4775
3 4712 4776 4775
3 4712 4713 4776
3 4713 4777 4776
3 4713 4714 4777
3 4714 4778 4777
3 4714 4715 4778
3 4715 4779 4778
3 4715 4716 4779
3 4716 4780 4779
3 4716 4717 4780
3 4717 4781 4780
3 4717 4718 4781
3 4718 4782 4781
3 4718 4719 4782
3 4719 4783 4782
3 4719 4720 4783
3 4720 4784 4783
3 4720 4721 4784
3 4721 4785 4784
3 4721 4722 4785
3 4722 4786 4785
3 4722 4723 4786
3 4723 4787 4786
3 4723 4724 4787
3 4724 4788 4787
3 4724 4725 4788
3 4725 4789 4788
3 4725 4726 4789
3 4726 4790 4789
3 4726 4727 4790
3 4727 4791 4790
3 4727 4728 4791
3 4728 4792 4791
3 4728 4729 4792
3 4729 4793 4792
3 4729 4730 4793
3 4730 4794 4793
3 4730 4731 4794
3 4731 4795 4794
3 4731 4732 4795
3 4732 4796 4795
3 4732 4733 4796
3 4733 4797 4796
3 4733 4734 4797
3 4734 4798 4797
3 4734 4735 4798
3 4735 4799 4798
3 4735 4736 4799
3 4736 4800 4799
3 4736 4737 4800
3 4737 4801 4800
3 4737 4674 4801
3 4674 4738 4801
3 4738 4739 4802
3 4739 4803 4802
3 4739 4740 4803
3 4740 4804 4803
3 4740 4741 4804
3 4741 4805 4804
3 4741 4742 4805
3 4742 4806 4805
3 4742 4743 4806
3 4743 4807 4806
3 4743 4744 4807
3 4744 4808 4807
3 4744 4745 4808
3 4745 4809 4808
3 4745 4746 4809
3 4746 4810 4809
3 4746 4747 4810
3 4747 4811 4810
3 4747 4748 4811
3 4748 4812 4811
3 4748 4749 4812
3 4749 4813 4812
3 4749 4750 4813
3 4750 4814 4813
3 4750 4751 4814
3 4751 4815 4814
3 4751 4752 4815
3 4752 4816 4815
3 4752 4753 4816
3 4753 4817 4816
3 4753 4754 4817
3 4754 4818 4817
3 4754 4755 4818
3 4755 4819 4818
3 4755 4756 4819
3 4756 4820 4819
3 4756 4757 4820
3 4757 4821 4820
3 4757 4758 4821
3 4758 4822 4821
3 4758 4759 4822
3 4759 4823 4822
3 4759 4760 4823
3 4760 4824 4823
3 4760 4761 4824
3 4761 4825 4824
3 4761 4762 4825
3 4762 4826 4825
3 4762 4763 4826
3 4763 4827 4826
3 4763 4764 4827
3 4764 4828 4827
3 4764 4765 4828
3 4765 4829 4828
3 4765 4766 4829
3 4766 4830 4829
3 4766 4767 4830
3 4767 4831 4830
3 4767 4768 4831
3 4768 4832 4831
3 4768 4769 4832
3 4769 4833 4832
3 4769 4770 4833
3 4770 4834 4833
3 4770 4771 4834
3 4771 4835 4834
3 4771 4772 4835
3 4772 4836 4835
3 4772 4773 4836
3 4773 4837 4836
3 4773 4774 4837
3 4774 4838 4837
3 4774 4775 4838
3 4775 4839 4838
3 4775 4776 4839
3 4776 4840 4839
3 4776 4777 4840
3 4777 4841 4840
3 4777 4778 4841
3 4778 4842 4841
3 4778 4779 4842
3 4779 4843 4842
3 4779 4780 4843
3 4780 4844 4843
3 4780 4781 4844
3 4781 4845 4844
3 4781 4782 4845
3 4782 4846 4845
3 4782 4783 4846
3 4783 4847 4846
3 4783 4784 4847
3 4784 4848 4847
3 4784 4785 4848
3 4785 4849 4848
3 4785 4786 4849
3 4786 4850 4849
3 4786 4787 4850
3 4787 4851 4850
3 4787 4788 4851
3 4788 4852 4851
3 4788 4789 4852
3 4789 4853 4852
3 4789 4790 4853
3 4790 4854 4853
3 4790 4791 4854
3 4791 4855 4854
3 4791 4792 4855
3 4792 4856 4855
3 4792 4793 4856
3 4793 4857 4856
3 4793 4794 4857
3 4794 4858 4857
3 4794 4795 4858
3 4795 4859 4858
3 4795 4796 4859
3 4796 4860 4859
3 4796 4797 4860
3 4797 4861 4860
3 4797 4798 4861
3 4798 4862 4861
3 4798 4799 4862
3 4799 4863 4862
3 4799 4800 4863
3 4800 4864 4863
3 4800 4801 4864
3 4801 4865 4864
3 4801 4738 4865
3 4738 4802 4865
3 4802 4803 4866
3 4803 4867 4866
3 4803 4804 4867
3 4804 4868 4867
3 4804 4805 4868
3 4805 4869 4868
3 4805 4806 4869
3 4806 4870 4869
3 4806 4807 4870
3 4807 4871 4870
3 4807 4808 4871
3 4808 4872 4871
3 4808 4809 4872
3 4809 4873 4872
3 4809 4810 4873
3 4810 4874 4873
3 4810 4811 4874
3 4811 4875 4874
3 4811 4812 4875
3 4812 4876 4875
3 4812 4813 4876
3 4813 4877 4876
3 4813 4814 4877
3 4814 4878 4877
3 4814 4815 4878
3 4815 4879 4878
3 4815 4816 4879
3 4816 4880 4879
3 4816 4817 4880
3 4817 4881 4880
3 4817 4818 4881
3 4818 4882 4881
3 4818 4819 4882
3 4819 4883 4882
3 4819 4820 4883
3 4820 4884 4883
3 4820 4821 4884
3 4821 4885 4884
3 4821 4822 4885
3 4822 4886 4885
3 4822 4823 4886
3 4823 4887 4886
3 4823 4824 4887
3 4824 4888 4887
3 4824 4825 4888
3 4825 4889 4888
3 4825 4826 4889
3 4826 4890 4889
3 4826 4827 4890
3 4827 4891 4890
3 4827 4828 4891
3 4828 4892 4891
3 4828 4829 4892
3 4829 4893 4892
3 4829 4830 4893
3 4830 4894 4893
3 4830 4831 4894
3 4831 4895 4894
3 4831 4832 4895
3 4832 4896 4895
3 4832 4833 4896
3 4833 4897 4896
3 4833 4834 4897
3 4834 4898 4897
3 4834 4835 4898
3 4835 4899 4898
3 4835 4836 4899
3 4836 4900 4899
3 4836 4837 4900
3 4837 4901 4900
3 4837 4838 4901
3 4838 4902 4901
3 4838 4839 4902
3 4839 4903 4902
3 4839 4840 4903
3 4840 4904 4903
3 4840 4841 4904
3 4841 4905 4904
3 4841 4842 4905
3 4842 4906 4905
3 4842 4843 4906
3 4843 4907 4906
3 4843 4844 4907
3 4844 4908 4907
3 4844 4845 4908
3 4845 4909 4908
3 4845 4846 4909
3 4846 4910 4909
3 4846 4847 4910
3 4847 4911 4910
3 4847 4848 4911
3 4848 4912 4911
3 4848 4849 4912
3 4849 4913 4912
3 4849 4850 4913
3 4850 4914 4913
3 4850 4851 4914
3 4851 4915 4914
3 4851 4852 4915
3 4852 4916 4915
3 4852 4853 4916
3 4853 4917 4916
3 4853 4854 4917
3 4854 4918 4917
3 4854 4855 4918
3 4855 4919 4918
3 4855 4856 4919
3 4856 4920 4919
3 4856 4857 4920
3 4857 4921 4920
3 4857 4858 4921
3 4858 4922 4921
3 4858 4859 4922
3 4859 4923 4922
3 4859 4860 4923
3 4860 4924 4923
3 4860 4861 4924
3 4861 4925 4924
3 4861 4862 4925
3 4862 4926 4925
3 4862 4863 4926
3 4863 4927 4926
3 4863 4864 4927
3 4864 4928 4927
3 4864 4865 4928
3 4865 4929 4928
3 4865 4802 4929
3 4802 4866 4929
3 4866 4867 4930
3 4867 4931 4930
3 4867 4868 4931
3 4868 4932 4931
3 4868 4869 4932
3 4869 4933 4932
3 4869 4870 4933
3 4870 4934 4933
3 4870 4871 4934
3 4871 4935 4934
3 4871 4872 4935
3 4872 4936 4935
3 4872 4873 4936
3 4873 4937 4936
3 4873 4874 4937
3 4874 4938 4937
3 4874 4875 4938
3 4875 4939 4938
3 4875 4876 4939
3 4876 4940 4939
3 4876 4877 4940
3 4877 4941 4940
3 4877 4878 4941
3 4878 4942 4941
3 4878 4879 4942
3 4879 4943 4942
3 4879 4880 4943
3 4880 4944 4943
3 4880 4881 4944
3 4881 4945 4944
3 4881 4882 4945
3 4882 4946 4945
3 4882 4883 4946
3 4883 4947 4946
3 4883 4884 4947
3 4884 4948 4947
3 4884 4885 4948
3 4885 4949 4948
3 4885 4886 4949
3 4886 4950 4949
3 4886 4887 4950
3 4887 4951 4950
3 4887 4888 4951
3 4888 4952 4951
3 4888 4889 4952
3 4889 4953 4952
3 4889 4890 4953
3 4890 4954 4953
3 4890 4891 4954
3 4891 4955 4954
3 4891 4892 4955
3 4892 4956 4955
3 4892 4893 4956
3 4893 4957 4956
3 4893 4894 4957
3 4894 4958 4957
3 4894 4895 4958
3 4895 4959 4958
3 4895 4896 4959
3 4896 4960 4959
3 4896 4897 4960
3 4897 4961 4960
3 4897 4898 4961
3 4898 4962 4961
3 4898 4899 4962
3 4899 4963 4962
3 4899 4900 4963
3 4900 4964 4963
3 4900 4901 4964
3 4901 4965 4964
3 4901 4902 4965
3 4902 4966 4965
3 4902 4903 4966
3 4903 4967 4966
3 4903 4904 4967
3 4904 4968 4967
3 4904 4905 4968
3 4905 4969 4968
3 4905 4906 4969
3 4906 4970 4969
3 4906 4907 4970
3 4907 4971 4970
3 4907 4908 4971
3 4908 4972 4971
3 4908 4909 4972
3 4909 4973 4972
3 4909 4910 4973
3 4910 4974 4973
3 4910 4911 4974
3 4911 4975 4974
3 4911 4912 4975
3 4912 4976 4975
3 4912 4913 4976
3 4913 4977 4976
3 4913 4914 4977
3 4914 4978 4977
3 4914 4915 4978
3 4915 4979 4978
3 4915 4916 4979
3 4916 4980 4979
3 4916 4917 4980
3 4917 4981 4980
3 4917 4918 4981
3 4918 4982 4981
3 4918 4919 4982
3 4919 4983 4982
3 4919 4920 4983
3 4920 4984 4983
3 4920 4921 4984
3 4921 4985 4984
3 4921 4922 4985
3 4922 4986 4985
3 4922 4923 4986
3 4923 4987 4986
3 4923 4924 4987
3 4924 4988 4987
3 4924 4925 4988
3 4925 4989 4988
3 4925 4926 4989
3 4926 4990 4989
3 4926 4927 4990
3 4927 4991 4990
3 4927 4928 4991
3 4928 4992 4991
3 4928 4929 4992
3 4929 4993 4992
3 4929 4866 4993
3 4866 4930 4993
3 4930 4931 4994
3 4931 4995 4994
3 4931 4932 4995
3 4932 4996 4995
3 4932 4933 4996
3 4933 4997 4996
3 4933 4934 4997
3 4934 4998 4997
3 4934 4935 4998
3 4935 4999 4998
3 4935 4936 4999
3 4936 5000 4999
3 4936 4937 5000
3 4937 5001 5000
3 4937 4938 5001
3 4938 5002 5001
3 4938 4939 5002
3 4939 5003 5002
3 4939 4940 5003
3 4940 5004 5003
3 4940 4941 5004
3 4941 5005 5004
3 4941 4942 5005
3 4942 5006 5005
3 4942 4943 5006
3 4943 5007 5006
3 4943 4944 5007
3 4944 5008 5007
3 4944 4945 5008
3 4945 5009 5008
3 4945 4946 5009
3 4946 5010 5009
3 4946 4947 5010
3 4947 5011 5010
3 4947 4948 5011
3 4948 5012 5011
3 4948 4949 5012
3 4949 5013 5012
3 4949 4950 5013
3 4950 5014 5013
3 4950 4951 5014
3 4951 5015 5014
3 4951 4952 5015
3 4952 5016 5015
3 4952 4953 5016
3 4953 5017 5016
3 4953 4954 5017
3 4954 5018 5017
3 4954 4955 5018
3 4955 5019 5018
3 4955 4956 5019
3 4956 5020 5019
3 4956 4957 5020
3 4957 5021 5020
3 4957 4958 5021
3 4958 5022 5021
3 4958 4959 5022
3 4959 5023 5022
3 4959 4960 5023
3 4960 5024 5023
3 4960 4961 5024
3 4961 5025 5024
3 4961 4962 5025
3 4962 5026 5025
3 4962 4963 5026
3 4963 5027 5026
3 4963 4964 5027
3 4964 5028 5027
3 4964 4965 5028
3 4965 5029 5028
3 4965 4966 5029
3 4966 5030 5029
3 4966 4967 5030
3 4967 5031 5030
3 4967 4968 5031
3 4968 5032 5031
3 4968 4969 5032
3 4969 5033 5032
3 4969 4970 5033
3 4970 5034 5033
3 4970 4971 5034
3 4971 5035 5034
3 4971 4972 5035
3 4972 5036 5035
3 4972 4973 5036
3 4973 5037 5036
3 4973 4974 5037
3 4974 5038 5037
3 4974 4975 5038
3 4975 5039 5038
3 4975 4976 5039
3 4976 5040 5039
3 4976 4977 5040
3 4977 5041 5040
3 4977 4978 5041
3 4978 5042 5041
3 4978 4979 5042
3 4979 5043 5042
3 4979 4980 5043
3 4980 5044 5043
3 4980 4981 5044
3 4981 5045 5044
3 4981 4982 5045
3 4982 5046 5045
3 4982 4983 5046
3 4983 5047 5046
3 4983 4984 5047
3 4984 5048 5047
3 4984 4985 5048
3 4985 5049 5048
3 4985 4986 5049
3 4986 5050 5049
3 4986 4987 5050
3 4987 5051 5050
3 4987 4988 5051
3 4988 5052 5051
3 4988 4989 5052
3 4989 5053 5052
3 4989 4990 5053
3 4990 5054 5053
3 4990 4991 5054
3 4991 5055 5054
3 4991 4992 5055
3 4992 5056 5055
3 4992 4993 5056
3 4993 5057 5056
3 4993 4930 5057
3 4930 4994 5057
3 4994 4995 5058
3 4995 5059 5058
3 4995 4996 5059
3 4996 5060 5059
3 4996 4997 5060
3 4997 5061 5060
3 4997 4998 5061
3 4998 5062 5061
3 4998 4999 5062
3 4999 5063 5062
3 4999 5000 5063
3 5000 5064 5063
3 5000 5001 5064
3 5001 5065 5064
3 5001 5002 5065
3 5002 5066 5065
3 5002 5003 5066
3 5003 5067 5066
3 5003 5004 5067
3 5004 5068 5067
3 5004 5005 5068
3 5005 5069 5068
3 5005 5006 5069
3 5006 5070 5069
3 5006 5007 5070
3 5007 5071 5070
3 5007 5008 5071
3 5008 5072 5071
3 5008 5009 5072
3 5009 5073 5072
3 5009 5010 5073
3 5010 5074 5073
3 5010 5011 5074
3 5011 5075 5074
3 5011 5012 5075
3 5012 5076 5075
3 5012 5013 5076
3 5013 5077 5076
3 5013 5014 5077
3 5014 5078 5077
3 5014 5015 5078
3 5015 5079 5078
3 5015 5016 5079
3 5016 5080 5079
3 5016 5017 5080
3 5017 5081 5080
3 5017 5018 5081
3 5018 5082 5081
3 5018 5019 5082
3 5019 5083 5082
3 5019 5020 5083
3 5020 5084 5083
3 5020 5021 5084
3 5021 5085 5084
3 5021 5022 5085
3 5022 5086 5085
3 5022 5023 5086
3 5023 5087 5086
3 5023 5024 5087
3 5024 5088 5087
3 5024 5025 5088
3 5025 5089 5088
3 5025 5026 5089
3 5026 5090 5089
3 5026 5027 5090
3 5027 5091 5090
3 5027 5028 5091
3 5028 5092 5091
3 5028 5029 5092
3 5029 5093 5092
3 5029 5030 5093
3 5030 5094 5093
3 5030 5031 5094
3 5031 5095 5094
3 5031 5032 5095
3 5032 5096 5095
3 5032 5033 5096
3 5033 5097 5096
3 5033 5034 5097
3 5034 5098 5097
3 5034 5035 5098
3 5035 5099 5098
3 5035 5036 5099
3 5036 5100 5099
3 5036 5037 5100
3 5037 5101 5100
3 5037 5038 5101
3 5038 5102 5101
3 5038 5039 5102
3 5039 5103 5102
3 5039 5040 5103
3 5040 5104 5103
3 5040 5041 5104
3 5041 5105 5104
3 5041 5042 5105
3 5042 5106 5105
3 5042 5043 5106
3 5043 5107 5106
3 5043 5044 5107
3 5044 5108 5107
3 5044 5045 5108
3 5045 5109 5108
3 5045 5046 5109
3 5046 5110 5109
3 5046 5047 5110
3 5047 5111 5110
3 5047 5048 5111
3 5048 5112 5111
3 5048 5049 5112
3 5049 5113 5112
3 5049 5050 5113
3 5050 5114 5113
3 5050 5051 5114
3 5051 5115 5114
3 5051 5052 5115
3 5052 5116 5115
3 5052 5053 5116
3 5053 5117 5116
3 5053 5054 5117
3 5054 5118 5117
3 5054 5055 5118
3 5055 5119 5118
3 5055 5056 5119
3 5056 5120 5119
3 5056 5057 5120
3 5057 5121 5120
3 5057 4994 5121
3 4994 5058 5121
3 5058 5059 5122
3 5059 5123 5122
3 5059 5060 5123
3 5060 5124 5123
3 5060 5061 5124
3 5061 5125 5124
3 5061 5062 5125
3 5062 5126 5125
3 5062 5063 5126
3 5063 5127 5126
3 5063 5064 5127
3 5064 5128 5127
3 5064 5065 5128
3 5065 5129 5128
3 5065 5066 5129
3 5066 5130 5129
3 5066 5067 5130
3 5067 5131 5130
3 5067 5068 5131
3 5068 5132 5131
3 5068 5069 5132
3 5069 5133 5132
3 5069 5070 5133
3 5070 5134 5133
3 5070 5071 5134
3 5071 5135 5134
3 5071 5072 5135
3 5072 5136 5135
3 5072 5073 5136
3 5073 5137 5136
3 5073 5074 5137
3 5074 5138 5137
3 5074 5075 5138
3 5075 5139 5138
3 5075 5076 5139
3 5076 5140 5139
3 5076 5077 5140
3 5077 5141 5140
3 5077 5078 5141
3 5078 5142 5141
3 5078 5079 5142
3 5079 5143 5142
3 5079 5080 5143
3 5080 5144 5143
3 5080 5081 5144
3 5081 5145 5144
3 5081 5082 5145
3 5082 5146 5145
3 5082 5083 5146
3 5083 5147 5146
3 5083 5084 5147
3 5084 5148 5147
3 5084 5085 5148
3 5085 5149 5148
3 5085 5086 5149
3 5086 5150 5149
3 5086 5087 5150
3 5087 5151 5150
3 5087 5088 5151
3 5088 5152 5151
3 5088 5089 5152
3 5089 5153 5152
3 5089 5090 5153
3 5090 5154 5153
3 5090 5091 5154
3 5091 5155 5154
3 5091 5092 5155
3 5092 5156 5155
3 5092 5093 5156
3 5093 5157 5156
3 5093 5094 5157
3 5094 5158 5157
3 5094 5095 5158
3 5095 5159 5158
3 5095 5096 5159
3 5096 5160 5159
3 5096 5097 5160
3 5097 5161 5160
3 5097 5098 5161
3 5098 5162 5161
3 5098 5099 5162
3 5099 5163 5162
3 5099 5100 5163
3 5100 5164 5163
3 5100 5101 5164
3 5101 5165 5164
3 5101 5102 5165
3 5102 5166 5165
3 5102 5103 5166
3 5103 5167 5166
3 5103 5104 5167
3 5104 5168 5167
3 5104 5105 5168
3 5105 5169 5168
3 5105 5106 5169
3 5106 5170 5169
3 5106 5107 5170
3 5107 5171 5170
3 5107 5108 5171
3 5108 5172 5171
3 5108 5109 5172
3 5109 5173 5172
3 5109 5110 5173
3 5110 5174 5173
3 5110 5111 5174
3 5111 5175 5174
3 5111 5112 5175
3 5112 5176 5175
3 5112 5113 5176
3 5113 5177 5176
3 5113 5114 5177
3 5114 5178 5177
3 5114 5115 5178
3 5115 5179 5178
3 5115 5116 5179
3 5116 5180 5179
3 5116 5117 5180
3 5117 5181 5180
3 5117 5118 5181
3 5118 5182 5181
3 5118 5119 5182
3 5119 5183 5182
3 5119 5120 5183
3 5120 5184 5183
3 5120 5121 5184
3 5121 5185 5184
3 5121 5058 5185
3 5058 5122 5185
3 5122 5123 5186
3 5123 5187 5186
3 5123 5124 5187
3 5124 5188 5187
3 5124 5125 5188
3 5125 5189 5188
3 5125 5126 5189
3 5126 5190 5189
3 5126 5127 5190
3 5127 5191 5190
3 5127 5128 5191
3 5128 5192 5191
3 5128 5129 5192
3 5129 5193 5192
3 5129 5130 5193
3 5130 5194 5193
3 5130 5131 5194
3 5131 5195 5194
3 5131 5132 5195
3 5132 5196 5195
3 5132 5133 5196
3 5133 5197 5196
3 5133 5134 5197
3 5134 5198 5197
3 5134 5135 5198
3 5135 5199 5198
3 5135 5136 5199
3 5136 5200 5199
3 5136 5137 5200
3 5137 5201 5200
3 5137 5138 5201
3 5138 5202 5201
3 5138 5139 5202
3 5139 5203 5202
3 5139 5140 5203
3 5140 5204 5203
3 5140 5141 5204
3 5141 5205 5204
3 5141 5142 5205
3 5142 5206 5205
3 5142 5143 5206
3 5143 5207 5206
3 5143 5144 5207
3 5144 5208 5207
3 5144 5145 5208
3 5145 5209 5208
3 5145 5146 5209
3 5146 5210 5209
3 5146 5147 5210
3 5147 5211 5210
3 5147 5148 5211
3 5148 5212 5211
3 5148 5149 5212
3 5149 5213 5212
3 5149 5150 5213
3 5150 5214 5213
3 5150 5151 5214
3 5151 5215 5214
3 5151 5152 5215
3 5152 5216 5215
3 5152 5153 5216
3 5153 5217 5216
3 5153 5154 5217
3 5154 5218 5217
3 5154 5155 5218
3 5155 5219 5218
3 5155 5156 5219
3 5156 5220 5219
3 5156 5157 5220
3 5157 5221 5220
3 5157 5158 5221
3 5158 5222 5221
3 5158 5159 5222
3 5159 5223 5222
3 5159 5160 5223
3 5160 5224 5223
3 5160 5161 5224
3 5161 5225 5224
3 5161 5162 5225
3 5162 5226 5225
3 5162 5163 5226
3 5163 5227 5226
3 5163 5164 5227
3 5164 5228 5227
3 5164 5165 5228
3 5165 5229 5228
3 5165 5166 5229
3 5166 5230 5229
3 5166 5167 5230
3 5167 5231 5230
3 5167 5168 5231
3 5168 5232 5231
3 5168 5169 5232
3 5169 5233 5232
3 5169 5170 5233
3 5170 5234 5233
3 5170 5171 5234
3 5171 5235 5234
3 5171 5172 5235
3 5172 5236 5235
3 5172 5173 5236
3 5173 5237 5236
3 5173 5174 5237
3 5174 5238 5237
3 5174 5175 5238
3 5175 5239 5238
3 5175 5176 5239
3 5176 5240 5239
3 5176 5177 5240
3 5177 5241 5240
3 5177 5178 5241
3 5178 5242 5241
3 5178 5179 5242
3 5179 5243 5242
3 5179 5180 5243
3 5180 5244 5243
3 5180 5181 5244
3 5181 5245 5244
3 5181 5182 5245
3 5182 5246 5245
3 5182 5183 5246
3 5183 5247 5246
3 5183 5184 5247
3 5184 5248 5247
3 5184 5185 5248
3 5185 5249 5248
3 5185 5122 5249
3 5122 5186 5249
3 5186 5187 5250
3 5187 5251 5250
3 5187 5188 5251
3 5188 5252 5251
3 5188 5189 5252
3 5189 5253 5252
3 5189 5190 5253
3 5190 5254 5253
3 5190 5191 5254
3 5191 5255 5254
3 5191 5192 5255
3 5192 5256 5255
3 5192 5193 5256
3 5193 5257 5256
3 5193 5194 5257
3 5194 5258 5257
3 5194 5195 5258
3 5195 5259 5258
3 5195 5196 5259
3 5196 5260 5259
3 5196 5197 5260
3 5197 5261 5260
3 5197 5198 5261
3 5198 5262 5261
3 5198 5199 5262
3 5199 5263 5262
3 5199 5200 5263
3 5200 5264 5263
3 5200 5201 5264
3 5201 5265 5264
3 5201 5202 5265
3 5202 5266 5265
3 5202 5203 5266
3 5203 5267 5266
3 5203 5204 5267
3 5204 5268 5267
3 5204 5205 5268
3 5205 5269 5268
3 5205 5206 5269
3 5206 5270 5269
3 5206 5207 5270
3 5207 5271 5270
3 5207 5208 5271
3 5208 5272 5271
3 5208 5209 5272
3 5209 5273 5272
3 5209 5210 5273
3 5210 5274 5273
3 5210 5211 5274
3 5211 5275 5274
3 5211 5212 5275
3 5212 5276 5275
3 5212 5213 5276
3 5213 5277 5276
3 5213 5214 5277
3 5214 5278 5277
3 5214 5215 5278
3 5215 5279 5278
3 5215 5216 5279
3 5216 5280 5279
3 5216 5217 5280
3 5217 5281 5280
3 5217 5218 5281
3 5218 5282 5281
3 5218 5219 5282
3 5219 5283 5282
3 5219 5220 5283
3 5220 5284 5283
3 5220 5221 5284
3 5221 5285 5284
3 5221 5222 5285
3 5222 5286 5285
3 5222 5223 5286
3 5223 5287 5286
3 5223 5224 5287
3 5224 5288 5287
3 5224 5225 5288
3 5225 5289 5288
3 5225 5226 5289
3 5226 5290 5289
3 5226 5227 5290
3 5227 5291 5290
3 5227 5228 5291
3 5228 5292 5291
3 5228 5229 5292
3 5229 5293 5292
3 5229 5230 5293
3 5230 5294 5293
3 5230 5231 5294
3 5231 5295 5294
3 5231 5232 5295
3 5232 5296 5295
3 5232 5233 5296
3 5233 5297 5296
3 5233 5234 5297
3 5234 5298 5297
3 5234 5235 5298
3 5235 5299 5298
3 5235 5236 5299
3 5236 5300 5299
3 5236 5237 5300
3 5237 5301 5300
3 5237 5238 5301
3 5238 5302 5301
3 5238 5239 5302
3 5239 5303 5302
3 5239 5240 5303
3 5240 5304 5303
3 5240 5241 5304
3 5241 5305 5304
3 5241 5242 5305
3 5242 5306 5305
3 5242 5243 5306
3 5243 5307 5306
3 5243 5244 5307
3 5244 5308 5307
3 5244 5245 5308
3 5245 5309 5308
3 5245 5246 5309
3 5246 5310 5309
3 5246 5247 5310
3 5247 5311 5310
3 5247 5248 5311
3 5248 5312 5311
3 5248 5249 5312
3 5249 5313 5312
3 5249 5186 5313
3 5186 5250 5313
3 5250 5251 5314
3 5251 5315 5314
3 5251 5252 5315
3 5252 5316 5315
3 5252 5253 5316
3 5253 5317 5316
3 5253 5254 5317
3 5254 5318 5317
3 5254 5255 5318
3 5255 5319 5318
3 5255 5256 5319
3 5256 5320 5319
3 5256 5257 5320
3 5257 5321 5320
3 5257 5258 5321
3 5258 5322 5321
3 5258 5259 5322
3 5259 5323 5322
3 5259 5260 5323
3 5260 5324 5323
3 5260 5261 5324
3 5261 5325 5324
3 5261 5262 5325
3 5262 5326 5325
3 5262 5263 5326
3 5263 5327 5326
3 5263 5264 5327
3 5264 5328 5327
3 5264 5265 5328
3 5265 5329 5328
3 5265 5266 5329
3 5266 5330 5329
3 5266 5267 5330
3 5267 5331 5330
3 5267 5268 5331
3 5268 5332 5331
3 5268 5269 5332
3 5269 5333 5332
3 5269 5270 5333
3 5270 5334 5333
3 5270 5271 5334
3 5271 5335 5334
3 5271 5272 5335
3 5272 5336 5335
3 5272 5273 5336
3 5273 5337 5336
3 5273 5274 5337
3 5274 5338 5337
3 5274 5275 5338
3 5275 5339 5338
3 5275 5276 5339
3 5276 5340 5339
3 5276 5277 5340
3 5277 5341 5340
3 5277 5278 5341
3 5278 5342 5341
3 5278 5279 5342
3 5279 5343 5342
3 5279 5280 5343
3 5280 5344 5343
3 5280 5281 5344
3 5281 5345 5344
3 5281 5282 5345
3 5282 5346 5345
3 5282 5283 5346
3 5283 5347 5346
3 5283 5284 5347
3 5284 5348 5347
3 5284 5285 5348
3 5285 5349 5348
3 5285 5286 5349
3 5286 5350 5349
3 5286 5287 5350
3 5287 5351 5350
3 5287 5288 5351
3 5288 5352 5351
3 5288 5289 5352
3 5289 5353 5352
3 5289 5290 5353
3 5290 5354 5353
3 5290 5291 5354
3 5291 5355 5354
3 5291 5292 5355
3 5292 5356 5355
3 5292 5293 5356
3 5293 5357 5356
3 5293 5294 5357
3 5294 5358 5357
3 5294 5295 5358
3 5295 5359 5358
3 5295 5296 5359
3 5296 5360 5359
3 5296 5297 5360
3 5297 5361 5360
3 5297 5298 5361
3 5298 5362 5361
3 5298 5299 5362
3 5299 5363 5362
3 5299 5300 5363
3 5300 5364 5363
3 5300 5301 5364
3 5301 5365 5364
3 5301 5302 5365
3 5302 5366 5365
3 5302 5303 5366
3 5303 5367 5366
3 5303 5304 5367
3 5304 5368 5367
3 5304 5305 5368
3 5305 5369 5368
3 5305 5306 5369
3 5306 5370 5369
3 5306 5307 5370
3 5307 5371 5370
3 5307 5308 5371
3 5308 5372 5371
3 5308 5309 5372
3 5309 5373 5372
3 5309 5310 5373
3 5310 5374 5373
3 5310 5311 5374
3 5311 5375 5374
3 5311 5312 5375
3 5312 5376 5375
3 5312 5313 5376
3 5313 5377 5376
3 5313 5250 5377
3 5250 5314 5377
3 5314 5315 5378
3 5315 5379 5378
3 5315 5316 5379
3 5316 5380 5379
3 5316 5317 5380
3 5317 5381 5380
3 5317 5318 5381
3 5318 5382 5381
3 5318 5319 5382
3 5319 5383 5382
3 5319 5320 5383
3 5320 5384 5383
3 5320 5321 5384
3 5321 5385 5384
3 5321 5322 5385
3 5322 5386 5385
3 5322 5323 5386
3 5323 5387 5386
3 5323 5324 5387
3 5324 5388 5387
3 5324 5325 5388
3 5325 5389 5388
3 5325 5326 5389
3 5326 5390 5389
3 5326 5327 5390
3 5327 5391 5390
3 5327 5328 5391
3 5328 5392 5391
3 5328 5329 5392
3 5329 5393 5392
3 5329 5330 5393
3 5330 5394 5393
3 5330 5331 5394
3 5331 5395 5394
3 5331 5332 5395
3 5332 5396 5395
3 5332 5333 5396
3 5333 5397 5396
3 5333 5334 5397
3 5334 5398 5397
3 5334 5335 5398
3 5335 5399 5398
3 5335 5336 5399
3 5336 5400 5399
3 5336 5337 5400
3 5337 5401 5400
3 5337 5338 5401
3 5338 5402 5401
3 5338 5339 5402
3 5339 5403 5402
3 5339 5340 5403
3 5340 5404 5403
3 5340 5341 5404
3 5341 5405 5404
3 5341 5342 5405
3 5342 5406 5405
3 5342 5343 5406
3 5343 5407 5406
3 5343 5344 5407
3 5344 5408 5407
3 5344 5345 5408
3 5345 5409 5408
3 5345 5346 5409
3 5346 5410 5409
3 5346 5347 5410
3 5347 5411 5410
3 5347 5348 5411
3 5348 5412 5411
3 5348 5349 5412
3 5349 5413 5412
3 5349 5350 5413
3 5350 5414 5413
3 5350 5351 5414
3 5351 5415 5414
3 5351 5352 5415
3 5352 5416 5415
3 5352 5353 5416
3 5353 5417 5416
3 5353 5354 5417
3 5354 5418 5417
3 5354 5355 5418
3 5355 5419 5418
3 5355 5356 5419
3 5356 5420 5419
3 5356 5357 5420
3 5357 5421 5420
3 5357 5358 5421
3 5358 5422 5421
3 5358 5359 5422
3 5359 5423 5422
3 5359 5360 5423
3 5360 5424 5423
3 5360 5361 5424
3 5361 5425 5424
3 5361 5362 5425
3 5362 5426 5425
3 5362 5363 5426
3 5363 5427 5426
3 5363 5364 5427
3 5364 5428 5427
3 5364 5365 5428
3 5365 5429 5428
3 5365 5366 5429
3 5366 5430 5429
3 5366 5367 5430
3 5367 5431 5430
3 5367 5368 5431
3 5368 5432 5431
3 5368 5369 5432
3 5369 5433 5432
3 5369 5370 5433
3 5370 5434 5433
3 5370 5371 5434
3 5371 5435 5434
3 5371 5372 5435
3 5372 5436 5435
3 5372 5373 5436
3 5373 5437 5436
3 5373 5374 5437
3 5374 5438 5437
3 5374 5375 5438
3 5375 5439 5438
3 5375 5376 5439
3 5376 5440 5439
3 5376 5377 5440
3 5377 5441 5440
3 5377 5314 5441
3 5314 5378 5441
3 5378 5379 5442
3 5379 5443 5442
3 5379 5380 5443
3 5380 5444 5443
3 5380 5381 5444
3 5381 5445 5444
3 5381 5382 5445
3 5382 5446 5445
3 5382 5383 5446
3 5383 5447 5446
3 5383 5384 5447
3 5384 5448 5447
3 5384 5385 5448
3 5385 5449 5448
3 5385 5386 5449
3 5386 5450 5449
3 5386 5387 5450
3 5387 5451 5450
3 5387 5388 5451
3 5388 5452 5451
3 5388 5389 5452
3 5389 5453 5452
3 5389 5390 5453
3 5390 5454 5453
3 5390 5391 5454
3 5391 5455 5454
3 5391 5392 5455
3 5392 5456 5455
3 5392 5393 5456
3 5393 5457 5456
3 5393 5394 5457
3 5394 5458 5457
3 5394 5395 5458
3 5395 5459 5458
3 5395 5396 5459
3 5396 5460 5459
3 5396 5397 5460
3 5397 5461 5460
3 5397 5398 5461
3 5398 5462 5461
3 5398 5399 5462
3 5399 5463 5462
3 5399 5400 5463
3 5400 5464 5463
3 5400 5401 5464
3 5401 5465 5464
3 5401 5402 5465
3 5402 5466 5465
3 5402 5403 5466
3 5403 5467 5466
3 5403 5404 5467
3 5404 5468 5467
3 5404 5405 5468
3 5405 5469 5468
3 5405 5406 5469
3 5406 5470 5469
3 5406 5407 5470
3 5407 5471 5470
3 5407 5408 5471
3 5408 5472 5471
3 5408 5409 5472
3 5409 5473 5472
3 5409 5410 5473
3 5410 5474 5473
3 5410 5411 5474
3 5411 5475 5474
3 5411 5412 5475
3 5412 5476 5475
3 5412 5413 5476
3 5413 5477 5476
3 5413 5414 5477
3 5414 5478 5477
3 5414 5415 5478
3 5415 5479 5478
3 5415 5416 5479
3 5416 5480 5479
3 5416 5417 5480
3 5417 5481 5480
3 5417 5418 5481
3 5418 5482 5481
3 5418 5419 5482
3 5419 5483 5482
3 5419 5420 5483
3 5420 5484 5483
3 5420 5421 5484
3 5421 5485 5484
3 5421 5422 5485
3 5422 5486 5485
3 5422 5423 5486
3 5423 5487 5486
3 5423 5424 5487
3 5424 5488 5487
3 5424 5425 5488
3 5425 5489 5488
3 5425 5426 5489
3 5426 5490 5489
3 5426 5427 5490
3 5427 5491 5490
3 5427 5428 5491
3 5428 5492 5491
3 5428 5429 5492
3 5429 5493 5492
3 5429 5430 5493
3 5430 5494 5493
3 5430 5431 5494
3 5431 5495 5494
3 5431 5432 5495
3 5432 5496 5495
3 5432 5433 5496
3 5433 5497 5496
3 5433 5434 5497
3 5434 5498 5497
3 5434 5435 5498
3 5435 5499 5498
3 5435 5436 5499
3 5436 5500 5499
3 5436 5437 5500
3 5437 5501 5500
3 5437 5438 5501
3 5438 5502 5501
3 5438 5439 5502
3 5439 5503 5502
3 5439 5440 5503
3 5440 5504 5503
3 5440 5441 5504
3 5441 5505 5504
3 5441 5378 5505
3 5378 5442 5505
3 5442 5443 5506
3 5443 5507 5506
3 5443 5444 5507
3 5444 5508 5507
3 5444 5445 5508
3 5445 5509 5508
3 5445 5446 5509
3 5446 5510 5509
3 5446 5447 5510
3 5447 5511 5510
3 5447 5448 5511
3 5448 5512 5511
3 5448 5449 5512
3 5449 5513 5512
3 5449 5450 5513
3 5450 5514 5513
3 5450 5451 5514
3 5451 5515 5514
3 5451 5452 5515
3 5452 5516 5515
3 5452 5453 5516
3 5453 5517 5516
3 5453 5454 5517
3 5454 5518 5517
3 5454 5455 5518
3 5455 5519 5518
3 5455 5456 5519
3 5456 5520 5519
3 5456 5457 5520
3 5457 5521 5520
3 5457 5458 5521
3 5458 5522 5521
3 5458 5459 5522
3 5459 5523 5522
3 5459 5460 5523
3 5460 5524 5523
3 5460 5461 5524
3 5461 5525 5524
3 5461 5462 5525
3 5462 5526 5525
3 5462 5463 5526
3 5463 5527 5526
3 5463 5464 5527
3 5464 5528 5527
3 5464 5465 5528
3 5465 5529 5528
3 5465 5466 5529
3 5466 5530 5529
3 5466 5467 5530
3 5467 5531 5530
3 5467 5468 5531
3 5468 5532 5531
3 5468 5469 5532
3 5469 5533 5532
3 5469 5470 5533
3 5470 5534 5533
3 5470 5471 5534
3 5471 5535 5534
3 5471 5472 5535
3 5472 5536 5535
3 5472 5473 5536
3 5473 5537 5536
3 5473 5474 5537
3 5474 5538 5537
3 5474 5475 5538
3 5475 5539 5538
3 5475 5476 5539
3 5476 5540 5539
3 5476 5477 5540
3 5477 5541 5540
3 5477 5478 5541
3 5478 5542 5541
3 5478 5479 5542
3 5479 5543 5542
3 5479 5480 5543
3 5480 5544 5543
3 5480 5481 5544
3 5481 5545 5544
3 5481 5482 5545
3 5482 5546 5545
3 5482 5483 5546
3 5483 5547 5546
3 5483 5484 5547
3 5484 5548 5547
3 5484 5485 5548
3 5485 5549 5548
3 5485 5486 5549
3 5486 5550 5549
3 5486 5487 5550
3 5487 5551 5550
3 5487 5488 5551
3 5488 5552 5551
3 5488 5489 5552
3 5489 5553 5552
3 5489 5490 5553
3 5490 5554 5553
3 5490 5491 5554
3 5491 5555 5554
3 5491 5492 5555
3 5492 5556 5555
3 5492 5493 5556
3 5493 5557 5556
3 5493 5494 5557
3 5494 5558 5557
3 5494 5495 5558
3 5495 5559 5558
3 5495 5496 5559
3 5496 5560 5559
3 5496 5497 5560
3 5497 5561 5560
3 5497 5498 5561
3 5498 5562 5561
3 5498 5499 5562
3 5499 5563 5562
3 5499 5500 5563
3 5500 5564 5563
3 5500 5501 5564
3 5501 5565 5564
3 5501 5502 5565
3 5502 5566 5565
3 5502 5503 5566
3 5503 5567 5566
3 5503 5504 5567
3 5504 5568 5567
3 5504 5505 5568
3 5505 5569 5568
3 5505 5442 5569
3 5442 5506 5569
3 5506 5507 5570
3 5507 5571 5570
3 5507 5508 5571
3 5508 5572 5571
3 5508 5509 5572
3 5509 5573 5572
3 5509 5510 5573
3 5510 5574 5573
3 5510 5511 5574
3 5511 5575 5574
3 5511 5512 5575
3 5512 5576 5575
3 5512 5513 5576
3 5513 5577 5576
3 5513 5514 5577
3 5514 5578 5577
3 5514 5515 5578
3 5515 5579 5578
3 5515 5516 5579
3 5516 5580 5579
3 5516 5517 5580
3 5517 5581 5580
3 5517 5518 5581
3 5518 5582 5581
3 5518 5519 5582
3 5519 5583 5582
3 5519 5520 5583
3 5520 5584 5583
3 5520 5521 5584
3 5521 5585 5584
3 5521 5522 5585
3 5522 5586 5585
3 5522 5523 5586
3 5523 5587 5586
3 5523 5524 5587
3 5524 5588 5587
3 5524 5525 5588
3 5525 5589 5588
3 5525 5526 5589
3 5526 5590 5589
3 5526 5527 5590
3 5527 5591 5590
3 5527 5528 5591
3 5528 5592 5591
3 5528 5529 5592
3 5529 5593 5592
3 5529 5530 5593
3 5530 5594 5593
3 5530 5531 5594
3 5531 5595 5594
3 5531 5532 5595
3 5532 5596 5595
3 5532 5533 5596
3 5533 5597 5596
3 5533 5534 5597
3 5534 5598 5597
3 5534 5535 5598
3 5535 5599 5598
3 5535 5536 5599
3 5536 5600 5599
3 5536 5537 5600
3 5537 5601 5600
3 5537 5538 5601
3 5538 5602 5601
3 5538 5539 5602
3 5539 5603 5602
3 5539 5540 5603
3 5540 5604 5603
3 5540 5541 5604
3 5541 5605 5604
3 5541 5542 5605
3 5542 5606 5605
3 5542 5543 5606
3 5543 5607 5606
3 5543 5544 5607
3 5544 5608 5607
3 5544 5545 5608
3 5545 5609 5608
3 5545 5546 5609
3 5546 5610 5609
3 5546 5547 5610
3 5547 5611 5610
3 5547 5548 5611
3 5548 5612 5611
3 5548 5549 5612
3 5549 5613 5612
3 5549 5550 5613
3 5550 5614 5613
3 5550 5551 5614
3 5551 5615 5614
3 5551 5552 5615
3 5552 5616 5615
3 5552 5553 5616
3 5553 5617 5616
3 5553 5554 5617
3 5554 5618 5617
3 5554 5555 5618
3 5555 5619 5618
3 5555 5556 5619
3 5556 5620 5619
3 5556 5557 5620
3 5557 5621 5620
3 5557 5558 5621
3 5558 5622 5621
3 5558 5559 5622
3 5559 5623 5622
3 5559 5560 5623
3 5560 5624 5623
3 5560 5561 5624
3 5561 5625 5624
3 5561 5562 5625
3 5562 5626 5625
3 5562 5563 5626
3 5563 5627 5626
3 5563 5564 5627
3 5564 5628 5627
3 5564 5565 5628
3 5565 5629 5628
3 5565 5566 5629
3 5566 5630 5629
3 5566 5567 5630
3 5567 5631 5630
3 5567 5568 5631
3 5568 5632 5631
3 5568 5569 5632
3 5569 5633 5632
3 5569 5506 5633
3 5506 5570 5633
3 5570 5571 5634
3 5571 5635 5634
3 5571 5572 5635
3 5572 5636 5635
3 5572 5573 5636
3 5573 5637 5636
3 5573 5574 5637
3 5574 5638 5637
3 5574 5575 5638
3 5575 5639 5638
3 5575 5576 5639
3 5576 5640 5639
3 5576 5577 5640
3 5577 5641 5640
3 5577 5578 5641
3 5578 5642 5641
3 5578 5579 5642
3 5579 5643 5642
3 5579 5580 5643
3 5580 5644 5643
3 5580 5581 5644
3 5581 5645 5644
3 5581 5582 5645
3 5582 5646 5645
3 5582 5583 5646
3 5583 5647 5646
3 5583 5584 5647
3 5584 5648 5647
3 5584 5585 5648
3 5585 5649 5648
3 5585 5586 5649
3 5586 5650 5649
3 5586 5587 5650
3 5587 5651 5650
3 5587 5588 5651
3 5588 5652 5651
3 5588 5589 5652
3 5589 5653 5652
3 5589 5590 5653
3 5590 5654 5653
3 5590 5591 5654
3 5591 5655 5654
3 5591 5592 5655
3 5592 5656 5655
3 5592 5593 5656
3 5593 5657 5656
3 5593 5594 5657
3 5594 5658 5657
3 5594 5595 5658
3 5595 5659 5658
3 5595 5596 5659
3 5596 5660 5659
3 5596 5597 5660
3 5597 5661 5660
3 5597 5598 5661
3 5598 5662 5661
3 5598 5599 5662
3 5599 5663 5662
3 5599 5600 5663
3 5600 5664 5663
3 5600 5601 5664
3 5601 5665 5664
3 5601 5602 5665
3 5602 5666 5665
3 5602 5603 5666
3 5603 5667 5666
3 5603 5604 5667
3 5604 5668 5667
3 5604 5605 5668
3 5605 5669 5668
3 5605 5606 5669
3 5606 5670 5669
3 5606 5607 5670
3 5607 5671 5670
3 5607 5608 5671
3 5608 5672 5671
3 5608 5609 5672
3 5609 5673 5672
3 5609 5610 5673
3 5610 5674 5673
3 5610 5611 5674
3 5611 5675 5674
3 5611 5612 5675
3 5612 5676 5675
3 5612 5613 5676
3 5613 5677 5676
3 5613 5614 5677
3 5614 5678 5677
3 5614 5615 5678
3 5615 5679 5678
3 5615 5616 5679
3 5616 5680 5679
3 5616 5617 5680
3 5617 5681 5680
3 5617 5618 5681
3 5618 5682 5681
3 5618 5619 5682
3 5619 5683 5682
3 5619 5620 5683
3 5620 5684 5683
3 5620 5621 5684
3 5621 5685 5684
3 5621 5622 5685
3 5622 5686 5685
3 5622 5623 5686
3 5623 5687 5686
3 5623 5624 5687
3 5624 5688 5687
3 5624 5625 5688
3 5625 5689 5688
3 5625 5626 5689
3 5626 5690 5689
3 5626 5627 5690
3 5627 5691 5690
3 5627 5628 5691
3 5628 5692 5691
3 5628 5629 5692
3 5629 5693 5692
3 5629 5630 5693
3 5630 5694 5693
3 5630 5631 5694
3 5631 5695 5694
3 5631 5632 5695
3 5632 5696 5695
3 5632 5633 5696
3 5633 5697 5696
3 5633 5570 5697
3 5570 5634 5697
3 5634 5635 5698
3 5635 5699 5698
3 5635 5636 5699
3 5636 5700 5699
3 5636 5637 5700
3 5637 5701 5700
3 5637 5638 5701
3 5638 5702 5701
3 5638 5639 5702
3 5639 5703 5702
3 5639 5640 5703
3 5640 5704 5703
3 5640 5641 5704
3 5641 5705 5704
3 5641 5642 5705
3 5642 5706 5705
3 5642 5643 5706
3 5643 5707 5706
3 5643 5644 5707
3 5644 5708 5707
3 5644 5645 5708
3 5645 5709 5708
3 5645 5646 5709
3 5646 5710 5709
3 5646 5647 5710
3 5647 5711 5710
3 5647 5648 5711
3 5648 5712 5711
3 5648 5649 5712
3 5649 5713 5712
3 5649 5650 5713
3 5650 5714 5713
3 5650 5651 5714
3 5651 5715 5714
3 5651 5652 5715
3 5652 5716 5715
3 5652 5653 5716
3 5653 5717 5716
3 5653 5654 5717
3 5654 5718 5717
3 5654 5655 5718
3 5655 5719 5718
3 5655 5656 5719
3 5656 5720 5719
3 5656 5657 5720
3 5657 5721 5720
3 5657 5658 5721
3 5658 5722 5721
3 5658 5659 5722
3 5659 5723 5722
3 5659 5660 5723
3 5660 5724 5723
3 5660 5661 5724
3 5661 5725 5724
3 5661 5662 5725
3 5662 5726 5725
3 5662 5663 5726
3 5663 5727 5726
3 5663 5664 5727
3 5664 5728 5727
3 5664 5665 5728
3 5665 5729 5728
3 5665 5666 5729
3 5666 5730 5729
3 5666 5667 5730
3 5667 5731 5730
3 5667 5668 5731
3 5668 5732 5731
3 5668 5669 5732
3 5669 5733 5732
3 5669 5670 5733
3 5670 5734 5733
3 5670 5671 5734
3 5671 5735 5734
3 5671 5672 5735
3 5672 5736 5735
3 5672 5673 5736
3 5673 5737 5736
3 5673 5674 5737
3 5674 5738 5737
3 5674 5675 5738
3 5675 5739 5738
3 5675 5676 5739
3 5676 5740 5739
3 5676 5677 5740
3 5677 5741 5740
3 5677 5678 5741
3 5678 5742 5741
3 5678 5679 5742
3 5679 5743 5742
3 5679 5680 5743
3 5680 5744 5743
3 5680 5681 5744
3 5681 5745 5744
3 5681 5682 5745
3 5682 5746 5745
3 5682 5683 5746
3 5683 5747 5746
3 5683 5684 5747
3 5684 5748 5747
3 5684 5685 5748
3 5685 5749 5748
3 5685 5686 5749
3 5686 5750 5749
3 5686 5687 5750
3 5687 5751 5750
3 5687 5688 5751
3 5688 5752 5751
3 5688 5689 5752
3 5689 5753 5752
3 5689 5690 5753
3 5690 5754 5753
3 5690 5691 5754
3 5691 5755 5754
3 5691 5692 5755
3 5692 5756 5755
3 5692 5693 5756
3 5693 5757 5756
3 5693 5694 5757
3 5694 5758 5757
3 5694 5695 5758
3 5695 5759 5758
3 5695 5696 5759
3 5696 5760 5759
3 5696 5697 5760
3 5697 5761 5760
3 5697 5634 5761
3 5634 5698 5761
3 5698 5699 5762
3 5699 5763 5762
3 5699 5700 5763
3 5700 5764 5763
3 5700 5701 5764
3 5701 5765 5764
3 5701 5702 5765
3 5702 5766 5765
3 5702 5703 5766
3 5703 5767 5766
3 5703 5704 5767
3 5704 5768 5767
3 5704 5705 5768
3 5705 5769 5768
3 5705 5706 5769
3 5706 5770 5769
3 5706 5707 5770
3 5707 5771 5770
3 5707 5708 5771
3 5708 5772 5771
3 5708 5709 5772
3 5709 5773 5772
3 5709 5710 5773
3 5710 5774 5773
3 5710 5711 5774
3 5711 5775 5774
3 5711 5712 5775
3 5712 5776 5775
3 5712 5713 5776
3 5713 5777 5776
3 5713 5714 5777
3 5714 5778 5777
3 5714 5715 5778
3 5715 5779 5778
3 5715 5716 5779
3 5716 5780 5779
3 5716 5717 5780
3 5717 5781 5780
3 5717 5718 5781
3 5718 5782 5781
3 5718 5719 5782
3 5719 5783 5782
3 5719 5720 5783
3 5720 5784 5783
3 5720 5721 5784
3 5721 5785 5784
3 5721 5722 5785
3 5722 5786 5785
3 5722 5723 5786
3 5723 5787 5786
3 5723 5724 5787
3 5724 5788 5787
3 5724 5725 5788
3 5725 5789 5788
3 5725 5726 5789
3 5726 5790 5789
3 5726 5727 5790
3 5727 5791 5790
3 5727 5728 5791
3 5728 5792 5791
3 5728 5729 5792
3 5729 5793 5792
3 5729 5730 5793
3 5730 5794 5793
3 5730 5731 5794
3 5731 5795 5794
3 5731 5732 5795
3 5732 5796 5795
3 5732 5733 5796
3 5733 5797 5796
3 5733 5734 5797
3 5734 5798 5797
3 5734 5735 5798
3 5735 5799 5798
3 5735 5736 5799
3 5736 5800 5799
3 5736 5737 5800
3 5737 5801 5800
3 5737 5738 5801
3 5738 5802 5801
3 5738 5739 5802
3 5739 5803 5802
3 5739 5740 5803
3 5740 5804 5803
3 5740 5741 5804
3 5741 5805 5804
3 5741 5742 5805
3 5742 5806 5805
3 5742 5743 5806
3 5743 5807 5806
3 5743 5744 5807
3 5744 5808 5807
3 5744 5745 5808
3 5745 5809 5808
3 5745 5746 5809
3 5746 5810 5809
3 5746 5747 5810
3 5747 5811 5810
3 5747 5748 5811
3 5748 5812 5811
3 5748 5749 5812
3 5749 5813 5812
3 5749 5750 5813
3 5750 5814 5813
3 5750 5751 5814
3 5751 5815 5814
3 5751 5752 5815
3 5752 5816 5815
3 5752 5753 5816
3 5753 5817 5816
3 5753 5754 5817
3 5754 5818 5817
3 5754 5755 5818
3 5755 5819 5818
3 5755 5756 5819
3 5756 5820 5819
3 5756 5757 5820
3 5757 5821 5820
3 5757 5758 5821
3 5758 5822 5821
3 5758 5759 5822
3 5759 5823 5822
3 5759 5760 5823
3 5760 5824 5823
3 5760 5761 5824
3 5761 5825 5824
3 5761 5698 5825
3 5698 5762 5825
3 5762 5763 5826
3 5763 5827 5826
3 5763 5764 5827
3 5764 5828 5827
3 5764 5765 5828
3 5765 5829 5828
3 5765 5766 5829
3 5766 5830 5829
3 5766 5767 5830
3 5767 5831 5830
3 5767 5768 5831
3 5768 5832 5831
3 5768 5769 5832
3 5769 5833 5832
3 5769 5770 5833
3 5770 5834 5833
3 5770 5771 5834
3 5771 5835 5834
3 5771 5772 5835
3 5772 5836 5835
3 5772 5773 5836
3 5773 5837 5836
3 5773 5774 5837
3 5774 5838 5837
3 5774 5775 5838
3 5775 5839 5838
3 5775 5776 5839
3 5776 5840 5839
3 5776 5777 5840
3 5777 5841 5840
3 5777 5778 5841
3 5778 5842 5841
3 5778 5779 5842
3 5779 5843 5842
3 5779 5780 5843
3 5780 5844 5843
3 5780 5781 5844
3 5781 5845 5844
3 5781 5782 5845
3 5782 5846 5845
3 5782 5783 5846
3 5783 5847 5846
3 5783 5784 5847
3 5784 5848 5847
3 5784 5785 5848
3 5785 5849 5848
3 5785 5786 5849
3 5786 5850 5849
3 5786 5787 5850
3 5787 5851 5850
3 5787 5788 5851
3 5788 5852 5851
3 5788 5789 5852
3 5789 5853 5852
3 5789 5790 5853
3 5790 5854 5853
3 5790 5791 5854
3 5791 5855 5854
3 5791 5792 5855
3 5792 5856 5855
3 5792 5793 5856
3 5793 5857 5856
3 5793 5794 5857
3 5794 5858 5857
3 5794 5795 5858
3 5795 5859 5858
3 5795 5796 5859
3 5796 5860 5859
3 5796 5797 5860
3 5797 5861 5860
3 5797 5798 5861
3 5798 5862 5861
3 5798 5799 5862
3 5799 5863 5862
3 5799 5800 5863
3 5800 5864 5863
3 5800 5801 5864
3 5801 5865 5864
3 5801 5802 5865
3 5802 5866 5865
3 5802 5803 5866
3 5803 5867 5866
3 5803 5804 5867
3 5804 5868 5867
3 5804 5805 5868
3 5805 5869 5868
3 5805 5806 5869
3 5806 5870 5869
3 5806 5807 5870
3 5807 5871 5870
3 5807 5808 5871
3 5808 5872 5871
3 5808 5809 5872
3 5809 5873 5872
3 5809 5810 5873
3 5810 5874 5873
3 5810 5811 5874
3 5811 5875 5874
3 5811 5812 5875
3 5812 5876 5875
3 5812 5813 5876
3 5813 5877 5876
3 5813 5814 5877
3 5814 5878 5877
3 5814 5815 5878
3 5815 5879 5878
3 5815 5816 5879
3 5816 5880 5879
3 5816 5817 5880
3 5817 5881 5880
3 5817 5818 5881
3 5818 5882 5881
3 5818 5819 5882
3 5819 5883 5882
3 5819 5820 5883
3 5820 5884 5883
3 5820 5821 5884
3 5821 5885 5884
3 5821 5822 5885
3 5822 5886 5885
3 5822 5823 5886
3 5823 5887 5886
3 5823 5824 5887
3 5824 5888 5887
3 5824 5825 5888
3 5825 5889 5888
3 5825 5762 5889
3 5762 5826 5889
3 5826 5827 5890
3 5827 5891 5890
3 5827 5828 5891
3 5828 5892 5891
3 5828 5829 5892
3 5829 5893 5892
3 5829 5830 5893
3 5830 5894 5893
3 5830 5831 5894
3 5831 5895 5894
3 5831 5832 5895
3 5832 5896 5895
3 5832 5833 5896
3 5833 5897 5896
3 5833 5834 5897
3 5834 5898 5897
3 5834 5835 5898
3 5835 5899 5898
3 5835 5836 5899
3 5836 5900 5899
3 5836 5837 5900
3 5837 5901 5900
3 5837 5838 5901
3 5838 5902 5901
3 5838 5839 5902
3 5839 5903 5902
3 5839 5840 5903
3 5840 5904 5903
3 5840 5841 5904
3 5841 5905 5904
3 5841 5842 5905
3 5842 5906 5905
3 5842 5843 5906
3 5843 5907 5906
3 5843 5844 5907
3 5844 5908 5907
3 5844 5845 5908
3 5845 5909 5908
3 5845 5846 5909
3 5846 5910 5909
3 5846 5847 5910
3 5847 5911 5910
3 5847 5848 5911
3 5848 5912 5911
3 5848 5849 5912
3 5849 5913 5912
3 5849 5850 5913
3 5850 5914 5913
3 5850 5851 5914
3 5851 5915 5914
3 5851 5852 5915
3 5852 5916 5915
3 5852 5853 5916
3 5853 5917 5916
3 5853 5854 5917
3 5854 5918 5917
3 5854 5855 5918
3 5855 5919 5918
3 5855 5856 5919
3 5856 5920 5919
3 5856 5857 5920
3 5857 5921 5920
3 5857 5858 5921
3 5858 5922 5921
3 5858 5859 5922
3 5859 5923 5922
3 5859 5860 5923
3 5860 5924 5923
3 5860 5861 5924
3 5861 5925 5924
3 5861 5862 5925
3 5862 5926 5925
3 5862 5863 5926
3 5863 5927 5926
3 5863 5864 5927
3 5864 5928 5927
3 5864 5865 5928
3 5865 5929 5928
3 5865 5866 5929
3 5866 5930 5929
3 5866 5867 5930
3 5867 5931 5930
3 5867 5868 5931
3 5868 5932 5931
3 5868 5869 5932
3 5869 5933 5932
3 5869 5870 5933
3 5870 5934 5933
3 5870 5871 5934
3 5871 5935 5934
3 5871 5872 5935
3 5872 5936 5935
3 5872 5873 5936
3 5873 5937 5936
3 5873 5874 5937
3 5874 5938 5937
3 5874 5875 5938
3 5875 5939 5938
3 5875 5876 5939
3 5876 5940 5939
3 5876 5877 5940
3 5877 5941 5940
3 5877 5878 5941
3 5878 5942 5941
3 5878 5879 5942
3 5879 5943 5942
3 5879 5880 5943
3 5880 5944 5943
3 5880 5881 5944
3 5881 5945 5944
3 5881 5882 5945
3 5882 5946 5945
3 5882 5883 5946
3 5883 5947 5946
3 5883 5884 5947
3 5884 5948 5947
3 5884 5885 5948
3 5885 5949 5948
3 5885 5886 5949
3 5886 5950 5949
3 5886 5887 5950
3 5887 5951 5950
3 5887 5888 5951
3 5888 5952 5951
3 5888 5889 5952
3 5889 5953 5952
3 5889 5826 5953
3 5826 5890 5953
3 5890 5891 5954
3 5891 5955 5954
3 5891 5892 5955
3 5892 5956 5955
3 5892 5893 5956
3 5893 5957 5956
3 5893 5894 5957
3 5894 5958 5957
3 5894 5895 5958
3 5895 5959 5958
3 5895 5896 5959
3 5896 5960 5959
3 5896 5897 5960
3 5897 5961 5960
3 5897 5898 5961
3 5898 5962 5961
3 5898 5899 5962
3 5899 5963 5962
3 5899 5900 5963
3 5900 5964 5963
3 5900 5901 5964
3 5901 5965 5964
3 5901 5902 5965
3 5902 5966 5965
3 5902 5903 5966
3 5903 5967 5966
3 5903 5904 5967
3 5904 5968 5967
3 5904 5905 5968
3 5905 5969 5968
3 5905 5906 5969
3 5906 5970 5969
3 5906 5907 5970
3 5907 5971 5970
3 5907 5908 5971
3 5908 5972 5971
3 5908 5909 5972
3 5909 5973 5972
3 5909 5910 5973
3 5910 5974 5973
3 5910 5911 5974
3 5911 5975 5974
3 5911 5912 5975
3 5912 5976 5975
3 5912 5913 5976
3 5913 5977 5976
3 5913 5914 5977
3 5914 5978 5977
3 5914 5915 5978
3 5915 5979 5978
3 5915 5916 5979
3 5916 5980 5979
3 5916 5917 5980
3 5917 5981 5980
3 5917 5918 5981
3 5918 5982 5981
3 5918 5919 5982
3 5919 5983 5982
3 5919 5920 5983
3 5920 5984 5983
3 5920 5921 5984
3 5921 5985 5984
3 5921 5922 5985
3 5922 5986 5985
3 5922 5923 5986
3 5923 5987 5986
3 5923 5924 5987
3 5924 5988 5987
3 5924 5925 5988
3 5925 5989 5988
3 5925 5926 5989
3 5926 5990 5989
3 5926 5927 5990
3 5927 5991 5990
3 5927 5928 5991
3 5928 5992 5991
3 5928 5929 5992
3 5929 5993 5992
3 5929 5930 5993
3 5930 5994 5993
3 5930 5931 5994
3 5931 5995 5994
3 5931 5932 5995
3 5932 5996 5995
3 5932 5933 5996
3 5933 5997 5996
3 5933 5934 5997
3 5934 5998 5997
3 5934 5935 5998
3 5935 5999 5998
3 5935 5936 5999
3 5936 6000 5999
3 5936 5937 6000
3 5937 6001 6000
3 5937 5938 6001
3 5938 6002 6001
3 5938 5939 6002
3 5939 6003 6002
3 5939 5940 6003
3 5940 6004 6003
3 5940 5941 6004
3 5941 6005 6004
3 5941 5942 6005
3 5942 6006 6005
3 5942 5943 6006
3 5943 6007 6006
3 5943 5944 6007
3 5944 6008 6007
3 5944 5945 6008
3 5945 6009 6008
3 5945 5946 6009
3 5946 6010 6009
3 5946 5947 6010
3 5947 6011 6010
3 5947 5948 6011
3 5948 6012 6011
3 5948 5949 6012
3 5949 6013 6012
3 5949 5950 6013
3 5950 6014 6013
3 5950 5951 6014
3 5951 6015 6014
3 5951 5952 6015
3 5952 6016 6015
3 5952 5953 6016
3 5953 6017 6016
3 5953 5890 6017
3 5890 5954 6017
3 5954 5955 6018
3 5955 6019 6018
3 5955 5956 6019
3 5956 6020 6019
3 5956 5957 6020
3 5957 6021 6020
3 5957 5958 6021
3 5958 6022 6021
3 5958 5959 6022
3 5959 6023 6022
3 5959 5960 6023
3 5960 6024 6023
3 5960 5961 6024
3 5961 6025 6024
3 5961 5962 6025
3 5962 6026 6025
3 5962 5963 6026
3 5963 6027 6026
3 5963 5964 6027
3 5964 6028 6027
3 5964 5965 6028
3 5965 6029 6028
3 5965 5966 6029
3 5966 6030 6029
3 5966 5967 6030
3 5967 6031 6030
3 5967 5968 6031
3 5968 6032 6031
3 5968 5969 6032
3 5969 6033 6032
3 5969 5970 6033
3 5970 6034 6033
3 5970 5971 6034
3 5971 6035 6034
3 5971 5972 6035
3 5972 6036 6035
3 5972 5973 6036
3 5973 6037 6036
3 5973 5974 6037
3 5974 6038 6037
3 5974 5975 6038
3 5975 6039 6038
3 5975 5976 6039
3 5976 6040 6039
3 5976 5977 6040
3 5977 6041 6040
3 5977 5978 6041
3 5978 6042 6041
3 5978 5979 6042
3 5979 6043 6042
3 5979 5980 6043
3 5980 6044 6043
3 5980 5981 6044
3 5981 6045 6044
3 5981 5982 6045
3 5982 6046 6045
3 5982 5983 6046
3 5983 6047 6046
3 5983 5984 6047
3 5984 6048 6047
3 5984 5985 6048
3 5985 6049 6048
3 5985 5986 6049
3 5986 6050 6049
3 5986 5987 6050
3 5987 6051 6050
3 5987 5988 6051
3 5988 6052 6051
3 5988 5989 6052
3 5989 6053 6052
3 5989 5990 6053
3 5990 6054 6053
3 5990 5991 6054
3 5991 6055 6054
3 5991 5992 6055
3 5992 6056 6055
3 5992 5993 6056
3 5993 6057 6056
3 5993 5994 6057
3 5994 6058 6057
3 5994 5995 6058
3 5995 6059 6058
3 5995 5996 6059
3 5996 6060 6059
3 5996 5997 6060
3 5997 6061 6060
3 5997 5998 6061
3 5998 6062 6061
3 5998 5999 6062
3 5999 6063 6062
3 5999 6000 6063
3 6000 6064 6063
3 6000 6001 6064
3 6001 6065 6064
3 6001 6002 6065
3 6002 6066 6065
3 6002 6003 6066
3 6003 6067 6066
3 6003 6004 6067
3 6004 6068 6067
3 6004 6005 6068
3 6005 6069 6068
3 6005 6006 6069
3 6006 6070 6069
3 6006 6007 6070
3 6007 6071 6070
3 6007 6008 6071
3 6008 6072 6071
3 6008 6009 6072
3 6009 6073 6072
3 6009 6010 6073
3 6010 6074 6073
3 6010 6011 6074
3 6011 6075 6074
3 6011 6012 6075
3 6012 6076 6075
3 6012 6013 6076
3 6013 6077 6076
3 6013 6014 6077
3 6014 6078 6077
3 6014 6015 6078
3 6015 6079 6078
3 6015 6016 6079
3 6016 6080 6079
3 6016 6017 6080
3 6017 6081 6080
3 6017 5954 6081
3 5954 6018 6081
3 6018 6019 6082
3 6019 6083 6082
3 6019 6020 6083
3 6020 6084 6083
3 6020 6021 6084
3 6021 6085 6084
3 6021 6022 6085
3 6022 6086 6085
3 6022 6023 6086
3 6023 6087 6086
3 6023 6024 6087
3 6024 6088 6087
3 6024 6025 6088
3 6025 6089 6088
3 6025 6026 6089
3 6026 6090 6089
3 6026 6027 6090
3 6027 6091 6090
3 6027 6028 6091
3 6028 6092 6091
3 6028 6029 6092
3 6029 6093 6092
3 6029 6030 6093
3 6030 6094 6093
3 6030 6031 6094
3 6031 6095 6094
3 6031 6032 6095
3 6032 6096 6095
3 6032 6033 6096
3 6033 6097 6096
3 6033 6034 6097
3 6034 6098 6097
3 6034 6035 6098
3 6035 6099 6098
3 6035 6036 6099
3 6036 6100 6099
3 6036 6037 6100
3 6037 6101 6100
3 6037 6038 6101
3 6038 6102 6101
3 6038 6039 6102
3 6039 6103 6102
3 6039 6040 6103
3 6040 6104 6103
3 6040 6041 6104
3 6041 6105 6104
3 6041 6042 6105
3 6042 6106 6105
3 6042 6043 6106
3 6043 6107 6106
3 6043 6044 6107
3 6044 6108 6107
3 6044 6045 6108
3 6045 6109 6108
3 6045 6046 6109
3 6046 6110 6109
3 6046 6047 6110
3 6047 6111 6110
3 6047 6048 6111
3 6048 6112 6111
3 6048 6049 6112
3 6049 6113 6112
3 6049 6050 6113
3 6050 6114 6113
3 6050 6051 6114
3 6051 6115 6114
3 6051 6052 6115
3 6052 6116 6115
3 6052 6053 6116
3 6053 6117 6116
3 6053 6054 6117
3 6054 6118 6117
3 6054 6055 6118
3 6055 6119 6118
3 6055 6056 6119
3 6056 6120 6119
3 6056 6057 6120
3 6057 6121 6120
3 6057 6058 6121
3 6058 6122 6121
3 6058 6059 6122
3 6059 6123 6122
3 6059 6060 6123
3 6060 6124 6123
3 6060 6061 6124
3 6061 6125 6124
3 6061 6062 6125
3 6062 6126 6125
3 6062 6063 6126
3 6063 6127 6126
3 6063 6064 6127
3 6064 6128 6127
3 6064 6065 6128
3 6065 6129 6128
3 6065 6066 6129
3 6066 6130 6129
3 6066 6067 6130
3 6067 6131 6130
3 6067 6068 6131
3 6068 6132 6131
3 6068 6069 6132
3 6069 6133 6132
3 6069 6070 6133
3 6070 6134 6133
3 6070 6071 6134
3 6071 6135 6134
3 6071 6072 6135
3 6072 6136 6135
3 6072 6073 6136
3 6073 6137 6136
3 6073 6074 6137
3 6074 6138 6137
3 6074 6075 6138
3 6075 6139 6138
3 6075 6076 6139
3 6076 6140 6139
3 6076 6077 6140
3 6077 6141 6140
3 6077 6078 6141
3 6078 6142 6141
3 6078 6079 6142
3 6079 6143 6142
3 6079 6080 6143
3 6080 6144 6143
3 6080 6081 6144
3 6081 6145 6144
3 6081 6018 6145
3 6018 6082 6145
3 6082 6083 6146
3 6083 6147 6146
3 6083 6084 6147
3 6084 6148 6147
3 6084 6085 6148
3 6085 6149 6148
3 6085 6086 6149
3 6086 6150 6149
3 6086 6087 6150
3 6087 6151 6150
3 6087 6088 6151
3 6088 6152 6151
3 6088 6089 6152
3 6089 6153 6152
3 6089 6090 6153
3 6090 6154 6153
3 6090 6091 6154
3 6091 6155 6154
3 6091 6092 6155
3 6092 6156 6155
3 6092 6093 6156
3 6093 6157 6156
3 6093 6094 6157
3 6094 6158 6157
3 6094 6095 6158
3 6095 6159 6158
3 6095 6096 6159
3 6096 6160 6159
3 6096 6097 6160
3 6097 6161 6160
3 6097 6098 6161
3 6098 6162 6161
3 6098 6099 6162
3 6099 6163 6162
3 6099 6100 6163
3 6100 6164 6163
3 6100 6101 6164
3 6101 6165 6164
3 6101 6102 6165
3 6102 6166 6165
3 6102 6103 6166
3 6103 6167 6166
3 6103 6104 6167
3 6104 6168 6167
3 6104 6105 6168
3 6105 6169 6168
3 6105 6106 6169
3 6106 6170 6169
3 6106 6107 6170
3 6107 6171 6170
3 6107 6108 6171
3 6108 6172 6171
3 6108 6109 6172
3 6109 6173 6172
3 6109 6110 6173
3 6110 6174 6173
3 6110 6111 6174
3 6111 6175 6174
3 6111 6112 6175
3 6112 6176 6175
3 6112 6113 6176
3 6113 6177 6176
3 6113 6114 6177
3 6114 6178 6177
3 6114 6115 6178
3 6115 6179 6178
3 6115 6116 6179
3 6116 6180 6179
3 6116 6117 6180
3 6117 6181 6180
3 6117 6118 6181
3 6118 6182 6181
3 6118 6119 6182
3 6119 6183 6182
3 6119 6120 6183
3 6120 6184 6183
3 6120 6121 6184
3 6121 6185 6184
3 6121 6122 6185
3 6122 6186 6185
3 6122 6123 6186
3 6123 6187 6186
3 6123 6124 6187
3 6124 6188 6187
3 6124 6125 6188
3 6125 6189 6188
3 6125 6126 6189
3 6126 6190 6189
3 6126 6127 6190
3 6127 6191 6190
3 6127 6128 6191
3 6128 6192 6191
3 6128 6129 6192
3 6129 6193 6192
3 6129 6130 6193
3 6130 6194 6193
3 6130 6131 6194
3 6131 6195 6194
3 6131 6132 6195
3 6132 6196 6195
3 6132 6133 6196
3 6133 6197 6196
3 6133 6134 6197
3 6134 6198 6197
3 6134 6135 6198
3 6135 6199 6198
3 6135 6136 6199
3 6136 6200 6199
3 6136 6137 6200
3 6137 6201 6200
3 6137 6138 6201
3 6138 6202 6201
3 6138 6139 6202
3 6139 6203 6202
3 6139 6140 6203
3 6140 6204 6203
3 6140 6141 6204
3 6141 6205 6204
3 6141 6142 6205
3 6142 6206 6205
3 6142 6143 6206
3 6143 6207 6206
3 6143 6144 6207
3 6144 6208 6207
3 6144 6145 6208
3 6145 6209 6208
3 6145 6082 6209
3 6082 6146 6209
3 6146 6147 6210
3 6147 6211 6210
3 6147 6148 6211
3 6148 6212 6211
3 6148 6149 6212
3 6149 6213 6212
3 6149 6150 6213
3 6150 6214 6213
3 6150 6151 6214
3 6151 6215 6214
3 6151 6152 6215
3 6152 6216 6215
3 6152 6153 6216
3 6153 6217 6216
3 6153 6154 6217
3 6154 6218 6217
3 6154 6155 6218
3 6155 6219 6218
3 6155 6156 6219
3 6156 6220 6219
3 6156 6157 6220
3 6157 6221 6220
3 6157 6158 6221
3 6158 6222 6221
3 6158 6159 6222
3 6159 6223 6222
3 6159 6160 6223
3 6160 6224 6223
3 6160 6161 6224
3 6161 6225 6224
3 6161 6162 6225
3 6162 6226 6225
3 6162 6163 6226
3 6163 6227 6226
3 6163 6164 6227
3 6164 6228 6227
3 6164 6165 6228
3 6165 6229 6228
3 6165 6166 6229
3 6166 6230 6229
3 6166 6167 6230
3 6167 6231 6230
3 6167 6168 6231
3 6168 6232 6231
3 6168 6169 6232
3 6169 6233 6232
3 6169 6170 6233
3 6170 6234 6233
3 6170 6171 6234
3 6171 6235 6234
3 6171 6172 6235
3 6172 6236 6235
3 6172 6173 6236
3 6173 6237 6236
3 6173 6174 6237
3 6174 6238 6237
3 6174 6175 6238
3 6175 6239 6238
3 6175 6176 6239
3 6176 6240 6239
3 6176 6177 6240
3 6177 6241 6240
3 6177 6178 6241
3 6178 6242 6241
3 6178 6179 6242
3 6179 6243 6242
3 6179 6180 6243
3 6180 6244 6243
3 6180 6181 6244
3 6181 6245 6244
3 6181 6182 6245
3 6182 6246 6245
3 6182 6183 6246
3 6183 6247 6246
3 6183 6184 6247
3 6184 6248 6247
3 6184 6185 6248
3 6185 6249 6248
3 6185 6186 6249
3 6186 6250 6249
3 6186 6187 6250
3 6187 6251 6250
3 6187 6188 6251
3 6188 6252 6251
3 6188 6189 6252
3 6189 6253 6252
3 6189 6190 6253
3 6190 6254 6253
3 6190 6191 6254
3 6191 6255 6254
3 6191 6192 6255
3 6192 6256 6255
3 6192 6193 6256
3 6193 6257 6256
3 6193 6194 6257
3 6194 6258 6257
3 6194 6195 6258
3 6195 6259 6258
3 6195 6196 6259
3 6196 6260 6259
3 6196 6197 6260
3 6197 6261 6260
3 6197 6198 6261
3 6198 6262 6261
3 6198 6199 6262
3 6199 6263 6262
3 6199 6200 6263
3 6200 6264 6263
3 6200 6201 6264
3 6201 6265 6264
3 6201 6202 6265
3 6202 6266 6265
3 6202 6203 6266
3 6203 6267 6266
3 6203 6204 6267
3 6204 6268 6267
3 6204 6205 6268
3 6205 6269 6268
3 6205 6206 6269
3 6206 6270 6269
3 6206 6207 6270
3 6207 6271 6270
3 6207 6208 6271
3 6208 6272 6271
3 6208 6209 6272
3 6209 6273 6272
3 6209 6146 6273
3 6146 6210 6273
3 6210 6211 6274
3 6211 6275 6274
3 6211 6212 6275
3 6212 6276 6275
3 6212 6213 6276
3 6213 6277 6276
3 6213 6214 6277
3 6214 6278 6277
3 6214 6215 6278
3 6215 6279 6278
3 6215 6216 6279
3 6216 6280 6279
3 6216 6217 6280
3 6217 6281 6280
3 6217 6218 6281
3 6218 6282 6281
3 6218 6219 6282
3 6219 6283 6282
3 6219 6220 6283
3 6220 6284 6283
3 6220 6221 6284
3 6221 6285 6284
3 6221 6222 6285
3 6222 6286 6285
3 6222 6223 6286
3 6223 6287 6286
3 6223 6224 6287
3 6224 6288 6287
3 6224 6225 6288
3 6225 6289 6288
3 6225 6226 6289
3 6226 6290 6289
3 6226 6227 6290
3 6227 6291 6290
3 6227 6228 6291
3 6228 6292 6291
3 6228 6229 6292
3 6229 6293 6292
3 6229 6230 6293
3 6230 6294 6293
3 6230 6231 6294
3 6231 6295 6294
3 6231 6232 6295
3 6232 6296 6295
3 6232 6233 6296
3 6233 6297 6296
3 6233 6234 6297
3 6234 6298 6297
3 6234 6235 6298
3 6235 6299 6298
3 6235 6236 6299
3 6236 6300 6299
3 6236 6237 6300
3 6237 6301 6300
3 6237 6238 6301
3 6238 6302 6301
3 6238 6239 6302
3 6239 6303 6302
3 6239 6240 6303
3 6240 6304 6303
3 6240 6241 6304
3 6241 6305 6304
3 6241 6242 6305
3 6242 6306 6305
3 6242 6243 6306
3 6243 6307 6306
3 6243 6244 6307
3 6244 6308 6307
3 6244 6245 6308
3 6245 6309 6308
3 6245 6246 6309
3 6246 6310 6309
3 6246 6247 6310
3 6247 6311 6310
3 6247 6248 6311
3 6248 6312 6311
3 6248 6249 6312
3 6249 6313 6312
3 6249 6250 6313
3 6250 6314 6313
3 6250 6251 6314
3 6251 6315 6314
3 6251 6252 6315
3 6252 6316 6315
3 6252 6253 6316
3 6253 6317 6316
3 6253 6254 6317
3 6254 6318 6317
3 6254 6255 6318
3 6255 6319 6318
3 6255 6256 6319
3 6256 6320 6319
3 6256 6257 6320
3 6257 6321 6320
3 6257 6258 6321
3 6258 6322 6321
3 6258 6259 6322
3 6259 6323 6322
3 6259 6260 6323
3 6260 6324 6323
3 6260 6261 6324
3 6261 6325 6324
3 6261 6262 6325
3 6262 6326 6325
3 6262 6263 6326
3 6263 6327 6326
3 6263 6264 6327
3 6264 6328 6327
3 6264 6265 6328
3 6265 6329 6328
3 6265 6266 6329
3 6266 6330 6329
3 6266 6267 6330
3 6267 6331 6330
3 6267 6268 6331
3 6268 6332 6331
3 6268 6269 6332
3 6269 6333 6332
3 6269 6270 6333
3 6270 6334 6333
3 6270 6271 6334
3 6271 6335 6334
3 6271 6272 6335
3 6272 6336 6335
3 6272 6273 6336
3 6273 6337 6336
3 6273 6210 6337
3 6210 6274 6337
3 6274 6275 6338
3 6275 6339 6338
3 6275 6276 6339
3 6276 6340 6339
3 6276 6277 6340
3 6277 6341 6340
3 6277 6278 6341
3 6278 6342 6341
3 6278 6279 6342
3 6279 6343 6342
3 6279 6280 6343
3 6280 6344 6343
3 6280 6281 6344
3 6281 6345 6344
3 6281 6282 6345
3 6282 6346 6345
3 6282 6283 6346
3 6283 6347 6346
3 6283 6284 6347
3 6284 6348 6347
3 6284 6285 6348
3 6285 6349 6348
3 6285 6286 6349
3 6286 6350 6349
3 6286 6287 6350
3 6287 6351 6350
3 6287 6288 6351
3 6288 6352 6351
3 6288 6289 6352
3 6289 6353 6352
3 6289 6290 6353
3 6290 6354 6353
3 6290 6291 6354
3 6291 6355 6354
3 6291 6292 6355
3 6292 6356 6355
3 6292 6293 6356
3 6293 6357 6356
3 6293 6294 6357
3 6294 6358 6357
3 6294 6295 6358
3 6295 6359 6358
3 6295 6296 6359
3 6296 6360 6359
3 6296 6297 6360
3 6297 6361 6360
3 6297 6298 6361
3 6298 6362 6361
3 6298 6299 6362
3 6299 6363 6362
3 6299 6300 6363
3 6300 6364 6363
3 6300 6301 6364
3 6301 6365 6364
3 6301 6302 6365
3 6302 6366 6365
3 6302 6303 6366
3 6303 6367 6366
3 6303 6304 6367
3 6304 6368 6367
3 6304 6305 6368
3 6305 6369 6368
3 6305 6306 6369
3 6306 6370 6369
3 6306 6307 6370
3 6307 6371 6370
3 6307 6308 6371
3 6308 6372 6371
3 6308 6309 6372
3 6309 6373 6372
3 6309 6310 6373
3 6310 6374 6373
3 6310 6311 6374
3 6311 6375 6374
3 6311 6312 6375
3 6312 6376 6375
3 6312 6313 6376
3 6313 6377 6376
3 6313 6314 6377
3 6314 6378 6377
3 6314 6315 6378
3 6315 6379 6378
3 6315 6316 6379
3 6316 6380 6379
3 6316 6317 6380
3 6317 6381 6380
3 6317 6318 6381
3 6318 6382 6381
3 6318 6319 6382
3 6319 6383 6382
3 6319 6320 6383
3 6320 6384 6383
3 6320 6321 6384
3 6321 6385 6384
3 6321 6322 6385
3 6322 6386 6385
3 6322 6323 6386
3 6323 6387 6386
3 6323 6324 6387
3 6324 6388 6387
3 6324 6325 6388
3 6325 6389 6388
3 6325 6326 6389
3 6326 6390 6389
3 6326 6327 6390
3 6327 6391 6390
3 6327 6328 6391
3 6328 6392 6391
3 6328 6329 6392
3 6329 6393 6392
3 6329 6330 6393
3 6330 6394 6393
3 6330 6331 6394
3 6331 6395 6394
3 6331 6332 6395
3 6332 6396 6395
3 6332 6333 6396
3 6333 6397 6396
3 6333 6334 6397
3 6334 6398 6397
3 6334 6335 6398
3 6335 6399 6398
3 6335 6336 6399
3 6336 6400 6399
3 6336 6337 6400
3 6337 6401 6400
3 6337 6274 6401
3 6274 6338 6401
3 6338 6339 6402
3 6339 6403 6402
3 6339 6340 6403
3 6340 6404 6403
3 6340 6341 6404
3 6341 6405 6404
3 6341 6342 6405
3 6342 6406 6405
3 6342 6343 6406
3 6343 6407 6406
3 6343 6344 6407
3 6344 6408 6407
3 6344 6345 6408
3 6345 6409 6408
3 6345 6346 6409
3 6346 6410 6409
3 6346 6347 6410
3 6347 6411 6410
3 6347 6348 6411
3 6348 6412 6411
3 6348 6349 6412
3 6349 6413 6412
3 6349 6350 6413
3 6350 6414 6413
3 6350 6351 6414
3 6351 6415 6414
3 6351 6352 6415
3 6352 6416 6415
3 6352 6353 6416
3 6353 6417 6416
3 6353 6354 6417
3 6354 6418 6417
3 6354 6355 6418
3 6355 6419 6418
3 6355 6356 6419
3 6356 6420 6419
3 6356 6357 6420
3 6357 6421 6420
3 6357 6358 6421
3 6358 6422 6421
3 6358 6359 6422
3 6359 6423 6422
3 6359 6360 6423
3 6360 6424 6423
3 6360 6361 6424
3 6361 6425 6424
3 6361 6362 6425
3 6362 6426 6425
3 6362 6363 6426
3 6363 6427 6426
3 6363 6364 6427
3 6364 6428 6427
3 6364 6365 6428
3 6365 6429 6428
3 6365 6366 6429
3 6366 6430 6429
3 6366 6367 6430
3 6367 6431 6430
3 6367 6368 6431
3 6368 6432 6431
3 6368 6369 6432
3 6369 6433 6432
3 6369 6370 6433
3 6370 6434 6433
3 6370 6371 6434
3 6371 6435 6434
3 6371 6372 6435
3 6372 6436 6435
3 6372 6373 6436
3 6373 6437 6436
3 6373 6374 6437
3 6374 6438 6437
3 6374 6375 6438
3 6375 6439 6438
3 6375 6376 6439
3 6376 6440 6439
3 6376 6377 6440
3 6377 6441 6440
3 6377 6378 6441
3 6378 6442 6441
3 6378 6379 6442
3 6379 6443 6442
3 6379 6380 6443
3 6380 6444 6443
3 6380 6381 6444
3 6381 6445 6444
3 6381 6382 6445
3 6382 6446 6445
3 6382 6383 6446
3 6383 6447 6446
3 6383 6384 6447
3 6384 6448 6447
3 6384 6385 6448
3 6385 6449 6448
3 6385 6386 6449
3 6386 6450 6449
3 6386 6387 6450
3 6387 6451 6450
3 6387 6388 6451
3 6388 6452 6451
3 6388 6389 6452
3 6389 6453 6452
3 6389 6390 6453
3 6390 6454 6453
3 6390 6391 6454
3 6391 6455 6454
3 6391 6392 6455
3 6392 6456 6455
3 6392 6393 6456
3 6393 6457 6456
3 6393 6394 6457
3 6394 6458 6457
3 6394 6395 6458
3 6395 6459 6458
3 6395 6396 6459
3 6396 6460 6459
3 6396 6397 6460
3 6397 6461 6460
3 6397 6398 6461
3 6398 6462 6461
3 6398 6399 6462
3 6399 6463 6462
3 6399 6400 6463
3 6400 6464 6463
3 6400 6401 6464
3 6401 6465 6464
3 6401 6338 6465
3 6338 6402 6465
3 6402 6403 6466
3 6403 6467 6466
3 6403 6404 6467
3 6404 6468 6467
3 6404 6405 6468
3 6405 6469 6468
3 6405 6406 6469
3 6406 6470 6469
3 6406 6407 6470
3 6407 6471 6470
3 6407 6408 6471
3 6408 6472 6471
3 6408 6409 6472
3 6409 6473 6472
3 6409 6410 6473
3 6410 6474 6473
3 6410 6411 6474
3 6411 6475 6474
3 6411 6412 6475
3 6412 6476 6475
3 6412 6413 6476
3 6413 6477 6476
3 6413 6414 6477
3 6414 6478 6477
3 6414 6415 6478
3 6415 6479 6478
3 6415 6416 6479
3 6416 6480 6479
3 6416 6417 6480
3 6417 6481 6480
3 6417 6418 6481
3 6418 6482 6481
3 6418 6419 6482
3 6419 6483 6482
3 6419 6420 6483
3 6420 6484 6483
3 6420 6421 6484
3 6421 6485 6484
3 6421 6422 6485
3 6422 6486 6485
3 6422 6423 6486
3 6423 6487 6486
3 6423 6424 6487
3 6424 6488 6487
3 6424 6425 6488
3 6425 6489 6488
3 6425 6426 6489
3 6426 6490 6489
3 6426 6427 6490
3 6427 6491 6490
3 6427 6428 6491
3 6428 6492 6491
3 6428 6429 6492
3 6429 6493 6492
3 6429 6430 6493
3 6430 6494 6493
3 6430 6431 6494
3 6431 6495 6494
3 6431 6432 6495
3 6432 6496 6495
3 6432 6433 6496
3 6433 6497 6496
3 6433 6434 6497
3 6434 6498 6497
3 6434 6435 6498
3 6435 6499 6498
3 6435 6436 6499
3 6436 6500 6499
3 6436 6437 6500
3 6437 6501 6500
3 6437 6438 6501
3 6438 6502 6501
3 6438 6439 6502
3 6439 6503 6502
3 6439 6440 6503
3 6440 6504 6503
3 6440 6441 6504
3 6441 6505 6504
3 6441 6442 6505
3 6442 6506 6505
3 6442 6443 6506
3 6443 6507 6506
3 6443 6444 6507
3 6444 6508 6507
3 6444 6445 6508
3 6445 6509 6508
3 6445 6446 6509
3 6446 6510 6509
3 6446 6447 6510
3 6447 6511 6510
3 6447 6448 6511
3 6448 6512 6511
3 6448 6449 6512
3 6449 6513 6512
3 6449 6450 6513
3 6450 6514 6513
3 6450 6451 6514
3 6451 6515 6514
3 6451 6452 6515
3 6452 6516 6515
3 6452 6453 6516
3 6453 6517 6516
3 6453 6454 6517
3 6454 6518 6517
3 6454 6455 6518
3 6455 6519 6518
3 6455 6456 6519
3 6456 6520 6519
3 6456 6457 6520
3 6457 6521 6520
3 6457 6458 6521
3 6458 6522 6521
3 6458 6459 6522
3 6459 6523 6522
3 6459 6460 6523
3 6460 6524 6523
3 6460 6461 6524
3 6461 6525 6524
3 6461 6462 6525
3 6462 6526 6525
3 6462 6463 6526
3 6463 6527 6526
3 6463 6464 6527
3 6464 6528 6527
3 6464 6465 6528
3 6465 6529 6528
3 6465 6402 6529
3 6402 6466 6529
3 6466 6467 6530
3 6467 6531 6530
3 6467 6468 6531
3 6468 6532 6531
3 6468 6469 6532
3 6469 6533 6532
3 6469 6470 6533
3 6470 6534 6533
3 6470 6471 6534
3 6471 6535 6534
3 6471 6472 6535
3 6472 6536 6535
3 6472 6473 6536
3 6473 6537 6536
3 6473 6474 6537
3 6474 6538 6537
3 6474 6475 6538
3 6475 6539 6538
3 6475 6476 6539
3 6476 6540 6539
3 6476 6477 6540
3 6477 6541 6540
3 6477 6478 6541
3 6478 6542 6541
3 6478 6479 6542
3 6479 6543 6542
3 6479 6480 6543
3 6480 6544 6543
3 6480 6481 6544
3 6481 6545 6544
3 6481 6482 6545
3 6482 6546 6545
3 6482 6483 6546
3 6483 6547 6546
3 6483 6484 6547
3 6484 6548 6547
3 6484 6485 6548
3 6485 6549 6548
3 6485 6486 6549
3 6486 6550 6549
3 6486 6487 6550
3 6487 6551 6550
3 6487 6488 6551
3 6488 6552 6551
3 6488 6489 6552
3 6489 6553 6552
3 6489 6490 6553
3 6490 6554 6553
3 6490 6491 6554
3 6491 6555 6554
3 6491 6492 6555
3 6492 6556 6555
3 6492 6493 6556
3 6493 6557 6556
3 6493 6494 6557
3 6494 6558 6557
3 6494 6495 6558
3 6495 6559 6558
3 6495 6496 6559
3 6496 6560 6559
3 6496 6497 6560
3 6497 6561 6560
3 6497 6498 6561
3 6498 6562 6561
3 6498 6499 6562
3 6499 6563 6562
3 6499 6500 6563
3 6500 6564 6563
3 6500 6501 6564
3 6501 6565 6564
3 6501 6502 6565
3 6502 6566 6565
3 6502 6503 6566
3 6503 6567 6566
3 6503 6504 6567
3 6504 6568 6567
3 6504 6505 6568
3 6505 6569 6568
3 6505 6506 6569
3 6506 6570 6569
3 6506 6507 6570
3 6507 6571 6570
3 6507 6508 6571
3 6508 6572 6571
3 6508 6509 6572
3 6509 6573 6572
3 6509 6510 6573
3 6510 6574 6573
3 6510 6511 6574
3 6511 6575 6574
3 6511 6512 6575
3 6512 6576 6575
3 6512 6513 6576
3 6513 6577 6576
3 6513 6514 6577
3 6514 6578 6577
3 6514 6515 6578
3 6515 6579 6578
3 6515 6516 6579
3 6516 6580 6579
3 6516 6517 6580
3 6517 6581 6580
3 6517 6518 6581
3 6518 6582 6581
3 6518 6519 6582
3 6519 6583 6582
3 6519 6520 6583
3 6520 6584 6583
3 6520 6521 6584
3 6521 6585 6584
3 6521 6522 6585
3 6522 6586 6585
3 6522 6523 6586
3 6523 6587 6586
3 6523 6524 6587
3 6524 6588 6587
3 6524 6525 6588
3 6525 6589 6588
3 6525 6526 6589
3 6526 6590 6589
3 6526 6527 6590
3 6527 6591 6590
3 6527 6528 6591
3 6528 6592 6591
3 6528 6529 6592
3 6529 6593 6592
3 6529 6466 6593
3 6466 6530 6593
3 6530 6531 6594
3 6531 6595 6594
3 6531 6532 6595
3 6532 6596 6595
3 6532 6533 6596
3 6533 6597 6596
3 6533 6534 6597
3 6534 6598 6597
3 6534 6535 6598
3 6535 6599 6598
3 6535 6536 6599
3 6536 6600 6599
3 6536 6537 6600
3 6537 6601 6600
3 6537 6538 6601
3 6538 6602 6601
3 6538 6539 6602
3 6539 6603 6602
3 6539 6540 6603
3 6540 6604 6603
3 6540 6541 6604
3 6541 6605 6604
3 6541 6542 6605
3 6542 6606 6605
3 6542 6543 6606
3 6543 6607 6606
3 6543 6544 6607
3 6544 6608 6607
3 6544 6545 6608
3 6545 6609 6608
3 6545 6546 6609
3 6546 6610 6609
3 6546 6547 6610
3 6547 6611 6610
3 6547 6548 6611
3 6548 6612 6611
3 6548 6549 6612
3 6549 6613 6612
3 6549 6550 6613
3 6550 6614 6613
3 6550 6551 6614
3 6551 6615 6614
3 6551 6552 6615
3 6552 6616 6615
3 6552 6553 6616
3 6553 6617 6616
3 6553 6554 6617
3 6554 6618 6617
3 6554 6555 6618
3 6555 6619 6618
3 6555 6556 6619
3 6556 6620 6619
3 6556 6557 6620
3 6557 6621 6620
3 6557 6558 6621
3 6558 6622 6621
3 6558 6559 6622
3 6559 6623 6622
3 6559 6560 6623
3 6560 6624 6623
3 6560 6561 6624
3 6561 6625 6624
3 6561 6562 6625
3 6562 6626 6625
3 6562 6563 6626
3 6563 6627 6626
3 6563 6564 6627
3 6564 6628 6627
3 6564 6565 6628
3 6565 6629 6628
3 6565 6566 6629
3 6566 6630 6629
3 6566 6567 6630
3 6567 6631 6630
3 6567 6568 6631
3 6568 6632 6631
3 6568 6569 6632
3 6569 6633 6632
3 6569 6570 6633
3 6570 6634 6633
3 6570 6571 6634
3 6571 6635 6634
3 6571 6572 6635
3 6572 6636 6635
3 6572 6573 6636
3 6573 6637 6636
3 6573 6574 6637
3 6574 6638 6637
3 6574 6575 6638
3 6575 6639 6638
3 6575 6576 6639
3 6576 6640 6639
3 6576 6577 6640
3 6577 6641 6640
3 6577 6578 6641
3 6578 6642 6641
3 6578 6579 6642
3 6579 6643 6642
3 6579 6580 6643
3 6580 6644 6643
3 6580 6581 6644
3 6581 6645 6644
3 6581 6582 6645
3 6582 6646 6645
3 6582 6583 6646
3 6583 6647 6646
3 6583 6584 6647
3 6584 6648 6647
3 6584 6585 6648
3 6585 6649 6648
3 6585 6586 6649
3 6586 6650 6649
3 6586 6587 6650
3 6587 6651 6650
3 6587 6588 6651
3 6588 6652 6651
3 6588 6589 6652
3 6589 6653 6652
3 6589 6590 6653
3 6590 6654 6653
3 6590 6591 6654
3 6591 6655 6654
3 6591 6592 6655
3 6592 6656 6655
3 6592 6593 6656
3 6593 6657 6656
3 6593 6530 6657
3 6530 6594 6657
3 6594 6595 6658
3 6595 6659 6658
3 6595 6596 6659
3 6596 6660 6659
3 6596 6597 6660
3 6597 6661 6660
3 6597 6598 6661
3 6598 6662 6661
3 6598 6599 6662
3 6599 6663 6662
3 6599 6600 6663
3 6600 6664 6663
3 6600 6601 6664
3 6601 6665 6664
3 6601 6602 6665
3 6602 6666 6665
3 6602 6603 6666
3 6603 6667 6666
3 6603 6604 6667
3 6604 6668 6667
3 6604 6605 6668
3 6605 6669 6668
3 6605 6606 6669
3 6606 6670 6669
3 6606 6607 6670
3 6607 6671 6670
3 6607 6608 6671
3 6608 6672 6671
3 6608 6609 6672
3 6609 6673 6672
3 6609 6610 6673
3 6610 6674 6673
3 6610 6611 6674
3 6611 6675 6674
3 6611 6612 6675
3 6612 6676 6675
3 6612 6613 6676
3 6613 6677 6676
3 6613 6614 6677
3 6614 6678 6677
3 6614 6615 6678
3 6615 6679 6678
3 6615 6616 6679
3 6616 6680 6679
3 6616 6617 6680
3 6617 6681 6680
3 6617 6618 6681
3 6618 6682 6681
3 6618 6619 6682
3 6619 6683 6682
3 6619 6620 6683
3 6620 6684 6683
3 6620 6621 6684
3 6621 6685 6684
3 6621 6622 6685
3 6622 6686 6685
3 6622 6623 6686
3 6623 6687 6686
3 6623 6624 6687
3 6624 6688 6687
3 6624 6625 6688
3 6625 6689 6688
3 6625 6626 6689
3 6626 6690 6689
3 6626 6627 6690
3 6627 6691 6690
3 6627 6628 6691
3 6628 6692 6691
3 6628 6629 6692
3 6629 6693 6692
3 6629 6630 6693
3 6630 6694 6693
3 6630 6631 6694
3 6631 6695 6694
3 6631 6632 6695
3 6632 6696 6695
3 6632 6633 6696
3 6633 6697 6696
3 6633 6634 6697
3 6634 6698 6697
3 6634 6635 6698
3 6635 6699 6698
3 6635 6636 6699
3 6636 6700 6699
3 6636 6637 6700
3 6637 6701 6700
3 6637 6638 6701
3 6638 6702 6701
3 6638 6639 6702
3 6639 6703 6702
3 6639 6640 6703
3 6640 6704 6703
3 6640 6641 6704
3 6641 6705 6704
3 6641 6642 6705
3 6642 6706 6705
3 6642 6643 6706
3 6643 6707 6706
3 6643 6644 6707
3 6644 6708 6707
3 6644 6645 6708
3 6645 6709 6708
3 6645 6646 6709
3 6646 6710 6709
3 6646 6647 6710
3 6647 6711 6710
3 6647 6648 6711
3 6648 6712 6711
3 6648 6649 6712
3 6649 6713 6712
3 6649 6650 6713
3 6650 6714 6713
3 6650 6651 6714
3 6651 6715 6714
3 6651 6652 6715
3 6652 6716 6715
3 6652 6653 6716
3 6653 6717 6716
3 6653 6654 6717
3 6654 6718 6717
3 6654 6655 6718
3 6655 6719 6718
3 6655 6656 6719
3 6656 6720 6719
3 6656 6657 6720
3 6657 6721 6720
3 6657 6594 6721
3 6594 6658 6721
3 6658 6659 6722
3 6659 6723 6722
3 6659 6660 6723
3 6660 6724 6723
3 6660 6661 6724
3 6661 6725 6724
3 6661 6662 6725
3 6662 6726 6725
3 6662 6663 6726
3 6663 6727 6726
3 6663 6664 6727
3 6664 6728 6727
3 6664 6665 6728
3 6665 6729 6728
3 6665 6666 6729
3 6666 6730 6729
3 6666 6667 6730
3 6667 6731 6730
3 6667 6668 6731
3 6668 6732 6731
3 6668 6669 6732
3 6669 6733 6732
3 6669 6670 6733
3 6670 6734 6733
3 6670 6671 6734
3 6671 6735 6734
3 6671 6672 6735
3 6672 6736 6735
3 6672 6673 6736
3 6673 6737 6736
3 6673 6674 6737
3 6674 6738 6737
3 6674 6675 6738
3 6675 6739 6738
3 6675 6676 6739
3 6676 6740 6739
3 6676 6677 6740
3 6677 6741 6740
3 6677 6678 6741
3 6678 6742 6741
3 6678 6679 6742
3 6679 6743 6742
3 6679 6680 6743
3 6680 6744 6743
3 6680 6681 6744
3 6681 6745 6744
3 6681 6682 6745
3 6682 6746 6745
3 6682 6683 6746
3 6683 6747 6746
3 6683 6684 6747
3 6684 6748 6747
3 6684 6685 6748
3 6685 6749 6748
3 6685 6686 6749
3 6686 6750 6749
3 6686 6687 6750
3 6687 6751 6750
3 6687 6688 6751
3 6688 6752 6751
3 6688 6689 6752
3 6689 6753 6752
3 6689 6690 6753
3 6690 6754 6753
3 6690 6691 6754
3 6691 6755 6754
3 6691 6692 6755
3 6692 6756 6755
3 6692 6693 6756
3 6693 6757 6756
3 6693 6694 6757
3 6694 6758 6757
3 6694 6695 6758
3 6695 6759 6758
3 6695 6696 6759
3 6696 6760 6759
3 6696 6697 6760
3 6697 6761 6760
3 6697 6698 6761
3 6698 6762 6761
3 6698 6699 6762
3 6699 6763 6762
3 6699 6700 6763
3 6700 6764 6763
3 6700 6701 6764
3 6701 6765 6764
3 6701 6702 6765
3 6702 6766 6765
3 6702 6703 6766
3 6703 6767 6766
3 6703 6704 6767
3 6704 6768 6767
3 6704 6705 6768
3 6705 6769 6768
3 6705 6706 6769
3 6706 6770 6769
3 6706 6707 6770
3 6707 6771 6770
3 6707 6708 6771
3 6708 6772 6771
3 6708 6709 6772
3 6709 6773 6772
3 6709 6710 6773
3 6710 6774 6773
3 6710 6711 6774
3 6711 6775 6774
3 6711 6712 6775
3 6712 6776 6775
3 6712 6713 6776
3 6713 6777 6776
3 6713 6714 6777
3 6714 6778 6777
3 6714 6715 6778
3 6715 6779 6778
3 6715 6716 6779
3 6716 6780 6779
3 6716 6717 6780
3 6717 6781 6780
3 6717 6718 6781
3 6718 6782 6781
3 6718 6719 6782
3 6719 6783 6782
3 6719 6720 6783
3 6720 6784 6783
3 6720 6721 6784
3 6721 6785 6784
3 6721 6658 6785
3 6658 6722 6785
3 6722 6723 6786
3 6723 6787 6786
3 6723 6724 6787
3 6724 6788 6787
3 6724 6725 6788
3 6725 6789 6788
3 6725 6726 6789
3 6726 6790 6789
3 6726 6727 6790
3 6727 6791 6790
3 6727 6728 6791
3 6728 6792 6791
3 6728 6729 6792
3 6729 6793 6792
3 6729 6730 6793
3 6730 6794 6793
3 6730 6731 6794
3 6731 6795 6794
3 6731 6732 6795
3 6732 6796 6795
3 6732 6733 6796
3 6733 6797 6796
3 6733 6734 6797
3 6734 6798 6797
3 6734 6735 6798
3 6735 6799 6798
3 6735 6736 6799
3 6736 6800 6799
3 6736 6737 6800
3 6737 6801 6800
3 6737 6738 6801
3 6738 6802 6801
3 6738 6739 6802
3 6739 6803 6802
3 6739 6740 6803
3 6740 6804 6803
3 6740 6741 6804
3 6741 6805 6804
3 6741 6742 6805
3 6742 6806 6805
3 6742 6743 6806
3 6743 6807 6806
3 6743 6744 6807
3 6744 6808 6807
3 6744 6745 6808
3 6745 6809 6808
3 6745 6746 6809
3 6746 6810 6809
3 6746 6747 6810
3 6747 6811 6810
3 6747 6748 6811
3 6748 6812 6811
3 6748 6749 6812
3 6749 6813 6812
3 6749 6750 6813
3 6750 6814 6813
3 6750 6751 6814
3 6751 6815 6814
3 6751 6752 6815
3 6752 6816 6815
3 6752 6753 6816
3 6753 6817 6816
3 6753 6754 6817
3 6754 6818 6817
3 6754 6755 6818
3 6755 6819 6818
3 6755 6756 6819
3 6756 6820 6819
3 6756 6757 6820
3 6757 6821 6820
3 6757 6758 6821
3 6758 6822 6821
3 6758 6759 6822
3 6759 6823 6822
3 6759 6760 6823
3 6760 6824 6823
3 6760 6761 6824
3 6761 6825 6824
3 6761 6762 6825
3 6762 6826 6825
3 6762 6763 6826
3 6763 6827 6826
3 6763 6764 6827
3 6764 6828 6827
3 6764 6765 6828
3 6765 6829 6828
3 6765 6766 6829
3 6766 6830 6829
3 6766 6767 6830
3 6767 6831 6830
3 6767 6768 6831
3 6768 6832 6831
3 6768 6769 6832
3 6769 6833 6832
3 6769 6770 6833
3 6770 6834 6833
3 6770 6771 6834
3 6771 6835 6834
3 6771 6772 6835
3 6772 6836 6835
3 6772 6773 6836
3 6773 6837 6836
3 6773 6774 6837
3 6774 6838 6837
3 6774 6775 6838
3 6775 6839 6838
3 6775 6776 6839
3 6776 6840 6839
3 6776 6777 6840
3 6777 6841 6840
3 6777 6778 6841
3 6778 6842 6841
3 6778 6779 6842
3 6779 6843 6842
3 6779 6780 6843
3 6780 6844 6843
3 6780 6781 6844
3 6781 6845 6844
3 6781 6782 6845
3 6782 6846 6845
3 6782 6783 6846
3 6783 6847 6846
3 6783 6784 6847
3 6784 6848 6847
3 6784 6785 6848
3 6785 6849 6848
3 6785 6722 6849
3 6722 6786 6849
3 6786 6787 6850
3 6787 6851 6850
3 6787 6788 6851
3 6788 6852 6851
3 6788 6789 6852
3 6789 6853 6852
3 6789 6790 6853
3 6790 6854 6853
3 6790 6791 6854
3 6791 6855 6854
3 6791 6792 6855
3 6792 6856 6855
3 6792 6793 6856
3 6793 6857 6856
3 6793 6794 6857
3 6794 6858 6857
3 6794 6795 6858
3 6795 6859 6858
3 6795 6796 6859
3 6796 6860 6859
3 6796 6797 6860
3 6797 6861 6860
3 6797 6798 6861
3 6798 6862 6861
3 6798 6799 6862
3 6799 6863 6862
3 6799 6800 6863
3 6800 6864 6863
3 6800 6801 6864
3 6801 6865 6864
3 6801 6802 6865
3 6802 6866 6865
3 6802 6803 6866
3 6803 6867 6866
3 6803 6804 6867
3 6804 6868 6867
3 6804 6805 6868
3 6805 6869 6868
3 6805 6806 6869
3 6806 6870 6869
3 6806 6807 6870
3 6807 6871 6870
3 6807 6808 6871
3 6808 6872 6871
3 6808 6809 6872
3 6809 6873 6872
3 6809 6810 6873
3 6810 6874 6873
3 6810 6811 6874
3 6811 6875 6874
3 6811 6812 6875
3 6812 6876 6875
3 6812 6813 6876
3 6813 6877 6876
3 6813 6814 6877
3 6814 6878 6877
3 6814 6815 6878
3 6815 6879 6878
3 6815 6816 6879
3 6816 6880 6879
3 6816 6817 6880
3 6817 6881 6880
3 6817 6818 6881
3 6818 6882 6881
3 6818 6819 6882
3 6819 6883 6882
3 6819 6820 6883
3 6820 6884 6883
3 6820 6821 6884
3 6821 6885 6884
3 6821 6822 6885
3 6822 6886 6885
3 6822 6823 6886
3 6823 6887 6886
3 6823 6824 6887
3 6824 6888 6887
3 6824 6825 6888
3 6825 6889 6888
3 6825 6826 6889
3 6826 6890 6889
3 6826 6827 6890
3 6827 6891 6890
3 6827 6828 6891
3 6828 6892 6891
3 6828 6829 6892
3 6829 6893 6892
3 6829 6830 6893
3 6830 6894 6893
3 6830 6831 6894
3 6831 6895 6894
3 6831 6832 6895
3 6832 6896 6895
3 6832 6833 6896
3 6833 6897 6896
3 6833 6834 6897
3 6834 6898 6897
3 6834 6835 6898
3 6835 6899 6898
3 6835 6836 6899
3 6836 6900 6899
3 6836 6837 6900
3 6837 6901 6900
3 6837 6838 6901
3 6838 6902 6901
3 6838 6839 6902
3 6839 6903 6902
3 6839 6840 6903
3 6840 6904 6903
3 6840 6841 6904
3 6841 6905 6904
3 6841 6842 6905
3 6842 6906 6905
3 6842 6843 6906
3 6843 6907 6906
3 6843 6844 6907
3 6844 6908 6907
3 6844 6845 6908
3 6845 6909 6908
3 6845 6846 6909
3 6846 6910 6909
3 6846 6847 6910
3 6847 6911 6910
3 6847 6848 6911
3 6848 6912 6911
3 6848 6849 6912
3 6849 6913 6912
3 6849 6786 6913
3 6786 6850 6913
3 6850 6851 6914
3 6851 6915 6914
3 6851 6852 6915
3 6852 6916 6915
3 6852 6853 6916
3 6853 6917 6916
3 6853 6854 6917
3 6854 6918 6917
3 6854 6855 6918
3 6855 6919 6918
3 6855 6856 6919
3 6856 6920 6919
3 6856 6857 6920
3 6857 6921 6920
3 6857 6858 6921
3 6858 6922 6921
3 6858 6859 6922
3 6859 6923 6922
3 6859 6860 6923
3 6860 6924 6923
3 6860 6861 6924
3 6861 6925 6924
3 6861 6862 6925
3 6862 6926 6925
3 6862 6863 6926
3 6863 6927 6926
3 6863 6864 6927
3 6864 6928 6927
3 6864 6865 6928
3 6865 6929 6928
3 6865 6866 6929
3 6866 6930 6929
3 6866 6867 6930
3 6867 6931 6930
3 6867 6868 6931
3 6868 6932 6931
3 6868 6869 6932
3 6869 6933 6932
3 6869 6870 6933
3 6870 6934 6933
3 6870 6871 6934
3 6871 6935 6934
3 6871 6872 6935
3 6872 6936 6935
3 6872 6873 6936
3 6873 6937 6936
3 6873 6874 6937
3 6874 6938 6937
3 6874 6875 6938
3 6875 6939 6938
3 6875 6876 6939
3 6876 6940 6939
3 6876 6877 6940
3 6877 6941 6940
3 6877 6878 6941
3 6878 6942 6941
3 6878 6879 6942
3 6879 6943 6942
3 6879 6880 6943
3 6880 6944 6943
3 6880 6881 6944
3 6881 6945 6944
3 6881 6882 6945
3 6882 6946 6945
3 6882 6883 6946
3 6883 6947 6946
3 6883 6884 6947
3 6884 6948 6947
3 6884 6885 6948
3 6885 6949 6948
3 6885 6886 6949
3 6886 6950 6949
3 6886 6887 6950
3 6887 6951 6950
3 6887 6888 6951
3 6888 6952 6951
3 6888 6889 6952
3 6889 6953 6952
3 6889 6890 6953
3 6890 6954 6953
3 6890 6891 6954
3 6891 6955 6954
3 6891 6892 6955
3 6892 6956 6955
3 6892 6893 6956
3 6893 6957 6956
3 6893 6894 6957
3 6894 6958 6957
3 6894 6895 6958
3 6895 6959 6958
3 6895 6896 6959
3 6896 6960 6959
3 6896 6897 6960
3 6897 6961 6960
3 6897 6898 6961
3 6898 6962 6961
3 6898 6899 6962
3 6899 6963 6962
3 6899 6900 6963
3 6900 6964 6963
3 6900 6901 6964
3 6901 6965 6964
3 6901 6902 6965
3 6902 6966 6965
3 6902 6903 6966
3 6903 6967 6966
3 6903 6904 6967
3 6904 6968 6967
3 6904 6905 6968
3 6905 6969 6968
3 6905 6906 6969
3 6906 6970 6969
3 6906 6907 6970
3 6907 6971 6970
3 6907 6908 6971
3 6908 6972 6971
3 6908 6909 6972
3 6909 6973 6972
3 6909 6910 6973
3 6910 6974 6973
3 6910 6911 6974
3 6911 6975 6974
3 6911 6912 6975
3 6912 6976 6975
3 6912 6913 6976
3 6913 6977 6976
3 6913 6850 6977
3 6850 6914 6977
3 6914 6915 6978
3 6915 6979 6978
3 6915 6916 6979
3 6916 6980 6979
3 6916 6917 6980
3 6917 6981 6980
3 6917 6918 6981
3 6918 6982 6981
3 6918 6919 6982
3 6919 6983 6982
3 6919 6920 6983
3 6920 6984 6983
3 6920 6921 6984
3 6921 6985 6984
3 6921 6922 6985
3 6922 6986 6985
3 6922 6923 6986
3 6923 6987 6986
3 6923 6924 6987
3 6924 6988 6987
3 6924 6925 6988
3 6925 6989 6988
3 6925 6926 6989
3 6926 6990 6989
3 6926 6927 6990
3 6927 6991 6990
3 6927 6928 6991
3 6928 6992 6991
3 6928 6929 6992
3 6929 6993 6992
3 6929 6930 6993
3 6930 6994 6993
3 6930 6931 6994
3 6931 6995 6994
3 6931 6932 6995
3 6932 6996 6995
3 6932 6933 6996
3 6933 6997 6996
3 6933 6934 6997
3 6934 6998 6997
3 6934 6935 6998
3 6935 6999 6998
3 6935 6936 6999
3 6936 7000 6999
3 6936 6937 7000
3 6937 7001 7000
3 6937 6938 7001
3 6938 7002 7001
3 6938 6939 7002
3 6939 7003 7002
3 6939 6940 7003
3 6940 7004 7003
3 6940 6941 7004
3 6941 7005 7004
3 6941 6942 7005
3 6942 7006 7005
3 6942 6943 7006
3 6943 7007 7006
3 6943 6944 7007
3 6944 7008 7007
3 6944 6945 7008
3 6945 7009 7008
3 6945 6946 7009
3 6946 7010 7009
3 6946 6947 7010
3 6947 7011 7010
3 6947 6948 7011
3 6948 7012 7011
3 6948 6949 7012
3 6949 7013 7012
3 6949 6950 7013
3 6950 7014 7013
3 6950 6951 7014
3 6951 7015 7014
3 6951 6952 7015
3 6952 7016 7015
3 6952 6953 7016
3 6953 7017 7016
3 6953 6954 7017
3 6954 7018 7017
3 6954 6955 7018
3 6955 7019 7018
3 6955 6956 7019
3 6956 7020 7019
3 6956 6957 7020
3 6957 7021 7020
3 6957 6958 7021
3 6958 7022 7021
3 6958 6959 7022
3 6959 7023 7022
3 6959 6960 7023
3 6960 7024 7023
3 6960 6961 7024
3 6961 7025 7024
3 6961 6962 7025
3 6962 7026 7025
3 6962 6963 7026
3 6963 7027 7026
3 6963 6964 7027
3 6964 7028 7027
3 6964 6965 7028
3 6965 7029 7028
3 6965 6966 7029
3 6966 7030 7029
3 6966 6967 7030
3 6967 7031 7030
3 6967 6968 7031
3 6968 7032 7031
3 6968 6969 7032
3 6969 7033 7032
3 6969 6970 7033
3 6970 7034 7033
3 6970 6971 7034
3 6971 7035 7034
3 6971 6972 7035
3 6972 7036 7035
3 6972 6973 7036
3 6973 7037 7036
3 6973 6974 7037
3 6974 7038 7037
3 6974 6975 7038
3 6975 7039 7038
3 6975 6976 7039
3 6976 7040 7039
3 6976 6977 7040
3 6977 7041 7040
3 6977 6914 7041
3 6914 6978 7041
3 6978 6979 7042
3 6979 7043 7042
3 6979 6980 7043
3 6980 7044 7043
3 6980 6981 7044
3 6981 7045 7044
3 6981 6982 7045
3 6982 7046 7045
3 6982 6983 7046
3 6983 7047 7046
3 6983 6984 7047
3 6984 7048 7047
3 6984 6985 7048
3 6985 7049 7048
3 6985 6986 7049
3 6986 7050 7049
3 6986 6987 7050
3 6987 7051 7050
3 6987 6988 7051
3 6988 7052 7051
3 6988 6989 7052
3 6989 7053 7052
3 6989 6990 7053
3 6990 7054 7053
3 6990 6991 7054
3 6991 7055 7054
3 6991 6992 7055
3 6992 7056 7055
3 6992 6993 7056
3 6993 7057 7056
3 6993 6994 7057
3 6994 7058 7057
3 6994 6995 7058
3 6995 7059 7058
3 6995 6996 7059
3 6996 7060 7059
3 6996 6997 7060
3 6997 7061 7060
3 6997 6998 7061
3 6998 7062 7061
3 6998 6999 7062
3 6999 7063 7062
3 6999 7000 7063
3 7000 7064 7063
3 7000 7001 7064
3 7001 7065 7064
3 7001 7002 7065
3 7002 7066 7065
3 7002 7003 7066
3 7003 7067 7066
3 7003 7004 7067
3 7004 7068 7067
3 7004 7005 7068
3 7005 7069 7068
3 7005 7006 7069
3 7006 7070 7069
3 7006 7007 7070
3 7007 7071 7070
3 7007 7008 7071
3 7008 7072 7071
3 7008 7009 7072
3 7009 7073 7072
3 7009 7010 7073
3 7010 7074 7073
3 7010 7011 7074
3 7011 7075 7074
3 7011 7012 7075
3 7012 7076 7075
3 7012 7013 7076
3 7013 7077 7076
3 7013 7014 7077
3 7014 7078 7077
3 7014 7015 7078
3 7015 7079 7078
3 7015 7016 7079
3 7016 7080 7079
3 7016 7017 7080
3 7017 7081 7080
3 7017 7018 7081
3 7018 7082 7081
3 7018 7019 7082
3 7019 7083 7082
3 7019 7020 7083
3 7020 7084 7083
3 7020 7021 7084
3 7021 7085 7084
3 7021 7022 7085
3 7022 7086 7085
3 7022 7023 7086
3 7023 7087 7086
3 7023 7024 7087
3 7024 7088 7087
3 7024 7025 7088
3 7025 7089 7088
3 7025 7026 7089
3 7026 7090 7089
3 7026 7027 7090
3 7027 7091 7090
3 7027 7028 7091
3 7028 7092 7091
3 7028 7029 7092
3 7029 7093 7092
3 7029 7030 7093
3 7030 7094 7093
3 7030 7031 7094
3 7031 7095 7094
3 7031 7032 7095
3 7032 7096 7095
3 7032 7033 7096
3 7033 7097 7096
3 7033 7034 7097
3 7034 7098 7097
3 7034 7035 7098
3 7035 7099 7098
3 7035 7036 7099
3 7036 7100 7099
3 7036 7037 7100
3 7037 7101 7100
3 7037 7038 7101
3 7038 7102 7101
3 7038 7039 7102
3 7039 7103 7102
3 7039 7040 7103
3 7040 7104 7103
3 7040 7041 7104
3 7041 7105 7104
3 7041 6978 7105
3 6978 7042 7105
3 7042 7043 7106
3 7043 7107 7106
3 7043 7044 7107
3 7044 7108 7107
3 7044 7045 7108
3 7045 7109 7108
3 7045 7046 7109
3 7046 7110 7109
3 7046 7047 7110
3 7047 7111 7110
3 7047 7048 7111
3 7048 7112 7111
3 7048 7049 7112
3 7049 7113 7112
3 7049 7050 7113
3 7050 7114 7113
3 7050 7051 7114
3 7051 7115 7114
3 7051 7052 7115
3 7052 7116 7115
3 7052 7053 7116
3 7053 7117 7116
3 7053 7054 7117
3 7054 7118 7117
3 7054 7055 7118
3 7055 7119 7118
3 7055 7056 7119
3 7056 7120 7119
3 7056 7057 7120
3 7057 7121 7120
3 7057 7058 7121
3 7058 7122 7121
3 7058 7059 7122
3 7059 7123 7122
3 7059 7060 7123
3 7060 7124 7123
3 7060 7061 7124
3 7061 7125 7124
3 7061 7062 7125
3 7062 7126 7125
3 7062 7063 7126
3 7063 7127 7126
3 7063 7064 7127
3 7064 7128 7127
3 7064 7065 7128
3 7065 7129 7128
3 7065 7066 7129
3 7066 7130 7129
3 7066 7067 7130
3 7067 7131 7130
3 7067 7068 7131
3 7068 7132 7131
3 7068 7069 7132
3 7069 7133 7132
3 7069 7070 7133
3 7070 7134 7133
3 7070 7071 7134
3 7071 7135 7134
3 7071 7072 7135
3 7072 7136 7135
3 7072 7073 7136
3 7073 7137 7136
3 7073 7074 7137
3 7074 7138 7137
3 7074 7075 7138
3 7075 7139 7138
3 7075 7076 7139
3 7076 7140 7139
3 7076 7077 7140
3 7077 7141 7140
3 7077 7078 7141
3 7078 7142 7141
3 7078 7079 7142
3 7079 7143 7142
3 7079 7080 7143
3 7080 7144 7143
3 7080 7081 7144
3 7081 7145 7144
3 7081 7082 7145
3 7082 7146 7145
3 7082 7083 7146
3 7083 7147 7146
3 7083 7084 7147
3 7084 7148 7147
3 7084 7085 7148
3 7085 7149 7148
3 7085 7086 7149
3 7086 7150 7149
3 7086 7087 7150
3 7087 7151 7150
3 7087 7088 7151
3 7088 7152 7151
3 7088 7089 7152
3 7089 7153 7152
3 7089 7090 7153
3 7090 7154 7153
3 7090 7091 7154
3 7091 7155 7154
3 7091 7092 7155
3 7092 7156 7155
3 7092 7093 7156
3 7093 7157 7156
3 7093 7094 7157
3 7094 7158 7157
3 7094 7095 7158
3 7095 7159 7158
3 7095 7096 7159
3 7096 7160 7159
3 7096 7097 7160
3 7097 7161 7160
3 7097 7098 7161
3 7098 7162 7161
3 7098 7099 7162
3 7099 7163 7162
3 7099 7100 7163
3 7100 7164 7163
3 7100 7101 7164
3 7101 7165 7164
3 7101 7102 7165
3 7102 7166 7165
3 7102 7103 7166
3 7103 7167 7166
3 7103 7104 7167
3 7104 7168 7167
3 7104 7105 7168
3 7105 7169 7168
3 7105 7042 7169
3 7042 7106 7169
3 7106 7107 7170
3 7107 7171 7170
3 7107 7108 7171
3 7108 7172 7171
3 7108 7109 7172
3 7109 7173 7172
3 7109 7110 7173
3 7110 7174 7173
3 7110 7111 7174
3 7111 7175 7174
3 7111 7112 7175
3 7112 7176 7175
3 7112 7113 7176
3 7113 7177 7176
3 7113 7114 7177
3 7114 7178 7177
3 7114 7115 7178
3 7115 7179 7178
3 7115 7116 7179
3 7116 7180 7179
3 7116 7117 7180
3 7117 7181 7180
3 7117 7118 7181
3 7118 7182 7181
3 7118 7119 7182
3 7119 7183 7182
3 7119 7120 7183
3 7120 7184 7183
3 7120 7121 7184
3 7121 7185 7184
3 7121 7122 7185
3 7122 7186 7185
3 7122 7123 7186
3 7123 7187 7186
3 7123 7124 7187
3 7124 7188 7187
3 7124 7125 7188
3 7125 7189 7188
3 7125 7126 7189
3 7126 7190 7189
3 7126 7127 7190
3 7127 7191 7190
3 7127 7128 7191
3 7128 7192 7191
3 7128 7129 7192
3 7129 7193 7192
3 7129 7130 7193
3 7130 7194 7193
3 7130 7131 7194
3 7131 7195 7194
3 7131 7132 7195
3 7132 7196 7195
3 7132 7133 7196
3 7133 7197 7196
3 7133 7134 7197
3 7134 7198 7197
3 7134 7135 7198
3 7135 7199 7198
3 7135 7136 7199
3 7136 7200 7199
3 7136 7137 7200
3 7137 7201 7200
3 7137 7138 7201
3 7138 7202 7201
3 7138 7139 7202
3 7139 7203 7202
3 7139 7140 7203
3 7140 7204 7203
3 7140 7141 7204
3 7141 7205 7204
3 7141 7142 7205
3 7142 7206 7205
3 7142 7143 7206
3 7143 7207 7206
3 7143 7144 7207
3 7144 7208 7207
3 7144 7145 7208
3 7145 7209 7208
3 7145 7146 7209
3 7146 7210 7209
3 7146 7147 7210
3 7147 7211 7210
3 7147 7148 7211
3 7148 7212 7211
3 7148 7149 7212
3 7149 7213 7212
3 7149 7150 7213
3 7150 7214 7213
3 7150 7151 7214
3 7151 7215 7214
3 7151 7152 7215
3 7152 7216 7215
3 7152 7153 7216
3 7153 7217 7216
3 7153 7154 7217
3 7154 7218 7217
3 7154 7155 7218
3 7155 7219 7218
3 7155 7156 7219
3 7156 7220 7219
3 7156 7157 7220
3 7157 7221 7220
3 7157 7158 7221
3 7158 7222 7221
3 7158 7159 7222
3 7159 7223 7222
3 7159 7160 7223
3 7160 7224 7223
3 7160 7161 7224
3 7161 7225 7224
3 7161 7162 7225
3 7162 7226 7225
3 7162 7163 7226
3 7163 7227 7226
3 7163 7164 7227
3 7164 7228 7227
3 7164 7165 7228
3 7165 7229 7228
3 7165 7166 7229
3 7166 7230 7229
3 7166 7167 7230
3 7167 7231 7230
3 7167 7168 7231
3 7168 7232 7231
3 7168 7169 7232
3 7169 7233 7232
3 7169 7106 7233
3 7106 7170 7233
3 7170 7171 7234
3 7171 7235 7234
3 7171 7172 7235
3 7172 7236 7235
3 7172 7173 7236
3 7173 7237 7236
3 7173 7174 7237
3 7174 7238 7237
3 7174 7175 7238
3 7175 7239 7238
3 7175 7176 7239
3 7176 7240 7239
3 7176 7177 7240
3 7177 7241 7240
3 7177 7178 7241
3 7178 7242 7241
3 7178 7179 7242
3 7179 7243 7242
3 7179 7180 7243
3 7180 7244 7243
3 7180 7181 7244
3 7181 7245 7244
3 7181 7182 7245
3 7182 7246 7245
3 7182 7183 7246
3 7183 7247 7246
3 7183 7184 7247
3 7184 7248 7247
3 7184 7185 7248
3 7185 7249 7248
3 7185 7186 7249
3 7186 7250 7249
3 7186 7187 7250
3 7187 7251 7250
3 7187 7188 7251
3 7188 7252 7251
3 7188 7189 7252
3 7189 7253 7252
3 7189 7190 7253
3 7190 7254 7253
3 7190 7191 7254
3 7191 7255 7254
3 7191 7192 7255
3 7192 7256 7255
3 7192 7193 7256
3 7193 7257 7256
3 7193 7194 7257
3 7194 7258 7257
3 7194 7195 7258
3 7195 7259 7258
3 7195 7196 7259
3 7196 7260 7259
3 7196 7197 7260
3 7197 7261 7260
3 7197 7198 7261
3 7198 7262 7261
3 7198 7199 7262
3 7199 7263 7262
3 7199 7200 7263
3 7200 7264 7263
3 7200 7201 7264
3 7201 7265 7264
3 7201 7202 7265
3 7202 7266 7265
3 7202 7203 7266
3 7203 7267 7266
3 7203 7204 7267
3 7204 7268 7267
3 7204 7205 7268
3 7205 7269 7268
3 7205 7206 7269
3 7206 7270 7269
3 7206 7207 7270
3 7207 7271 7270
3 7207 7208 7271
3 7208 7272 7271
3 7208 7209 7272
3 7209 7273 7272
3 7209 7210 7273
3 7210 7274 7273
3 7210 7211 7274
3 7211 7275 7274
3 7211 7212 7275
3 7212 7276 7275
3 7212 7213 7276
3 7213 7277 7276
3 7213 7214 7277
3 7214 7278 7277
3 7214 7215 7278
3 7215 7279 7278
3 7215 7216 7279
3 7216 7280 7279
3 7216 7217 7280
3 7217 7281 7280
3 7217 7218 7281
3 7218 7282 7281
3 7218 7219 7282
3 7219 7283 7282
3 7219 7220 7283
3 7220 7284 7283
3 7220 7221 7284
3 7221 7285 7284
3 7221 7222 7285
3 7222 7286 7285
3 7222 7223 7286
3 7223 7287 7286
3 7223 7224 7287
3 7224 7288 7287
3 7224 7225 7288
3 7225 7289 7288
3 7225 7226 7289
3 7226 7290 7289
3 7226 7227 7290
3 7227 7291 7290
3 7227 7228 7291
3 7228 7292 7291
3 7228 7229 7292
3 7229 7293 7292
3 7229 7230 7293
3 7230 7294 7293
3 7230 7231 7294
3 7231 7295 7294
3 7231 7232 7295
3 7232 7296 7295
3 7232 7233 7296
3 7233 7297 7296
3 7233 7170 7297
3 7170 7234 7297
3 7234 7235 7298
3 7235 7299 7298
3 7235 7236 7299
3 7236 7300 7299
3 7236 7237 7300
3 7237 7301 7300
3 7237 7238 7301
3 7238 7302 7301
3 7238 7239 7302
3 7239 7303 7302
3 7239 7240 7303
3 7240 7304 7303
3 7240 7241 7304
3 7241 7305 7304
3 7241 7242 7305
3 7242 7306 7305
3 7242 7243 7306
3 7243 7307 7306
3 7243 7244 7307
3 7244 7308 7307
3 7244 7245 7308
3 7245 7309 7308
3 7245 7246 7309
3 7246 7310 7309
3 7246 7247 7310
3 7247 7311 7310
3 7247 7248 7311
3 7248 7312 7311
3 7248 7249 7312
3 7249 7313 7312
3 7249 7250 7313
3 7250 7314 7313
3 7250 7251 7314
3 7251 7315 7314
3 7251 7252 7315
3 7252 7316 7315
3 7252 7253 7316
3 7253 7317 7316
3 7253 7254 7317
3 7254 7318 7317
3 7254 7255 7318
3 7255 7319 7318
3 7255 7256 7319
3 7256 7320 7319
3 7256 7257 7320
3 7257 7321 7320
3 7257 7258 7321
3 7258 7322 7321
3 7258 7259 7322
3 7259 7323 7322
3 7259 7260 7323
3 7260 7324 7323
3 7260 7261 7324
3 7261 7325 7324
3 7261 7262 7325
3 7262 7326 7325
3 7262 7263 7326
3 7263 7327 7326
3 7263 7264 7327
3 7264 7328 7327
3 7264 7265 7328
3 7265 7329 7328
3 7265 7266 7329
3 7266 7330 7329
3 7266 7267 7330
3 7267 7331 7330
3 7267 7268 7331
3 7268 7332 7331
3 7268 7269 7332
3 7269 7333 7332
3 7269 7270 7333
3 7270 7334 7333
3 7270 7271 7334
3 7271 7335 7334
3 7271 7272 7335
3 7272 7336 7335
3 7272 7273 7336
3 7273 7337 7336
3 7273 7274 7337
3 7274 7338 7337
3 7274 7275 7338
3 7275 7339 7338
3 7275 7276 7339
3 7276 7340 7339
3 7276 7277 7340
3 7277 7341 7340
3 7277 7278 7341
3 7278 7342 7341
3 7278 7279 7342
3 7279 7343 7342
3 7279 7280 7343
3 7280 7344 7343
3 7280 7281 7344
3 7281 7345 7344
3 7281 7282 7345
3 7282 7346 7345
3 7282 7283 7346
3 7283 7347 7346
3 7283 7284 7347
3 7284 7348 7347
3 7284 7285 7348
3 7285 7349 7348
3 7285 7286 7349
3 7286 7350 7349
3 7286 7287 7350
3 7287 7351 7350
3 7287 7288 7351
3 7288 7352 7351
3 7288 7289 7352
3 7289 7353 7352
3 7289 7290 7353
3 7290 7354 7353
3 7290 7291 7354
3 7291 7355 7354
3 7291 7292 7355
3 7292 7356 7355
3 7292 7293 7356
3 7293 7357 7356
3 7293 7294 7357
3 7294 7358 7357
3 7294 7295 7358
3 7295 7359 7358
3 7295 7296 7359
3 7296 7360 7359
3 7296 7297 7360
3 7297 7361 7360
3 7297 7234 7361
3 7234 7298 7361
3 7298 7299 7362
3 7299 7363 7362
3 7299 7300 7363
3 7300 7364 7363
3 7300 7301 7364
3 7301 7365 7364
3 7301 7302 7365
3 7302 7366 7365
3 7302 7303 7366
3 7303 7367 7366
3 7303 7304 7367
3 7304 7368 7367
3 7304 7305 7368
3 7305 7369 7368
3 7305 7306 7369
3 7306 7370 7369
3 7306 7307 7370
3 7307 7371 7370
3 7307 7308 7371
3 7308 7372 7371
3 7308 7309 7372
3 7309 7373 7372
3 7309 7310 7373
3 7310 7374 7373
3 7310 7311 7374
3 7311 7375 7374
3 7311 7312 7375
3 7312 7376 7375
3 7312 7313 7376
3 7313 7377 7376
3 7313 7314 7377
3 7314 7378 7377
3 7314 7315 7378
3 7315 7379 7378
3 7315 7316 7379
3 7316 7380 7379
3 7316 7317 7380
3 7317 7381 7380
3 7317 7318 7381
3 7318 7382 7381
3 7318 7319 7382
3 7319 7383 7382
3 7319 7320 7383
3 7320 7384 7383
3 7320 7321 7384
3 7321 7385 7384
3 7321 7322 7385
3 7322 7386 7385
3 7322 7323 7386
3 7323 7387 7386
3 7323 7324 7387
3 7324 7388 7387
3 7324 7325 7388
3 7325 7389 7388
3 7325 7326 7389
3 7326 7390 7389
3 7326 7327 7390
3 7327 7391 7390
3 7327 7328 7391
3 7328 7392 7391
3 7328 7329 7392
3 7329 7393 7392
3 7329 7330 7393
3 7330 7394 7393
3 7330 7331 7394
3 7331 7395 7394
3 7331 7332 7395
3 7332 7396 7395
3 7332 7333 7396
3 7333 7397 7396
3 7333 7334 7397
3 7334 7398 7397
3 7334 7335 7398
3 7335 7399 7398
3 7335 7336 7399
3 7336 7400 7399
3 7336 7337 7400
3 7337 7401 7400
3 7337 7338 7401
3 7338 7402 7401
3 7338 7339 7402
3 7339 7403 7402
3 7339 7340 7403
3 7340 7404 7403
3 7340 7341 7404
3 7341 7405 7404
3 7341 7342 7405
3 7342 7406 7405
3 7342 7343 7406
3 7343 7407 7406
3 7343 7344 7407
3 7344 7408 7407
3 7344 7345 7408
3 7345 7409 7408
3 7345 7346 7409
3 7346 7410 7409
3 7346 7347 7410
3 7347 7411 7410
3 7347 7348 7411
3 7348 7412 7411
3 7348 7349 7412
3 7349 7413 7412
3 7349 7350 7413
3 7350 7414 7413
3 7350 7351 7414
3 7351 7415 7414
3 7351 7352 7415
3 7352 7416 7415
3 7352 7353 7416
3 7353 7417 7416
3 7353 7354 7417
3 7354 7418 7417
3 7354 7355 7418
3 7355 7419 7418
3 7355 7356 7419
3 7356 7420 7419
3 7356 7357 7420
3 7357 7421 7420
3 7357 7358 7421
3 7358 7422 7421
3 7358 7359 7422
3 7359 7423 7422
3 7359 7360 7423
3 7360 7424 7423
3 7360 7361 7424
3 7361 7425 7424
3 7361 7298 7425
3 7298 7362 7425
3 7362 7363 7426
3 7363 7427 7426
3 7363 7364 7427
3 7364 7428 7427
3 7364 7365 7428
3 7365 7429 7428
3 7365 7366 7429
3 7366 7430 7429
3 7366 7367 7430
3 7367 7431 7430
3 7367 7368 7431
3 7368 7432 7431
3 7368 7369 7432
3 7369 7433 7432
3 7369 7370 7433
3 7370 7434 7433
3 7370 7371 7434
3 7371 7435 7434
3 7371 7372 7435
3 7372 7436 7435
3 7372 7373 7436
3 7373 7437 7436
3 7373 7374 7437
3 7374 7438 7437
3 7374 7375 7438
3 7375 7439 7438
3 7375 7376 7439
3 7376 7440 7439
3 7376 7377 7440
3 7377 7441 7440
3 7377 7378 7441
3 7378 7442 7441
3 7378 7379 7442
3 7379 7443 7442
3 7379 7380 7443
3 7380 7444 7443
3 7380 7381 7444
3 7381 7445 7444
3 7381 7382 7445
3 7382 7446 7445
3 7382 7383 7446
3 7383 7447 7446
3 7383 7384 7447
3 7384 7448 7447
3 7384 7385 7448
3 7385 7449 7448
3 7385 7386 7449
3 7386 7450 7449
3 7386 7387 7450
3 7387 7451 7450
3 7387 7388 7451
3 7388 7452 7451
3 7388 7389 7452
3 7389 7453 7452
3 7389 7390 7453
3 7390 7454 7453
3 7390 7391 7454
3 7391 7455 7454
3 7391 7392 7455
3 7392 7456 7455
3 7392 7393 7456
3 7393 7457 7456
3 7393 7394 7457
3 7394 7458 7457
3 7394 7395 7458
3 7395 7459 7458
3 7395 7396 7459
3 7396 7460 7459
3 7396 7397 7460
3 7397 7461 7460
3 7397 7398 7461
3 7398 7462 7461
3 7398 7399 7462
3 7399 7463 7462
3 7399 7400 7463
3 7400 7464 7463
3 7400 7401 7464
3 7401 7465 7464
3 7401 7402 7465
3 7402 7466 7465
3 7402 7403 7466
3 7403 7467 7466
3 7403 7404 7467
3 7404 7468 7467
3 7404 7405 7468
3 7405 7469 7468
3 7405 7406 7469
3 7406 7470 7469
3 7406 7407 7470
3 7407 7471 7470
3 7407 7408 7471
3 7408 7472 7471
3 7408 7409 7472
3 7409 7473 7472
3 7409 7410 7473
3 7410 7474 7473
3 7410 7411 7474
3 7411 7475 7474
3 7411 7412 7475
3 7412 7476 7475
3 7412 7413 7476
3 7413 7477 7476
3 7413 7414 7477
3 7414 7478 7477
3 7414 7415 7478
3 7415 7479 7478
3 7415 7416 7479
3 7416 7480 7479
3 7416 7417 7480
3 7417 7481 7480
3 7417 7418 7481
3 7418 7482 7481
3 7418 7419 7482
3 7419 7483 7482
3 7419 7420 7483
3 7420 7484 7483
3 7420 7421 7484
3 7421 7485 7484
3 7421 7422 7485
3 7422 7486 7485
3 7422 7423 7486
3 7423 7487 7486
3 7423 7424 7487
3 7424 7488 7487
3 7424 7425 7488
3 7425 7489 7488
3 7425 7362 7489
3 7362 7426 7489
3 7426 7427 7490
3 7427 7491 7490
3 7427 7428 7491
3 7428 7492 7491
3 7428 7429 7492
3 7429 7493 7492
3 7429 7430 7493
3 7430 7494 7493
3 7430 7431 7494
3 7431 7495 7494
3 7431 7432 7495
3 7432 7496 7495
3 7432 7433 7496
3 7433 7497 7496
3 7433 7434 7497
3 7434 7498 7497
3 7434 7435 7498
3 7435 7499 7498
3 7435 7436 7499
3 7436 7500 7499
3 7436 7437 7500
3 7437 7501 7500
3 7437 7438 7501
3 7438 7502 7501
3 7438 7439 7502
3 7439 7503 7502
3 7439 7440 7503
3 7440 7504 7503
3 7440 7441 7504
3 7441 7505 7504
3 7441 7442 7505
3 7442 7506 7505
3 7442 7443 7506
3 7443 7507 7506
3 7443 7444 7507
3 7444 7508 7507
3 7444 7445 7508
3 7445 7509 7508
3 7445 7446 7509
3 7446 7510 7509
3 7446 7447 7510
3 7447 7511 7510
3 7447 7448 7511
3 7448 7512 7511
3 7448 7449 7512
3 7449 7513 7512
3 7449 7450 7513
3 7450 7514 7513
3 7450 7451 7514
3 7451 7515 7514
3 7451 7452 7515
3 7452 7516 7515
3 7452 7453 7516
3 7453 7517 7516
3 7453 7454 7517
3 7454 7518 7517
3 7454 7455 7518
3 7455 7519 7518
3 7455 7456 7519
3 7456 7520 7519
3 7456 7457 7520
3 7457 7521 7520
3 7457 7458 7521
3 7458 7522 7521
3 7458 7459 7522
3 7459 7523 7522
3 7459 7460 7523
3 7460 7524 7523
3 7460 7461 7524
3 7461 7525 7524
3 7461 7462 7525
3 7462 7526 7525
3 7462 7463 7526
3 7463 7527 7526
3 7463 7464 7527
3 7464 7528 7527
3 7464 7465 7528
3 7465 7529 7528
3 7465 7466 7529
3 7466 7530 7529
3 7466 7467 7530
3 7467 7531 7530
3 7467 7468 7531
3 7468 7532 7531
3 7468 7469 7532
3 7469 7533 7532
3 7469 7470 7533
3 7470 7534 7533
3 7470 7471 7534
3 7471 7535 7534
3 7471 7472 7535
3 7472 7536 7535
3 7472 7473 7536
3 7473 7537 7536
3 7473 7474 7537
3 7474 7538 7537
3 7474 7475 7538
3 7475 7539 7538
3 7475 7476 7539
3 7476 7540 7539
3 7476 7477 7540
3 7477 7541 7540
3 7477 7478 7541
3 7478 7542 7541
3 7478 7479 7542
3 7479 7543 7542
3 7479 7480 7543
3 7480 7544 7543
3 7480 7481 7544
3 7481 7545 7544
3 7481 7482 7545
3 7482 7546 7545
3 7482 7483 7546
3 7483 7547 7546
3 7483 7484 7547
3 7484 7548 7547
3 7484 7485 7548
3 7485 7549 7548
3 7485 7486 7549
3 7486 7550 7549
3 7486 7487 7550
3 7487 7551 7550
3 7487 7488 7551
3 7488 7552 7551
3 7488 7489 7552
3 7489 7553 7552
3 7489 7426 7553
3 7426 7490 7553
3 7490 7491 7554
3 7491 7555 7554
3 7491 7492 7555
3 7492 7556 7555
3 7492 7493 7556
3 7493 7557 7556
3 7493 7494 7557
3 7494 7558 7557
3 7494 7495 7558
3 7495 7559 7558
3 7495 7496 7559
3 7496 7560 7559
3 7496 7497 7560
3 7497 7561 7560
3 7497 7498 7561
3 7498 7562 7561
3 7498 7499 7562
3 7499 7563 7562
3 7499 7500 7563
3 7500 7564 7563
3 7500 7501 7564
3 7501 7565 7564
3 7501 7502 7565
3 7502 7566 7565
3 7502 7503 7566
3 7503 7567 7566
3 7503 7504 7567
3 7504 7568 7567
3 7504 7505 7568
3 7505 7569 7568
3 7505 7506 7569
3 7506 7570 7569
3 7506 7507 7570
3 7507 7571 7570
3 7507 7508 7571
3 7508 7572 7571
3 7508 7509 7572
3 7509 7573 7572
3 7509 7510 7573
3 7510 7574 7573
3 7510 7511 7574
3 7511 7575 7574
3 7511 7512 7575
3 7512 7576 7575
3 7512 7513 7576
3 7513 7577 7576
3 7513 7514 7577
3 7514 7578 7577
3 7514 7515 7578
3 7515 7579 7578
3 7515 7516 7579
3 7516 7580 7579
3 7516 7517 7580
3 7517 7581 7580
3 7517 7518 7581
3 7518 7582 7581
3 7518 7519 7582
3 7519 7583 7582
3 7519 7520 7583
3 7520 7584 7583
3 7520 7521 7584
3 7521 7585 7584
3 7521 7522 7585
3 7522 7586 7585
3 7522 7523 7586
3 7523 7587 7586
3 7523 7524 7587
3 7524 7588 7587
3 7524 7525 7588
3 7525 7589 7588
3 7525 7526 7589
3 7526 7590 7589
3 7526 7527 7590
3 7527 7591 7590
3 7527 7528 7591
3 7528 7592 7591
3 7528 7529 7592
3 7529 7593 7592
3 7529 7530 7593
3 7530 7594 7593
3 7530 7531 7594
3 7531 7595 7594
3 7531 7532 7595
3 7532 7596 7595
3 7532 7533 7596
3 7533 7597 7596
3 7533 7534 7597
3 7534 7598 7597
3 7534 7535 7598
3 7535 7599 7598
3 7535 7536 7599
3 7536 7600 7599
3 7536 7537 7600
3 7537 7601 7600
3 7537 7538 7601
3 7538 7602 7601
3 7538 7539 7602
3 7539 7603 7602
3 7539 7540 7603
3 7540 7604 7603
3 7540 7541 7604
3 7541 7605 7604
3 7541 7542 7605
3 7542 7606 7605
3 7542 7543 7606
3 7543 7607 7606
3 7543 7544 7607
3 7544 7608 7607
3 7544 7545 7608
3 7545 7609 7608
3 7545 7546 7609
3 7546 7610 7609
3 7546 7547 7610
3 7547 7611 7610
3 7547 7548 7611
3 7548 7612 7611
3 7548 7549 7612
3 7549 7613 7612
3 7549 7550 7613
3 7550 7614 7613
3 7550 7551 7614
3 7551 7615 7614
3 7551 7552 7615
3 7552 7616 7615
3 7552 7553 7616
3 7553 7617 7616
3 7553 7490 7617
3 7490 7554 7617
3 7554 7555 7618
3 7555 7619 7618
3 7555 7556 7619
3 7556 7620 7619
3 7556 7557 7620
3 7557 7621 7620
3 7557 7558 7621
3 7558 7622 7621
3 7558 7559 7622
3 7559 7623 7622
3 7559 7560 7623
3 7560 7624 7623
3 7560 7561 7624
3 7561 7625 7624
3 7561 7562 7625
3 7562 7626 7625
3 7562 7563 7626
3 7563 7627 7626
3 7563 7564 7627
3 7564 7628 7627
3 7564 7565 7628
3 7565 7629 7628
3 7565 7566 7629
3 7566 7630 7629
3 7566 7567 7630
3 7567 7631 7630
3 7567 7568 7631
3 7568 7632 7631
3 7568 7569 7632
3 7569 7633 7632
3 7569 7570 7633
3 7570 7634 7633
3 7570 7571 7634
3 7571 7635 7634
3 7571 7572 7635
3 7572 7636 7635
3 7572 7573 7636
3 7573 7637 7636
3 7573 7574 7637
3 7574 7638 7637
3 7574 7575 7638
3 7575 7639 7638
3 7575 7576 7639
3 7576 7640 7639
3 7576 7577 7640
3 7577 7641 7640
3 7577 7578 7641
3 7578 7642 7641
3 7578 7579 7642
3 7579 7643 7642
3 7579 7580 7643
3 7580 7644 7643
3 7580 7581 7644
3 7581 7645 7644
3 7581 7582 7645
3 7582 7646 7645
3 7582 7583 7646
3 7583 7647 7646
3 7583 7584 7647
3 7584 7648 7647
3 7584 7585 7648
3 7585 7649 7648
3 7585 7586 7649
3 7586 7650 7649
3 7586 7587 7650
3 7587 7651 7650
3 7587 7588 7651
3 7588 7652 7651
3 7588 7589 7652
3 7589 7653 7652
3 7589 7590 7653
3 7590 7654 7653
3 7590 7591 7654
3 7591 7655 7654
3 7591 7592 7655
3 7592 7656 7655
3 7592 7593 7656
3 7593 7657 7656
3 7593 7594 7657
3 7594 7658 7657
3 7594 7595 7658
3 7595 7659 7658
3 7595 7596 7659
3 7596 7660 7659
3 7596 7597 7660
3 7597 7661 7660
3 7597 7598 7661
3 7598 7662 7661
3 7598 7599 7662
3 7599 7663 7662
3 7599 7600 7663
3 7600 7664 7663
3 7600 7601 7664
3 7601 7665 7664
3 7601 7602 7665
3 7602 7666 7665
3 7602 7603 7666
3 7603 7667 7666
3 7603 7604 7667
3 7604 7668 7667
3 7604 7605 7668
3 7605 7669 7668
3 7605 7606 7669
3 7606 7670 7669
3 7606 7607 7670
3 7607 7671 7670
3 7607 7608 7671
3 7608 7672 7671
3 7608 7609 7672
3 7609 7673 7672
3 7609 7610 7673
3 7610 7674 7673
3 7610 7611 7674
3 7611 7675 7674
3 7611 7612 7675
3 7612 7676 7675
3 7612 7613 7676
3 7613 7677 7676
3 7613 7614 7677
3 7614 7678 7677
3 7614 7615 7678
3 7615 7679 7678
3 7615 7616 7679
3 7616 7680 7679
3 7616 7617 7680
3 7617 7681 7680
3 7617 7554 7681
3 7554 7618 7681
3 7618 7619 7682
3 7619 7683 7682
3 7619 7620 7683
3 7620 7684 7683
3 7620 7621 7684
3 7621 7685 7684
3 7621 7622 7685
3 7622 7686 7685
3 7622 7623 7686
3 7623 7687 7686
3 7623 7624 7687
3 7624 7688 7687
3 7624 7625 7688
3 7625 7689 7688
3 7625 7626 7689
3 7626 7690 7689
3 7626 7627 7690
3 7627 7691 7690
3 7627 7628 7691
3 7628 7692 7691
3 7628 7629 7692
3 7629 7693 7692
3 7629 7630 7693
3 7630 7694 7693
3 7630 7631 7694
3 7631 7695 7694
3 7631 7632 7695
3 7632 7696 7695
3 7632 7633 7696
3 7633 7697 7696
3 7633 7634 7697
3 7634 7698 7697
3 7634 7635 7698
3 7635 7699 7698
3 7635 7636 7699
3 7636 7700 7699
3 7636 7637 7700
3 7637 7701 7700
3 7637 7638 7701
3 7638 7702 7701
3 7638 7639 7702
3 7639 7703 7702
3 7639 7640 7703
3 7640 7704 7703
3 7640 7641 7704
3 7641 7705 7704
3 7641 7642 7705
3 7642 7706 7705
3 7642 7643 7706
3 7643 7707 7706
3 7643 7644 7707
3 7644 7708 7707
3 7644 7645 7708
3 7645 7709 7708
3 7645 7646 7709
3 7646 7710 7709
3 7646 7647 7710
3 7647 7711 7710
3 7647 7648 7711
3 7648 7712 7711
3 7648 7649 7712
3 7649 7713 7712
3 7649 7650 7713
3 7650 7714 7713
3 7650 7651 7714
3 7651 7715 7714
3 7651 7652 7715
3 7652 7716 7715
3 7652 7653 7716
3 7653 7717 7716
3 7653 7654 7717
3 7654 7718 7717
3 7654 7655 7718
3 7655 7719 7718
3 7655 7656 7719
3 7656 7720 7719
3 7656 7657 7720
3 7657 7721 7720
3 7657 7658 7721
3 7658 7722 7721
3 7658 7659 7722
3 7659 7723 7722
3 7659 7660 7723
3 7660 7724 7723
3 7660 7661 7724
3 7661 7725 7724
3 7661 7662 7725
3 7662 7726 7725
3 7662 7663 7726
3 7663 7727 7726
3 7663 7664 7727
3 7664 7728 7727
3 7664 7665 7728
3 7665 7729 7728
3 7665 7666 7729
3 7666 7730 7729
3 7666 7667 7730
3 7667 7731 7730
3 7667 7668 7731
3 7668 7732 7731
3 7668 7669 7732
3 7669 7733 7732
3 7669 7670 7733
3 7670 7734 7733
3 7670 7671 7734
3 7671 7735 7734
3 7671 7672 7735
3 7672 7736 7735
3 7672 7673 7736
3 7673 7737 7736
3 7673 7674 7737
3 7674 7738 7737
3 7674 7675 7738
3 7675 7739 7738
3 7675 7676 7739
3 7676 7740 7739
3 7676 7677 7740
3 7677 7741 7740
3 7677 7678 7741
3 7678 7742 7741
3 7678 7679 7742
3 7679 7743 7742
3 7679 7680 7743
3 7680 7744 7743
3 7680 7681 7744
3 7681 7745 7744
3 7681 7618 7745
3 7618 7682 7745
3 7682 7683 7746
3 7683 7747 7746
3 7683 7684 7747
3 7684 7748 7747
3 7684 7685 7748
3 7685 7749 7748
3 7685 7686 7749
3 7686 7750 7749
3 7686 7687 7750
3 7687 7751 7750
3 7687 7688 7751
3 7688 7752 7751
3 7688 7689 7752
3 7689 7753 7752
3 7689 7690 7753
3 7690 7754 7753
3 7690 7691 7754
3 7691 7755 7754
3 7691 7692 7755
3 7692 7756 7755
3 7692 7693 7756
3 7693 7757 7756
3 7693 7694 7757
3 7694 7758 7757
3 7694 7695 7758
3 7695 7759 7758
3 7695 7696 7759
3 7696 7760 7759
3 7696 7697 7760
3 7697 7761 7760
3 7697 7698 7761
3 7698 7762 7761
3 7698 7699 7762
3 7699 7763 7762
3 7699 7700 7763
3 7700 7764 7763
3 7700 7701 7764
3 7701 7765 7764
3 7701 7702 7765
3 7702 7766 7765
3 7702 7703 7766
3 7703 7767 7766
3 7703 7704 7767
3 7704 7768 7767
3 7704 7705 7768
3 7705 7769 7768
3 7705 7706 7769
3 7706 7770 7769
3 7706 7707 7770
3 7707 7771 7770
3 7707 7708 7771
3 7708 7772 7771
3 7708 7709 7772
3 7709 7773 7772
3 7709 7710 7773
3 7710 7774 7773
3 7710 7711 7774
3 7711 7775 7774
3 7711 7712 7775
3 7712 7776 7775
3 7712 7713 7776
3 7713 7777 7776
3 7713 7714 7777
3 7714 7778 7777
3 7714 7715 7778
3 7715 7779 7778
3 7715 7716 7779
3 7716 7780 7779
3 7716 7717 7780
3 7717 7781 7780
3 7717 7718 7781
3 7718 7782 7781
3 7718 7719 7782
3 7719 7783 7782
3 7719 7720 7783
3 7720 7784 7783
3 7720 7721 7784
3 7721 7785 7784
3 7721 7722 7785
3 7722 7786 7785
3 7722 7723 7786
3 7723 7787 7786
3 7723 7724 7787
3 7724 7788 7787
3 7724 7725 7788
3 7725 7789 7788
3 7725 7726 7789
3 7726 7790 7789
3 7726 7727 7790
3 7727 7791 7790
3 7727 7728 7791
3 7728 7792 7791
3 7728 7729 7792
3 7729 7793 7792
3 7729 7730 7793
3 7730 7794 7793
3 7730 7731 7794
3 7731 7795 7794
3 7731 7732 7795
3 7732 7796 7795
3 7732 7733 7796
3 7733 7797 7796
3 7733 7734 7797
3 7734 7798 7797
3 7734 7735 7798
3 7735 7799 7798
3 7735 7736 7799
3 7736 7800 7799
3 7736 7737 7800
3 7737 7801 7800
3 7737 7738 7801
3 7738 7802 7801
3 7738 7739 7802
3 7739 7803 7802
3 7739 7740 7803
3 7740 7804 7803
3 7740 7741 7804
3 7741 7805 7804
3 7741 7742 7805
3 7742 7806 7805
3 7742 7743 7806
3 7743 7807 7806
3 7743 7744 7807
3 7744 7808 7807
3 7744 7745 7808
3 7745 7809 7808
3 7745 7682 7809
3 7682 7746 7809
3 7746 7747 7810
3 7747 7811 7810
3 7747 7748 7811
3 7748 7812 7811
3 7748 7749 7812
3 7749 7813 7812
3 7749 7750 7813
3 7750 7814 7813
3 7750 7751 7814
3 7751 7815 7814
3 7751 7752 7815
3 7752 7816 7815
3 7752 7753 7816
3 7753 7817 7816
3 7753 7754 7817
3 7754 7818 7817
3 7754 7755 7818
3 7755 7819 7818
3 7755 7756 7819
3 7756 7820 7819
3 7756 7757 7820
3 7757 7821 7820
3 7757 7758 7821
3 7758 7822 7821
3 7758 7759 7822
3 7759 7823 7822
3 7759 7760 7823
3 7760 7824 7823
3 7760 7761 7824
3 7761 7825 7824
3 7761 7762 7825
3 7762 7826 7825
3 7762 7763 7826
3 7763 7827 7826
3 7763 7764 7827
3 7764 7828 7827
3 7764 7765 7828
3 7765 7829 7828
3 7765 7766 7829
3 7766 7830 7829
3 7766 7767 7830
3 7767 7831 7830
3 7767 7768 7831
3 7768 7832 7831
3 7768 7769 7832
3 7769 7833 7832
3 7769 7770 7833
3 7770 7834 7833
3 7770 7771 7834
3 7771 7835 7834
3 7771 7772 7835
3 7772 7836 7835
3 7772 7773 7836
3 7773 7837 7836
3 7773 7774 7837
3 7774 7838 7837
3 7774 7775 7838
3 7775 7839 7838
3 7775 7776 7839
3 7776 7840 7839
3 7776 7777 7840
3 7777 7841 7840
3 7777 7778 7841
3 7778 7842 7841
3 7778 7779 7842
3 7779 7843 7842
3 7779 7780 7843
3 7780 7844 7843
3 7780 7781 7844
3 7781 7845 7844
3 7781 7782 7845
3 7782 7846 7845
3 7782 7783 7846
3 7783 7847 7846
3 7783 7784 7847
3 7784 7848 7847
3 7784 7785 7848
3 7785 7849 7848
3 7785 7786 7849
3 7786 7850 7849
3 7786 7787 7850
3 7787 7851 7850
3 7787 7788 7851
3 7788 7852 7851
3 7788 7789 7852
3 7789 7853 7852
3 7789 7790 7853
3 7790 7854 7853
3 7790 7791 7854
3 7791 7855 7854
3 7791 7792 7855
3 7792 7856 7855
3 7792 7793 7856
3 7793 7857 7856
3 7793 7794 7857
3 7794 7858 7857
3 7794 7795 7858
3 7795 7859 7858
3 7795 7796 7859
3 7796 7860 7859
3 7796 7797 7860
3 7797 7861 7860
3 7797 7798 7861
3 7798 7862 7861
3 7798 7799 7862
3 7799 7863 7862
3 7799 7800 7863
3 7800 7864 7863
3 7800 7801 7864
3 7801 7865 7864
3 7801 7802 7865
3 7802 7866 7865
3 7802 7803 7866
3 7803 7867 7866
3 7803 7804 7867
3 7804 7868 7867
3 7804 7805 7868
3 7805 7869 7868
3 7805 7806 7869
3 7806 7870 7869
3 7806 7807 7870
3 7807 7871 7870
3 7807 7808 7871
3 7808 7872 7871
3 7808 7809 7872
3 7809 7873 7872
3 7809 7746 7873
3 7746 7810 7873
3 7810 7811 7874
3 7811 7875 7874
3 7811 7812 7875
3 7812 7876 7875
3 7812 7813 7876
3 7813 7877 7876
3 7813 7814 7877
3 7814 7878 7877
3 7814 7815 7878
3 7815 7879 7878
3 7815 7816 7879
3 7816 7880 7879
3 7816 7817 7880
3 7817 7881 7880
3 7817 7818 7881
3 7818 7882 7881
3 7818 7819 7882
3 7819 7883 7882
3 7819 7820 7883
3 7820 7884 7883
3 7820 7821 7884
3 7821 7885 7884
3 7821 7822 7885
3 7822 7886 7885
3 7822 7823 7886
3 7823 7887 7886
3 7823 7824 7887
3 7824 7888 7887
3 7824 7825 7888
3 7825 7889 7888
3 7825 7826 7889
3 7826 7890 7889
3 7826 7827 7890
3 7827 7891 7890
3 7827 7828 7891
3 7828 7892 7891
3 7828 7829 7892
3 7829 7893 7892
3 7829 7830 7893
3 7830 7894 7893
3 7830 7831 7894
3 7831 7895 7894
3 7831 7832 7895
3 7832 7896 7895
3 7832 7833 7896
3 7833 7897 7896
3 7833 7834 7897
3 7834 7898 7897
3 7834 7835 7898
3 7835 7899 7898
3 7835 7836 7899
3 7836 7900 7899
3 7836 7837 7900
3 7837 7901 7900
3 7837 7838 7901
3 7838 7902 7901
3 7838 7839 7902
3 7839 7903 7902
3 7839 7840 7903
3 7840 7904 7903
3 7840 7841 7904
3 7841 7905 7904
3 7841 7842 7905
3 7842 7906 7905
3 7842 7843 7906
3 7843 7907 7906
3 7843 7844 7907
3 7844 7908 7907
3 7844 7845 7908
3 7845 7909 7908
3 7845 7846 7909
3 7846 7910 7909
3 7846 7847 7910
3 7847 7911 7910
3 7847 7848 7911
3 7848 7912 7911
3 7848 7849 7912
3 7849 7913 7912
3 7849 7850 7913
3 7850 7914 7913
3 7850 7851 7914
3 7851 7915 7914
3 7851 7852 7915
3 7852 7916 7915
3 7852 7853 7916
3 7853 7917 7916
3 7853 7854 7917
3 7854 7918 7917
3 7854 7855 7918
3 7855 7919 7918
3 7855 7856 7919
3 7856 7920 7919
3 7856 7857 7920
3 7857 7921 7920
3 7857 7858 7921
3 7858 7922 7921
3 7858 7859 7922
3 7859 7923 7922
3 7859 7860 7923
3 7860 7924 7923
3 7860 7861 7924
3 7861 7925 7924
3 7861 7862 7925
3 7862 7926 7925
3 7862 7863 7926
3 7863 7927 7926
3 7863 7864 7927
3 7864 7928 7927
3 7864 7865 7928
3 7865 7929 7928
3 7865 7866 7929
3 7866 7930 7929
3 7866 7867 7930
3 7867 7931 7930
3 7867 7868 7931
3 7868 7932 7931
3 7868 7869 7932
3 7869 7933 7932
3 7869 7870 7933
3 7870 7934 7933
3 7870 7871 7934
3 7871 7935 7934
3 7871 7872 7935
3 7872 7936 7935
3 7872 7873 7936
3 7873 7937 7936
3 7873 7810 7937
3 7810 7874 7937
3 7874 7875 7938
3 7875 7939 7938
3 7875 7876 7939
3 7876 7940 7939
3 7876 7877 7940
3 7877 7941 7940
3 7877 7878 7941
3 7878 7942 7941
3 7878 7879 7942
3 7879 7943 7942
3 7879 7880 7943
3 7880 7944 7943
3 7880 7881 7944
3 7881 7945 7944
3 7881 7882 7945
3 7882 7946 7945
3 7882 7883 7946
3 7883 7947 7946
3 7883 7884 7947
3 7884 7948 7947
3 7884 7885 7948
3 7885 7949 7948
3 7885 7886 7949
3 7886 7950 7949
3 7886 7887 7950
3 7887 7951 7950
3 7887 7888 7951
3 7888 7952 7951
3 7888 7889 7952
3 7889 7953 7952
3 7889 7890 7953
3 7890 7954 7953
3 7890 7891 7954
3 7891 7955 7954
3 7891 7892 7955
3 7892 7956 7955
3 7892 7893 7956
3 7893 7957 7956
3 7893 7894 7957
3 7894 7958 7957
3 7894 7895 7958
3 7895 7959 7958
3 7895 7896 7959
3 7896 7960 7959
3 7896 7897 7960
3 7897 7961 7960
3 7897 7898 7961
3 7898 7962 7961
3 7898 7899 7962
3 7899 7963 7962
3 7899 7900 7963
3 7900 7964 7963
3 7900 7901 7964
3 7901 7965 7964
3 7901 7902 7965
3 7902 7966 7965
3 7902 7903 7966
3 7903 7967 7966
3 7903 7904 7967
3 7904 7968 7967
3 7904 7905 7968
3 7905 7969 7968
3 7905 7906 7969
3 7906 7970 7969
3 7906 7907 7970
3 7907 7971 7970
3 7907 7908 7971
3 7908 7972 7971
3 7908 7909 7972
3 7909 7973 7972
3 7909 7910 7973
3 7910 7974 7973
3 7910 7911 7974
3 7911 7975 7974
3 7911 7912 7975
3 7912 7976 7975
3 7912 7913 7976
3 7913 7977 7976
3 7913 7914 7977
3 7914 7978 7977
3 7914 7915 7978
3 7915 7979 7978
3 7915 7916 7979
3 7916 7980 7979
3 7916 7917 7980
3 7917 7981 7980
3 7917 7918 7981
3 7918 7982 7981
3 7918 7919 7982
3 7919 7983 7982
3 7919 7920 7983
3 7920 7984 7983
3 7920 7921 7984
3 7921 7985 7984
3 7921 7922 7985
3 7922 7986 7985
3 7922 7923 7986
3 7923 7987 7986
3 7923 7924 7987
3 7924 7988 7987
3 7924 7925 7988
3 7925 7989 7988
3 7925 7926 7989
3 7926 7990 7989
3 7926 7927 7990
3 7927 7991 7990
3 7927 7928 7991
3 7928 7992 7991
3 7928 7929 7992
3 7929 7993 7992
3 7929 7930 7993
3 7930 7994 7993
3 7930 7931 7994
3 7931 7995 7994
3 7931 7932 7995
3 7932 7996 7995
3 7932 7933 7996
3 7933 7997 7996
3 7933 7934 7997
3 7934 7998 7997
3 7934 7935 7998
3 7935 7999 7998
3 7935 7936 7999
3 7936 8000 7999
3 7936 7937 8000
3 7937 8001 8000
3 7937 7874 8001
3 7874 7938 8001
3 7938 7939 8002
3 7939 8003 8002
3 7939 7940 8003
3 7940 8004 8003
3 7940 7941 8004
3 7941 8005 8004
3 7941 7942 8005
3 7942 8006 8005
3 7942 7943 8006
3 7943 8007 8006
3 7943 7944 8007
3 7944 8008 8007
3 7944 7945 8008
3 7945 8009 8008
3 7945 7946 8009
3 7946 8010 8009
3 7946 7947 8010
3 7947 8011 8010
3 7947 7948 8011
3 7948 8012 8011
3 7948 7949 8012
3 7949 8013 8012
3 7949 7950 8013
3 7950 8014 8013
3 7950 7951 8014
3 7951 8015 8014
3 7951 7952 8015
3 7952 8016 8015
3 7952 7953 8016
3 7953 8017 8016
3 7953 7954 8017
3 7954 8018 8017
3 7954 7955 8018
3 7955 8019 8018
3 7955 7956 8019
3 7956 8020 8019
3 7956 7957 8020
3 7957 8021 8020
3 7957 7958 8021
3 7958 8022 8021
3 7958 7959 8022
3 7959 8023 8022
3 7959 7960 8023
3 7960 8024 8023
3 7960 7961 8024
3 7961 8025 8024
3 7961 7962 8025
3 7962 8026 8025
3 7962 7963 8026
3 7963 8027 8026
3 7963 7964 8027
3 7964 8028 8027
3 7964 7965 8028
3 7965 8029 8028
3 7965 7966 8029
3 7966 8030 8029
3 7966 7967 8030
3 7967 8031 8030
3 7967 7968 8031
3 7968 8032 8031
3 7968 7969 8032
3 7969 8033 8032
3 7969 7970 8033
3 7970 8034 8033
3 7970 7971 8034
3 7971 8035 8034
3 7971 7972 8035
3 7972 8036 8035
3 7972 7973 8036
3 7973 8037 8036
3 7973 7974 8037
3 7974 8038 8037
3 7974 7975 8038
3 7975 8039 8038
3 7975 7976 8039
3 7976 8040 8039
3 7976 7977 8040
3 7977 8041 8040
3 7977 7978 8041
3 7978 8042 8041
3 7978 7979 8042
3 7979 8043 8042
3 7979 7980 8043
3 7980 8044 8043
3 7980 7981 8044
3 7981 8045 8044
3 7981 7982 8045
3 7982 8046 8045
3 7982 7983 8046
3 7983 8047 8046
3 7983 7984 8047
3 7984 8048 8047
3 7984 7985 8048
3 7985 8049 8048
3 7985 7986 8049
3 7986 8050 8049
3 7986 7987 8050
3 7987 8051 8050
3 7987 7988 8051
3 7988 8052 8051
3 7988 7989 8052
3 7989 8053 8052
3 7989 7990 8053
3 7990 8054 8053
3 7990 7991 8054
3 7991 8055 8054
3 7991 7992 8055
3 7992 8056 8055
3 7992 7993 8056
3 7993 8057 8056
3 7993 7994 8057
3 7994 8058 8057
3 7994 7995 8058
3 7995 8059 8058
3 7995 7996 8059
3 7996 8060 8059
3 7996 7997 8060
3 7997 8061 8060
3 7997 7998 8061
3 7998 8062 8061
3 7998 7999 8062
3 7999 8063 8062
3 7999 8000 8063
3 8000 8064 8063
3 8000 8001 8064
3 8001 8065 8064
3 8001 7938 8065
3 7938 8002 8065
3 8002 8003 8066
3 8003 8067 8066
3 8003 8004 8067
3 8004 8068 8067
3 8004 8005 8068
3 8005 8069 8068
3 8005 8006 8069
3 8006 8070 8069
3 8006 8007 8070
3 8007 8071 8070
3 8007 8008 8071
3 8008 8072 8071
3 8008 8009 8072
3 8009 8073 8072
3 8009 8010 8073
3 8010 8074 8073
3 8010 8011 8074
3 8011 8075 8074
3 8011 8012 8075
3 8012 8076 8075
3 8012 8013 8076
3 8013 8077 8076
3 8013 8014 8077
3 8014 8078 8077
3 8014 8015 8078
3 8015 8079 8078
3 8015 8016 8079
3 8016 8080 8079
3 8016 8017 8080
3 8017 8081 8080
3 8017 8018 8081
3 8018 8082 8081
3 8018 8019 8082
3 8019 8083 8082
3 8019 8020 8083
3 8020 8084 8083
3 8020 8021 8084
3 8021 8085 8084
3 8021 8022 8085
3 8022 8086 8085
3 8022 8023 8086
3 8023 8087 8086
3 8023 8024 8087
3 8024 8088 8087
3 8024 8025 8088
3 8025 8089 8088
3 8025 8026 8089
3 8026 8090 8089
3 8026 8027 8090
3 8027 8091 8090
3 8027 8028 8091
3 8028 8092 8091
3 8028 8029 8092
3 8029 8093 8092
3 8029 8030 8093
3 8030 8094 8093
3 8030 8031 8094
3 8031 8095 8094
3 8031 8032 8095
3 8032 8096 8095
3 8032 8033 8096
3 8033 8097 8096
3 8033 8034 8097
3 8034 8098 8097
3 8034 8035 8098
3 8035 8099 8098
3 8035 8036 8099
3 8036 8100 8099
3 8036 8037 8100
3 8037 8101 8100
3 8037 8038 8101
3 8038 8102 8101
3 8038 8039 8102
3 8039 8103 8102
3 8039 8040 8103
3 8040 8104 8103
3 8040 8041 8104
3 8041 8105 8104
3 8041 8042 8105
3 8042 8106 8105
3 8042 8043 8106
3 8043 8107 8106
3 8043 8044 8107
3 8044 8108 8107
3 8044 8045 8108
3 8045 8109 8108
3 8045 8046 8109
3 8046 8110 8109
3 8046 8047 8110
3 8047 8111 8110
3 8047 8048 8111
3 8048 8112 8111
3 8048 8049 8112
3 8049 8113 8112
3 8049 8050 8113
3 8050 8114 8113
3 8050 8051 8114
3 8051 8115 8114
3 8051 8052 8115
3 8052 8116 8115
3 8052 8053 8116
3 8053 8117 8116
3 8053 8054 8117
3 8054 8118 8117
3 8054 8055 8118
3 8055 8119 8118
3 8055 8056 8119
3 8056 8120 8119
3 8056 8057 8120
3 8057 8121 8120
3 8057 8058 8121
3 8058 8122 8121
3 8058 8059 8122
3 8059 8123 8122
3 8059 8060 8123
3 8060 8124 8123
3 8060 8061 8124
3 8061 8125 8124
3 8061 8062 8125
3 8062 8126 8125
3 8062 8063 8126
3 8063 8127 8126
3 8063 8064 8127
3 8064 8128 8127
3 8064 8065 8128
3 8065 8129 8128
3 8065 8002 8129
3 8002 8066 8129
3 8066 8067 8130
3 8067 8131 8130
3 8067 8068 8131
3 8068 8132 8131
3 8068 8069 8132
3 8069 8133 8132
3 8069 8070 8133
3 8070 8134 8133
3 8070 8071 8134
3 8071 8135 8134
3 8071 8072 8135
3 8072 8136 8135
3 8072 8073 8136
3 8073 8137 8136
3 8073 8074 8137
3 8074 8138 8137
3 8074 8075 8138
3 8075 8139 8138
3 8075 8076 8139
3 8076 8140 8139
3 8076 8077 8140
3 8077 8141 8140
3 8077 8078 8141
3 8078 8142 8141
3 8078 8079 8142
3 8079 8143 8142
3 8079 8080 8143
3 8080 8144 8143
3 8080 8081 8144
3 8081 8145 8144
3 8081 8082 8145
3 8082 8146 8145
3 8082 8083 8146
3 8083 8147 8146
3 8083 8084 8147
3 8084 8148 8147
3 8084 8085 8148
3 8085 8149 8148
3 8085 8086 8149
3 8086 8150 8149
3 8086 8087 8150
3 8087 8151 8150
3 8087 8088 8151
3 8088 8152 8151
3 8088 8089 8152
3 8089 8153 8152
3 8089 8090 8153
3 8090 8154 8153
3 8090 8091 8154
3 8091 8155 8154
3 8091 8092 8155
3 8092 8156 8155
3 8092 8093 8156
3 8093 8157 8156
3 8093 8094 8157
3 8094 8158 8157
3 8094 8095 8158
3 8095 8159 8158
3 8095 8096 8159
3 8096 8160 8159
3 8096 8097 8160
3 8097 8161 8160
3 8097 8098 8161
3 8098 8162 8161
3 8098 8099 8162
3 8099 8163 8162
3 8099 8100 8163
3 8100 8164 8163
3 8100 8101 8164
3 8101 8165 8164
3 8101 8102 8165
3 8102 8166 8165
3 8102 8103 8166
3 8103 8167 8166
3 8103 8104 8167
3 8104 8168 8167
3 8104 8105 8168
3 8105 8169 8168
3 8105 8106 8169
3 8106 8170 8169
3 8106 8107 8170
3 8107 8171 8170
3 8107 8108 8171
3 8108 8172 8171
3 8108 8109 8172
3 8109 8173 8172
3 8109 8110 8173
3 8110 8174 8173
3 8110 8111 8174
3 8111 8175 8174
3 8111 8112 8175
3 8112 8176 8175
3 8112 8113 8176
3 8113 8177 8176
3 8113 8114 8177
3 8114 8178 8177
3 8114 8115 8178
3 8115 8179 8178
3 8115 8116 8179
3 8116 8180 8179
3 8116 8117 8180
3 8117 8181 8180
3 8117 8118 8181
3 8118 8182 8181
3 8118 8119 8182
3 8119 8183 8182
3 8119 8120 8183
3 8120 8184 8183
3 8120 8121 8184
3 8121 8185 8184
3 8121 8122 8185
3 8122 8186 8185
3 8122 8123 8186
3 8123 8187 8186
3 8123 8124 8187
3 8124 8188 8187
3 8124 8125 8188
3 8125 8189 8188
3 8125 8126 8189
3 8126 8190 8189
3 8126 8127 8190
3 8127 8191 8190
3 8127 8128 8191
3 8128 8192 8191
3 8128 8129 8192
3 8129 8193 8192
3 8129 8066 8193
3 8066 8130 8193
3 8130 8131 8194
3 8131 8195 8194
3 8131 8132 8195
3 8132 8196 8195
3 8132 8133 8196
3 8133 8197 8196
3 8133 8134 8197
3 8134 8198 8197
3 8134 8135 8198
3 8135 8199 8198
3 8135 8136 8199
3 8136 8200 8199
3 8136 8137 8200
3 8137 8201 8200
3 8137 8138 8201
3 8138 8202 8201
3 8138 8139 8202
3 8139 8203 8202
3 8139 8140 8203
3 8140 8204 8203
3 8140 8141 8204
3 8141 8205 8204
3 8141 8142 8205
3 8142 8206 8205
3 8142 8143 8206
3 8143 8207 8206
3 8143 8144 8207
3 8144 8208 8207
3 8144 8145 8208
3 8145 8209 8208
3 8145 8146 8209
3 8146 8210 8209
3 8146 8147 8210
3 8147 8211 8210
3 8147 8148 8211
3 8148 8212 8211
3 8148 8149 8212
3 8149 8213 8212
3 8149 8150 8213
3 8150 8214 8213
3 8150 8151 8214
3 8151 8215 8214
3 8151 8152 8215
3 8152 8216 8215
3 8152 8153 8216
3 8153 8217 8216
3 8153 8154 8217
3 8154 8218 8217
3 8154 8155 8218
3 8155 8219 8218
3 8155 8156 8219
3 8156 8220 8219
3 8156 8157 8220
3 8157 8221 8220
3 8157 8158 8221
3 8158 8222 8221
3 8158 8159 8222
3 8159 8223 8222
3 8159 8160 8223
3 8160 8224 8223
3 8160 8161 8224
3 8161 8225 8224
3 8161 8162 8225
3 8162 8226 8225
3 8162 8163 8226
3 8163 8227 8226
3 8163 8164 8227
3 8164 8228 8227
3 8164 8165 8228
3 8165 8229 8228
3 8165 8166 8229
3 8166 8230 8229
3 8166 8167 8230
3 8167 8231 8230
3 8167 8168 8231
3 8168 8232 8231
3 8168 8169 8232
3 8169 8233 8232
3 8169 8170 8233
3 8170 8234 8233
3 8170 8171 8234
3 8171 8235 8234
3 8171 8172 8235
3 8172 8236 8235
3 8172 8173 8236
3 8173 8237 8236
3 8173 8174 8237
3 8174 8238 8237
3 8174 8175 8238
3 8175 8239 8238
3 8175 8176 8239
3 8176 8240 8239
3 8176 8177 8240
3 8177 8241 8240
3 8177 8178 8241
3 8178 8242 8241
3 8178 8179 8242
3 8179 8243 8242
3 8179 8180 8243
3 8180 8244 8243
3 8180 8181 8244
3 8181 8245 8244
3 8181 8182 8245
3 8182 8246 8245
3 8182 8183 8246
3 8183 8247 8246
3 8183 8184 8247
3 8184 8248 8247
3 8184 8185 8248
3 8185 8249 8248
3 8185 8186 8249
3 8186 8250 8249
3 8186 8187 8250
3 8187 8251 8250
3 8187 8188 8251
3 8188 8252 8251
3 8188 8189 8252
3 8189 8253 8252
3 8189 8190 8253
3 8190 8254 8253
3 8190 8191 8254
3 8191 8255 8254
3 8191 8192 8255
3 8192 8256 8255
3 8192 8193 8256
3 8193 8257 8256
3 8193 8130 8257
3 8130 8194 8257
